{
    "type": "FeatureCollection",
    "features": [
        {
            "type": "Feature",
            "properties": {
                "diocese": "Corisopiten",
                "province": "Turonen",
                "date": 1592
            },
            "geometry": {
                "type": "Polygon",
                "coordinates": [
                    [
                        [
                            -4.240609380723466,
                            48.43525240014372
                        ],
                        [
                            -4.246516103799772,
                            48.43368062393824
                        ],
                        [
                            -4.25242282687608,
                            48.432108847732756
                        ],
                        [
                            -4.258329549952386,
                            48.43053707152728
                        ],
                        [
                            -4.264236273028693,
                            48.4289652953218
                        ],
                        [
                            -4.270142996104999,
                            48.42739351911632
                        ],
                        [
                            -4.276049719181307,
                            48.42582174291084
                        ],
                        [
                            -4.281956442257613,
                            48.42424996670536
                        ],
                        [
                            -4.2878631653339205,
                            48.42267819049988
                        ],
                        [
                            -4.293769888410227,
                            48.4211064142944
                        ],
                        [
                            -4.299676611486534,
                            48.41953463808892
                        ],
                        [
                            -4.299676611486534,
                            48.41953463808892
                        ],
                        [
                            -4.299450843099651,
                            48.41949414267038
                        ],
                        [
                            -4.29921443652621,
                            48.419476516778154
                        ],
                        [
                            -4.298970628062538,
                            48.41947478357128
                        ],
                        [
                            -4.298722654004964,
                            48.419481966208785
                        ],
                        [
                            -4.298473750649814,
                            48.41949108784973
                        ],
                        [
                            -4.298227154293416,
                            48.41949517165314
                        ],
                        [
                            -4.297986101232099,
                            48.41948724077805
                        ],
                        [
                            -4.297753827762191,
                            48.41946031838349
                        ],
                        [
                            -4.297533570180019,
                            48.419407427628535
                        ],
                        [
                            -4.29732856478191,
                            48.419321591672194
                        ],
                        [
                            -4.2973285647819095,
                            48.419321591672194
                        ],
                        [
                            -4.304764885802587,
                            48.41407841768522
                        ],
                        [
                            -4.312871503959263,
                            48.40950804343349
                        ],
                        [
                            -4.321538097108666,
                            48.40550435166285
                        ],
                        [
                            -4.330654343107527,
                            48.40196122511915
                        ],
                        [
                            -4.34010991981258,
                            48.39877254654828
                        ],
                        [
                            -4.349794505080551,
                            48.39583219869607
                        ],
                        [
                            -4.359597776768174,
                            48.39303406430838
                        ],
                        [
                            -4.369409412732179,
                            48.390272026131065
                        ],
                        [
                            -4.379119090829297,
                            48.38743996690998
                        ],
                        [
                            -4.388616488916259,
                            48.384431769391
                        ],
                        [
                            -4.388616488916259,
                            48.384431769391
                        ],
                        [
                            -4.3939759845689315,
                            48.38379619661919
                        ],
                        [
                            -4.39866816369619,
                            48.38256979520519
                        ],
                        [
                            -4.402820400564638,
                            48.38086036554823
                        ],
                        [
                            -4.406560069440873,
                            48.3787757080475
                        ],
                        [
                            -4.410014544591503,
                            48.376423623102184
                        ],
                        [
                            -4.413311200283127,
                            48.3739119111115
                        ],
                        [
                            -4.4165774107823506,
                            48.37134837247466
                        ],
                        [
                            -4.419940550355774,
                            48.36884080759083
                        ],
                        [
                            -4.42352799327,
                            48.36649701685923
                        ],
                        [
                            -4.42746711379163,
                            48.36442480067906
                        ],
                        [
                            -4.42746711379163,
                            48.36442480067907
                        ],
                        [
                            -4.433295912973129,
                            48.363103485966235
                        ],
                        [
                            -4.437642775224441,
                            48.3610392965608
                        ],
                        [
                            -4.44076358798184,
                            48.35836877126625
                        ],
                        [
                            -4.442914238681597,
                            48.355228448886066
                        ],
                        [
                            -4.4443506147599905,
                            48.35175486822371
                        ],
                        [
                            -4.445328603653293,
                            48.34808456808266
                        ],
                        [
                            -4.446104092797775,
                            48.3443540872664
                        ],
                        [
                            -4.446932969629717,
                            48.3406999645784
                        ],
                        [
                            -4.448071121585388,
                            48.337258738822136
                        ],
                        [
                            -4.449774436101065,
                            48.33416694880108
                        ],
                        [
                            -4.449774436101066,
                            48.33416694880108
                        ],
                        [
                            -4.454731349166715,
                            48.330900166707906
                        ],
                        [
                            -4.456887628649543,
                            48.32860619763244
                        ],
                        [
                            -4.456701244267924,
                            48.32717399726052
                        ],
                        [
                            -4.4546301657402285,
                            48.326492521278
                        ],
                        [
                            -4.451132362784827,
                            48.32645072537071
                        ],
                        [
                            -4.446665805120098,
                            48.3269375652245
                        ],
                        [
                            -4.441688462464407,
                            48.32784199652519
                        ],
                        [
                            -4.436658304536129,
                            48.329052974958636
                        ],
                        [
                            -4.432033301053636,
                            48.330459456210676
                        ],
                        [
                            -4.4282714217353,
                            48.33195039596714
                        ],
                        [
                            -4.4282714217353,
                            48.33195039596714
                        ],
                        [
                            -4.422255818027086,
                            48.33385243610256
                        ],
                        [
                            -4.417170900058793,
                            48.335135183859606
                        ],
                        [
                            -4.413045479502818,
                            48.33580830752848
                        ],
                        [
                            -4.409908368031559,
                            48.335881475399376
                        ],
                        [
                            -4.407788377317415,
                            48.33536435576248
                        ],
                        [
                            -4.4067143190327815,
                            48.33426661690798
                        ],
                        [
                            -4.406715004850055,
                            48.33259792712609
                        ],
                        [
                            -4.407819246441635,
                            48.33036795470698
                        ],
                        [
                            -4.410055855479918,
                            48.327586367940846
                        ],
                        [
                            -4.413453643637302,
                            48.32426283511789
                        ],
                        [
                            -4.413453643637302,
                            48.32426283511789
                        ],
                        [
                            -4.40822271035867,
                            48.32380217072319
                        ],
                        [
                            -4.402698858625023,
                            48.323554562734785
                        ],
                        [
                            -4.397058868566214,
                            48.323592540358355
                        ],
                        [
                            -4.391479520312096,
                            48.323988632799605
                        ],
                        [
                            -4.386137593992521,
                            48.32481536926424
                        ],
                        [
                            -4.38120986973734,
                            48.32614527895796
                        ],
                        [
                            -4.376873127676406,
                            48.328050891086455
                        ],
                        [
                            -4.373304147939574,
                            48.33060473485543
                        ],
                        [
                            -4.370679710656692,
                            48.33387933947058
                        ],
                        [
                            -4.3691765959576125,
                            48.337947234137594
                        ],
                        [
                            -4.369176595957613,
                            48.337947234137594
                        ],
                        [
                            -4.3667538930883225,
                            48.34109129160453
                        ],
                        [
                            -4.363287863907212,
                            48.342877433718776
                        ],
                        [
                            -4.3590459396035595,
                            48.34366405119482
                        ],
                        [
                            -4.354295551366642,
                            48.343809534747145
                        ],
                        [
                            -4.349304130385736,
                            48.34367227509023
                        ],
                        [
                            -4.3443391078501215,
                            48.34361066293853
                        ],
                        [
                            -4.3396679149490724,
                            48.34398308900654
                        ],
                        [
                            -4.335557982871869,
                            48.345147944008744
                        ],
                        [
                            -4.332276742807785,
                            48.34746361865959
                        ],
                        [
                            -4.3300916259461015,
                            48.35128850367358
                        ],
                        [
                            -4.3300916259461015,
                            48.35128850367358
                        ],
                        [
                            -4.330074911332797,
                            48.35007333352357
                        ],
                        [
                            -4.329997379791115,
                            48.348286085080254
                        ],
                        [
                            -4.329689662145672,
                            48.34620129528199
                        ],
                        [
                            -4.328982389221087,
                            48.34409350106714
                        ],
                        [
                            -4.327706191841983,
                            48.34223723937406
                        ],
                        [
                            -4.32569170083298,
                            48.34090704714109
                        ],
                        [
                            -4.322769547018696,
                            48.34037746130658
                        ],
                        [
                            -4.318770361223752,
                            48.34092301880891
                        ],
                        [
                            -4.313524774272766,
                            48.342818256586405
                        ],
                        [
                            -4.3068634169903595,
                            48.34633771157744
                        ],
                        [
                            -4.3068634169903595,
                            48.34633771157744
                        ],
                        [
                            -4.305630442377282,
                            48.34950747977027
                        ],
                        [
                            -4.3020577008610665,
                            48.35168636782953
                        ],
                        [
                            -4.2969501768400225,
                            48.35301745985342
                        ],
                        [
                            -4.291112854712458,
                            48.35364383994014
                        ],
                        [
                            -4.285350718876684,
                            48.35370859218789
                        ],
                        [
                            -4.280468753731007,
                            48.35335480069488
                        ],
                        [
                            -4.277271943673739,
                            48.35272554955929
                        ],
                        [
                            -4.276565273103188,
                            48.35196392287934
                        ],
                        [
                            -4.279153726417663,
                            48.35121300475323
                        ],
                        [
                            -4.285842288015473,
                            48.35061587927915
                        ],
                        [
                            -4.285842288015472,
                            48.35061587927915
                        ],
                        [
                            -4.285741276039875,
                            48.347357952712095
                        ],
                        [
                            -4.287106142291071,
                            48.34458669199007
                        ],
                        [
                            -4.289614290895807,
                            48.34222439278285
                        ],
                        [
                            -4.292943125980839,
                            48.3401933507602
                        ],
                        [
                            -4.296770051672921,
                            48.3384158615919
                        ],
                        [
                            -4.300772472098802,
                            48.33681422094768
                        ],
                        [
                            -4.304627791385236,
                            48.33531072449733
                        ],
                        [
                            -4.308013413658976,
                            48.33382766791062
                        ],
                        [
                            -4.310606743046776,
                            48.33228734685729
                        ],
                        [
                            -4.312085183675386,
                            48.33061205700714
                        ],
                        [
                            -4.312085183675386,
                            48.33061205700714
                        ],
                        [
                            -4.314007668698418,
                            48.32873657044888
                        ],
                        [
                            -4.3169120138009305,
                            48.326553050016116
                        ],
                        [
                            -4.3202968291555734,
                            48.324212226105026
                        ],
                        [
                            -4.323660724935001,
                            48.321864829111796
                        ],
                        [
                            -4.3265023113118595,
                            48.31966158943261
                        ],
                        [
                            -4.328320198458806,
                            48.317753237463656
                        ],
                        [
                            -4.328612996548488,
                            48.316290503601124
                        ],
                        [
                            -4.326879315753558,
                            48.3154241182412
                        ],
                        [
                            -4.322617766246669,
                            48.31530481178005
                        ],
                        [
                            -4.315326958200467,
                            48.31608331461389
                        ],
                        [
                            -4.315326958200467,
                            48.31608331461389
                        ],
                        [
                            -4.310631727147506,
                            48.31354887701091
                        ],
                        [
                            -4.3058634326197325,
                            48.3126511345516
                        ],
                        [
                            -4.3011503557003845,
                            48.31294344863795
                        ],
                        [
                            -4.296620777472691,
                            48.313979180671936
                        ],
                        [
                            -4.2924029790198865,
                            48.31531169205554
                        ],
                        [
                            -4.288625241425201,
                            48.316494344190744
                        ],
                        [
                            -4.285415845771867,
                            48.31708049847954
                        ],
                        [
                            -4.282903073143116,
                            48.31662351632391
                        ],
                        [
                            -4.28121520462218,
                            48.314676759125824
                        ],
                        [
                            -4.280480521292292,
                            48.31079358828726
                        ],
                        [
                            -4.280480521292292,
                            48.31079358828726
                        ],
                        [
                            -4.276169897621074,
                            48.309576665650425
                        ],
                        [
                            -4.2719911886481485,
                            48.308027345980825
                        ],
                        [
                            -4.267932804498914,
                            48.30635467689433
                        ],
                        [
                            -4.263983155298768,
                            48.30476770600677
                        ],
                        [
                            -4.260130651173113,
                            48.30347548093401
                        ],
                        [
                            -4.256363702247349,
                            48.3026870492919
                        ],
                        [
                            -4.252670718646872,
                            48.302611458696276
                        ],
                        [
                            -4.249040110497086,
                            48.303457756763
                        ],
                        [
                            -4.245460287923388,
                            48.30543499110792
                        ],
                        [
                            -4.241919661051176,
                            48.30875220934687
                        ],
                        [
                            -4.241919661051176,
                            48.30875220934687
                        ],
                        [
                            -4.242382406412384,
                            48.306850385224664
                        ],
                        [
                            -4.242259916984688,
                            48.30477890647595
                        ],
                        [
                            -4.241502567440252,
                            48.3026545377281
                        ],
                        [
                            -4.240060732451236,
                            48.30059404360847
                        ],
                        [
                            -4.237884786689801,
                            48.29871418874442
                        ],
                        [
                            -4.234925104828105,
                            48.29713173776333
                        ],
                        [
                            -4.231132061538309,
                            48.29596345529254
                        ],
                        [
                            -4.226456031492575,
                            48.295326105959425
                        ],
                        [
                            -4.220847389363064,
                            48.29533645439134
                        ],
                        [
                            -4.214256509821933,
                            48.29611126521566
                        ],
                        [
                            -4.214256509821931,
                            48.29611126521566
                        ],
                        [
                            -4.205409678463912,
                            48.29671864373921
                        ],
                        [
                            -4.199696735885233,
                            48.29656087751982
                        ],
                        [
                            -4.196756037401006,
                            48.295820138237154
                        ],
                        [
                            -4.196225938326338,
                            48.29467859757087
                        ],
                        [
                            -4.197744793976341,
                            48.29331842720065
                        ],
                        [
                            -4.200950959666121,
                            48.29192179880616
                        ],
                        [
                            -4.205482790710791,
                            48.29067088406707
                        ],
                        [
                            -4.210978642425461,
                            48.28974785466304
                        ],
                        [
                            -4.217076870125235,
                            48.289334882273764
                        ],
                        [
                            -4.223415829125228,
                            48.28961413857889
                        ],
                        [
                            -4.22341582912523,
                            48.28961413857889
                        ],
                        [
                            -4.22909938574111,
                            48.29122964559448
                        ],
                        [
                            -4.234303786370156,
                            48.29160291902487
                        ],
                        [
                            -4.239134906504207,
                            48.2909796126671
                        ],
                        [
                            -4.243698621635099,
                            48.28960538031818
                        ],
                        [
                            -4.248100807254678,
                            48.287725875775145
                        ],
                        [
                            -4.252447338854779,
                            48.285586752835
                        ],
                        [
                            -4.256844091927244,
                            48.28343366529478
                        ],
                        [
                            -4.261396941963914,
                            48.28151226695148
                        ],
                        [
                            -4.266211764456628,
                            48.28006821160215
                        ],
                        [
                            -4.271394434897225,
                            48.2793471530438
                        ],
                        [
                            -4.271394434897223,
                            48.27934715304381
                        ],
                        [
                            -4.280064625100806,
                            48.28011033108516
                        ],
                        [
                            -4.285506125280508,
                            48.28105787894712
                        ],
                        [
                            -4.288231706953846,
                            48.28215675515883
                        ],
                        [
                            -4.288754141638348,
                            48.28337391824947
                        ],
                        [
                            -4.287586200851532,
                            48.284676326748176
                        ],
                        [
                            -4.28524065611092,
                            48.28603093918412
                        ],
                        [
                            -4.282230278934035,
                            48.28740471408646
                        ],
                        [
                            -4.279067840838398,
                            48.288764609984355
                        ],
                        [
                            -4.276266113341531,
                            48.29007758540696
                        ],
                        [
                            -4.274337867960957,
                            48.29131059888345
                        ],
                        [
                            -4.274337867960957,
                            48.29131059888345
                        ],
                        [
                            -4.280153661068418,
                            48.292027888374
                        ],
                        [
                            -4.286132628192279,
                            48.29272424448357
                        ],
                        [
                            -4.292225440729606,
                            48.293331951815226
                        ],
                        [
                            -4.298382770077458,
                            48.29378329497203
                        ],
                        [
                            -4.304555287632896,
                            48.294010558557055
                        ],
                        [
                            -4.310693664792982,
                            48.29394602717337
                        ],
                        [
                            -4.316748572954777,
                            48.293521985424036
                        ],
                        [
                            -4.322670683515343,
                            48.29267071791215
                        ],
                        [
                            -4.32841066787174,
                            48.291324509240766
                        ],
                        [
                            -4.3339191974210305,
                            48.28941564401295
                        ],
                        [
                            -4.333919197421032,
                            48.289415644012955
                        ],
                        [
                            -4.341966304435445,
                            48.28808645547069
                        ],
                        [
                            -4.350040398267177,
                            48.28614393402738
                        ],
                        [
                            -4.358140762832628,
                            48.28384179279121
                        ],
                        [
                            -4.3662666820481935,
                            48.28143374487038
                        ],
                        [
                            -4.374417439830269,
                            48.27917350337306
                        ],
                        [
                            -4.382592320095254,
                            48.27731478140747
                        ],
                        [
                            -4.390790606759545,
                            48.27611129208176
                        ],
                        [
                            -4.3990115837395365,
                            48.27581674850416
                        ],
                        [
                            -4.407254534951628,
                            48.27668486378283
                        ],
                        [
                            -4.415518744312216,
                            48.278969351025985
                        ],
                        [
                            -4.415518744312214,
                            48.27896935102598
                        ],
                        [
                            -4.417410633792661,
                            48.28283802120689
                        ],
                        [
                            -4.4198524670915695,
                            48.286080182615855
                        ],
                        [
                            -4.422815940243735,
                            48.288717974765
                        ],
                        [
                            -4.426272749283955,
                            48.29077353716646
                        ],
                        [
                            -4.430194590247025,
                            48.29226900933238
                        ],
                        [
                            -4.434553159167741,
                            48.293226530774874
                        ],
                        [
                            -4.439320152080903,
                            48.29366824100612
                        ],
                        [
                            -4.444467265021306,
                            48.2936162795382
                        ],
                        [
                            -4.449966194023746,
                            48.29309278588329
                        ],
                        [
                            -4.455788635123021,
                            48.29211989955349
                        ],
                        [
                            -4.455788635123021,
                            48.29211989955349
                        ],
                        [
                            -4.4605107482583275,
                            48.291410689909746
                        ],
                        [
                            -4.465172077024351,
                            48.290554210495145
                        ],
                        [
                            -4.469789356331626,
                            48.28958493038089
                        ],
                        [
                            -4.474379321090689,
                            48.28853731863814
                        ],
                        [
                            -4.478958706212071,
                            48.28744584433809
                        ],
                        [
                            -4.483544246606309,
                            48.2863449765519
                        ],
                        [
                            -4.488152677183939,
                            48.28526918435076
                        ],
                        [
                            -4.492800732855492,
                            48.284252936805856
                        ],
                        [
                            -4.497505148531506,
                            48.28333070298835
                        ],
                        [
                            -4.502282659122514,
                            48.28253695196943
                        ],
                        [
                            -4.502282659122514,
                            48.28253695196943
                        ],
                        [
                            -4.505040206976315,
                            48.2838075463648
                        ],
                        [
                            -4.507946381546224,
                            48.28572190969832
                        ],
                        [
                            -4.510950466280374,
                            48.287951203144154
                        ],
                        [
                            -4.514001744626892,
                            48.290166587876506
                        ],
                        [
                            -4.517049500033915,
                            48.292039225069544
                        ],
                        [
                            -4.520043015949572,
                            48.29324027589743
                        ],
                        [
                            -4.5229315758219935,
                            48.29344090153435
                        ],
                        [
                            -4.525664463099313,
                            48.292312263154486
                        ],
                        [
                            -4.528190961229661,
                            48.289525521932
                        ],
                        [
                            -4.530460353661169,
                            48.28475183904106
                        ],
                        [
                            -4.530460353661169,
                            48.28475183904106
                        ],
                        [
                            -4.53481470135042,
                            48.28488743776601
                        ],
                        [
                            -4.539409638957604,
                            48.28587360785318
                        ],
                        [
                            -4.543962710016549,
                            48.28756662680777
                        ],
                        [
                            -4.548191458061082,
                            48.289822772134926
                        ],
                        [
                            -4.551813426625031,
                            48.29249832133986
                        ],
                        [
                            -4.554546159242223,
                            48.295449551927746
                        ],
                        [
                            -4.556107199446487,
                            48.298532741403776
                        ],
                        [
                            -4.556214090771649,
                            48.30160416727313
                        ],
                        [
                            -4.554584376751534,
                            48.30452010704099
                        ],
                        [
                            -4.550935600919972,
                            48.30713683821255
                        ],
                        [
                            -4.550935600919972,
                            48.30713683821256
                        ],
                        [
                            -4.551404790743552,
                            48.310446625332176
                        ],
                        [
                            -4.550540041354789,
                            48.31379827011329
                        ],
                        [
                            -4.548725765538876,
                            48.317155230472366
                        ],
                        [
                            -4.546346376081008,
                            48.32048096432586
                        ],
                        [
                            -4.543786285766378,
                            48.32373892959022
                        ],
                        [
                            -4.541429907380181,
                            48.326892584181955
                        ],
                        [
                            -4.539661653707613,
                            48.32990538601748
                        ],
                        [
                            -4.538865937533866,
                            48.3327407930133
                        ],
                        [
                            -4.539427171644135,
                            48.33536226308586
                        ],
                        [
                            -4.541729768823614,
                            48.33773325415162
                        ],
                        [
                            -4.541729768823613,
                            48.33773325415162
                        ],
                        [
                            -4.5476181556749555,
                            48.33639667654121
                        ],
                        [
                            -4.5537861510118365,
                            48.3347644180167
                        ],
                        [
                            -4.560011537479699,
                            48.33282078791623
                        ],
                        [
                            -4.566072097723993,
                            48.330550095577976
                        ],
                        [
                            -4.571745614390162,
                            48.3279366503401
                        ],
                        [
                            -4.5768098701236575,
                            48.32496476154075
                        ],
                        [
                            -4.581042647569921,
                            48.32161873851808
                        ],
                        [
                            -4.584221729374403,
                            48.31788289061025
                        ],
                        [
                            -4.586124898182549,
                            48.31374152715542
                        ],
                        [
                            -4.5865299366398045,
                            48.30917895749176
                        ],
                        [
                            -4.5865299366398045,
                            48.30917895749176
                        ],
                        [
                            -4.584305006258079,
                            48.30575788475591
                        ],
                        [
                            -4.5822035104531365,
                            48.301843652319384
                        ],
                        [
                            -4.58044338321455,
                            48.29763279781521
                        ],
                        [
                            -4.579242558531892,
                            48.29332185887644
                        ],
                        [
                            -4.5788189703947335,
                            48.289107373136105
                        ],
                        [
                            -4.579390552792647,
                            48.28518587822725
                        ],
                        [
                            -4.581175239715206,
                            48.28175391178292
                        ],
                        [
                            -4.584390965151984,
                            48.279008011436154
                        ],
                        [
                            -4.589255663092551,
                            48.277144714820004
                        ],
                        [
                            -4.595987267526482,
                            48.2763605595675
                        ],
                        [
                            -4.595987267526482,
                            48.2763605595675
                        ],
                        [
                            -4.599089054311332,
                            48.278393089702334
                        ],
                        [
                            -4.603000996736352,
                            48.28009972897804
                        ],
                        [
                            -4.607428659429644,
                            48.28141045319336
                        ],
                        [
                            -4.6120776070193035,
                            48.282255238147016
                        ],
                        [
                            -4.616653404133428,
                            48.282564059637785
                        ],
                        [
                            -4.620861615400118,
                            48.282266893464374
                        ],
                        [
                            -4.624407805447471,
                            48.28129371542554
                        ],
                        [
                            -4.626997538903588,
                            48.279574501320035
                        ],
                        [
                            -4.628336380396564,
                            48.277039226946584
                        ],
                        [
                            -4.628129894554499,
                            48.27361786810393
                        ],
                        [
                            -4.628129894554499,
                            48.27361786810393
                        ],
                        [
                            -4.628217666279086,
                            48.268463246018754
                        ],
                        [
                            -4.628002423700414,
                            48.26483573972359
                        ],
                        [
                            -4.627417713255365,
                            48.26244842072831
                        ],
                        [
                            -4.62639708138083,
                            48.261014360542845
                        ],
                        [
                            -4.624874074513693,
                            48.26024663067705
                        ],
                        [
                            -4.6227822390908395,
                            48.25985830264084
                        ],
                        [
                            -4.620055121549154,
                            48.25956244794409
                        ],
                        [
                            -4.6166262683255255,
                            48.25907213809669
                        ],
                        [
                            -4.612429225856836,
                            48.25810044460854
                        ],
                        [
                            -4.607397540579974,
                            48.25636043898953
                        ],
                        [
                            -4.607397540579974,
                            48.25636043898953
                        ],
                        [
                            -4.603316294328941,
                            48.25333327516569
                        ],
                        [
                            -4.598927088985036,
                            48.251654169953255
                        ],
                        [
                            -4.594285883776383,
                            48.25105572168624
                        ],
                        [
                            -4.58944863793111,
                            48.251270528698655
                        ],
                        [
                            -4.584471310677344,
                            48.25203118932453
                        ],
                        [
                            -4.57940986124321,
                            48.25307030189787
                        ],
                        [
                            -4.574320248856836,
                            48.25412046475268
                        ],
                        [
                            -4.569258432746347,
                            48.254914276223
                        ],
                        [
                            -4.564280372139869,
                            48.25518433464282
                        ],
                        [
                            -4.559442026265529,
                            48.25466323834616
                        ],
                        [
                            -4.559442026265529,
                            48.25466323834617
                        ],
                        [
                            -4.554284508564095,
                            48.25277880946385
                        ],
                        [
                            -4.551093470804382,
                            48.25042256389785
                        ],
                        [
                            -4.5496481708946135,
                            48.24773616548797
                        ],
                        [
                            -4.5497278667430106,
                            48.24486127807395
                        ],
                        [
                            -4.551111816257794,
                            48.24193956549557
                        ],
                        [
                            -4.553579277347191,
                            48.23911269159262
                        ],
                        [
                            -4.556909507919415,
                            48.23652232020486
                        ],
                        [
                            -4.560881765882694,
                            48.234310115172065
                        ],
                        [
                            -4.565275309145248,
                            48.23261774033402
                        ],
                        [
                            -4.5698693956152985,
                            48.23158685953047
                        ],
                        [
                            -4.569869395615298,
                            48.23158685953048
                        ],
                        [
                            -4.568630305772615,
                            48.22621792735747
                        ],
                        [
                            -4.566302784820051,
                            48.22092598086943
                        ],
                        [
                            -4.563302280031205,
                            48.215688050170456
                        ],
                        [
                            -4.560044238679684,
                            48.210481165364634
                        ],
                        [
                            -4.556944108039085,
                            48.205282356556054
                        ],
                        [
                            -4.554417335383016,
                            48.200068653848795
                        ],
                        [
                            -4.55287936798508,
                            48.19481708734696
                        ],
                        [
                            -4.552745653118876,
                            48.189504687154624
                        ],
                        [
                            -4.554431638058007,
                            48.18410848337587
                        ],
                        [
                            -4.55835277007608,
                            48.17860550611482
                        ],
                        [
                            -4.5583527700760795,
                            48.17860550611482
                        ],
                        [
                            -4.561606357974095,
                            48.17440936826711
                        ],
                        [
                            -4.562149577385773,
                            48.17130742252904
                        ],
                        [
                            -4.560550489242139,
                            48.16925331230692
                        ],
                        [
                            -4.557377154474215,
                            48.16820068100709
                        ],
                        [
                            -4.553197634013024,
                            48.16810317203587
                        ],
                        [
                            -4.548579988789591,
                            48.16891442879958
                        ],
                        [
                            -4.544092279734937,
                            48.170588094704556
                        ],
                        [
                            -4.540302567780087,
                            48.17307781315712
                        ],
                        [
                            -4.537778913856065,
                            48.17633722756361
                        ],
                        [
                            -4.537089378893894,
                            48.18031998133033
                        ],
                        [
                            -4.537089378893892,
                            48.180319981330335
                        ],
                        [
                            -4.531595827558855,
                            48.183486886317674
                        ],
                        [
                            -4.526758739039167,
                            48.18694461056329
                        ],
                        [
                            -4.5224800822396425,
                            48.19065212895065
                        ],
                        [
                            -4.518661826065097,
                            48.194568416363275
                        ],
                        [
                            -4.515205939420344,
                            48.19865244768465
                        ],
                        [
                            -4.512014391210198,
                            48.20286319779827
                        ],
                        [
                            -4.508989150339477,
                            48.20715964158763
                        ],
                        [
                            -4.506032185712993,
                            48.21150075393623
                        ],
                        [
                            -4.503045466235561,
                            48.21584550972755
                        ],
                        [
                            -4.499930960811996,
                            48.2201528838451
                        ],
                        [
                            -4.499930960811996,
                            48.2201528838451
                        ],
                        [
                            -4.500800114615332,
                            48.2244859102965
                        ],
                        [
                            -4.499598428905969,
                            48.22817900526253
                        ],
                        [
                            -4.496677530567098,
                            48.2312322115975
                        ],
                        [
                            -4.492389046481907,
                            48.23364557215568
                        ],
                        [
                            -4.487084603533587,
                            48.235419129791374
                        ],
                        [
                            -4.4811158286053265,
                            48.236552927358865
                        ],
                        [
                            -4.474834348580316,
                            48.23704700771245
                        ],
                        [
                            -4.468591790341744,
                            48.236901413706406
                        ],
                        [
                            -4.462739780772798,
                            48.23611618819504
                        ],
                        [
                            -4.457629946756672,
                            48.234691374032636
                        ],
                        [
                            -4.457629946756672,
                            48.234691374032636
                        ],
                        [
                            -4.452295212554265,
                            48.23511942824633
                        ],
                        [
                            -4.447801959543375,
                            48.23499976016646
                        ],
                        [
                            -4.443960053243314,
                            48.23441244276158
                        ],
                        [
                            -4.440579359173397,
                            48.233437549000165
                        ],
                        [
                            -4.43746974285294,
                            48.232155151850755
                        ],
                        [
                            -4.434441069801258,
                            48.23064532428185
                        ],
                        [
                            -4.431303205537661,
                            48.228988139261965
                        ],
                        [
                            -4.427866015581468,
                            48.22726366975962
                        ],
                        [
                            -4.423939365451991,
                            48.225551988743334
                        ],
                        [
                            -4.419333120668545,
                            48.22393316918161
                        ],
                        [
                            -4.419333120668545,
                            48.22393316918161
                        ],
                        [
                            -4.415686873106305,
                            48.22083771852581
                        ],
                        [
                            -4.411355632895093,
                            48.219176328368036
                        ],
                        [
                            -4.406562472735965,
                            48.21856529008409
                        ],
                        [
                            -4.4015304653299765,
                            48.218620895049774
                        ],
                        [
                            -4.396482683378185,
                            48.21895943464088
                        ],
                        [
                            -4.391642199581641,
                            48.219197200233204
                        ],
                        [
                            -4.387232086641408,
                            48.21895048320253
                        ],
                        [
                            -4.383475417258536,
                            48.21783557492469
                        ],
                        [
                            -4.380595264134083,
                            48.21546876677546
                        ],
                        [
                            -4.378814699969103,
                            48.211466350130635
                        ],
                        [
                            -4.378814699969103,
                            48.211466350130635
                        ],
                        [
                            -4.376721032994112,
                            48.207487943267544
                        ],
                        [
                            -4.373666369153479,
                            48.20485548252677
                        ],
                        [
                            -4.3698169035024055,
                            48.20334174034654
                        ],
                        [
                            -4.36533883109609,
                            48.2027194891651
                        ],
                        [
                            -4.360398346989733,
                            48.202761501420675
                        ],
                        [
                            -4.355161646238532,
                            48.20324054955153
                        ],
                        [
                            -4.349794923897688,
                            48.203929405995886
                        ],
                        [
                            -4.344464375022399,
                            48.20460084319198
                        ],
                        [
                            -4.339336194667865,
                            48.20502763357808
                        ],
                        [
                            -4.334576577889285,
                            48.20498254959238
                        ],
                        [
                            -4.334576577889283,
                            48.20498254959238
                        ],
                        [
                            -4.327173186045627,
                            48.20274921747181
                        ],
                        [
                            -4.320952490183423,
                            48.19968629216556
                        ],
                        [
                            -4.315812594527111,
                            48.19591930666466
                        ],
                        [
                            -4.311651603301126,
                            48.19157379396019
                        ],
                        [
                            -4.308367620729902,
                            48.186775287043204
                        ],
                        [
                            -4.305858751037874,
                            48.18164931890478
                        ],
                        [
                            -4.304023098449482,
                            48.176321422535985
                        ],
                        [
                            -4.302758767189161,
                            48.170917130927876
                        ],
                        [
                            -4.301963861481344,
                            48.16556197707152
                        ],
                        [
                            -4.30153648555047,
                            48.160381493957985
                        ],
                        [
                            -4.301536485550471,
                            48.160381493957985
                        ],
                        [
                            -4.296735194477211,
                            48.15914336717825
                        ],
                        [
                            -4.292486520162905,
                            48.15745297624392
                        ],
                        [
                            -4.288825160338188,
                            48.15535097484796
                        ],
                        [
                            -4.285785812733698,
                            48.1528780166834
                        ],
                        [
                            -4.283403175080069,
                            48.15007475544326
                        ],
                        [
                            -4.2817119451079435,
                            48.14698184482054
                        ],
                        [
                            -4.2807468205479555,
                            48.14363993850825
                        ],
                        [
                            -4.280542499130743,
                            48.140089690199396
                        ],
                        [
                            -4.281133678586942,
                            48.136371753587
                        ],
                        [
                            -4.28255505664719,
                            48.132526782364074
                        ],
                        [
                            -4.282555056647189,
                            48.132526782364074
                        ],
                        [
                            -4.2847090829533805,
                            48.129314640258436
                        ],
                        [
                            -4.286219040069634,
                            48.12604888915542
                        ],
                        [
                            -4.287254612298291,
                            48.12273954416708
                        ],
                        [
                            -4.2879854839416875,
                            48.11939662040552
                        ],
                        [
                            -4.288581339302164,
                            48.11603013298281
                        ],
                        [
                            -4.289211862682057,
                            48.112650097011034
                        ],
                        [
                            -4.290046738383708,
                            48.109266527602294
                        ],
                        [
                            -4.291255650709456,
                            48.10588943986864
                        ],
                        [
                            -4.293008283961638,
                            48.102528848922184
                        ],
                        [
                            -4.295474322442592,
                            48.09919476987499
                        ],
                        [
                            -4.295474322442594,
                            48.09919476987499
                        ],
                        [
                            -4.298378333309081,
                            48.09564092830687
                        ],
                        [
                            -4.301879091319867,
                            48.09365611049118
                        ],
                        [
                            -4.305875447947054,
                            48.09294941929268
                        ],
                        [
                            -4.3102662546627535,
                            48.093229957576106
                        ],
                        [
                            -4.314950362939065,
                            48.09420682820622
                        ],
                        [
                            -4.319826624248099,
                            48.09558913404774
                        ],
                        [
                            -4.324793890061962,
                            48.097085977965435
                        ],
                        [
                            -4.329751011852757,
                            48.09840646282405
                        ],
                        [
                            -4.334596841092591,
                            48.09925969148832
                        ],
                        [
                            -4.339230229253571,
                            48.09935476682301
                        ],
                        [
                            -4.339230229253571,
                            48.09935476682301
                        ],
                        [
                            -4.343701787674821,
                            48.10239443027655
                        ],
                        [
                            -4.348506139684426,
                            48.10462278805146
                        ],
                        [
                            -4.353588721430377,
                            48.10611915011032
                        ],
                        [
                            -4.358894969060657,
                            48.10696282641567
                        ],
                        [
                            -4.364370318723257,
                            48.10723312693008
                        ],
                        [
                            -4.369960206566164,
                            48.1070093616161
                        ],
                        [
                            -4.375610068737366,
                            48.1063708404363
                        ],
                        [
                            -4.381265341384848,
                            48.10539687335323
                        ],
                        [
                            -4.386871460656602,
                            48.104166770329456
                        ],
                        [
                            -4.392373862700615,
                            48.10275984132752
                        ],
                        [
                            -4.392373862700615,
                            48.10275984132752
                        ],
                        [
                            -4.39979816808545,
                            48.102799359882994
                        ],
                        [
                            -4.407035959120275,
                            48.10229773733091
                        ],
                        [
                            -4.414131926175369,
                            48.10138466921985
                        ],
                        [
                            -4.421130759621006,
                            48.10018985109839
                        ],
                        [
                            -4.428077149827464,
                            48.0988429785151
                        ],
                        [
                            -4.4350157871650175,
                            48.09747374701856
                        ],
                        [
                            -4.441991362003943,
                            48.096211852157325
                        ],
                        [
                            -4.449048564714518,
                            48.095186989479984
                        ],
                        [
                            -4.456232085667018,
                            48.094528854535106
                        ],
                        [
                            -4.463586615231721,
                            48.094367142871256
                        ],
                        [
                            -4.463586615231723,
                            48.094367142871256
                        ],
                        [
                            -4.46847627415248,
                            48.093438916885766
                        ],
                        [
                            -4.473146472532697,
                            48.09200409426934
                        ],
                        [
                            -4.477675975637073,
                            48.09024586599086
                        ],
                        [
                            -4.482143548730313,
                            48.08834742301925
                        ],
                        [
                            -4.48662795707712,
                            48.08649195632338
                        ],
                        [
                            -4.4912079659422,
                            48.08486265687216
                        ],
                        [
                            -4.495962340590253,
                            48.08364271563449
                        ],
                        [
                            -4.500969846285985,
                            48.083015323579275
                        ],
                        [
                            -4.5063092482941,
                            48.0831636716754
                        ],
                        [
                            -4.512059311879298,
                            48.08427095089177
                        ],
                        [
                            -4.512059311879298,
                            48.08427095089177
                        ],
                        [
                            -4.518782366598099,
                            48.08538862121187
                        ],
                        [
                            -4.524999228660459,
                            48.08519397784163
                        ],
                        [
                            -4.530825819346228,
                            48.083996146491934
                        ],
                        [
                            -4.536378059935261,
                            48.08210425287369
                        ],
                        [
                            -4.541771871707411,
                            48.07982742269779
                        ],
                        [
                            -4.547123175942525,
                            48.07747478167512
                        ],
                        [
                            -4.552547893920457,
                            48.07535545551658
                        ],
                        [
                            -4.558161946921061,
                            48.07377856993306
                        ],
                        [
                            -4.564081256224185,
                            48.073053250635446
                        ],
                        [
                            -4.570421743109685,
                            48.073488623334654
                        ],
                        [
                            -4.570421743109684,
                            48.07348862333465
                        ],
                        [
                            -4.576356177180592,
                            48.07522257246861
                        ],
                        [
                            -4.582108910164791,
                            48.07595432544957
                        ],
                        [
                            -4.587719219554554,
                            48.07586524310594
                        ],
                        [
                            -4.5932263828421505,
                            48.07513668626612
                        ],
                        [
                            -4.5986696775198475,
                            48.07395001575851
                        ],
                        [
                            -4.604088381079917,
                            48.07248659241153
                        ],
                        [
                            -4.609521771014629,
                            48.07092777705357
                        ],
                        [
                            -4.61500912481625,
                            48.06945493051304
                        ],
                        [
                            -4.6205897199770565,
                            48.068249413618354
                        ],
                        [
                            -4.626302833989312,
                            48.067492587197904
                        ],
                        [
                            -4.626302833989312,
                            48.067492587197904
                        ],
                        [
                            -4.631426739316703,
                            48.06687696384189
                        ],
                        [
                            -4.636798364975654,
                            48.06684000294334
                        ],
                        [
                            -4.642311983581804,
                            48.067173175451714
                        ],
                        [
                            -4.647861867750786,
                            48.0676679523165
                        ],
                        [
                            -4.6533422900982355,
                            48.06811580448718
                        ],
                        [
                            -4.65864752323979,
                            48.068308202913215
                        ],
                        [
                            -4.6636718397910855,
                            48.068036618544106
                        ],
                        [
                            -4.668309512367758,
                            48.06709252232934
                        ],
                        [
                            -4.672454813585441,
                            48.06526738521838
                        ],
                        [
                            -4.676002016059774,
                            48.0623526781607
                        ],
                        [
                            -4.676002016059773,
                            48.0623526781607
                        ],
                        [
                            -4.680392203408635,
                            48.061144047012874
                        ],
                        [
                            -4.6858153595653285,
                            48.06090320854227
                        ],
                        [
                            -4.6918562996487,
                            48.06127814404454
                        ],
                        [
                            -4.698099838777596,
                            48.06191683481534
                        ],
                        [
                            -4.704130792070863,
                            48.062467262150356
                        ],
                        [
                            -4.709533974647352,
                            48.06257740734521
                        ],
                        [
                            -4.713894201625907,
                            48.06189525169559
                        ],
                        [
                            -4.716796288125377,
                            48.06006877649714
                        ],
                        [
                            -4.71782504926461,
                            48.05674596304553
                        ],
                        [
                            -4.716565300162451,
                            48.051574792636416
                        ],
                        [
                            -4.716565300162452,
                            48.051574792636416
                        ],
                        [
                            -4.713617250638912,
                            48.04795334722922
                        ],
                        [
                            -4.713823105145314,
                            48.04490925159251
                        ],
                        [
                            -4.716295581421449,
                            48.04236255462674
                        ],
                        [
                            -4.720147397207102,
                            48.040233305232384
                        ],
                        [
                            -4.724491270242058,
                            48.038441552309905
                        ],
                        [
                            -4.7284399182661065,
                            48.036907344759754
                        ],
                        [
                            -4.731106059019034,
                            48.03555073148239
                        ],
                        [
                            -4.731602410240626,
                            48.03429176137828
                        ],
                        [
                            -4.729041689670672,
                            48.033050483347886
                        ],
                        [
                            -4.722536615048957,
                            48.03174694629166
                        ],
                        [
                            -4.722536615048959,
                            48.03174694629166
                        ],
                        [
                            -4.717093218149744,
                            48.03137381553079
                        ],
                        [
                            -4.711966712678057,
                            48.0304946595013
                        ],
                        [
                            -4.707057350956103,
                            48.02925352776374
                        ],
                        [
                            -4.702265385306081,
                            48.027794469878714
                        ],
                        [
                            -4.697491068050193,
                            48.026261535406775
                        ],
                        [
                            -4.69263465151064,
                            48.024798773908515
                        ],
                        [
                            -4.687596388009625,
                            48.0235502349445
                        ],
                        [
                            -4.682276529869348,
                            48.02265996807532
                        ],
                        [
                            -4.676575329412014,
                            48.022272022861536
                        ],
                        [
                            -4.670393038959819,
                            48.022530448863726
                        ],
                        [
                            -4.670393038959819,
                            48.022530448863726
                        ],
                        [
                            -4.66569350733836,
                            48.02108769514716
                        ],
                        [
                            -4.660930792674666,
                            48.020665469683266
                        ],
                        [
                            -4.6561742179316195,
                            48.020951539450785
                        ],
                        [
                            -4.651493106072104,
                            48.02163367142847
                        ],
                        [
                            -4.6469567800590035,
                            48.022399632595054
                        ],
                        [
                            -4.6426345628552,
                            48.0229371899293
                        ],
                        [
                            -4.638595777423577,
                            48.02293411040995
                        ],
                        [
                            -4.634909746727017,
                            48.02207816101575
                        ],
                        [
                            -4.631645793728403,
                            48.020057108725446
                        ],
                        [
                            -4.628873241390616,
                            48.016558720517786
                        ],
                        [
                            -4.628873241390615,
                            48.01655872051779
                        ],
                        [
                            -4.623123026527194,
                            48.01655183774012
                        ],
                        [
                            -4.617790139333492,
                            48.016119482440146
                        ],
                        [
                            -4.612845250122812,
                            48.01528798335322
                        ],
                        [
                            -4.608259029208473,
                            48.014083669214656
                        ],
                        [
                            -4.604002146903785,
                            48.01253286875979
                        ],
                        [
                            -4.60004527352206,
                            48.01066191072395
                        ],
                        [
                            -4.596359079376608,
                            48.008497123842474
                        ],
                        [
                            -4.592914234780745,
                            48.00606483685071
                        ],
                        [
                            -4.5896814100477785,
                            48.003391378483954
                        ],
                        [
                            -4.586631275491024,
                            48.000503077477575
                        ],
                        [
                            -4.586631275491023,
                            48.000503077477575
                        ],
                        [
                            -4.580356818846688,
                            47.99847419116992
                        ],
                        [
                            -4.574753229061255,
                            47.99791039124227
                        ],
                        [
                            -4.569696023936315,
                            47.99855678196624
                        ],
                        [
                            -4.565060721273467,
                            48.000158467613446
                        ],
                        [
                            -4.560722838874302,
                            48.00246055245548
                        ],
                        [
                            -4.556557894540416,
                            48.00520814076395
                        ],
                        [
                            -4.552441406073402,
                            48.00814633681045
                        ],
                        [
                            -4.548248891274859,
                            48.0110202448666
                        ],
                        [
                            -4.5438558679463785,
                            48.013574969204
                        ],
                        [
                            -4.539137853889557,
                            48.01555561409424
                        ],
                        [
                            -4.539137853889556,
                            48.01555561409423
                        ],
                        [
                            -4.536778371607681,
                            48.014353088728186
                        ],
                        [
                            -4.534439234169023,
                            48.01260402325655
                        ],
                        [
                            -4.532004790391321,
                            48.01048546904743
                        ],
                        [
                            -4.529359389092306,
                            48.0081744774689
                        ],
                        [
                            -4.526387379089714,
                            48.005848099889064
                        ],
                        [
                            -4.522973109201287,
                            48.00368338767597
                        ],
                        [
                            -4.519000928244754,
                            48.001857392197735
                        ],
                        [
                            -4.514355185037855,
                            48.00054716482243
                        ],
                        [
                            -4.508920228398324,
                            47.99992975691814
                        ],
                        [
                            -4.502580407143898,
                            48.000182219852945
                        ],
                        [
                            -4.502580407143899,
                            48.000182219852945
                        ],
                        [
                            -4.495769386982296,
                            47.99598085875919
                        ],
                        [
                            -4.488796918461615,
                            47.99191707489365
                        ],
                        [
                            -4.481708776767064,
                            47.98795197475019
                        ],
                        [
                            -4.474550737083856,
                            47.984046664822664
                        ],
                        [
                            -4.467368574597202,
                            47.98016225160493
                        ],
                        [
                            -4.460208064492313,
                            47.97625984159087
                        ],
                        [
                            -4.453114981954404,
                            47.97230054127433
                        ],
                        [
                            -4.446135102168681,
                            47.96824545714917
                        ],
                        [
                            -4.439314200320357,
                            47.96405569570927
                        ],
                        [
                            -4.432698051594647,
                            47.959692363448475
                        ],
                        [
                            -4.432698051594647,
                            47.959692363448475
                        ],
                        [
                            -4.427687517132322,
                            47.955284306463064
                        ],
                        [
                            -4.422682116404502,
                            47.950862483837604
                        ],
                        [
                            -4.417729469290926,
                            47.9464078031309
                        ],
                        [
                            -4.412877195671328,
                            47.94190117190175
                        ],
                        [
                            -4.408172915425444,
                            47.93732349770898
                        ],
                        [
                            -4.403664248433014,
                            47.93265568811138
                        ],
                        [
                            -4.39939881457377,
                            47.92787865066776
                        ],
                        [
                            -4.395424233727451,
                            47.92297329293693
                        ],
                        [
                            -4.391788125773791,
                            47.91792052247772
                        ],
                        [
                            -4.3885381105925285,
                            47.912701246848904
                        ],
                        [
                            -4.388538110592527,
                            47.9127012468489
                        ],
                        [
                            -4.382935734764789,
                            47.906799449307435
                        ],
                        [
                            -4.37777598714076,
                            47.90072664423765
                        ],
                        [
                            -4.373043538093058,
                            47.89449761810582
                        ],
                        [
                            -4.368723057994297,
                            47.888127157378165
                        ],
                        [
                            -4.364799217217097,
                            47.88163004852091
                        ],
                        [
                            -4.361256686134073,
                            47.87502107800031
                        ],
                        [
                            -4.3580801351178415,
                            47.86831503228261
                        ],
                        [
                            -4.355254234541019,
                            47.86152669783402
                        ],
                        [
                            -4.352763654776224,
                            47.85467086112078
                        ],
                        [
                            -4.3505930661960726,
                            47.84776230860915
                        ],
                        [
                            -4.350593066196074,
                            47.84776230860915
                        ],
                        [
                            -4.349407779516326,
                            47.84395674819694
                        ],
                        [
                            -4.349264934710037,
                            47.840478038876775
                        ],
                        [
                            -4.35007259771219,
                            47.83732413716623
                        ],
                        [
                            -4.351738834457768,
                            47.834492999582864
                        ],
                        [
                            -4.354171710881756,
                            47.83198258264427
                        ],
                        [
                            -4.357279292919138,
                            47.82979084286801
                        ],
                        [
                            -4.3609696465049,
                            47.827915736771644
                        ],
                        [
                            -4.3651508375740224,
                            47.82635522087276
                        ],
                        [
                            -4.369730932061492,
                            47.82510725168893
                        ],
                        [
                            -4.374617995902291,
                            47.82416978573771
                        ],
                        [
                            -4.374617995902291,
                            47.82416978573771
                        ],
                        [
                            -4.375897775975163,
                            47.8216202899051
                        ],
                        [
                            -4.376875559043672,
                            47.81847478350765
                        ],
                        [
                            -4.377461564167081,
                            47.814939939088646
                        ],
                        [
                            -4.377566010404655,
                            47.81122242919135
                        ],
                        [
                            -4.3770991168156534,
                            47.807528926359076
                        ],
                        [
                            -4.375971102459346,
                            47.80406610313508
                        ],
                        [
                            -4.37409218639499,
                            47.80104063206266
                        ],
                        [
                            -4.371372587681854,
                            47.798659185685075
                        ],
                        [
                            -4.3677225253792,
                            47.79712843654563
                        ],
                        [
                            -4.36305221854629,
                            47.7966550571876
                        ],
                        [
                            -4.36305221854629,
                            47.7966550571876
                        ],
                        [
                            -4.357933535964833,
                            47.79750783040769
                        ],
                        [
                            -4.35286202066877,
                            47.79787660452431
                        ],
                        [
                            -4.347828336006877,
                            47.79787619205711
                        ],
                        [
                            -4.342823145327925,
                            47.7976214055257
                        ],
                        [
                            -4.33783711198069,
                            47.79722705744974
                        ],
                        [
                            -4.332860899313946,
                            47.79680796034885
                        ],
                        [
                            -4.327885170676463,
                            47.79647892674265
                        ],
                        [
                            -4.322900589417019,
                            47.7963547691508
                        ],
                        [
                            -4.317897818884385,
                            47.79655030009292
                        ],
                        [
                            -4.312867522427336,
                            47.79718033208863
                        ],
                        [
                            -4.312867522427336,
                            47.79718033208863
                        ],
                        [
                            -4.308067190810718,
                            47.79542619486319
                        ],
                        [
                            -4.303239894601269,
                            47.794032870794915
                        ],
                        [
                            -4.298375650215672,
                            47.792941546847274
                        ],
                        [
                            -4.2934644740706105,
                            47.79209340998373
                        ],
                        [
                            -4.288496382582769,
                            47.79142964716777
                        ],
                        [
                            -4.283461392168832,
                            47.79089144536287
                        ],
                        [
                            -4.278349519245479,
                            47.79041999153251
                        ],
                        [
                            -4.2731507802294,
                            47.78995647264016
                        ],
                        [
                            -4.267855191537275,
                            47.789442075649305
                        ],
                        [
                            -4.262452769585788,
                            47.78881798752343
                        ],
                        [
                            -4.262452769585788,
                            47.78881798752343
                        ],
                        [
                            -4.25710015416043,
                            47.790378011300696
                        ],
                        [
                            -4.251564401063453,
                            47.79133415083259
                        ],
                        [
                            -4.2459048271454165,
                            47.791851341129274
                        ],
                        [
                            -4.240180749256883,
                            47.792094517200944
                        ],
                        [
                            -4.234451484248407,
                            47.792228614057784
                        ],
                        [
                            -4.228776348970548,
                            47.792418566709976
                        ],
                        [
                            -4.22321466027387,
                            47.7928293101677
                        ],
                        [
                            -4.217825735008926,
                            47.79362577944114
                        ],
                        [
                            -4.212668890026277,
                            47.7949729095405
                        ],
                        [
                            -4.207803442176484,
                            47.79703563547594
                        ],
                        [
                            -4.207803442176484,
                            47.79703563547594
                        ],
                        [
                            -4.20139419384201,
                            47.79661619391056
                        ],
                        [
                            -4.195732305009354,
                            47.797238597432035
                        ],
                        [
                            -4.190718965746643,
                            47.79874374999903
                        ],
                        [
                            -4.1862553661220065,
                            47.80097255557021
                        ],
                        [
                            -4.182242696203574,
                            47.80376591810423
                        ],
                        [
                            -4.178582146059478,
                            47.806964741559746
                        ],
                        [
                            -4.175174905757842,
                            47.81040992989543
                        ],
                        [
                            -4.1719221653668015,
                            47.81394238706992
                        ],
                        [
                            -4.168725114954482,
                            47.817403017041904
                        ],
                        [
                            -4.165484944589014,
                            47.82063272377002
                        ],
                        [
                            -4.165484944589014,
                            47.820632723770025
                        ],
                        [
                            -4.161454106375407,
                            47.825219216238665
                        ],
                        [
                            -4.1611608904462045,
                            47.82834557701261
                        ],
                        [
                            -4.163685527890852,
                            47.83034802821425
                        ],
                        [
                            -4.168108249798786,
                            47.83156279196596
                        ],
                        [
                            -4.173509287259448,
                            47.832326090390104
                        ],
                        [
                            -4.178968871362283,
                            47.83297414560909
                        ],
                        [
                            -4.183567233196731,
                            47.83384317974528
                        ],
                        [
                            -4.186384603852229,
                            47.835269414921044
                        ],
                        [
                            -4.186501214418222,
                            47.83758907325878
                        ],
                        [
                            -4.1829972959841495,
                            47.84113837688085
                        ],
                        [
                            -4.182997295984148,
                            47.84113837688085
                        ],
                        [
                            -4.184507131870751,
                            47.842015262683596
                        ],
                        [
                            -4.186799767800028,
                            47.84353272695554
                        ],
                        [
                            -4.1895460738030685,
                            47.8455868295905
                        ],
                        [
                            -4.192416919910963,
                            47.848073630482304
                        ],
                        [
                            -4.195083176154803,
                            47.850889189524736
                        ],
                        [
                            -4.1972157125656775,
                            47.85392956661163
                        ],
                        [
                            -4.198485399174679,
                            47.857090821636795
                        ],
                        [
                            -4.1985631060128945,
                            47.86026901449402
                        ],
                        [
                            -4.197119703111419,
                            47.86336020507715
                        ],
                        [
                            -4.193826060501339,
                            47.86626045327998
                        ],
                        [
                            -4.193826060501337,
                            47.86626045327998
                        ],
                        [
                            -4.1922655473496615,
                            47.87111351326586
                        ],
                        [
                            -4.189995333874215,
                            47.874055636544405
                        ],
                        [
                            -4.187207772853466,
                            47.875336384067005
                        ],
                        [
                            -4.184095217065883,
                            47.87520531678509
                        ],
                        [
                            -4.180850019289938,
                            47.873911995650055
                        ],
                        [
                            -4.1776645323040995,
                            47.87170598161329
                        ],
                        [
                            -4.174731108886839,
                            47.868836835626226
                        ],
                        [
                            -4.172242101816622,
                            47.865554118640254
                        ],
                        [
                            -4.170389863871918,
                            47.8621073916068
                        ],
                        [
                            -4.1693667478312015,
                            47.85874621547724
                        ],
                        [
                            -4.1693667478312015,
                            47.85874621547724
                        ],
                        [
                            -4.1663047410882195,
                            47.855987148466966
                        ],
                        [
                            -4.1632120937535895,
                            47.85373589628481
                        ],
                        [
                            -4.16008764653829,
                            47.85203486607298
                        ],
                        [
                            -4.156930240153303,
                            47.850926464973696
                        ],
                        [
                            -4.153738715309601,
                            47.850453100129165
                        ],
                        [
                            -4.150511912718169,
                            47.85065717868159
                        ],
                        [
                            -4.147248673089981,
                            47.85158110777319
                        ],
                        [
                            -4.143947837136022,
                            47.85326729454618
                        ],
                        [
                            -4.140608245567265,
                            47.85575814614275
                        ],
                        [
                            -4.137228739094692,
                            47.85909606970513
                        ],
                        [
                            -4.137228739094692,
                            47.85909606970513
                        ],
                        [
                            -4.129628683005889,
                            47.85912776260483
                        ],
                        [
                            -4.124696217961171,
                            47.85992232248726
                        ],
                        [
                            -4.122010404714376,
                            47.861381903781854
                        ],
                        [
                            -4.1211503040193485,
                            47.863408660918054
                        ],
                        [
                            -4.1216949766299225,
                            47.86590474832528
                        ],
                        [
                            -4.1232234832999435,
                            47.86877232043297
                        ],
                        [
                            -4.125314884783247,
                            47.87191353167055
                        ],
                        [
                            -4.127548241833676,
                            47.87523053646746
                        ],
                        [
                            -4.12950261520507,
                            47.87862548925313
                        ],
                        [
                            -4.130757065651267,
                            47.882000544457
                        ],
                        [
                            -4.130757065651267,
                            47.882000544457
                        ],
                        [
                            -4.134616659569696,
                            47.884478262710346
                        ],
                        [
                            -4.138398853882588,
                            47.88712391174084
                        ],
                        [
                            -4.141950615184809,
                            47.88993292729086
                        ],
                        [
                            -4.145118910071227,
                            47.89290074510282
                        ],
                        [
                            -4.1477507051367075,
                            47.896022800919106
                        ],
                        [
                            -4.149692966976119,
                            47.89929453048212
                        ],
                        [
                            -4.150792662184326,
                            47.90271136953426
                        ],
                        [
                            -4.150896757356195,
                            47.90626875381792
                        ],
                        [
                            -4.149852219086593,
                            47.90996211907548
                        ],
                        [
                            -4.147506013970391,
                            47.913786901049356
                        ],
                        [
                            -4.147506013970391,
                            47.913786901049356
                        ],
                        [
                            -4.144618666489335,
                            47.91544361405783
                        ],
                        [
                            -4.142769003666368,
                            47.91518330302407
                        ],
                        [
                            -4.141656439005443,
                            47.91339027610454
                        ],
                        [
                            -4.140980386010515,
                            47.91044884145565
                        ],
                        [
                            -4.140440258185539,
                            47.90674330723384
                        ],
                        [
                            -4.139735469034466,
                            47.90265798159552
                        ],
                        [
                            -4.138565432061252,
                            47.898577172697145
                        ],
                        [
                            -4.136629560769853,
                            47.89488518869513
                        ],
                        [
                            -4.133627268664219,
                            47.8919663377459
                        ],
                        [
                            -4.1292579692483065,
                            47.8902049280059
                        ],
                        [
                            -4.129257969248307,
                            47.89020492800591
                        ],
                        [
                            -4.12629397787196,
                            47.88740724082683
                        ],
                        [
                            -4.123571256489871,
                            47.885078743741325
                        ],
                        [
                            -4.121053023629965,
                            47.883098640905445
                        ],
                        [
                            -4.118702497820161,
                            47.88134613647521
                        ],
                        [
                            -4.116482897588384,
                            47.87970043460668
                        ],
                        [
                            -4.114357441462557,
                            47.87804073945587
                        ],
                        [
                            -4.112289347970602,
                            47.87624625517885
                        ],
                        [
                            -4.110241835640442,
                            47.87419618593162
                        ],
                        [
                            -4.108178123000002,
                            47.871769735870245
                        ],
                        [
                            -4.106061428577202,
                            47.868846109150766
                        ],
                        [
                            -4.106061428577204,
                            47.86884610915076
                        ],
                        [
                            -4.102540706082179,
                            47.86563953979423
                        ],
                        [
                            -4.098608472307266,
                            47.86394487681839
                        ],
                        [
                            -4.094351999362402,
                            47.863422578794655
                        ],
                        [
                            -4.089858559357532,
                            47.86373310429445
                        ],
                        [
                            -4.085215424402596,
                            47.86453691188919
                        ],
                        [
                            -4.080509866607532,
                            47.86549446015031
                        ],
                        [
                            -4.075829158082284,
                            47.86626620764922
                        ],
                        [
                            -4.071260570936788,
                            47.86651261295735
                        ],
                        [
                            -4.0668913772809905,
                            47.86589413464613
                        ],
                        [
                            -4.062808849224828,
                            47.864071231286964
                        ],
                        [
                            -4.062808849224828,
                            47.86407123128697
                        ],
                        [
                            -4.05993141565923,
                            47.86176680115248
                        ],
                        [
                            -4.057344003786241,
                            47.85889002697678
                        ],
                        [
                            -4.0549841281732935,
                            47.8557778308615
                        ],
                        [
                            -4.052789303387822,
                            47.85276713490828
                        ],
                        [
                            -4.050697043997262,
                            47.850194861218704
                        ],
                        [
                            -4.0486448645690505,
                            47.84839793189443
                        ],
                        [
                            -4.0465702796706235,
                            47.84771326903707
                        ],
                        [
                            -4.044410803869411,
                            47.84847779474825
                        ],
                        [
                            -4.042103951732853,
                            47.851028431129585
                        ],
                        [
                            -4.039587237828384,
                            47.8557021002827
                        ],
                        [
                            -4.039587237828385,
                            47.8557021002827
                        ],
                        [
                            -4.0400806783203524,
                            47.856017477798325
                        ],
                        [
                            -4.037852346903609,
                            47.85639029089292
                        ],
                        [
                            -4.033686189747301,
                            47.856715796291404
                        ],
                        [
                            -4.028366153020571,
                            47.85688925071869
                        ],
                        [
                            -4.022676182892566,
                            47.85680591089967
                        ],
                        [
                            -4.01740022553243,
                            47.856361033559274
                        ],
                        [
                            -4.013322227109308,
                            47.855449875422394
                        ],
                        [
                            -4.011226133792347,
                            47.853967693213946
                        ],
                        [
                            -4.01189589175069,
                            47.851809743658855
                        ],
                        [
                            -4.016115447153483,
                            47.848871283482
                        ],
                        [
                            -4.016115447153483,
                            47.848871283482005
                        ],
                        [
                            -4.018692351293762,
                            47.84827016612139
                        ],
                        [
                            -4.020956736896383,
                            47.84772429806134
                        ],
                        [
                            -4.02292235879947,
                            47.84723311569938
                        ],
                        [
                            -4.024602971841148,
                            47.846796055433046
                        ],
                        [
                            -4.026012330859539,
                            47.846412553659825
                        ],
                        [
                            -4.0271641906927655,
                            47.846082046777255
                        ],
                        [
                            -4.028072306178956,
                            47.84580397118285
                        ],
                        [
                            -4.0287504321562295,
                            47.845577763274136
                        ],
                        [
                            -4.029212323462712,
                            47.845402859448626
                        ],
                        [
                            -4.0294717349365285,
                            47.84527869610383
                        ],
                        [
                            -4.0294717349365285,
                            47.84527869610383
                        ],
                        [
                            -4.028457439492389,
                            47.845374843768994
                        ],
                        [
                            -4.026803847370008,
                            47.845621760513055
                        ],
                        [
                            -4.024616759561482,
                            47.84600195228315
                        ],
                        [
                            -4.022001977058906,
                            47.84649792502642
                        ],
                        [
                            -4.019065300854374,
                            47.84709218468998
                        ],
                        [
                            -4.01591253193998,
                            47.847767237220964
                        ],
                        [
                            -4.012649471307817,
                            47.848505588566496
                        ],
                        [
                            -4.009381919949984,
                            47.849289744673705
                        ],
                        [
                            -4.006215678858569,
                            47.850102211489734
                        ],
                        [
                            -4.003256549025673,
                            47.85092549496171
                        ],
                        [
                            -4.003256549025672,
                            47.85092549496171
                        ],
                        [
                            -3.99663117491954,
                            47.851781005804455
                        ],
                        [
                            -3.992119982463939,
                            47.85339471189456
                        ],
                        [
                            -3.9893623212041667,
                            47.85565031098679
                        ],
                        [
                            -3.987997540685535,
                            47.85843150083594
                        ],
                        [
                            -3.9876649904533434,
                            47.8616219791968
                        ],
                        [
                            -3.9880040200528986,
                            47.865105443824156
                        ],
                        [
                            -3.9886539790295057,
                            47.86876559247279
                        ],
                        [
                            -3.9892542169284684,
                            47.872486122897485
                        ],
                        [
                            -3.989444083295091,
                            47.87615073285303
                        ],
                        [
                            -3.9888629276746803,
                            47.87964312009421
                        ],
                        [
                            -3.9888629276746803,
                            47.87964312009421
                        ],
                        [
                            -3.9913665532745313,
                            47.88249527766457
                        ],
                        [
                            -3.9926626863669585,
                            47.8853348398792
                        ],
                        [
                            -3.992857271957147,
                            47.888034283428304
                        ],
                        [
                            -3.9920562550502843,
                            47.89046608500206
                        ],
                        [
                            -3.990365580651555,
                            47.89250272129065
                        ],
                        [
                            -3.987891193766147,
                            47.89401666898425
                        ],
                        [
                            -3.984739039399244,
                            47.894880404773076
                        ],
                        [
                            -3.981015062556034,
                            47.89496640534728
                        ],
                        [
                            -3.9768252082417006,
                            47.89414714739707
                        ],
                        [
                            -3.972275421461433,
                            47.89229510761261
                        ],
                        [
                            -3.972275421461434,
                            47.89229510761261
                        ],
                        [
                            -3.967332272152749,
                            47.8929698387353
                        ],
                        [
                            -3.9631142569447575,
                            47.89279980088697
                        ],
                        [
                            -3.959489703899728,
                            47.891913162069905
                        ],
                        [
                            -3.956326941079929,
                            47.89043809028637
                        ],
                        [
                            -3.9534942965476287,
                            47.88850275353864
                        ],
                        [
                            -3.9508600983650997,
                            47.88623531982899
                        ],
                        [
                            -3.948292674594607,
                            47.8837639571597
                        ],
                        [
                            -3.945660353298422,
                            47.88121683353304
                        ],
                        [
                            -3.942831462538814,
                            47.87872211695127
                        ],
                        [
                            -3.93967433037805,
                            47.87640797541669
                        ],
                        [
                            -3.939674330378051,
                            47.87640797541669
                        ],
                        [
                            -3.937880818959559,
                            47.87329981855622
                        ],
                        [
                            -3.934928060998828,
                            47.870853461612974
                        ],
                        [
                            -3.931155440311566,
                            47.868894643846275
                        ],
                        [
                            -3.926902340713483,
                            47.867249104515466
                        ],
                        [
                            -3.9225081460202866,
                            47.86574258287988
                        ],
                        [
                            -3.9183122400476877,
                            47.86420081819885
                        ],
                        [
                            -3.9146540066113933,
                            47.86244954973173
                        ],
                        [
                            -3.911872829527113,
                            47.860314516737816
                        ],
                        [
                            -3.9103080926105562,
                            47.857621458476466
                        ],
                        [
                            -3.9102991796774313,
                            47.85419611420702
                        ],
                        [
                            -3.91029917967743,
                            47.85419611420702
                        ],
                        [
                            -3.915403899888544,
                            47.85234465410516
                        ],
                        [
                            -3.9166453723811383,
                            47.8508540818086
                        ],
                        [
                            -3.9149524436152063,
                            47.84959524836252
                        ],
                        [
                            -3.9112539600507383,
                            47.84843900481214
                        ],
                        [
                            -3.9064787681477253,
                            47.84725620220264
                        ],
                        [
                            -3.9015557143661597,
                            47.84591769157922
                        ],
                        [
                            -3.897413645166033,
                            47.844294323987064
                        ],
                        [
                            -3.8949814070073363,
                            47.84225695047137
                        ],
                        [
                            -3.8951878463500615,
                            47.839676422077346
                        ],
                        [
                            -3.8989618096541996,
                            47.83642358985018
                        ],
                        [
                            -3.8989618096541996,
                            47.83642358985018
                        ],
                        [
                            -3.8970995884896125,
                            47.83245245178974
                        ],
                        [
                            -3.8943675659247607,
                            47.82877063188896
                        ],
                        [
                            -3.890913879883993,
                            47.825335726032414
                        ],
                        [
                            -3.8868866682916607,
                            47.82210533010466
                        ],
                        [
                            -3.88243406907211,
                            47.81903703999026
                        ],
                        [
                            -3.877704220149694,
                            47.81608845157379
                        ],
                        [
                            -3.87284525944876,
                            47.81321716073981
                        ],
                        [
                            -3.8680053248936583,
                            47.81038076337289
                        ],
                        [
                            -3.8633325544087382,
                            47.80753685535759
                        ],
                        [
                            -3.8589750859183503,
                            47.804643032578475
                        ],
                        [
                            -3.8589750859183494,
                            47.80464303257847
                        ],
                        [
                            -3.8573149808416383,
                            47.80074875212589
                        ],
                        [
                            -3.8559745896757733,
                            47.79730962974198
                        ],
                        [
                            -3.854768556180194,
                            47.79440549141066
                        ],
                        [
                            -3.8535115241143383,
                            47.79211616311584
                        ],
                        [
                            -3.852018137237643,
                            47.79052147084142
                        ],
                        [
                            -3.850103039309549,
                            47.78970124057134
                        ],
                        [
                            -3.847580874089492,
                            47.789735298289486
                        ],
                        [
                            -3.844266285336912,
                            47.79070346997978
                        ],
                        [
                            -3.8399739168112466,
                            47.792685581626145
                        ],
                        [
                            -3.834518412271934,
                            47.795761459212486
                        ],
                        [
                            -3.8345184122719336,
                            47.795761459212486
                        ],
                        [
                            -3.8288681895525496,
                            47.79534008049389
                        ],
                        [
                            -3.823342955337011,
                            47.7944359000691
                        ],
                        [
                            -3.8178991859004294,
                            47.7931954090913
                        ],
                        [
                            -3.812493357517917,
                            47.79176509871368
                        ],
                        [
                            -3.8070819464645864,
                            47.79029146008943
                        ],
                        [
                            -3.80162142901555,
                            47.78892098437172
                        ],
                        [
                            -3.7960682814459195,
                            47.787800162713744
                        ],
                        [
                            -3.7903789800308076,
                            47.78707548626867
                        ],
                        [
                            -3.784510001045328,
                            47.786893446189694
                        ],
                        [
                            -3.7784178207645915,
                            47.78740053362999
                        ],
                        [
                            -3.77841782076459,
                            47.78740053362999
                        ],
                        [
                            -3.7723379387639766,
                            47.787861292749206
                        ],
                        [
                            -3.766914412416772,
                            47.789153846488546
                        ],
                        [
                            -3.7619872463924287,
                            47.79106328940197
                        ],
                        [
                            -3.757396445360397,
                            47.79337471604345
                        ],
                        [
                            -3.7529820139901306,
                            47.795873220966946
                        ],
                        [
                            -3.7485839569510806,
                            47.798343898726415
                        ],
                        [
                            -3.7440422789127,
                            47.80057184387583
                        ],
                        [
                            -3.739196984544439,
                            47.80234215096914
                        ],
                        [
                            -3.733888078515751,
                            47.80343991456031
                        ],
                        [
                            -3.7279555654960865,
                            47.80365022920331
                        ],
                        [
                            -3.727955565496084,
                            47.80365022920331
                        ],
                        [
                            -3.7242502602970413,
                            47.80495841091375
                        ],
                        [
                            -3.721580815175255,
                            47.804872673414614
                        ],
                        [
                            -3.719655630281667,
                            47.80367146497331
                        ],
                        [
                            -3.718183105767215,
                            47.801633233857224
                        ],
                        [
                            -3.716871641782842,
                            47.799036428333764
                        ],
                        [
                            -3.715429638479486,
                            47.7961594966703
                        ],
                        [
                            -3.713565496008091,
                            47.79328088713426
                        ],
                        [
                            -3.710987614519595,
                            47.790679047992995
                        ],
                        [
                            -3.7074043941649406,
                            47.78863242751393
                        ],
                        [
                            -3.702524235095067,
                            47.787419473964455
                        ],
                        [
                            -3.702524235095068,
                            47.787419473964455
                        ],
                        [
                            -3.698487719588727,
                            47.78447522390146
                        ],
                        [
                            -3.6941573517215196,
                            47.78244284406295
                        ],
                        [
                            -3.689569844176204,
                            47.78117456451376
                        ],
                        [
                            -3.6847619096355424,
                            47.7805226153187
                        ],
                        [
                            -3.679770260782293,
                            47.780339226542594
                        ],
                        [
                            -3.6746316102992167,
                            47.78047662825027
                        ],
                        [
                            -3.669382670869073,
                            47.780787050506525
                        ],
                        [
                            -3.664060155174623,
                            47.781122723376185
                        ],
                        [
                            -3.658700775898627,
                            47.78133587692409
                        ],
                        [
                            -3.6533412457238437,
                            47.78127874121503
                        ],
                        [
                            -3.6533412457238437,
                            47.78127874121503
                        ],
                        [
                            -3.6494933206451776,
                            47.7776299973551
                        ],
                        [
                            -3.6448529807322676,
                            47.774900040078414
                        ],
                        [
                            -3.63955617416528,
                            47.77294880515815
                        ],
                        [
                            -3.6337388491243847,
                            47.7716362283675
                        ],
                        [
                            -3.6275369537897486,
                            47.77082224547963
                        ],
                        [
                            -3.6210864363415403,
                            47.77036679226772
                        ],
                        [
                            -3.6145232449599276,
                            47.77012980450496
                        ],
                        [
                            -3.60798332782508,
                            47.76997121796452
                        ],
                        [
                            -3.6016026331171633,
                            47.76975096841957
                        ],
                        [
                            -3.5955171090163485,
                            47.769328991643306
                        ],
                        [
                            -3.5955171090163494,
                            47.769328991643306
                        ],
                        [
                            -3.588741593550742,
                            47.76982000803286
                        ],
                        [
                            -3.582057487586359,
                            47.769299907000104
                        ],
                        [
                            -3.5754677704568367,
                            47.76809994962232
                        ],
                        [
                            -3.568975421495818,
                            47.76655139697682
                        ],
                        [
                            -3.5625834200369417,
                            47.76498551014091
                        ],
                        [
                            -3.5562947454138487,
                            47.763733550191894
                        ],
                        [
                            -3.5501123769601786,
                            47.763126778207074
                        ],
                        [
                            -3.5440392940095724,
                            47.76349645526375
                        ],
                        [
                            -3.5380784758956687,
                            47.765173842439225
                        ],
                        [
                            -3.5322329019521086,
                            47.76849020081081
                        ],
                        [
                            -3.53223290195211,
                            47.7684902008108
                        ],
                        [
                            -3.5331002013993493,
                            47.77142548285452
                        ],
                        [
                            -3.5339675008465896,
                            47.774360764898226
                        ],
                        [
                            -3.534834800293829,
                            47.777296046941935
                        ],
                        [
                            -3.535702099741069,
                            47.78023132898564
                        ],
                        [
                            -3.5365693991883083,
                            47.78316661102936
                        ],
                        [
                            -3.5374366986355477,
                            47.78610189307306
                        ],
                        [
                            -3.5383039980827875,
                            47.78903717511677
                        ],
                        [
                            -3.539171297530027,
                            47.79197245716048
                        ],
                        [
                            -3.540038596977267,
                            47.79490773920419
                        ],
                        [
                            -3.540905896424507,
                            47.7978430212479
                        ],
                        [
                            -3.540905896424507,
                            47.7978430212479
                        ],
                        [
                            -3.539451084552653,
                            47.79991147836037
                        ],
                        [
                            -3.537996272680799,
                            47.80197993547285
                        ],
                        [
                            -3.536541460808946,
                            47.80404839258533
                        ],
                        [
                            -3.535086648937092,
                            47.8061168496978
                        ],
                        [
                            -3.5336318370652378,
                            47.80818530681027
                        ],
                        [
                            -3.5321770251933846,
                            47.81025376392275
                        ],
                        [
                            -3.530722213321531,
                            47.81232222103523
                        ],
                        [
                            -3.529267401449677,
                            47.8143906781477
                        ],
                        [
                            -3.5278125895778234,
                            47.81645913526018
                        ],
                        [
                            -3.5263577777059694,
                            47.81852759237266
                        ],
                        [
                            -3.5263577777059694,
                            47.81852759237266
                        ],
                        [
                            -3.5264436155167735,
                            47.82128680903345
                        ],
                        [
                            -3.526529453327578,
                            47.82404602569425
                        ],
                        [
                            -3.526615291138382,
                            47.82680524235506
                        ],
                        [
                            -3.526701128949186,
                            47.82956445901585
                        ],
                        [
                            -3.52678696675999,
                            47.832323675676655
                        ],
                        [
                            -3.526872804570794,
                            47.83508289233745
                        ],
                        [
                            -3.5269586423815977,
                            47.837842108998245
                        ],
                        [
                            -3.527044480192402,
                            47.84060132565905
                        ],
                        [
                            -3.527130318003206,
                            47.843360542319836
                        ],
                        [
                            -3.5272161558140103,
                            47.84611975898064
                        ],
                        [
                            -3.5272161558140103,
                            47.84611975898064
                        ],
                        [
                            -3.5229484765592693,
                            47.84862795838378
                        ],
                        [
                            -3.5186807973045267,
                            47.85113615778692
                        ],
                        [
                            -3.5144131180497857,
                            47.85364435719005
                        ],
                        [
                            -3.510145438795044,
                            47.856152556593194
                        ],
                        [
                            -3.5058777595403017,
                            47.85866075599633
                        ],
                        [
                            -3.5016100802855603,
                            47.86116895539947
                        ],
                        [
                            -3.4973424010308185,
                            47.86367715480261
                        ],
                        [
                            -3.4930747217760767,
                            47.86618535420575
                        ],
                        [
                            -3.488807042521335,
                            47.868693553608885
                        ],
                        [
                            -3.484539363266593,
                            47.87120175301202
                        ],
                        [
                            -3.484539363266593,
                            47.87120175301202
                        ],
                        [
                            -3.4819085732975372,
                            47.87176643521161
                        ],
                        [
                            -3.479277783328481,
                            47.8723311174112
                        ],
                        [
                            -3.4766469933594255,
                            47.872895799610795
                        ],
                        [
                            -3.4740162033903697,
                            47.87346048181039
                        ],
                        [
                            -3.4713854134213133,
                            47.874025164009986
                        ],
                        [
                            -3.468754623452257,
                            47.87458984620957
                        ],
                        [
                            -3.4661238334832003,
                            47.87515452840917
                        ],
                        [
                            -3.463493043514145,
                            47.87571921060876
                        ],
                        [
                            -3.4608622535450886,
                            47.87628389280835
                        ],
                        [
                            -3.4582314635760327,
                            47.87684857500794
                        ],
                        [
                            -3.4582314635760327,
                            47.87684857500794
                        ],
                        [
                            -3.4584986835773224,
                            47.87929369145197
                        ],
                        [
                            -3.458765903578611,
                            47.88173880789599
                        ],
                        [
                            -3.4590331235799003,
                            47.88418392434003
                        ],
                        [
                            -3.45930034358119,
                            47.88662904078405
                        ],
                        [
                            -3.4595675635824787,
                            47.88907415722809
                        ],
                        [
                            -3.459834783583768,
                            47.89151927367212
                        ],
                        [
                            -3.460102003585057,
                            47.893964390116146
                        ],
                        [
                            -3.4603692235863464,
                            47.89640950656017
                        ],
                        [
                            -3.4606364435876356,
                            47.8988546230042
                        ],
                        [
                            -3.4609036635889248,
                            47.901299739448234
                        ],
                        [
                            -3.4609036635889248,
                            47.901299739448234
                        ],
                        [
                            -3.4636213741137762,
                            47.90292918146983
                        ],
                        [
                            -3.466339084638627,
                            47.904558623491425
                        ],
                        [
                            -3.469056795163478,
                            47.90618806551303
                        ],
                        [
                            -3.4717745056883293,
                            47.907817507534624
                        ],
                        [
                            -3.47449221621318,
                            47.90944694955623
                        ],
                        [
                            -3.477209926738031,
                            47.91107639157782
                        ],
                        [
                            -3.479927637262882,
                            47.91270583359942
                        ],
                        [
                            -3.482645347787733,
                            47.91433527562102
                        ],
                        [
                            -3.485363058312584,
                            47.915964717642616
                        ],
                        [
                            -3.488080768837435,
                            47.91759415966422
                        ],
                        [
                            -3.488080768837435,
                            47.91759415966422
                        ],
                        [
                            -3.4892561407931137,
                            47.91941198967861
                        ],
                        [
                            -3.4904315127487924,
                            47.921229819693
                        ],
                        [
                            -3.49160688470447,
                            47.9230476497074
                        ],
                        [
                            -3.4927822566601487,
                            47.924865479721795
                        ],
                        [
                            -3.4939576286158265,
                            47.92668330973619
                        ],
                        [
                            -3.495133000571505,
                            47.92850113975058
                        ],
                        [
                            -3.496308372527183,
                            47.930318969764976
                        ],
                        [
                            -3.4974837444828615,
                            47.932136799779364
                        ],
                        [
                            -3.4986591164385406,
                            47.93395462979375
                        ],
                        [
                            -3.4998344883942187,
                            47.93577245980815
                        ],
                        [
                            -3.4998344883942187,
                            47.93577245980815
                        ],
                        [
                            -3.4989235451930045,
                            47.937841853180956
                        ],
                        [
                            -3.4980126019917903,
                            47.939911246553756
                        ],
                        [
                            -3.497101658790575,
                            47.941980639926555
                        ],
                        [
                            -3.4961907155893615,
                            47.94405003329936
                        ],
                        [
                            -3.4952797723881477,
                            47.94611942667216
                        ],
                        [
                            -3.4943688291869335,
                            47.94818882004496
                        ],
                        [
                            -3.4934578859857193,
                            47.95025821341777
                        ],
                        [
                            -3.492546942784505,
                            47.95232760679057
                        ],
                        [
                            -3.491635999583291,
                            47.95439700016337
                        ],
                        [
                            -3.4907250563820775,
                            47.95646639353617
                        ],
                        [
                            -3.4907250563820775,
                            47.95646639353617
                        ],
                        [
                            -3.487911313169491,
                            47.958159172690706
                        ],
                        [
                            -3.485097569956905,
                            47.95985195184524
                        ],
                        [
                            -3.4822838267443186,
                            47.961544730999776
                        ],
                        [
                            -3.4794700835317327,
                            47.96323751015431
                        ],
                        [
                            -3.4766563403191477,
                            47.96493028930884
                        ],
                        [
                            -3.4738425971065605,
                            47.96662306846338
                        ],
                        [
                            -3.471028853893975,
                            47.96831584761791
                        ],
                        [
                            -3.4682151106813883,
                            47.97000862677245
                        ],
                        [
                            -3.4654013674688025,
                            47.97170140592698
                        ],
                        [
                            -3.462587624256216,
                            47.97339418508152
                        ],
                        [
                            -3.462587624256216,
                            47.97339418508152
                        ],
                        [
                            -3.46421049984777,
                            47.97790811829738
                        ],
                        [
                            -3.4658333754393236,
                            47.98242205151324
                        ],
                        [
                            -3.4674562510308777,
                            47.9869359847291
                        ],
                        [
                            -3.469079126622431,
                            47.991449917944976
                        ],
                        [
                            -3.4707020022139847,
                            47.99596385116084
                        ],
                        [
                            -3.4723248778055384,
                            48.0004777843767
                        ],
                        [
                            -3.473947753397092,
                            48.00499171759256
                        ],
                        [
                            -3.4755706289886454,
                            48.00950565080843
                        ],
                        [
                            -3.4771935045802,
                            48.0140195840243
                        ],
                        [
                            -3.4788163801717533,
                            48.01853351724016
                        ],
                        [
                            -3.4788163801717533,
                            48.01853351724016
                        ],
                        [
                            -3.4786314988617106,
                            48.020664686092985
                        ],
                        [
                            -3.478446617551668,
                            48.02279585494581
                        ],
                        [
                            -3.478261736241625,
                            48.02492702379864
                        ],
                        [
                            -3.4780768549315826,
                            48.02705819265146
                        ],
                        [
                            -3.477891973621541,
                            48.029189361504294
                        ],
                        [
                            -3.4777070923114977,
                            48.03132053035712
                        ],
                        [
                            -3.4775222110014545,
                            48.03345169920994
                        ],
                        [
                            -3.477337329691412,
                            48.03558286806277
                        ],
                        [
                            -3.477152448381369,
                            48.0377140369156
                        ],
                        [
                            -3.4769675670713265,
                            48.039845205768415
                        ],
                        [
                            -3.4769675670713265,
                            48.039845205768415
                        ],
                        [
                            -3.474788152682079,
                            48.04109985283912
                        ],
                        [
                            -3.472608738292832,
                            48.042354499909806
                        ],
                        [
                            -3.470429323903585,
                            48.04360914698049
                        ],
                        [
                            -3.468249909514338,
                            48.044863794051174
                        ],
                        [
                            -3.466070495125091,
                            48.04611844112187
                        ],
                        [
                            -3.4638910807358436,
                            48.04737308819255
                        ],
                        [
                            -3.4617116663465963,
                            48.04862773526324
                        ],
                        [
                            -3.459532251957349,
                            48.049882382333934
                        ],
                        [
                            -3.4573528375681017,
                            48.05113702940462
                        ],
                        [
                            -3.455173423178855,
                            48.05239167647531
                        ],
                        [
                            -3.455173423178855,
                            48.05239167647531
                        ],
                        [
                            -3.4518969582322776,
                            48.05847392945685
                        ],
                        [
                            -3.448620493285699,
                            48.064556182438395
                        ],
                        [
                            -3.445344028339122,
                            48.070638435419944
                        ],
                        [
                            -3.442067563392544,
                            48.076720688401494
                        ],
                        [
                            -3.4387910984459658,
                            48.08280294138304
                        ],
                        [
                            -3.435514633499389,
                            48.08888519436458
                        ],
                        [
                            -3.432238168552811,
                            48.09496744734613
                        ],
                        [
                            -3.4289617036062334,
                            48.101049700327664
                        ],
                        [
                            -3.4256852386596557,
                            48.107131953309214
                        ],
                        [
                            -3.422408773713077,
                            48.11321420629076
                        ],
                        [
                            -3.422408773713077,
                            48.11321420629076
                        ],
                        [
                            -3.418510215679511,
                            48.1134031877813
                        ],
                        [
                            -3.414611657645945,
                            48.11359216927185
                        ],
                        [
                            -3.4107130996123787,
                            48.1137811507624
                        ],
                        [
                            -3.4068145415788122,
                            48.113970132252945
                        ],
                        [
                            -3.402915983545246,
                            48.11415911374349
                        ],
                        [
                            -3.3990174255116794,
                            48.114348095234035
                        ],
                        [
                            -3.395118867478113,
                            48.11453707672458
                        ],
                        [
                            -3.3912203094445466,
                            48.11472605821513
                        ],
                        [
                            -3.387321751410981,
                            48.11491503970567
                        ],
                        [
                            -3.3834231933774146,
                            48.11510402119622
                        ],
                        [
                            -3.3834231933774146,
                            48.11510402119622
                        ],
                        [
                            -3.3789760757990526,
                            48.11692325985299
                        ],
                        [
                            -3.37452895822069,
                            48.11874249850974
                        ],
                        [
                            -3.3700818406423276,
                            48.1205617371665
                        ],
                        [
                            -3.3656347230639656,
                            48.122380975823255
                        ],
                        [
                            -3.361187605485603,
                            48.12420021448001
                        ],
                        [
                            -3.3567404879072407,
                            48.12601945313678
                        ],
                        [
                            -3.3522933703288795,
                            48.127838691793535
                        ],
                        [
                            -3.3478462527505175,
                            48.12965793045029
                        ],
                        [
                            -3.3433991351721555,
                            48.13147716910705
                        ],
                        [
                            -3.3389520175937935,
                            48.13329640776381
                        ],
                        [
                            -3.3389520175937935,
                            48.13329640776381
                        ],
                        [
                            -3.3367742674457346,
                            48.13448802574939
                        ],
                        [
                            -3.3345965172976757,
                            48.13567964373498
                        ],
                        [
                            -3.332418767149617,
                            48.13687126172057
                        ],
                        [
                            -3.330241017001558,
                            48.13806287970616
                        ],
                        [
                            -3.3280632668535,
                            48.139254497691745
                        ],
                        [
                            -3.325885516705441,
                            48.140446115677335
                        ],
                        [
                            -3.323707766557382,
                            48.14163773366293
                        ],
                        [
                            -3.3215300164093233,
                            48.14282935164852
                        ],
                        [
                            -3.3193522662612653,
                            48.144020969634106
                        ],
                        [
                            -3.3171745161132065,
                            48.145212587619696
                        ],
                        [
                            -3.3171745161132065,
                            48.145212587619696
                        ],
                        [
                            -3.313275011669798,
                            48.14508857544808
                        ],
                        [
                            -3.3093755072263913,
                            48.14496456327646
                        ],
                        [
                            -3.305476002782983,
                            48.14484055110484
                        ],
                        [
                            -3.301576498339575,
                            48.14471653893323
                        ],
                        [
                            -3.2976769938961676,
                            48.144592526761606
                        ],
                        [
                            -3.29377748945276,
                            48.144468514589995
                        ],
                        [
                            -3.2898779850093516,
                            48.14434450241838
                        ],
                        [
                            -3.285978480565944,
                            48.14422049024676
                        ],
                        [
                            -3.2820789761225364,
                            48.14409647807514
                        ],
                        [
                            -3.278179471679129,
                            48.14397246590353
                        ],
                        [
                            -3.278179471679129,
                            48.14397246590353
                        ],
                        [
                            -3.2714634485766623,
                            48.14698335076435
                        ],
                        [
                            -3.264747425474195,
                            48.14999423562517
                        ],
                        [
                            -3.2580314023717274,
                            48.15300512048599
                        ],
                        [
                            -3.2513153792692613,
                            48.15601600534681
                        ],
                        [
                            -3.2445993561667934,
                            48.159026890207635
                        ],
                        [
                            -3.2378833330643273,
                            48.16203777506845
                        ],
                        [
                            -3.2311673099618594,
                            48.165048659929276
                        ],
                        [
                            -3.2244512868593938,
                            48.1680595447901
                        ],
                        [
                            -3.2177352637569268,
                            48.17107042965091
                        ],
                        [
                            -3.2110192406544593,
                            48.17408131451173
                        ],
                        [
                            -3.2110192406544593,
                            48.17408131451173
                        ],
                        [
                            -3.2082969324541524,
                            48.174834028100406
                        ],
                        [
                            -3.205574624253844,
                            48.175586741689074
                        ],
                        [
                            -3.2028523160535367,
                            48.17633945527775
                        ],
                        [
                            -3.2001300078532284,
                            48.177092168866416
                        ],
                        [
                            -3.197407699652921,
                            48.17784488245509
                        ],
                        [
                            -3.194685391452614,
                            48.17859759604376
                        ],
                        [
                            -3.1919630832523063,
                            48.17935030963243
                        ],
                        [
                            -3.1892407750519984,
                            48.180103023221086
                        ],
                        [
                            -3.1865184668516915,
                            48.18085573680976
                        ],
                        [
                            -3.1837961586513837,
                            48.181608450398436
                        ],
                        [
                            -3.1837961586513837,
                            48.181608450398436
                        ],
                        [
                            -3.1801703715014966,
                            48.18135831804655
                        ],
                        [
                            -3.17654458435161,
                            48.181108185694654
                        ],
                        [
                            -3.172918797201722,
                            48.18085805334277
                        ],
                        [
                            -3.1692930100518355,
                            48.18060792099089
                        ],
                        [
                            -3.165667222901949,
                            48.18035778863899
                        ],
                        [
                            -3.162041435752062,
                            48.18010765628711
                        ],
                        [
                            -3.158415648602175,
                            48.17985752393522
                        ],
                        [
                            -3.154789861452288,
                            48.17960739158333
                        ],
                        [
                            -3.1511640743024008,
                            48.179357259231445
                        ],
                        [
                            -3.147538287152514,
                            48.17910712687956
                        ],
                        [
                            -3.147538287152514,
                            48.17910712687956
                        ],
                        [
                            -3.1450916606621537,
                            48.17791666297359
                        ],
                        [
                            -3.1426450341717937,
                            48.17672619906761
                        ],
                        [
                            -3.1401984076814333,
                            48.17553573516164
                        ],
                        [
                            -3.137751781191073,
                            48.17434527125567
                        ],
                        [
                            -3.135305154700712,
                            48.1731548073497
                        ],
                        [
                            -3.132858528210352,
                            48.171964343443726
                        ],
                        [
                            -3.1304119017199916,
                            48.17077387953775
                        ],
                        [
                            -3.127965275229631,
                            48.16958341563178
                        ],
                        [
                            -3.1255186487392703,
                            48.1683929517258
                        ],
                        [
                            -3.1230720222489103,
                            48.16720248781983
                        ],
                        [
                            -3.1230720222489103,
                            48.16720248781983
                        ],
                        [
                            -3.1196267678616656,
                            48.16707836228359
                        ],
                        [
                            -3.116181513474421,
                            48.16695423674735
                        ],
                        [
                            -3.112736259087176,
                            48.166830111211105
                        ],
                        [
                            -3.1092910046999322,
                            48.16670598567486
                        ],
                        [
                            -3.105845750312687,
                            48.16658186013862
                        ],
                        [
                            -3.102400495925442,
                            48.16645773460238
                        ],
                        [
                            -3.098955241538198,
                            48.166333609066136
                        ],
                        [
                            -3.0955099871509533,
                            48.16620948352988
                        ],
                        [
                            -3.0920647327637085,
                            48.166085357993644
                        ],
                        [
                            -3.088619478376464,
                            48.165961232457406
                        ],
                        [
                            -3.088619478376464,
                            48.165961232457406
                        ],
                        [
                            -3.087986396148761,
                            48.16495832450481
                        ],
                        [
                            -3.087353313921057,
                            48.16395541655219
                        ],
                        [
                            -3.086720231693354,
                            48.16295250859959
                        ],
                        [
                            -3.08608714946565,
                            48.16194960064699
                        ],
                        [
                            -3.0854540672379467,
                            48.16094669269438
                        ],
                        [
                            -3.084820985010244,
                            48.15994378474178
                        ],
                        [
                            -3.08418790278254,
                            48.158940876789174
                        ],
                        [
                            -3.0835548205548364,
                            48.15793796883656
                        ],
                        [
                            -3.082921738327133,
                            48.15693506088397
                        ],
                        [
                            -3.0822886560994296,
                            48.155932152931356
                        ],
                        [
                            -3.0822886560994296,
                            48.155932152931356
                        ],
                        [
                            -3.0824731539941492,
                            48.1548029890697
                        ],
                        [
                            -3.0826576518888684,
                            48.15367382520805
                        ],
                        [
                            -3.082842149783588,
                            48.15254466134639
                        ],
                        [
                            -3.083026647678308,
                            48.151415497484734
                        ],
                        [
                            -3.0832111455730282,
                            48.15028633362307
                        ],
                        [
                            -3.0833956434677465,
                            48.149157169761416
                        ],
                        [
                            -3.0835801413624666,
                            48.148028005899754
                        ],
                        [
                            -3.083764639257186,
                            48.1468988420381
                        ],
                        [
                            -3.083949137151906,
                            48.14576967817645
                        ],
                        [
                            -3.084133635046625,
                            48.14464051431479
                        ],
                        [
                            -3.084133635046625,
                            48.14464051431479
                        ],
                        [
                            -3.0802358253525814,
                            48.143638415652475
                        ],
                        [
                            -3.0763380156585396,
                            48.14263631699016
                        ],
                        [
                            -3.072440205964496,
                            48.14163421832786
                        ],
                        [
                            -3.0685423962704523,
                            48.14063211966555
                        ],
                        [
                            -3.06464458657641,
                            48.139630021003235
                        ],
                        [
                            -3.060746776882367,
                            48.13862792234092
                        ],
                        [
                            -3.056848967188323,
                            48.13762582367861
                        ],
                        [
                            -3.05295115749428,
                            48.1366237250163
                        ],
                        [
                            -3.049053347800237,
                            48.135621626354
                        ],
                        [
                            -3.0451555381061937,
                            48.13461952769169
                        ],
                        [
                            -3.0451555381061937,
                            48.13461952769169
                        ],
                        [
                            -3.0413505843687427,
                            48.132740391778654
                        ],
                        [
                            -3.037545630631292,
                            48.13086125586563
                        ],
                        [
                            -3.0337406768938404,
                            48.1289821199526
                        ],
                        [
                            -3.02993572315639,
                            48.12710298403958
                        ],
                        [
                            -3.026130769418939,
                            48.12522384812656
                        ],
                        [
                            -3.022325815681488,
                            48.12334471221353
                        ],
                        [
                            -3.018520861944037,
                            48.1214655763005
                        ],
                        [
                            -3.0147159082065853,
                            48.11958644038748
                        ],
                        [
                            -3.0109109544691344,
                            48.11770730447445
                        ],
                        [
                            -3.007106000731684,
                            48.11582816856142
                        ],
                        [
                            -3.007106000731684,
                            48.11582816856142
                        ],
                        [
                            -3.0064737579732084,
                            48.11438621463078
                        ],
                        [
                            -3.0058415152147333,
                            48.11294426070013
                        ],
                        [
                            -3.0052092724562587,
                            48.11150230676948
                        ],
                        [
                            -3.004577029697783,
                            48.11006035283883
                        ],
                        [
                            -3.003944786939308,
                            48.10861839890818
                        ],
                        [
                            -3.0033125441808335,
                            48.10717644497754
                        ],
                        [
                            -3.0026803014223584,
                            48.10573449104689
                        ],
                        [
                            -3.002048058663883,
                            48.104292537116244
                        ],
                        [
                            -3.0014158159054074,
                            48.10285058318559
                        ],
                        [
                            -3.000783573146933,
                            48.10140862925494
                        ],
                        [
                            -3.000783573146933,
                            48.10140862925494
                        ],
                        [
                            -3.0004272327767234,
                            48.098712508771705
                        ],
                        [
                            -3.0000708924065136,
                            48.09601638828847
                        ],
                        [
                            -2.999714552036304,
                            48.09332026780524
                        ],
                        [
                            -2.9993582116660953,
                            48.090624147322
                        ],
                        [
                            -2.9990018712958855,
                            48.08792802683877
                        ],
                        [
                            -2.998645530925676,
                            48.08523190635554
                        ],
                        [
                            -2.9982891905554667,
                            48.082535785872295
                        ],
                        [
                            -2.997932850185257,
                            48.07983966538907
                        ],
                        [
                            -2.9975765098150475,
                            48.07714354490584
                        ],
                        [
                            -2.997220169444838,
                            48.07444742442261
                        ],
                        [
                            -2.997220169444838,
                            48.07444742442261
                        ],
                        [
                            -2.995681944036923,
                            48.072504694145195
                        ],
                        [
                            -2.9941437186290085,
                            48.07056196386778
                        ],
                        [
                            -2.992605493221093,
                            48.06861923359039
                        ],
                        [
                            -2.9910672678131776,
                            48.066676503312976
                        ],
                        [
                            -2.989529042405263,
                            48.06473377303558
                        ],
                        [
                            -2.9879908169973475,
                            48.06279104275817
                        ],
                        [
                            -2.986452591589433,
                            48.06084831248076
                        ],
                        [
                            -2.9849143661815174,
                            48.05890558220336
                        ],
                        [
                            -2.9833761407736024,
                            48.05696285192595
                        ],
                        [
                            -2.9818379153656873,
                            48.05502012164855
                        ],
                        [
                            -2.9818379153656873,
                            48.05502012164855
                        ],
                        [
                            -2.980297753980527,
                            48.054080463271
                        ],
                        [
                            -2.9787575925953673,
                            48.05314080489346
                        ],
                        [
                            -2.9772174312102075,
                            48.052201146515905
                        ],
                        [
                            -2.9756772698250478,
                            48.05126148813836
                        ],
                        [
                            -2.974137108439887,
                            48.05032182976082
                        ],
                        [
                            -2.9725969470547278,
                            48.04938217138327
                        ],
                        [
                            -2.9710567856695675,
                            48.048442513005725
                        ],
                        [
                            -2.969516624284407,
                            48.04750285462818
                        ],
                        [
                            -2.967976462899247,
                            48.04656319625063
                        ],
                        [
                            -2.9664363015140873,
                            48.04562353787308
                        ],
                        [
                            -2.9664363015140873,
                            48.04562353787308
                        ],
                        [
                            -2.964440418070713,
                            48.04625001830183
                        ],
                        [
                            -2.9624445346273376,
                            48.046876498730576
                        ],
                        [
                            -2.9604486511839636,
                            48.047502979159326
                        ],
                        [
                            -2.9584527677405887,
                            48.04812945958808
                        ],
                        [
                            -2.956456884297214,
                            48.04875594001682
                        ],
                        [
                            -2.954461000853839,
                            48.049382420445575
                        ],
                        [
                            -2.9524651174104646,
                            48.05000890087432
                        ],
                        [
                            -2.95046923396709,
                            48.05063538130307
                        ],
                        [
                            -2.9484733505237153,
                            48.05126186173182
                        ],
                        [
                            -2.9464774670803404,
                            48.05188834216056
                        ],
                        [
                            -2.9464774670803404,
                            48.05188834216056
                        ],
                        [
                            -2.9444780645790676,
                            48.05433402427279
                        ],
                        [
                            -2.942478662077794,
                            48.05677970638503
                        ],
                        [
                            -2.94047925957652,
                            48.05922538849726
                        ],
                        [
                            -2.9384798570752473,
                            48.06167107060949
                        ],
                        [
                            -2.9364804545739736,
                            48.06411675272172
                        ],
                        [
                            -2.9344810520727,
                            48.066562434833955
                        ],
                        [
                            -2.932481649571427,
                            48.06900811694619
                        ],
                        [
                            -2.9304822470701533,
                            48.071453799058425
                        ],
                        [
                            -2.9284828445688795,
                            48.073899481170656
                        ],
                        [
                            -2.9264834420676067,
                            48.07634516328288
                        ],
                        [
                            -2.9264834420676067,
                            48.07634516328288
                        ],
                        [
                            -2.9219475590964654,
                            48.077725378323784
                        ],
                        [
                            -2.917411676125325,
                            48.07910559336468
                        ],
                        [
                            -2.9128757931541847,
                            48.08048580840558
                        ],
                        [
                            -2.9083399101830443,
                            48.081866023446466
                        ],
                        [
                            -2.903804027211903,
                            48.08324623848737
                        ],
                        [
                            -2.899268144240762,
                            48.084626453528266
                        ],
                        [
                            -2.8947322612696222,
                            48.086006668569155
                        ],
                        [
                            -2.890196378298481,
                            48.08738688361005
                        ],
                        [
                            -2.8856604953273397,
                            48.08876709865095
                        ],
                        [
                            -2.8811246123561993,
                            48.09014731369185
                        ],
                        [
                            -2.8811246123561993,
                            48.09014731369185
                        ],
                        [
                            -2.8756326474504457,
                            48.09296987905263
                        ],
                        [
                            -2.870140682544692,
                            48.09579244441342
                        ],
                        [
                            -2.8646487176389384,
                            48.098615009774214
                        ],
                        [
                            -2.8591567527331847,
                            48.10143757513499
                        ],
                        [
                            -2.853664787827432,
                            48.10426014049578
                        ],
                        [
                            -2.8481728229216783,
                            48.10708270585656
                        ],
                        [
                            -2.8426808580159246,
                            48.10990527121735
                        ],
                        [
                            -2.837188893110171,
                            48.112727836578145
                        ],
                        [
                            -2.8316969282044173,
                            48.115550401938926
                        ],
                        [
                            -2.8262049632986637,
                            48.11837296729971
                        ],
                        [
                            -2.8262049632986637,
                            48.11837296729971
                        ],
                        [
                            -2.826430030711619,
                            48.119439005748035
                        ],
                        [
                            -2.826655098124575,
                            48.12050504419636
                        ],
                        [
                            -2.8268801655375304,
                            48.12157108264469
                        ],
                        [
                            -2.827105232950486,
                            48.12263712109302
                        ],
                        [
                            -2.8273303003634407,
                            48.12370315954135
                        ],
                        [
                            -2.8275553677763963,
                            48.124769197989664
                        ],
                        [
                            -2.827780435189352,
                            48.125835236438
                        ],
                        [
                            -2.8280055026023074,
                            48.12690127488633
                        ],
                        [
                            -2.828230570015263,
                            48.12796731333466
                        ],
                        [
                            -2.8284556374282177,
                            48.12903335178298
                        ],
                        [
                            -2.8284556374282177,
                            48.12903335178298
                        ],
                        [
                            -2.8318030732486585,
                            48.13260575081124
                        ],
                        [
                            -2.8351505090690985,
                            48.136178149839495
                        ],
                        [
                            -2.8384979448895375,
                            48.13975054886775
                        ],
                        [
                            -2.8418453807099784,
                            48.14332294789601
                        ],
                        [
                            -2.8451928165304174,
                            48.146895346924275
                        ],
                        [
                            -2.8485402523508574,
                            48.150467745952525
                        ],
                        [
                            -2.8518876881712973,
                            48.15404014498079
                        ],
                        [
                            -2.8552351239917373,
                            48.15761254400905
                        ],
                        [
                            -2.8585825598121777,
                            48.161184943037306
                        ],
                        [
                            -2.861929995632617,
                            48.16475734206556
                        ],
                        [
                            -2.861929995632617,
                            48.16475734206556
                        ],
                        [
                            -2.8625612693838063,
                            48.166701359737665
                        ],
                        [
                            -2.8631925431349963,
                            48.16864537740977
                        ],
                        [
                            -2.8638238168861863,
                            48.170589395081876
                        ],
                        [
                            -2.8644550906373754,
                            48.172533412753985
                        ],
                        [
                            -2.8650863643885645,
                            48.17447743042609
                        ],
                        [
                            -2.8657176381397544,
                            48.176421448098196
                        ],
                        [
                            -2.8663489118909444,
                            48.1783654657703
                        ],
                        [
                            -2.8669801856421335,
                            48.18030948344239
                        ],
                        [
                            -2.8676114593933226,
                            48.1822535011145
                        ],
                        [
                            -2.8682427331445126,
                            48.184197518786604
                        ],
                        [
                            -2.8682427331445126,
                            48.184197518786604
                        ],
                        [
                            -2.867694150991717,
                            48.18664283882579
                        ],
                        [
                            -2.8671455688389207,
                            48.18908815886496
                        ],
                        [
                            -2.8665969866861243,
                            48.191533478904134
                        ],
                        [
                            -2.8660484045333288,
                            48.19397879894331
                        ],
                        [
                            -2.8654998223805324,
                            48.19642411898248
                        ],
                        [
                            -2.864951240227736,
                            48.19886943902166
                        ],
                        [
                            -2.8644026580749404,
                            48.201314759060836
                        ],
                        [
                            -2.8638540759221445,
                            48.2037600791
                        ],
                        [
                            -2.8633054937693485,
                            48.20620539913918
                        ],
                        [
                            -2.8627569116165525,
                            48.20865071917835
                        ],
                        [
                            -2.8627569116165525,
                            48.20865071917835
                        ],
                        [
                            -2.8641100350466626,
                            48.21203560189719
                        ],
                        [
                            -2.8654631584767722,
                            48.215420484616025
                        ],
                        [
                            -2.8668162819068828,
                            48.21880536733485
                        ],
                        [
                            -2.8681694053369924,
                            48.222190250053686
                        ],
                        [
                            -2.869522528767103,
                            48.22557513277251
                        ],
                        [
                            -2.8708756521972125,
                            48.22896001549135
                        ],
                        [
                            -2.8722287756273226,
                            48.23234489821019
                        ],
                        [
                            -2.873581899057433,
                            48.23572978092902
                        ],
                        [
                            -2.874935022487543,
                            48.239114663647854
                        ],
                        [
                            -2.876288145917653,
                            48.24249954636669
                        ],
                        [
                            -2.876288145917653,
                            48.24249954636669
                        ],
                        [
                            -2.8799129276997846,
                            48.244065733345856
                        ],
                        [
                            -2.8835377094819163,
                            48.24563192032503
                        ],
                        [
                            -2.887162491264048,
                            48.24719810730421
                        ],
                        [
                            -2.89078727304618,
                            48.24876429428338
                        ],
                        [
                            -2.894412054828311,
                            48.25033048126255
                        ],
                        [
                            -2.898036836610443,
                            48.25189666824173
                        ],
                        [
                            -2.9016616183925743,
                            48.2534628552209
                        ],
                        [
                            -2.905286400174706,
                            48.25502904220008
                        ],
                        [
                            -2.908911181956838,
                            48.25659522917925
                        ],
                        [
                            -2.9125359637389696,
                            48.25816141615842
                        ],
                        [
                            -2.9125359637389696,
                            48.25816141615842
                        ],
                        [
                            -2.9159737154662273,
                            48.26217283294625
                        ],
                        [
                            -2.9194114671934845,
                            48.266184249734074
                        ],
                        [
                            -2.922849218920743,
                            48.2701956665219
                        ],
                        [
                            -2.9262869706480004,
                            48.27420708330973
                        ],
                        [
                            -2.929724722375258,
                            48.278218500097566
                        ],
                        [
                            -2.9331624741025157,
                            48.28222991688539
                        ],
                        [
                            -2.936600225829773,
                            48.28624133367322
                        ],
                        [
                            -2.940037977557031,
                            48.29025275046104
                        ],
                        [
                            -2.9434757292842892,
                            48.294264167248876
                        ],
                        [
                            -2.9469134810115465,
                            48.2982755840367
                        ],
                        [
                            -2.9469134810115465,
                            48.2982755840367
                        ],
                        [
                            -2.9476334005760725,
                            48.30072058203371
                        ],
                        [
                            -2.948353320140597,
                            48.30316558003072
                        ],
                        [
                            -2.9490732397051227,
                            48.30561057802773
                        ],
                        [
                            -2.949793159269648,
                            48.30805557602474
                        ],
                        [
                            -2.950513078834173,
                            48.31050057402176
                        ],
                        [
                            -2.951232998398699,
                            48.31294557201877
                        ],
                        [
                            -2.951952917963223,
                            48.31539057001577
                        ],
                        [
                            -2.952672837527749,
                            48.31783556801278
                        ],
                        [
                            -2.9533927570922747,
                            48.32028056600979
                        ],
                        [
                            -2.9541126766568,
                            48.32272556400681
                        ],
                        [
                            -2.9541126766568,
                            48.32272556400681
                        ],
                        [
                            -2.953565548036044,
                            48.32441777749511
                        ],
                        [
                            -2.9530184194152884,
                            48.32610999098341
                        ],
                        [
                            -2.9524712907945334,
                            48.32780220447172
                        ],
                        [
                            -2.9519241621737784,
                            48.32949441796002
                        ],
                        [
                            -2.9513770335530225,
                            48.33118663144833
                        ],
                        [
                            -2.9508299049322666,
                            48.33287884493663
                        ],
                        [
                            -2.9502827763115116,
                            48.33457105842493
                        ],
                        [
                            -2.9497356476907557,
                            48.336263271913246
                        ],
                        [
                            -2.9491885190700007,
                            48.337955485401544
                        ],
                        [
                            -2.948641390449245,
                            48.339647698889856
                        ],
                        [
                            -2.948641390449245,
                            48.339647698889856
                        ],
                        [
                            -2.9483652242250984,
                            48.34184191372456
                        ],
                        [
                            -2.9480890580009524,
                            48.344036128559274
                        ],
                        [
                            -2.9478128917768065,
                            48.34623034339399
                        ],
                        [
                            -2.947536725552661,
                            48.34842455822871
                        ],
                        [
                            -2.947260559328515,
                            48.35061877306342
                        ],
                        [
                            -2.9469843931043687,
                            48.35281298789813
                        ],
                        [
                            -2.9467082268802223,
                            48.35500720273284
                        ],
                        [
                            -2.9464320606560768,
                            48.35720141756755
                        ],
                        [
                            -2.9461558944319304,
                            48.35939563240226
                        ],
                        [
                            -2.9458797282077844,
                            48.36158984723698
                        ],
                        [
                            -2.9458797282077844,
                            48.36158984723698
                        ],
                        [
                            -2.9484156025361274,
                            48.362969369409825
                        ],
                        [
                            -2.9509514768644705,
                            48.36434889158267
                        ],
                        [
                            -2.9534873511928144,
                            48.36572841375552
                        ],
                        [
                            -2.9560232255211574,
                            48.36710793592836
                        ],
                        [
                            -2.9585590998495004,
                            48.368487458101214
                        ],
                        [
                            -2.9610949741778434,
                            48.36986698027407
                        ],
                        [
                            -2.963630848506187,
                            48.37124650244691
                        ],
                        [
                            -2.96616672283453,
                            48.372626024619755
                        ],
                        [
                            -2.9687025971628733,
                            48.3740055467926
                        ],
                        [
                            -2.9712384714912163,
                            48.37538506896545
                        ],
                        [
                            -2.9712384714912163,
                            48.37538506896545
                        ],
                        [
                            -2.9737807393432565,
                            48.374255316688426
                        ],
                        [
                            -2.976323007195296,
                            48.37312556441141
                        ],
                        [
                            -2.978865275047337,
                            48.37199581213439
                        ],
                        [
                            -2.981407542899377,
                            48.37086605985737
                        ],
                        [
                            -2.983949810751417,
                            48.369736307580354
                        ],
                        [
                            -2.986492078603457,
                            48.36860655530334
                        ],
                        [
                            -2.989034346455497,
                            48.367476803026314
                        ],
                        [
                            -2.991576614307537,
                            48.3663470507493
                        ],
                        [
                            -2.994118882159577,
                            48.36521729847228
                        ],
                        [
                            -2.9966611500116174,
                            48.36408754619526
                        ],
                        [
                            -2.9966611500116174,
                            48.36408754619526
                        ],
                        [
                            -3.0008298251308276,
                            48.36483854004006
                        ],
                        [
                            -3.004998500250038,
                            48.365589533884865
                        ],
                        [
                            -3.009167175369247,
                            48.36634052772966
                        ],
                        [
                            -3.0133358504884566,
                            48.367091521574466
                        ],
                        [
                            -3.0175045256076674,
                            48.367842515419255
                        ],
                        [
                            -3.021673200726877,
                            48.36859350926405
                        ],
                        [
                            -3.025841875846087,
                            48.369344503108856
                        ],
                        [
                            -3.0300105509652973,
                            48.37009549695365
                        ],
                        [
                            -3.034179226084507,
                            48.37084649079845
                        ],
                        [
                            -3.0383479012037165,
                            48.37159748464326
                        ],
                        [
                            -3.0383479012037165,
                            48.37159748464326
                        ],
                        [
                            -3.0387158347977272,
                            48.36909025300832
                        ],
                        [
                            -3.039083768391736,
                            48.366583021373394
                        ],
                        [
                            -3.039451701985746,
                            48.36407578973846
                        ],
                        [
                            -3.039819635579757,
                            48.36156855810353
                        ],
                        [
                            -3.0401875691737663,
                            48.3590613264686
                        ],
                        [
                            -3.0405555027677766,
                            48.35655409483366
                        ],
                        [
                            -3.0409234363617856,
                            48.35404686319874
                        ],
                        [
                            -3.0412913699557964,
                            48.3515396315638
                        ],
                        [
                            -3.041659303549805,
                            48.34903239992887
                        ],
                        [
                            -3.0420272371438153,
                            48.34652516829394
                        ],
                        [
                            -3.0420272371438153,
                            48.34652516829394
                        ],
                        [
                            -3.044566500970888,
                            48.3461485174854
                        ],
                        [
                            -3.0471057647979602,
                            48.345771866676856
                        ],
                        [
                            -3.0496450286250334,
                            48.345395215868315
                        ],
                        [
                            -3.052184292452106,
                            48.34501856505979
                        ],
                        [
                            -3.054723556279178,
                            48.344641914251234
                        ],
                        [
                            -3.0572628201062506,
                            48.3442652634427
                        ],
                        [
                            -3.059802083933323,
                            48.34388861263417
                        ],
                        [
                            -3.062341347760396,
                            48.34351196182562
                        ],
                        [
                            -3.064880611587468,
                            48.34313531101708
                        ],
                        [
                            -3.0674198754145405,
                            48.342758660208546
                        ],
                        [
                            -3.0674198754145405,
                            48.342758660208546
                        ],
                        [
                            -3.0750334194577893,
                            48.34463684563315
                        ],
                        [
                            -3.082646963501039,
                            48.34651503105775
                        ],
                        [
                            -3.0902605075442873,
                            48.348393216482364
                        ],
                        [
                            -3.0978740515875365,
                            48.350271401906966
                        ],
                        [
                            -3.1054875956307852,
                            48.35214958733158
                        ],
                        [
                            -3.113101139674034,
                            48.35402777275618
                        ],
                        [
                            -3.1207146837172832,
                            48.35590595818079
                        ],
                        [
                            -3.128328227760532,
                            48.3577841436054
                        ],
                        [
                            -3.135941771803781,
                            48.359662329030016
                        ],
                        [
                            -3.1435553158470304,
                            48.36154051445461
                        ],
                        [
                            -3.1435553158470304,
                            48.36154051445461
                        ],
                        [
                            -3.142726388435736,
                            48.35793864706861
                        ],
                        [
                            -3.1418974610244423,
                            48.35433677968258
                        ],
                        [
                            -3.1410685336131476,
                            48.350734912296566
                        ],
                        [
                            -3.1402396062018534,
                            48.34713304491055
                        ],
                        [
                            -3.139410678790559,
                            48.34353117752453
                        ],
                        [
                            -3.1385817513792653,
                            48.33992931013852
                        ],
                        [
                            -3.1377528239679715,
                            48.3363274427525
                        ],
                        [
                            -3.136923896556677,
                            48.33272557536648
                        ],
                        [
                            -3.136094969145383,
                            48.32912370798047
                        ],
                        [
                            -3.1352660417340883,
                            48.32552184059445
                        ],
                        [
                            -3.1352660417340883,
                            48.32552184059445
                        ],
                        [
                            -3.1380224334797484,
                            48.32552115269729
                        ],
                        [
                            -3.1407788252254094,
                            48.32552046480014
                        ],
                        [
                            -3.14353521697107,
                            48.325519776902986
                        ],
                        [
                            -3.1462916087167305,
                            48.32551908900584
                        ],
                        [
                            -3.149048000462391,
                            48.32551840110868
                        ],
                        [
                            -3.1518043922080516,
                            48.32551771321153
                        ],
                        [
                            -3.154560783953712,
                            48.325517025314376
                        ],
                        [
                            -3.1573171756993736,
                            48.32551633741722
                        ],
                        [
                            -3.1600735674450338,
                            48.325515649520064
                        ],
                        [
                            -3.162829959190694,
                            48.325514961622915
                        ],
                        [
                            -3.162829959190694,
                            48.325514961622915
                        ],
                        [
                            -3.165007821572185,
                            48.32666704314531
                        ],
                        [
                            -3.1671856839536754,
                            48.32781912466771
                        ],
                        [
                            -3.1693635463351666,
                            48.328971206190104
                        ],
                        [
                            -3.171541408716657,
                            48.33012328771251
                        ],
                        [
                            -3.173719271098147,
                            48.3312753692349
                        ],
                        [
                            -3.1758971334796375,
                            48.332427450757294
                        ],
                        [
                            -3.1780749958611283,
                            48.3335795322797
                        ],
                        [
                            -3.180252858242619,
                            48.3347316138021
                        ],
                        [
                            -3.1824307206241094,
                            48.33588369532449
                        ],
                        [
                            -3.1846085830055997,
                            48.33703577684689
                        ],
                        [
                            -3.1846085830055997,
                            48.33703577684689
                        ],
                        [
                            -3.1853110009934906,
                            48.33894132183707
                        ],
                        [
                            -3.1860134189813807,
                            48.340846866827256
                        ],
                        [
                            -3.1867158369692707,
                            48.34275241181743
                        ],
                        [
                            -3.1874182549571617,
                            48.34465795680761
                        ],
                        [
                            -3.1881206729450526,
                            48.346563501797796
                        ],
                        [
                            -3.1888230909329436,
                            48.34846904678797
                        ],
                        [
                            -3.189525508920833,
                            48.350374591778156
                        ],
                        [
                            -3.1902279269087246,
                            48.352280136768336
                        ],
                        [
                            -3.1909303448966146,
                            48.354185681758516
                        ],
                        [
                            -3.1916327628845056,
                            48.356091226748696
                        ],
                        [
                            -3.1916327628845056,
                            48.356091226748696
                        ],
                        [
                            -3.190086348248192,
                            48.358391513743015
                        ],
                        [
                            -3.1885399336118794,
                            48.36069180073733
                        ],
                        [
                            -3.1869935189755663,
                            48.36299208773164
                        ],
                        [
                            -3.185447104339253,
                            48.36529237472596
                        ],
                        [
                            -3.18390068970294,
                            48.36759266172028
                        ],
                        [
                            -3.1823542750666274,
                            48.36989294871459
                        ],
                        [
                            -3.180807860430314,
                            48.372193235708906
                        ],
                        [
                            -3.1792614457940003,
                            48.374493522703226
                        ],
                        [
                            -3.1777150311576876,
                            48.37679380969754
                        ],
                        [
                            -3.1761686165213745,
                            48.37909409669185
                        ],
                        [
                            -3.1761686165213745,
                            48.37909409669185
                        ],
                        [
                            -3.1790690390724325,
                            48.37972042169833
                        ],
                        [
                            -3.181969461623489,
                            48.38034674670481
                        ],
                        [
                            -3.184869884174546,
                            48.38097307171129
                        ],
                        [
                            -3.1877703067256027,
                            48.381599396717775
                        ],
                        [
                            -3.19067072927666,
                            48.38222572172426
                        ],
                        [
                            -3.1935711518277166,
                            48.38285204673073
                        ],
                        [
                            -3.1964715743787733,
                            48.38347837173722
                        ],
                        [
                            -3.199371996929831,
                            48.38410469674369
                        ],
                        [
                            -3.2022724194808876,
                            48.38473102175018
                        ],
                        [
                            -3.2051728420319443,
                            48.385357346756656
                        ],
                        [
                            -3.2051728420319443,
                            48.385357346756656
                        ],
                        [
                            -3.208798387964507,
                            48.38573245904838
                        ],
                        [
                            -3.2124239338970697,
                            48.386107571340084
                        ],
                        [
                            -3.2160494798296333,
                            48.3864826836318
                        ],
                        [
                            -3.219675025762196,
                            48.386857795923504
                        ],
                        [
                            -3.2233005716947587,
                            48.38723290821522
                        ],
                        [
                            -3.2269261176273214,
                            48.387608020506924
                        ],
                        [
                            -3.230551663559884,
                            48.38798313279864
                        ],
                        [
                            -3.234177209492447,
                            48.388358245090345
                        ],
                        [
                            -3.2378027554250104,
                            48.38873335738206
                        ],
                        [
                            -3.241428301357573,
                            48.38910846967377
                        ],
                        [
                            -3.241428301357573,
                            48.38910846967377
                        ],
                        [
                            -3.244693989931022,
                            48.38860559117465
                        ],
                        [
                            -3.247959678504472,
                            48.38810271267554
                        ],
                        [
                            -3.251225367077921,
                            48.38759983417641
                        ],
                        [
                            -3.25449105565137,
                            48.38709695567729
                        ],
                        [
                            -3.2577567442248196,
                            48.386594077178174
                        ],
                        [
                            -3.2610224327982693,
                            48.386091198679054
                        ],
                        [
                            -3.264288121371718,
                            48.385588320179934
                        ],
                        [
                            -3.2675538099451678,
                            48.385085441680815
                        ],
                        [
                            -3.2708194985186165,
                            48.38458256318169
                        ],
                        [
                            -3.274085187092066,
                            48.384079684682575
                        ],
                        [
                            -3.274085187092066,
                            48.384079684682575
                        ],
                        [
                            -3.2764424725457437,
                            48.38433012813795
                        ],
                        [
                            -3.2787997579994217,
                            48.38458057159331
                        ],
                        [
                            -3.2811570434530997,
                            48.38483101504868
                        ],
                        [
                            -3.283514328906777,
                            48.38508145850404
                        ],
                        [
                            -3.2858716143604547,
                            48.38533190195941
                        ],
                        [
                            -3.2882288998141327,
                            48.385582345414775
                        ],
                        [
                            -3.2905861852678107,
                            48.38583278887015
                        ],
                        [
                            -3.292943470721488,
                            48.38608323232552
                        ],
                        [
                            -3.295300756175166,
                            48.38633367578088
                        ],
                        [
                            -3.297658041628844,
                            48.386584119236254
                        ],
                        [
                            -3.297658041628844,
                            48.386584119236254
                        ],
                        [
                            -3.297652718221864,
                            48.389342292126415
                        ],
                        [
                            -3.2976473948148852,
                            48.392100465016576
                        ],
                        [
                            -3.2976420714079056,
                            48.394858637906744
                        ],
                        [
                            -3.297636748000926,
                            48.39761681079691
                        ],
                        [
                            -3.297631424593946,
                            48.40037498368707
                        ],
                        [
                            -3.297626101186967,
                            48.40313315657723
                        ],
                        [
                            -3.2976207777799877,
                            48.405891329467394
                        ],
                        [
                            -3.2976154543730076,
                            48.40864950235756
                        ],
                        [
                            -3.2976101309660284,
                            48.41140767524772
                        ],
                        [
                            -3.297604807559049,
                            48.41416584813789
                        ],
                        [
                            -3.297604807559049,
                            48.41416584813789
                        ],
                        [
                            -3.2997798655007196,
                            48.41516837126831
                        ],
                        [
                            -3.3019549234423904,
                            48.416170894398725
                        ],
                        [
                            -3.304129981384061,
                            48.417173417529135
                        ],
                        [
                            -3.3063050393257316,
                            48.41817594065955
                        ],
                        [
                            -3.308480097267403,
                            48.41917846378997
                        ],
                        [
                            -3.310655155209074,
                            48.420180986920386
                        ],
                        [
                            -3.3128302131507446,
                            48.4211835100508
                        ],
                        [
                            -3.315005271092416,
                            48.42218603318121
                        ],
                        [
                            -3.317180329034086,
                            48.42318855631163
                        ],
                        [
                            -3.319355386975757,
                            48.424191079442046
                        ],
                        [
                            -3.319355386975757,
                            48.424191079442046
                        ],
                        [
                            -3.3224394805805795,
                            48.423313295685006
                        ],
                        [
                            -3.3255235741854006,
                            48.42243551192797
                        ],
                        [
                            -3.328607667790222,
                            48.421557728170924
                        ],
                        [
                            -3.331691761395043,
                            48.42067994441389
                        ],
                        [
                            -3.3347758549998656,
                            48.41980216065686
                        ],
                        [
                            -3.3378599486046876,
                            48.41892437689982
                        ],
                        [
                            -3.3409440422095087,
                            48.418046593142776
                        ],
                        [
                            -3.344028135814331,
                            48.41716880938574
                        ],
                        [
                            -3.3471122294191527,
                            48.416291025628695
                        ],
                        [
                            -3.3501963230239737,
                            48.41541324187166
                        ],
                        [
                            -3.3501963230239737,
                            48.41541324187166
                        ],
                        [
                            -3.3538241372808106,
                            48.415412336498505
                        ],
                        [
                            -3.3574519515376475,
                            48.41541143112534
                        ],
                        [
                            -3.361079765794485,
                            48.415410525752186
                        ],
                        [
                            -3.3647075800513213,
                            48.41540962037902
                        ],
                        [
                            -3.368335394308158,
                            48.41540871500587
                        ],
                        [
                            -3.371963208564995,
                            48.41540780963271
                        ],
                        [
                            -3.375591022821832,
                            48.41540690425955
                        ],
                        [
                            -3.379218837078669,
                            48.415405998886385
                        ],
                        [
                            -3.3828466513355058,
                            48.415405093513236
                        ],
                        [
                            -3.3864744655923427,
                            48.41540418814007
                        ],
                        [
                            -3.3864744655923427,
                            48.41540418814007
                        ],
                        [
                            -3.3875643705137106,
                            48.41427479285175
                        ],
                        [
                            -3.3886542754350777,
                            48.413145397563426
                        ],
                        [
                            -3.3897441803564465,
                            48.41201600227509
                        ],
                        [
                            -3.3908340852778136,
                            48.410886606986764
                        ],
                        [
                            -3.3919239901991816,
                            48.40975721169844
                        ],
                        [
                            -3.393013895120549,
                            48.40862781641011
                        ],
                        [
                            -3.394103800041916,
                            48.40749842112179
                        ],
                        [
                            -3.395193704963285,
                            48.40636902583346
                        ],
                        [
                            -3.396283609884653,
                            48.40523963054513
                        ],
                        [
                            -3.3973735148060205,
                            48.4041102352568
                        ],
                        [
                            -3.3973735148060205,
                            48.4041102352568
                        ],
                        [
                            -3.400277324786812,
                            48.402981459272986
                        ],
                        [
                            -3.403181134767603,
                            48.401852683289164
                        ],
                        [
                            -3.4060849447483954,
                            48.400723907305334
                        ],
                        [
                            -3.408988754729187,
                            48.39959513132152
                        ],
                        [
                            -3.4118925647099787,
                            48.398466355337696
                        ],
                        [
                            -3.4147963746907704,
                            48.39733757935386
                        ],
                        [
                            -3.417700184671562,
                            48.39620880337004
                        ],
                        [
                            -3.420603994652353,
                            48.39508002738622
                        ],
                        [
                            -3.4235078046331444,
                            48.39395125140239
                        ],
                        [
                            -3.426411614613936,
                            48.39282247541857
                        ],
                        [
                            -3.426411614613936,
                            48.39282247541857
                        ],
                        [
                            -3.428583678489254,
                            48.39457703896309
                        ],
                        [
                            -3.430755742364572,
                            48.396331602507615
                        ],
                        [
                            -3.4329278062398894,
                            48.39808616605214
                        ],
                        [
                            -3.435099870115207,
                            48.39984072959666
                        ],
                        [
                            -3.4372719339905253,
                            48.401595293141185
                        ],
                        [
                            -3.4394439978658427,
                            48.4033498566857
                        ],
                        [
                            -3.4416160617411604,
                            48.40510442023023
                        ],
                        [
                            -3.4437881256164777,
                            48.406858983774754
                        ],
                        [
                            -3.445960189491796,
                            48.40861354731927
                        ],
                        [
                            -3.448132253367113,
                            48.41036811086379
                        ],
                        [
                            -3.448132253367113,
                            48.41036811086379
                        ],
                        [
                            -3.4508523843728525,
                            48.410743449114804
                        ],
                        [
                            -3.4535725153785903,
                            48.411118787365815
                        ],
                        [
                            -3.456292646384329,
                            48.411494125616834
                        ],
                        [
                            -3.459012777390068,
                            48.411869463867845
                        ],
                        [
                            -3.461732908395807,
                            48.41224480211885
                        ],
                        [
                            -3.464453039401546,
                            48.41262014036987
                        ],
                        [
                            -3.4671731704072837,
                            48.41299547862088
                        ],
                        [
                            -3.469893301413023,
                            48.41337081687189
                        ],
                        [
                            -3.4726134324187607,
                            48.41374615512291
                        ],
                        [
                            -3.4753335634244995,
                            48.41412149337392
                        ],
                        [
                            -3.4753335634244995,
                            48.41412149337392
                        ],
                        [
                            -3.4791440897075425,
                            48.41311747098563
                        ],
                        [
                            -3.4829546159905855,
                            48.41211344859736
                        ],
                        [
                            -3.486765142273628,
                            48.41110942620909
                        ],
                        [
                            -3.490575668556671,
                            48.4101054038208
                        ],
                        [
                            -3.494386194839714,
                            48.40910138143253
                        ],
                        [
                            -3.4981967211227563,
                            48.408097359044255
                        ],
                        [
                            -3.5020072474057993,
                            48.407093336655976
                        ],
                        [
                            -3.505817773688842,
                            48.406089314267696
                        ],
                        [
                            -3.5096282999718844,
                            48.405085291879416
                        ],
                        [
                            -3.513438826254928,
                            48.404081269491144
                        ],
                        [
                            -3.513438826254928,
                            48.404081269491144
                        ],
                        [
                            -3.516881660161284,
                            48.405459498797974
                        ],
                        [
                            -3.520324494067641,
                            48.406837728104804
                        ],
                        [
                            -3.523767327973999,
                            48.408215957411635
                        ],
                        [
                            -3.527210161880356,
                            48.40959418671846
                        ],
                        [
                            -3.530652995786713,
                            48.41097241602529
                        ],
                        [
                            -3.534095829693069,
                            48.412350645332126
                        ],
                        [
                            -3.5375386635994266,
                            48.41372887463895
                        ],
                        [
                            -3.540981497505784,
                            48.41510710394578
                        ],
                        [
                            -3.5444243314121406,
                            48.416485333252616
                        ],
                        [
                            -3.547867165318498,
                            48.41786356255944
                        ],
                        [
                            -3.547867165318498,
                            48.41786356255944
                        ],
                        [
                            -3.5534894115556637,
                            48.41798821131732
                        ],
                        [
                            -3.5591116577928292,
                            48.418112860075205
                        ],
                        [
                            -3.564733904029995,
                            48.41823750883309
                        ],
                        [
                            -3.57035615026716,
                            48.41836215759097
                        ],
                        [
                            -3.575978396504326,
                            48.41848680634885
                        ],
                        [
                            -3.5816006427414915,
                            48.418611455106735
                        ],
                        [
                            -3.587222888978657,
                            48.41873610386461
                        ],
                        [
                            -3.5928451352158226,
                            48.41886075262249
                        ],
                        [
                            -3.598467381452989,
                            48.41898540138037
                        ],
                        [
                            -3.6040896276901537,
                            48.41911005013826
                        ],
                        [
                            -3.6040896276901537,
                            48.41911005013826
                        ],
                        [
                            -3.6091652603289393,
                            48.41986081763878
                        ],
                        [
                            -3.6142408929677248,
                            48.4206115851393
                        ],
                        [
                            -3.6193165256065085,
                            48.421362352639825
                        ],
                        [
                            -3.624392158245295,
                            48.42211312014034
                        ],
                        [
                            -3.62946779088408,
                            48.422863887640865
                        ],
                        [
                            -3.634543423522865,
                            48.42361465514139
                        ],
                        [
                            -3.6396190561616506,
                            48.42436542264191
                        ],
                        [
                            -3.6446946888004357,
                            48.42511619014243
                        ],
                        [
                            -3.6497703214392208,
                            48.42586695764296
                        ],
                        [
                            -3.6548459540780063,
                            48.42661772514348
                        ],
                        [
                            -3.6548459540780063,
                            48.42661772514348
                        ],
                        [
                            -3.657933043807619,
                            48.42498683445059
                        ],
                        [
                            -3.661020133537233,
                            48.423355943757706
                        ],
                        [
                            -3.664107223266846,
                            48.42172505306482
                        ],
                        [
                            -3.6671943129964597,
                            48.42009416237194
                        ],
                        [
                            -3.6702814027260726,
                            48.41846327167905
                        ],
                        [
                            -3.6733684924556855,
                            48.41683238098617
                        ],
                        [
                            -3.6764555821852984,
                            48.415201490293285
                        ],
                        [
                            -3.6795426719149122,
                            48.41357059960039
                        ],
                        [
                            -3.6826297616445256,
                            48.41193970890751
                        ],
                        [
                            -3.685716851374139,
                            48.410308818214624
                        ],
                        [
                            -3.685716851374139,
                            48.410308818214624
                        ],
                        [
                            -3.6895259261941358,
                            48.41005683038614
                        ],
                        [
                            -3.6933350010141326,
                            48.40980484255764
                        ],
                        [
                            -3.6971440758341303,
                            48.40955285472916
                        ],
                        [
                            -3.7009531506541267,
                            48.40930086690067
                        ],
                        [
                            -3.704762225474123,
                            48.40904887907218
                        ],
                        [
                            -3.708571300294119,
                            48.408796891243696
                        ],
                        [
                            -3.7123803751141162,
                            48.408544903415205
                        ],
                        [
                            -3.716189449934113,
                            48.40829291558671
                        ],
                        [
                            -3.71999852475411,
                            48.40804092775822
                        ],
                        [
                            -3.723807599574107,
                            48.40778893992974
                        ],
                        [
                            -3.723807599574107,
                            48.40778893992974
                        ],
                        [
                            -3.729430964916733,
                            48.40653450536219
                        ],
                        [
                            -3.7350543302593593,
                            48.405280070794625
                        ],
                        [
                            -3.740677695601986,
                            48.404025636227075
                        ],
                        [
                            -3.746301060944612,
                            48.402771201659526
                        ],
                        [
                            -3.7519244262872387,
                            48.40151676709197
                        ],
                        [
                            -3.7575477916298645,
                            48.40026233252442
                        ],
                        [
                            -3.7631711569724913,
                            48.399007897956864
                        ],
                        [
                            -3.768794522315117,
                            48.39775346338931
                        ],
                        [
                            -3.7744178876577434,
                            48.39649902882175
                        ],
                        [
                            -3.78004125300037,
                            48.3952445942542
                        ],
                        [
                            -3.78004125300037,
                            48.3952445942542
                        ],
                        [
                            -3.7856661630047412,
                            48.393989087310594
                        ],
                        [
                            -3.7912910730091136,
                            48.39273358036698
                        ],
                        [
                            -3.7969159830134855,
                            48.39147807342337
                        ],
                        [
                            -3.8025408930178575,
                            48.39022256647976
                        ],
                        [
                            -3.8081658030222294,
                            48.38896705953614
                        ],
                        [
                            -3.8137907130266018,
                            48.38771155259254
                        ],
                        [
                            -3.8194156230309733,
                            48.38645604564892
                        ],
                        [
                            -3.8250405330353447,
                            48.38520053870532
                        ],
                        [
                            -3.830665443039717,
                            48.3839450317617
                        ],
                        [
                            -3.8362903530440886,
                            48.3826895248181
                        ],
                        [
                            -3.8362903530440886,
                            48.3826895248181
                        ],
                        [
                            -3.8469996065239607,
                            48.37767151149453
                        ],
                        [
                            -3.857708860003832,
                            48.372653498170976
                        ],
                        [
                            -3.868418113483703,
                            48.36763548484741
                        ],
                        [
                            -3.879127366963574,
                            48.36261747152386
                        ],
                        [
                            -3.889836620443446,
                            48.3575994582003
                        ],
                        [
                            -3.9005458739233165,
                            48.35258144487675
                        ],
                        [
                            -3.911255127403188,
                            48.34756343155319
                        ],
                        [
                            -3.9219643808830598,
                            48.34254541822963
                        ],
                        [
                            -3.932673634362931,
                            48.33752740490607
                        ],
                        [
                            -3.943382887842802,
                            48.33250939158252
                        ],
                        [
                            -3.943382887842802,
                            48.33250939158252
                        ],
                        [
                            -3.9475574699236273,
                            48.33100320936991
                        ],
                        [
                            -3.9517320520044534,
                            48.329497027157316
                        ],
                        [
                            -3.9559066340852787,
                            48.32799084494472
                        ],
                        [
                            -3.960081216166104,
                            48.32648466273212
                        ],
                        [
                            -3.964255798246929,
                            48.324978480519526
                        ],
                        [
                            -3.9684303803277556,
                            48.323472298306925
                        ],
                        [
                            -3.972604962408581,
                            48.32196611609432
                        ],
                        [
                            -3.9767795444894056,
                            48.32045993388173
                        ],
                        [
                            -3.9809541265702317,
                            48.318953751669135
                        ],
                        [
                            -3.985128708651057,
                            48.31744756945653
                        ],
                        [
                            -3.985128708651057,
                            48.31744756945653
                        ],
                        [
                            -3.990387618969669,
                            48.317697294239075
                        ],
                        [
                            -3.995646529288281,
                            48.317947019021624
                        ],
                        [
                            -4.0009054396068935,
                            48.318196743804165
                        ],
                        [
                            -4.0061643499255055,
                            48.3184464685867
                        ],
                        [
                            -4.011423260244118,
                            48.31869619336925
                        ],
                        [
                            -4.016682170562731,
                            48.3189459181518
                        ],
                        [
                            -4.0219410808813425,
                            48.31919564293433
                        ],
                        [
                            -4.0271999911999545,
                            48.319445367716874
                        ],
                        [
                            -4.032458901518568,
                            48.31969509249942
                        ],
                        [
                            -4.0377178118371795,
                            48.31994481728196
                        ],
                        [
                            -4.0377178118371795,
                            48.31994481728196
                        ],
                        [
                            -4.042247161166175,
                            48.32194982428186
                        ],
                        [
                            -4.046776510495171,
                            48.323954831281746
                        ],
                        [
                            -4.051305859824167,
                            48.32595983828163
                        ],
                        [
                            -4.0558352091531615,
                            48.32796484528152
                        ],
                        [
                            -4.060364558482158,
                            48.329969852281415
                        ],
                        [
                            -4.064893907811152,
                            48.33197485928131
                        ],
                        [
                            -4.069423257140148,
                            48.33397986628119
                        ],
                        [
                            -4.073952606469144,
                            48.335984873281085
                        ],
                        [
                            -4.078481955798139,
                            48.33798988028097
                        ],
                        [
                            -4.083011305127135,
                            48.33999488728087
                        ],
                        [
                            -4.083011305127135,
                            48.33999488728087
                        ],
                        [
                            -4.086459703668352,
                            48.33848995828836
                        ],
                        [
                            -4.089908102209568,
                            48.33698502929587
                        ],
                        [
                            -4.093356500750785,
                            48.335480100303364
                        ],
                        [
                            -4.096804899292001,
                            48.33397517131087
                        ],
                        [
                            -4.100253297833218,
                            48.33247024231837
                        ],
                        [
                            -4.103701696374435,
                            48.33096531332587
                        ],
                        [
                            -4.107150094915651,
                            48.32946038433337
                        ],
                        [
                            -4.110598493456868,
                            48.32795545534086
                        ],
                        [
                            -4.114046891998084,
                            48.32645052634837
                        ],
                        [
                            -4.117495290539302,
                            48.32494559735588
                        ],
                        [
                            -4.117495290539302,
                            48.32494559735588
                        ],
                        [
                            -4.125282584564436,
                            48.33045999704805
                        ],
                        [
                            -4.13306987858957,
                            48.335974396740234
                        ],
                        [
                            -4.1408571726147025,
                            48.34148879643241
                        ],
                        [
                            -4.148644466639837,
                            48.34700319612459
                        ],
                        [
                            -4.1564317606649706,
                            48.35251759581677
                        ],
                        [
                            -4.164219054690104,
                            48.358031995508945
                        ],
                        [
                            -4.172006348715238,
                            48.363546395201126
                        ],
                        [
                            -4.179793642740373,
                            48.3690607948933
                        ],
                        [
                            -4.187580936765506,
                            48.37457519458548
                        ],
                        [
                            -4.19536823079064,
                            48.38008959427767
                        ],
                        [
                            -4.19536823079064,
                            48.38008959427767
                        ],
                        [
                            -4.199892345783923,
                            48.38560587486427
                        ],
                        [
                            -4.204416460777205,
                            48.39112215545087
                        ],
                        [
                            -4.208940575770487,
                            48.39663843603748
                        ],
                        [
                            -4.21346469076377,
                            48.40215471662409
                        ],
                        [
                            -4.217988805757052,
                            48.407670997210694
                        ],
                        [
                            -4.222512920750335,
                            48.4131872777973
                        ],
                        [
                            -4.227037035743617,
                            48.4187035583839
                        ],
                        [
                            -4.2315611507369,
                            48.424219838970515
                        ],
                        [
                            -4.236085265730183,
                            48.42973611955711
                        ],
                        [
                            -4.240609380723466,
                            48.43525240014372
                        ]
                    ]
                ]
            }
        }
    ]
}