{
  "type": "FeatureCollection",
  "features": [
    {
      "type": "Feature",
      "properties": {
        "diocese": "Bolonien",
        "province": "Remen",
        "start": 1592,
        "end": 1789
      },
      "geometry": {
        "type": "Polygon",
        "coordinates": [
          [
            [
              2.5869917625938585,
              50.49735911051966
            ],
            [
              2.575116892634607,
              50.49920525412958
            ],
            [
              2.563242022675354,
              50.50105139773949
            ],
            [
              2.551367152716104,
              50.502897541349405
            ],
            [
              2.5394922827568513,
              50.50474368495932
            ],
            [
              2.5276174127975994,
              50.50658982856924
            ],
            [
              2.5157425428383466,
              50.50843597217915
            ],
            [
              2.503867672879095,
              50.51028211578907
            ],
            [
              2.491992802919842,
              50.512128259398985
            ],
            [
              2.4801179329605905,
              50.513974403008895
            ],
            [
              2.468243063001339,
              50.51582054661881
            ],
            [
              2.468243063001339,
              50.51582054661881
            ],
            [
              2.454541446478584,
              50.517461134102184
            ],
            [
              2.440839829955831,
              50.519101721585564
            ],
            [
              2.427138213433075,
              50.52074230906893
            ],
            [
              2.4134365969103224,
              50.5223828965523
            ],
            [
              2.3997349803875694,
              50.52402348403567
            ],
            [
              2.3860333638648163,
              50.52566407151905
            ],
            [
              2.3723317473420615,
              50.52730465900243
            ],
            [
              2.358630130819309,
              50.5289452464858
            ],
            [
              2.344928514296553,
              50.53058583396917
            ],
            [
              2.3312268977737998,
              50.53222642145255
            ],
            [
              2.3312268977737998,
              50.53222642145255
            ],
            [
              2.322424603903942,
              50.53618842394657
            ],
            [
              2.313622310034086,
              50.54015042644061
            ],
            [
              2.304820016164228,
              50.54411242893463
            ],
            [
              2.296017722294374,
              50.548074431428674
            ],
            [
              2.2872154284245183,
              50.552036433922694
            ],
            [
              2.27841313455466,
              50.555998436416736
            ],
            [
              2.269610840684804,
              50.559960438910764
            ],
            [
              2.2608085468149466,
              50.5639224414048
            ],
            [
              2.25200625294509,
              50.567884443898826
            ],
            [
              2.243203959075233,
              50.57184644639286
            ],
            [
              2.243203959075233,
              50.57184644639286
            ],
            [
              2.2370619048686535,
              50.578032103998524
            ],
            [
              2.2309198506620707,
              50.584217761604194
            ],
            [
              2.22477779645549,
              50.590403419209856
            ],
            [
              2.218635742248908,
              50.59658907681552
            ],
            [
              2.212493688042327,
              50.60277473442119
            ],
            [
              2.206351633835745,
              50.60896039202685
            ],
            [
              2.2002095796291647,
              50.61514604963252
            ],
            [
              2.194067525422584,
              50.62133170723818
            ],
            [
              2.1879254712160012,
              50.62751736484385
            ],
            [
              2.181783417009421,
              50.63370302244951
            ],
            [
              2.181783417009421,
              50.63370302244951
            ],
            [
              2.1777379271233857,
              50.639019665793
            ],
            [
              2.173692437237349,
              50.64433630913648
            ],
            [
              2.1696469473513162,
              50.64965295247997
            ],
            [
              2.1656014574652804,
              50.65496959582345
            ],
            [
              2.161555967579245,
              50.66028623916695
            ],
            [
              2.15751047769321,
              50.66560288251043
            ],
            [
              2.1534649878071748,
              50.67091952585392
            ],
            [
              2.14941949792114,
              50.6762361691974
            ],
            [
              2.145374008035105,
              50.68155281254089
            ],
            [
              2.1413285181490704,
              50.68686945588438
            ],
            [
              2.1413285181490704,
              50.68686945588438
            ],
            [
              2.1446943093992035,
              50.69122119928723
            ],
            [
              2.1480601006493383,
              50.69557294269008
            ],
            [
              2.1514258918994726,
              50.699924686092935
            ],
            [
              2.154791683149606,
              50.704276429495785
            ],
            [
              2.158157474399741,
              50.708628172898635
            ],
            [
              2.161523265649875,
              50.71297991630148
            ],
            [
              2.1648890569000083,
              50.71733165970433
            ],
            [
              2.1682548481501427,
              50.721683403107185
            ],
            [
              2.171620639400278,
              50.72603514651004
            ],
            [
              2.1749864306504123,
              50.73038688991289
            ],
            [
              2.1749864306504123,
              50.73038688991289
            ],
            [
              2.173321548441266,
              50.73715478219561
            ],
            [
              2.17165666623212,
              50.743922674478334
            ],
            [
              2.169991784022975,
              50.75069056676106
            ],
            [
              2.1683269018138294,
              50.757458459043775
            ],
            [
              2.166662019604684,
              50.7642263513265
            ],
            [
              2.1649971373955377,
              50.77099424360923
            ],
            [
              2.1633322551863934,
              50.77776213589195
            ],
            [
              2.1616673729772473,
              50.784530028174665
            ],
            [
              2.1600024907681026,
              50.791297920457396
            ],
            [
              2.1583376085589565,
              50.79806581274011
            ],
            [
              2.1583376085589565,
              50.79806581274011
            ],
            [
              2.1538649167159725,
              50.79980484348603
            ],
            [
              2.1493922248729893,
              50.80154387423193
            ],
            [
              2.1449195330300053,
              50.80328290497784
            ],
            [
              2.1404468411870217,
              50.80502193572375
            ],
            [
              2.135974149344038,
              50.80676096646966
            ],
            [
              2.1315014575010545,
              50.80849999721557
            ],
            [
              2.1270287656580718,
              50.81023902796149
            ],
            [
              2.122556073815087,
              50.81197805870738
            ],
            [
              2.1180833819721046,
              50.8137170894533
            ],
            [
              2.113610690129121,
              50.81545612019921
            ],
            [
              2.113610690129121,
              50.81545612019921
            ],
            [
              2.105218205023155,
              50.81400443743084
            ],
            [
              2.096825719917191,
              50.81255275466245
            ],
            [
              2.0884332348112244,
              50.81110107189407
            ],
            [
              2.0800407497052595,
              50.809649389125696
            ],
            [
              2.0716482645992937,
              50.80819770635731
            ],
            [
              2.063255779493329,
              50.806746023588936
            ],
            [
              2.054863294387364,
              50.80529434082055
            ],
            [
              2.046470809281398,
              50.803842658052176
            ],
            [
              2.038078324175433,
              50.8023909752838
            ],
            [
              2.0296858390694683,
              50.800939292515416
            ],
            [
              2.0296858390694683,
              50.800939292515416
            ],
            [
              2.0274612271473424,
              50.80828602393224
            ],
            [
              2.0252366152252166,
              50.81563275534905
            ],
            [
              2.0230120033030916,
              50.82297948676587
            ],
            [
              2.0207873913809657,
              50.830326218182684
            ],
            [
              2.0185627794588403,
              50.8376729495995
            ],
            [
              2.016338167536715,
              50.84501968101631
            ],
            [
              2.0141135556145895,
              50.852366412433135
            ],
            [
              2.011888943692463,
              50.859713143849945
            ],
            [
              2.0096643317703378,
              50.86705987526676
            ],
            [
              2.007439719848213,
              50.87440660668358
            ],
            [
              2.007439719848213,
              50.87440660668358
            ],
            [
              2.001984105433619,
              50.88642176879323
            ],
            [
              1.9965284910190246,
              50.89843693090288
            ],
            [
              1.991072876604432,
              50.91045209301254
            ],
            [
              1.9856172621898387,
              50.922467255122186
            ],
            [
              1.9801616477752444,
              50.934482417231834
            ],
            [
              1.9747060333606514,
              50.9464975793415
            ],
            [
              1.9692504189460576,
              50.958512741451145
            ],
            [
              1.9637948045314642,
              50.97052790356079
            ],
            [
              1.9583391901168707,
              50.98254306567045
            ],
            [
              1.9528835757022773,
              50.994558227780104
            ],
            [
              1.9528835757022773,
              50.994558227780104
            ],
            [
              1.9526884836043519,
              50.994541375809504
            ],
            [
              1.9524937025578661,
              50.99452337702884
            ],
            [
              1.9522991477388074,
              50.99450454845267
            ],
            [
              1.9521047343231661,
              50.99448520709556
            ],
            [
              1.951910377486929,
              50.99446566997209
            ],
            [
              1.9517159924060854,
              50.994446254096836
            ],
            [
              1.9515214942566232,
              50.99442727648436
            ],
            [
              1.9513267982145321,
              50.99440905414923
            ],
            [
              1.951131819455798,
              50.99439190410603
            ],
            [
              1.950936473156411,
              50.99437614336934
            ],
            [
              1.9509364731564118,
              50.99437614336934
            ],
            [
              1.9453834712585372,
              50.994134773602575
            ],
            [
              1.9397863833838351,
              50.99352101330502
            ],
            [
              1.9341689846556238,
              50.99257629189759
            ],
            [
              1.928555050197216,
              50.991342038801236
            ],
            [
              1.9229683551319288,
              50.989859683436876
            ],
            [
              1.9174326745830759,
              50.988170655225446
            ],
            [
              1.9119717836739754,
              50.98631638358786
            ],
            [
              1.9066094575279418,
              50.98433829794507
            ],
            [
              1.9013694712682914,
              50.98227782771801
            ],
            [
              1.8962756000183387,
              50.980176402327594
            ],
            [
              1.8962756000183325,
              50.980176402327594
            ],
            [
              1.8869666647845587,
              50.980161560219024
            ],
            [
              1.8779683773041085,
              50.97933620705053
            ],
            [
              1.8692186813594245,
              50.97786148627278
            ],
            [
              1.8606555207329465,
              50.97589854133646
            ],
            [
              1.8522168392071143,
              50.97360851569225
            ],
            [
              1.8438405805643705,
              50.97115255279081
            ],
            [
              1.835464688587154,
              50.96869179608282
            ],
            [
              1.8270271070579063,
              50.966387389018976
            ],
            [
              1.8184657797590678,
              50.96440047504993
            ],
            [
              1.8097186504730796,
              50.96289219762636
            ],
            [
              1.8097186504730778,
              50.96289219762636
            ],
            [
              1.80071612266407,
              50.96102231621538
            ],
            [
              1.7916652909720026,
              50.95898404533358
            ],
            [
              1.7826417933828762,
              50.956738382011736
            ],
            [
              1.7737212678826921,
              50.9542463232806
            ],
            [
              1.7649793524574533,
              50.95146886617094
            ],
            [
              1.7564916850931591,
              50.94836700771351
            ],
            [
              1.7483339037758117,
              50.94490174493905
            ],
            [
              1.7405816464914121,
              50.94103407487836
            ],
            [
              1.7333105512259621,
              50.936724994562155
            ],
            [
              1.7265962559654642,
              50.93193550102122
            ],
            [
              1.7265962559654557,
              50.93193550102122
            ],
            [
              1.7162041493252476,
              50.926909848240676
            ],
            [
              1.7068125499743423,
              50.92098739086662
            ],
            [
              1.6981058975824115,
              50.91446440686061
            ],
            [
              1.6897686318191205,
              50.90763717418419
            ],
            [
              1.681485192354137,
              50.90080197079893
            ],
            [
              1.6729400188571302,
              50.894255074666376
            ],
            [
              1.663817550997766,
              50.888292763748076
            ],
            [
              1.6538022284457132,
              50.883211316005585
            ],
            [
              1.64257849087064,
              50.879307009400456
            ],
            [
              1.6298307779422134,
              50.87687612189425
            ],
            [
              1.629830777942217,
              50.87687612189425
            ],
            [
              1.6249748676186808,
              50.87593543921398
            ],
            [
              1.6196042219242135,
              50.87530513900165
            ],
            [
              1.6139290151389196,
              50.87483602538529
            ],
            [
              1.6081594215429056,
              50.87437890249291
            ],
            [
              1.6025056154162747,
              50.87378457445253
            ],
            [
              1.5971777710391293,
              50.872903845392166
            ],
            [
              1.5923860626915753,
              50.87158751943985
            ],
            [
              1.5883406646537144,
              50.869686400723566
            ],
            [
              1.585251751205654,
              50.86705129337137
            ],
            [
              1.583329496627496,
              50.86353300151126
            ],
            [
              1.5833294966274951,
              50.86353300151126
            ],
            [
              1.5866989663503372,
              50.85378649144777
            ],
            [
              1.590699487614835,
              50.84403011029115
            ],
            [
              1.5950056834165882,
              50.83425514293935
            ],
            [
              1.5992921767511978,
              50.82445287429035
            ],
            [
              1.603233590614265,
              50.814614589242126
            ],
            [
              1.6065045480013902,
              50.80473157269264
            ],
            [
              1.6087796719081746,
              50.79479510953987
            ],
            [
              1.6097335853302206,
              50.78479648468179
            ],
            [
              1.6090409112631257,
              50.774726983016365
            ],
            [
              1.606376272702494,
              50.76457788944158
            ],
            [
              1.606376272702494,
              50.76457788944158
            ],
            [
              1.6050351309945312,
              50.75654130620258
            ],
            [
              1.6018910751073014,
              50.74892301780358
            ],
            [
              1.5974341086582942,
              50.74161480668063
            ],
            [
              1.5921542352649931,
              50.734508455269804
            ],
            [
              1.5865414585448883,
              50.72749574600716
            ],
            [
              1.581085782115467,
              50.72046846132875
            ],
            [
              1.5762772095942146,
              50.713318383670654
            ],
            [
              1.5726057445986195,
              50.70593729546889
            ],
            [
              1.5705613907461693,
              50.69821697915956
            ],
            [
              1.5706341516543492,
              50.69004921717872
            ],
            [
              1.5706341516543483,
              50.69004921717872
            ],
            [
              1.5724122997575476,
              50.679717081833246
            ],
            [
              1.5743875778138618,
              50.66939993977981
            ],
            [
              1.5764474646170847,
              50.65909150130895
            ],
            [
              1.5784794389610028,
              50.64878547671123
            ],
            [
              1.5803709796394059,
              50.63847557627723
            ],
            [
              1.5820095654460808,
              50.628155510297496
            ],
            [
              1.583282675174822,
              50.617818989062584
            ],
            [
              1.5840777876194143,
              50.60745972286308
            ],
            [
              1.5842823815736495,
              50.59707142198952
            ],
            [
              1.5837839358313128,
              50.586647796732464
            ],
            [
              1.583783935831311,
              50.586647796732464
            ],
            [
              1.583031004406093,
              50.58225891839521
            ],
            [
              1.5833040759165296,
              50.57815547141736
            ],
            [
              1.5844804138915216,
              50.57430707427132
            ],
            [
              1.5864372818599661,
              50.57068334542946
            ],
            [
              1.5890519433507624,
              50.56725390336419
            ],
            [
              1.59220166189281,
              50.5639883665479
            ],
            [
              1.5957637010150045,
              50.56085635345297
            ],
            [
              1.5996153242462485,
              50.5578274825518
            ],
            [
              1.6036337951154374,
              50.55487137231678
            ],
            [
              1.6076963771514707,
              50.55195764122032
            ],
            [
              1.6076963771514663,
              50.55195764122032
            ],
            [
              1.6144505985058584,
              50.546741018964504
            ],
            [
              1.62120481986025,
              50.541524396708695
            ],
            [
              1.6279590412146416,
              50.53630777445289
            ],
            [
              1.6347132625690328,
              50.531091152197085
            ],
            [
              1.641467483923425,
              50.52587452994127
            ],
            [
              1.6482217052778165,
              50.52065790768546
            ],
            [
              1.6549759266322082,
              50.51544128542965
            ],
            [
              1.6617301479865998,
              50.51022466317385
            ],
            [
              1.6684843693409923,
              50.50500804091804
            ],
            [
              1.675238590695384,
              50.499791418662234
            ],
            [
              1.675238590695384,
              50.499791418662234
            ],
            [
              1.696767920062753,
              50.491994439550666
            ],
            [
              1.7182972494301234,
              50.48419746043911
            ],
            [
              1.7398265787974916,
              50.476400481327545
            ],
            [
              1.7613559081648607,
              50.46860350221598
            ],
            [
              1.782885237532231,
              50.46080652310442
            ],
            [
              1.8044145668996001,
              50.45300954399285
            ],
            [
              1.82594389626697,
              50.445212564881295
            ],
            [
              1.8474732256343391,
              50.43741558576973
            ],
            [
              1.8690025550017086,
              50.42961860665817
            ],
            [
              1.8905318843690782,
              50.4218216275466
            ],
            [
              1.8905318843690782,
              50.4218216275466
            ],
            [
              1.8964187807937853,
              50.41632598378099
            ],
            [
              1.9023056772184939,
              50.4108303400154
            ],
            [
              1.9081925736432033,
              50.405334696249795
            ],
            [
              1.9140794700679105,
              50.3998390524842
            ],
            [
              1.9199663664926185,
              50.394343408718605
            ],
            [
              1.9258532629173266,
              50.388847764953
            ],
            [
              1.9317401593420338,
              50.38335212118741
            ],
            [
              1.9376270557667437,
              50.37785647742181
            ],
            [
              1.9435139521914508,
              50.3723608336562
            ],
            [
              1.9494008486161594,
              50.36686518989061
            ],
            [
              1.9494008486161594,
              50.36686518989061
            ],
            [
              1.9547883186326005,
              50.367575836658254
            ],
            [
              1.9601757886490403,
              50.3682864834259
            ],
            [
              1.965563258665481,
              50.36899713019354
            ],
            [
              1.9709507286819221,
              50.36970777696118
            ],
            [
              1.9763381986983646,
              50.37041842372882
            ],
            [
              1.981725668714804,
              50.37112907049647
            ],
            [
              1.9871131387312446,
              50.371839717264116
            ],
            [
              1.9925006087476862,
              50.37255036403176
            ],
            [
              1.9978880787641278,
              50.3732610107994
            ],
            [
              2.0032755487805676,
              50.37397165756705
            ],
            [
              2.0032755487805676,
              50.37397165756705
            ],
            [
              2.0209600792071045,
              50.36741500196514
            ],
            [
              2.0386446096336406,
              50.36085834636323
            ],
            [
              2.056329140060175,
              50.35430169076132
            ],
            [
              2.0740136704867105,
              50.347745035159406
            ],
            [
              2.0916982009132465,
              50.341188379557494
            ],
            [
              2.1093827313397826,
              50.33463172395558
            ],
            [
              2.1270672617663178,
              50.32807506835367
            ],
            [
              2.144751792192854,
              50.32151841275176
            ],
            [
              2.162436322619389,
              50.31496175714985
            ],
            [
              2.1801208530459246,
              50.30840510154794
            ],
            [
              2.1801208530459246,
              50.30840510154794
            ],
            [
              2.1857490455724053,
              50.30095880246815
            ],
            [
              2.1913772380988874,
              50.29351250338837
            ],
            [
              2.197005430625369,
              50.28606620430858
            ],
            [
              2.2026336231518493,
              50.2786199052288
            ],
            [
              2.208261815678329,
              50.27117360614902
            ],
            [
              2.2138900082048107,
              50.26372730706924
            ],
            [
              2.219518200731293,
              50.25628100798946
            ],
            [
              2.225146393257773,
              50.24883470890967
            ],
            [
              2.2307745857842547,
              50.24138840982989
            ],
            [
              2.2364027783107363,
              50.2339421107501
            ],
            [
              2.2364027783107363,
              50.2339421107501
            ],
            [
              2.2453836676054055,
              50.236072269740056
            ],
            [
              2.254364556900073,
              50.23820242873
            ],
            [
              2.2633454461947413,
              50.240332587719955
            ],
            [
              2.2723263354894105,
              50.24246274670991
            ],
            [
              2.2813072247840793,
              50.24459290569986
            ],
            [
              2.290288114078748,
              50.24672306468981
            ],
            [
              2.2992690033734173,
              50.24885322367977
            ],
            [
              2.3082498926680866,
              50.250983382669716
            ],
            [
              2.3172307819627553,
              50.253113541659665
            ],
            [
              2.326211671257424,
              50.255243700649615
            ],
            [
              2.326211671257424,
              50.255243700649615
            ],
            [
              2.3333856625607203,
              50.25134430952038
            ],
            [
              2.340559653864019,
              50.24744491839113
            ],
            [
              2.347733645167319,
              50.24354552726189
            ],
            [
              2.354907636470618,
              50.23964613613265
            ],
            [
              2.3620816277739145,
              50.23574674500342
            ],
            [
              2.3692556190772134,
              50.23184735387417
            ],
            [
              2.376429610380512,
              50.22794796274493
            ],
            [
              2.3836036016838102,
              50.22404857161569
            ],
            [
              2.3907775929871087,
              50.22014918048645
            ],
            [
              2.3979515842904076,
              50.21624978935721
            ],
            [
              2.3979515842904076,
              50.21624978935721
            ],
            [
              2.403341107805096,
              50.218024398212016
            ],
            [
              2.408730631319787,
              50.21979900706682
            ],
            [
              2.4141201548344777,
              50.22157361592163
            ],
            [
              2.4195096783491663,
              50.22334822477643
            ],
            [
              2.4248992018638575,
              50.22512283363124
            ],
            [
              2.430288725378548,
              50.22689744248605
            ],
            [
              2.435678248893237,
              50.228672051340844
            ],
            [
              2.4410677724079277,
              50.23044666019565
            ],
            [
              2.4464572959226185,
              50.23222126905046
            ],
            [
              2.4518468194373093,
              50.23399587790527
            ],
            [
              2.4518468194373093,
              50.23399587790527
            ],
            [
              2.455440104664722,
              50.23612469234123
            ],
            [
              2.4590333898921366,
              50.238253506777205
            ],
            [
              2.46262667511955,
              50.24038232121317
            ],
            [
              2.4662199603469634,
              50.24251113564914
            ],
            [
              2.469813245574375,
              50.2446399500851
            ],
            [
              2.473406530801789,
              50.24676876452107
            ],
            [
              2.476999816029202,
              50.248897578957035
            ],
            [
              2.4805931012566163,
              50.251026393393005
            ],
            [
              2.4841863864840312,
              50.25315520782897
            ],
            [
              2.487779671711445,
              50.25528402226494
            ],
            [
              2.487779671711445,
              50.25528402226494
            ],
            [
              2.487410637127444,
              50.26344093609025
            ],
            [
              2.4870416025434428,
              50.27159784991555
            ],
            [
              2.486672567959443,
              50.27975476374086
            ],
            [
              2.4863035333754424,
              50.287911677566164
            ],
            [
              2.485934498791439,
              50.29606859139147
            ],
            [
              2.48556546420744,
              50.30422550521678
            ],
            [
              2.485196429623439,
              50.31238241904209
            ],
            [
              2.4848273950394373,
              50.32053933286739
            ],
            [
              2.4844583604554367,
              50.328696246692694
            ],
            [
              2.484089325871437,
              50.336853160518004
            ],
            [
              2.484089325871437,
              50.336853160518004
            ],
            [
              2.482681250993332,
              50.338182755611705
            ],
            [
              2.481273176115226,
              50.3395123507054
            ],
            [
              2.4798651012371207,
              50.340841945799106
            ],
            [
              2.4784570263590133,
              50.342171540892814
            ],
            [
              2.4770489514809095,
              50.343501135986514
            ],
            [
              2.475640876602802,
              50.344830731080215
            ],
            [
              2.4742328017246966,
              50.346160326173916
            ],
            [
              2.4728247268465915,
              50.347489921267616
            ],
            [
              2.4714166519684864,
              50.34881951636132
            ],
            [
              2.4700085770903804,
              50.35014911145502
            ],
            [
              2.4700085770903804,
              50.35014911145502
            ],
            [
              2.47155215125465,
              50.352543399280464
            ],
            [
              2.4730957254189203,
              50.35493768710593
            ],
            [
              2.4746392995831905,
              50.3573319749314
            ],
            [
              2.476182873747462,
              50.359726262756844
            ],
            [
              2.4777264479117305,
              50.36212055058231
            ],
            [
              2.479270022076,
              50.364514838407764
            ],
            [
              2.4808135962402686,
              50.366909126233224
            ],
            [
              2.482357170404542,
              50.36930341405869
            ],
            [
              2.4839007445688117,
              50.371697701884145
            ],
            [
              2.4854443187330806,
              50.37409198970961
            ],
            [
              2.4854443187330806,
              50.37409198970961
            ],
            [
              2.4872442797338663,
              50.376486346989424
            ],
            [
              2.489044240734652,
              50.37888070426924
            ],
            [
              2.490844201735438,
              50.381275061549054
            ],
            [
              2.4926441627362226,
              50.38366941882887
            ],
            [
              2.49444412373701,
              50.38606377610869
            ],
            [
              2.4962440847377945,
              50.38845813338851
            ],
            [
              2.49804404573858,
              50.39085249066833
            ],
            [
              2.4998440067393646,
              50.39324684794815
            ],
            [
              2.501643967740152,
              50.39564120522795
            ],
            [
              2.503443928740937,
              50.39803556250778
            ],
            [
              2.503443928740937,
              50.39803556250778
            ],
            [
              2.500754814077387,
              50.400074140146714
            ],
            [
              2.498065699413837,
              50.40211271778565
            ],
            [
              2.4953765847502867,
              50.404151295424576
            ],
            [
              2.492687470086737,
              50.40618987306352
            ],
            [
              2.4899983554231855,
              50.40822845070246
            ],
            [
              2.4873092407596338,
              50.410267028341394
            ],
            [
              2.4846201260960856,
              50.41230560598032
            ],
            [
              2.4819310114325357,
              50.41434418361926
            ],
            [
              2.479241896768984,
              50.4163827612582
            ],
            [
              2.476552782105434,
              50.41842133889714
            ],
            [
              2.476552782105434,
              50.41842133889714
            ],
            [
              2.4763012787718117,
              50.42099250566434
            ],
            [
              2.4760497754381876,
              50.423563672431534
            ],
            [
              2.4757982721045653,
              50.426134839198724
            ],
            [
              2.4755467687709403,
              50.42870600596592
            ],
            [
              2.4752952654373166,
              50.431277172733125
            ],
            [
              2.475043762103694,
              50.43384833950032
            ],
            [
              2.4747922587700697,
              50.43641950626752
            ],
            [
              2.4745407554364456,
              50.43899067303472
            ],
            [
              2.4742892521028232,
              50.44156183980193
            ],
            [
              2.4740377487691987,
              50.44413300656912
            ],
            [
              2.4740377487691987,
              50.44413300656912
            ],
            [
              2.475578848099303,
              50.44528601621183
            ],
            [
              2.4771199474294066,
              50.446439025854545
            ],
            [
              2.478661046759511,
              50.44759203549725
            ],
            [
              2.480202146089615,
              50.44874504513997
            ],
            [
              2.4817432454197212,
              50.44989805478268
            ],
            [
              2.483284344749825,
              50.45105106442539
            ],
            [
              2.4848254440799287,
              50.45220407406811
            ],
            [
              2.4863665434100333,
              50.45335708371082
            ],
            [
              2.487907642740137,
              50.454510093353534
            ],
            [
              2.489448742070241,
              50.45566310299625
            ],
            [
              2.489448742070241,
              50.45566310299625
            ],
            [
              2.494963760553907,
              50.45601912773722
            ],
            [
              2.5004787790375715,
              50.45637515247818
            ],
            [
              2.5059937975212363,
              50.456731177219154
            ],
            [
              2.511508816004899,
              50.45708720196013
            ],
            [
              2.5170238344885667,
              50.45744322670109
            ],
            [
              2.522538852972231,
              50.45779925144207
            ],
            [
              2.528053871455894,
              50.45815527618304
            ],
            [
              2.5335688899395588,
              50.458511300924
            ],
            [
              2.539083908423225,
              50.458867325664976
            ],
            [
              2.544598926906889,
              50.45922335040595
            ],
            [
              2.544598926906889,
              50.45922335040595
            ],
            [
              2.5483204871236667,
              50.46055422567377
            ],
            [
              2.5520420473404446,
              50.461885100941586
            ],
            [
              2.5557636075572243,
              50.463215976209405
            ],
            [
              2.559485167774002,
              50.46454685147723
            ],
            [
              2.563206727990781,
              50.465877726745056
            ],
            [
              2.5669282882075573,
              50.467208602012875
            ],
            [
              2.570649848424335,
              50.46853947728069
            ],
            [
              2.5743714086411162,
              50.46987035254852
            ],
            [
              2.5780929688578937,
              50.471201227816344
            ],
            [
              2.581814529074674,
              50.47253210308417
            ],
            [
              2.581814529074674,
              50.47253210308417
            ],
            [
              2.5823322524265904,
              50.47501480382771
            ],
            [
              2.5828499757785095,
              50.47749750457127
            ],
            [
              2.5833676991304295,
              50.47998020531482
            ],
            [
              2.5838854224823464,
              50.482462906058366
            ],
            [
              2.584403145834265,
              50.484945606801915
            ],
            [
              2.584920869186186,
              50.487428307545464
            ],
            [
              2.5854385925381025,
              50.48991100828901
            ],
            [
              2.5859563158900216,
              50.49239370903256
            ],
            [
              2.5864740392419416,
              50.49487640977611
            ],
            [
              2.5869917625938585,
              50.49735911051966
            ]
          ]
        ]
      }
    },
    {
      "type": "Feature",
      "properties": {
        "diocese": "Belvacen",
        "province": "Remen",
        "start": 1592,
        "end": 1789
      },
      "geometry": {
        "type": "Polygon",
        "coordinates": [
          [
            [
              2.465384242090816,
              49.13092320715909
            ],
            [
              2.4639381331449455,
              49.13336802392511
            ],
            [
              2.462492024199073,
              49.13581284069112
            ],
            [
              2.4610459152532007,
              49.13825765745714
            ],
            [
              2.4595998063073288,
              49.14070247422316
            ],
            [
              2.458153697361458,
              49.14314729098918
            ],
            [
              2.456707588415586,
              49.1455921077552
            ],
            [
              2.4552614794697134,
              49.148036924521215
            ],
            [
              2.453815370523843,
              49.15048174128724
            ],
            [
              2.452369261577972,
              49.15292655805326
            ],
            [
              2.450923152632098,
              49.15537137481927
            ],
            [
              2.450923152632098,
              49.15537137481927
            ],
            [
              2.449295194861446,
              49.15725212055414
            ],
            [
              2.4476672370907924,
              49.15913286628901
            ],
            [
              2.4460392793201384,
              49.16101361202387
            ],
            [
              2.4444113215494867,
              49.162894357758745
            ],
            [
              2.4427833637788345,
              49.164775103493604
            ],
            [
              2.4411554060081806,
              49.16665584922847
            ],
            [
              2.4395274482375284,
              49.16853659496334
            ],
            [
              2.437899490466875,
              49.1704173406982
            ],
            [
              2.4362715326962214,
              49.172298086433074
            ],
            [
              2.4346435749255693,
              49.17417883216795
            ],
            [
              2.4346435749255693,
              49.17417883216795
            ],
            [
              2.4377317995926635,
              49.17718881165955
            ],
            [
              2.440820024259756,
              49.18019879115116
            ],
            [
              2.4439082489268515,
              49.183208770642764
            ],
            [
              2.4469964735939462,
              49.18621875013438
            ],
            [
              2.450084698261042,
              49.18922872962599
            ],
            [
              2.453172922928134,
              49.1922387091176
            ],
            [
              2.4562611475952285,
              49.19524868860921
            ],
            [
              2.459349372262324,
              49.19825866810082
            ],
            [
              2.462437596929417,
              49.20126864759243
            ],
            [
              2.465525821596511,
              49.20427862708404
            ],
            [
              2.465525821596511,
              49.20427862708404
            ],
            [
              2.471328165615508,
              49.203778006173366
            ],
            [
              2.4771305096345038,
              49.2032773852627
            ],
            [
              2.4829328536534994,
              49.20277676435203
            ],
            [
              2.488735197672495,
              49.20227614344136
            ],
            [
              2.4945375416914923,
              49.20177552253069
            ],
            [
              2.500339885710488,
              49.20127490162002
            ],
            [
              2.506142229729483,
              49.200774280709346
            ],
            [
              2.5119445737484782,
              49.200273659798675
            ],
            [
              2.5177469177674756,
              49.199773038888004
            ],
            [
              2.5235492617864717,
              49.19927241797734
            ],
            [
              2.5235492617864717,
              49.19927241797734
            ],
            [
              2.5275435365005148,
              49.20102958694145
            ],
            [
              2.5315378112145575,
              49.20278675590557
            ],
            [
              2.535532085928601,
              49.2045439248697
            ],
            [
              2.539526360642642,
              49.20630109383381
            ],
            [
              2.5435206353566873,
              49.20805826279793
            ],
            [
              2.547514910070728,
              49.209815431762046
            ],
            [
              2.551509184784774,
              49.211572600726164
            ],
            [
              2.5555034594988153,
              49.21332976969028
            ],
            [
              2.5594977342128584,
              49.215086938654395
            ],
            [
              2.5634920089269033,
              49.21684410761853
            ],
            [
              2.5634920089269033,
              49.21684410761853
            ],
            [
              2.568023317954782,
              49.21584216705507
            ],
            [
              2.572554626982662,
              49.21484022649162
            ],
            [
              2.577085936010545,
              49.21383828592816
            ],
            [
              2.5816172450384234,
              49.212836345364714
            ],
            [
              2.586148554066304,
              49.21183440480126
            ],
            [
              2.5906798630941847,
              49.21083246423781
            ],
            [
              2.5952111721220636,
              49.20983052367436
            ],
            [
              2.599742481149946,
              49.208828583110915
            ],
            [
              2.6042737901778263,
              49.20782664254746
            ],
            [
              2.608805099205707,
              49.20682470198401
            ],
            [
              2.608805099205707,
              49.20682470198401
            ],
            [
              2.614250312712917,
              49.20945924712792
            ],
            [
              2.6196955262201276,
              49.21209379227184
            ],
            [
              2.6251407397273394,
              49.21472833741575
            ],
            [
              2.6305859532345512,
              49.21736288255966
            ],
            [
              2.6360311667417613,
              49.21999742770358
            ],
            [
              2.641476380248975,
              49.22263197284749
            ],
            [
              2.6469215937561854,
              49.225266517991415
            ],
            [
              2.6523668072633955,
              49.22790106313533
            ],
            [
              2.6578120207706073,
              49.23053560827924
            ],
            [
              2.6632572342778196,
              49.23317015342316
            ],
            [
              2.6632572342778196,
              49.23317015342316
            ],
            [
              2.667067548917472,
              49.23404812388843
            ],
            [
              2.670877863557123,
              49.23492609435369
            ],
            [
              2.6746881781967757,
              49.235804064818964
            ],
            [
              2.6784984928364284,
              49.23668203528423
            ],
            [
              2.682308807476081,
              49.2375600057495
            ],
            [
              2.686119122115734,
              49.23843797621477
            ],
            [
              2.6899294367553845,
              49.23931594668004
            ],
            [
              2.6937397513950354,
              49.24019391714531
            ],
            [
              2.697550066034689,
              49.24107188761058
            ],
            [
              2.701360380674341,
              49.24194985807585
            ],
            [
              2.701360380674341,
              49.24194985807585
            ],
            [
              2.7040847069361145,
              49.24376866678529
            ],
            [
              2.706809033197888,
              49.24558747549472
            ],
            [
              2.709533359459661,
              49.24740628420417
            ],
            [
              2.712257685721434,
              49.249225092913605
            ],
            [
              2.7149820119832095,
              49.25104390162304
            ],
            [
              2.7177063382449824,
              49.25286271033248
            ],
            [
              2.720430664506756,
              49.25468151904192
            ],
            [
              2.723154990768529,
              49.25650032775137
            ],
            [
              2.7258793170303024,
              49.2583191364608
            ],
            [
              2.7286036432920757,
              49.26013794517024
            ],
            [
              2.7286036432920757,
              49.26013794517024
            ],
            [
              2.7231684725051815,
              49.26270675175754
            ],
            [
              2.717733301718287,
              49.26527555834484
            ],
            [
              2.7122981309313934,
              49.26784436493214
            ],
            [
              2.7068629601445013,
              49.27041317151944
            ],
            [
              2.701427789357607,
              49.27298197810674
            ],
            [
              2.695992618570711,
              49.27555078469404
            ],
            [
              2.6905574477838186,
              49.27811959128134
            ],
            [
              2.6851222769969234,
              49.280688397868644
            ],
            [
              2.679687106210029,
              49.28325720445594
            ],
            [
              2.6742519354231367,
              49.28582601104324
            ],
            [
              2.6742519354231367,
              49.28582601104324
            ],
            [
              2.6813270447366833,
              49.28758394887389
            ],
            [
              2.6884021540502316,
              49.28934188670453
            ],
            [
              2.6954772633637796,
              49.29109982453518
            ],
            [
              2.702552372677326,
              49.29285776236583
            ],
            [
              2.7096274819908746,
              49.29461570019648
            ],
            [
              2.7167025913044225,
              49.29637363802713
            ],
            [
              2.7237777006179686,
              49.29813157585777
            ],
            [
              2.7308528099315157,
              49.29988951368842
            ],
            [
              2.7379279192450636,
              49.30164745151907
            ],
            [
              2.7450030285586116,
              49.303405389349706
            ],
            [
              2.7450030285586116,
              49.303405389349706
            ],
            [
              2.747190708824036,
              49.30892227297067
            ],
            [
              2.749378389089457,
              49.31443915659162
            ],
            [
              2.7515660693548796,
              49.31995604021259
            ],
            [
              2.753753749620302,
              49.32547292383354
            ],
            [
              2.755941429885726,
              49.330989807454486
            ],
            [
              2.7581291101511467,
              49.336506691075456
            ],
            [
              2.760316790416571,
              49.342023574696405
            ],
            [
              2.7625044706819923,
              49.34754045831737
            ],
            [
              2.7646921509474143,
              49.353057341938324
            ],
            [
              2.766879831212839,
              49.35857422555929
            ],
            [
              2.766879831212839,
              49.35857422555929
            ],
            [
              2.775412431052667,
              49.36296464681907
            ],
            [
              2.783945030892497,
              49.36735506807885
            ],
            [
              2.7924776307323254,
              49.371745489338636
            ],
            [
              2.8010102305721554,
              49.37613591059842
            ],
            [
              2.8095428304119836,
              49.380526331858206
            ],
            [
              2.8180754302518154,
              49.38491675311799
            ],
            [
              2.826608030091644,
              49.38930717437778
            ],
            [
              2.835140629931472,
              49.393697595637555
            ],
            [
              2.8436732297713023,
              49.39808801689735
            ],
            [
              2.85220582961113,
              49.40247843815713
            ],
            [
              2.85220582961113,
              49.40247843815713
            ],
            [
              2.855115394196415,
              49.40661749087911
            ],
            [
              2.8580249587817,
              49.41075654360108
            ],
            [
              2.860934523366983,
              49.41489559632306
            ],
            [
              2.8638440879522675,
              49.41903464904504
            ],
            [
              2.8667536525375517,
              49.42317370176701
            ],
            [
              2.869663217122835,
              49.427312754488995
            ],
            [
              2.87257278170812,
              49.431451807210976
            ],
            [
              2.8754823462934023,
              49.43559085993295
            ],
            [
              2.8783919108786873,
              49.439729912654926
            ],
            [
              2.881301475463972,
              49.44386896537691
            ],
            [
              2.881301475463972,
              49.44386896537691
            ],
            [
              2.8845716705831723,
              49.447506033661114
            ],
            [
              2.8878418657023723,
              49.45114310194531
            ],
            [
              2.8911120608215732,
              49.45478017022952
            ],
            [
              2.894382255940775,
              49.45841723851372
            ],
            [
              2.8976524510599737,
              49.46205430679792
            ],
            [
              2.900922646179174,
              49.46569137508212
            ],
            [
              2.9041928412983764,
              49.46932844336632
            ],
            [
              2.907463036417577,
              49.47296551165052
            ],
            [
              2.9107332315367773,
              49.47660257993473
            ],
            [
              2.914003426655979,
              49.48023964821892
            ],
            [
              2.914003426655979,
              49.48023964821892
            ],
            [
              2.9123744998780405,
              49.481618330212335
            ],
            [
              2.9107455731001006,
              49.482997012205736
            ],
            [
              2.909116646322162,
              49.48437569419916
            ],
            [
              2.9074877195442235,
              49.48575437619257
            ],
            [
              2.9058587927662853,
              49.487133058185975
            ],
            [
              2.9042298659883468,
              49.48851174017939
            ],
            [
              2.902600939210408,
              49.48989042217279
            ],
            [
              2.9009720124324683,
              49.49126910416621
            ],
            [
              2.8993430856545315,
              49.49264778615961
            ],
            [
              2.897714158876593,
              49.494026468153024
            ],
            [
              2.897714158876593,
              49.494026468153024
            ],
            [
              2.8937260660428556,
              49.49465252171576
            ],
            [
              2.889737973209119,
              49.4952785752785
            ],
            [
              2.885749880375384,
              49.49590462884124
            ],
            [
              2.8817617875416466,
              49.49653068240398
            ],
            [
              2.87777369470791,
              49.49715673596671
            ],
            [
              2.8737856018741725,
              49.49778278952945
            ],
            [
              2.869797509040437,
              49.49840884309219
            ],
            [
              2.8658094162066985,
              49.499034896654926
            ],
            [
              2.8618213233729635,
              49.49966095021767
            ],
            [
              2.8578332305392258,
              49.5002870037804
            ],
            [
              2.8578332305392258,
              49.5002870037804
            ],
            [
              2.8538502513323385,
              49.50442326984785
            ],
            [
              2.849867272125453,
              49.50855953591529
            ],
            [
              2.8458842929185635,
              49.51269580198273
            ],
            [
              2.841901313711676,
              49.51683206805017
            ],
            [
              2.8379183345047907,
              49.52096833411762
            ],
            [
              2.833935355297903,
              49.52510460018506
            ],
            [
              2.8299523760910157,
              49.5292408662525
            ],
            [
              2.8259693968841284,
              49.53337713231994
            ],
            [
              2.8219864176772407,
              49.53751339838738
            ],
            [
              2.8180034384703534,
              49.54164966445483
            ],
            [
              2.8180034384703534,
              49.54164966445483
            ],
            [
              2.81837476946327,
              49.545913063603784
            ],
            [
              2.8187461004561847,
              49.55017646275274
            ],
            [
              2.8191174314490977,
              49.554439861901685
            ],
            [
              2.8194887624420137,
              49.55870326105063
            ],
            [
              2.819860093434929,
              49.562966660199585
            ],
            [
              2.820231424427845,
              49.56723005934853
            ],
            [
              2.8206027554207598,
              49.57149345849748
            ],
            [
              2.8209740864136745,
              49.57575685764643
            ],
            [
              2.821345417406589,
              49.58002025679538
            ],
            [
              2.821716748399506,
              49.584283655944326
            ],
            [
              2.821716748399506,
              49.584283655944326
            ],
            [
              2.819006388378028,
              49.58892230311179
            ],
            [
              2.816296028356548,
              49.593560950279254
            ],
            [
              2.813585668335073,
              49.59819959744673
            ],
            [
              2.8108753083135936,
              49.6028382446142
            ],
            [
              2.808164948292116,
              49.607476891781666
            ],
            [
              2.80545458827064,
              49.61211553894913
            ],
            [
              2.802744228249161,
              49.6167541861166
            ],
            [
              2.800033868227683,
              49.62139283328406
            ],
            [
              2.7973235082062056,
              49.62603148045154
            ],
            [
              2.794613148184728,
              49.630670127619005
            ],
            [
              2.794613148184728,
              49.630670127619005
            ],
            [
              2.7898940091969613,
              49.62878779787497
            ],
            [
              2.7851748702091963,
              49.62690546813094
            ],
            [
              2.7804557312214295,
              49.6250231383869
            ],
            [
              2.7757365922336628,
              49.623140808642866
            ],
            [
              2.771017453245897,
              49.62125847889884
            ],
            [
              2.7662983142581297,
              49.619376149154796
            ],
            [
              2.7615791752703633,
              49.61749381941076
            ],
            [
              2.7568600362825966,
              49.61561148966673
            ],
            [
              2.7521408972948316,
              49.6137291599227
            ],
            [
              2.747421758307065,
              49.61184683017866
            ],
            [
              2.747421758307065,
              49.61184683017866
            ],
            [
              2.7475967106133843,
              49.60883766505974
            ],
            [
              2.747771662919702,
              49.60582849994082
            ],
            [
              2.7479466152260215,
              49.602819334821895
            ],
            [
              2.748121567532339,
              49.59981016970297
            ],
            [
              2.748296519838657,
              49.59680100458405
            ],
            [
              2.748471472144974,
              49.593791839465126
            ],
            [
              2.748646424451294,
              49.5907826743462
            ],
            [
              2.7488213767576135,
              49.587773509227276
            ],
            [
              2.748996329063931,
              49.58476434410835
            ],
            [
              2.7491712813702507,
              49.58175517898943
            ],
            [
              2.7491712813702507,
              49.58175517898943
            ],
            [
              2.7395536175813837,
              49.57874357545184
            ],
            [
              2.729935953792517,
              49.575731971914244
            ],
            [
              2.720318290003654,
              49.57272036837665
            ],
            [
              2.710700626214788,
              49.56970876483905
            ],
            [
              2.701082962425921,
              49.566697161301455
            ],
            [
              2.6914652986370564,
              49.56368555776386
            ],
            [
              2.68184763484819,
              49.560673954226274
            ],
            [
              2.6722299710593265,
              49.55766235068868
            ],
            [
              2.6626123072704586,
              49.554650747151086
            ],
            [
              2.652994643481594,
              49.55163914361349
            ],
            [
              2.652994643481594,
              49.55163914361349
            ],
            [
              2.6468300017000375,
              49.552515691206324
            ],
            [
              2.6406653599184797,
              49.55339223879916
            ],
            [
              2.6345007181369184,
              49.554268786392
            ],
            [
              2.6283360763553625,
              49.55514533398483
            ],
            [
              2.6221714345738065,
              49.55602188157767
            ],
            [
              2.616006792792249,
              49.556898429170516
            ],
            [
              2.6098421510106893,
              49.55777497676335
            ],
            [
              2.603677509229131,
              49.558651524356186
            ],
            [
              2.597512867447575,
              49.55952807194902
            ],
            [
              2.591348225666017,
              49.560404619541856
            ],
            [
              2.591348225666017,
              49.560404619541856
            ],
            [
              2.5853617319207944,
              49.559149022359826
            ],
            [
              2.579375238175573,
              49.55789342517781
            ],
            [
              2.5733887444303494,
              49.55663782799577
            ],
            [
              2.5674022506851304,
              49.55538223081375
            ],
            [
              2.561415756939905,
              49.55412663363172
            ],
            [
              2.5554292631946836,
              49.552871036449694
            ],
            [
              2.5494427694494606,
              49.551615439267664
            ],
            [
              2.5434562757042394,
              49.55035984208564
            ],
            [
              2.537469781959018,
              49.54910424490361
            ],
            [
              2.5314832882137948,
              49.54784864772159
            ],
            [
              2.5314832882137948,
              49.54784864772159
            ],
            [
              2.5220544488649375,
              49.54897434591562
            ],
            [
              2.512625609516081,
              49.55010004410965
            ],
            [
              2.5031967701672233,
              49.551225742303686
            ],
            [
              2.493767930818367,
              49.55235144049772
            ],
            [
              2.484339091469511,
              49.553477138691754
            ],
            [
              2.474910252120655,
              49.554602836885785
            ],
            [
              2.465481412771797,
              49.55572853507982
            ],
            [
              2.4560525734229413,
              49.55685423327385
            ],
            [
              2.4466237340740853,
              49.55797993146789
            ],
            [
              2.4371948947252258,
              49.55910562966192
            ],
            [
              2.4371948947252258,
              49.55910562966192
            ],
            [
              2.4333953575829006,
              49.56299197081204
            ],
            [
              2.429595820440571,
              49.56687831196216
            ],
            [
              2.425796283298244,
              49.570764653112285
            ],
            [
              2.421996746155915,
              49.5746509942624
            ],
            [
              2.418197209013588,
              49.57853733541251
            ],
            [
              2.4143976718712605,
              49.58242367656263
            ],
            [
              2.410598134728931,
              49.58631001771274
            ],
            [
              2.406798597586604,
              49.59019635886286
            ],
            [
              2.402999060444277,
              49.594082700012976
            ],
            [
              2.3991995233019483,
              49.5979690411631
            ],
            [
              2.3991995233019483,
              49.5979690411631
            ],
            [
              2.3966596284664017,
              49.59809339264482
            ],
            [
              2.394119733630859,
              49.59821774412654
            ],
            [
              2.3915798387953147,
              49.598342095608274
            ],
            [
              2.3890399439597703,
              49.59846644709
            ],
            [
              2.3865000491242223,
              49.59859079857171
            ],
            [
              2.3839601542886792,
              49.598715150053444
            ],
            [
              2.3814202594531353,
              49.59883950153516
            ],
            [
              2.3788803646175887,
              49.59896385301688
            ],
            [
              2.3763404697820443,
              49.59908820449861
            ],
            [
              2.373800574946498,
              49.59921255598034
            ],
            [
              2.373800574946498,
              49.59921255598034
            ],
            [
              2.3738046901767516,
              49.60134474624161
            ],
            [
              2.373808805407004,
              49.603476936502894
            ],
            [
              2.373812920637256,
              49.60560912676418
            ],
            [
              2.373817035867508,
              49.607741317025464
            ],
            [
              2.37382115109776,
              49.609873507286736
            ],
            [
              2.3738252663280117,
              49.612005697548014
            ],
            [
              2.3738293815582656,
              49.6141378878093
            ],
            [
              2.3738334967885173,
              49.61627007807058
            ],
            [
              2.3738376120187694,
              49.618402268331856
            ],
            [
              2.373841727249021,
              49.62053445859314
            ],
            [
              2.373841727249021,
              49.62053445859314
            ],
            [
              2.3698575063592187,
              49.623166650486255
            ],
            [
              2.365873285469416,
              49.625798842379375
            ],
            [
              2.361889064579614,
              49.62843103427249
            ],
            [
              2.357904843689807,
              49.631063226165594
            ],
            [
              2.3539206228000062,
              49.63369541805871
            ],
            [
              2.349936401910202,
              49.63632760995182
            ],
            [
              2.345952181020399,
              49.63895980184494
            ],
            [
              2.341967960130595,
              49.64159199373805
            ],
            [
              2.3379837392407925,
              49.64422418563116
            ],
            [
              2.333999518350988,
              49.64685637752427
            ],
            [
              2.333999518350988,
              49.64685637752427
            ],
            [
              2.3305527887579456,
              49.646228463025466
            ],
            [
              2.3271060591649015,
              49.64560054852666
            ],
            [
              2.3236593295718597,
              49.644972634027845
            ],
            [
              2.3202125999788175,
              49.64434471952903
            ],
            [
              2.3167658703857756,
              49.64371680503022
            ],
            [
              2.3133191407927316,
              49.64308889053141
            ],
            [
              2.3098724111996893,
              49.64246097603261
            ],
            [
              2.306425681606647,
              49.641833061533795
            ],
            [
              2.302978952013604,
              49.64120514703499
            ],
            [
              2.2995322224205617,
              49.640577232536174
            ],
            [
              2.2995322224205617,
              49.640577232536174
            ],
            [
              2.2944572422740532,
              49.64245712348644
            ],
            [
              2.2893822621275444,
              49.64433701443669
            ],
            [
              2.2843072819810364,
              49.64621690538695
            ],
            [
              2.279232301834526,
              49.64809679633721
            ],
            [
              2.2741573216880173,
              49.64997668728746
            ],
            [
              2.2690823415415093,
              49.65185657823772
            ],
            [
              2.264007361395001,
              49.653736469187976
            ],
            [
              2.2589323812484925,
              49.65561636013824
            ],
            [
              2.253857401101984,
              49.6574962510885
            ],
            [
              2.248782420955474,
              49.65937614203875
            ],
            [
              2.248782420955474,
              49.65937614203875
            ],
            [
              2.245877133710447,
              49.65749425949814
            ],
            [
              2.242971846465418,
              49.65561237695752
            ],
            [
              2.2400665592203888,
              49.653730494416905
            ],
            [
              2.23716127197536,
              49.65184861187629
            ],
            [
              2.2342559847303307,
              49.649966729335674
            ],
            [
              2.2313506974853037,
              49.64808484679506
            ],
            [
              2.2284454102402766,
              49.646202964254435
            ],
            [
              2.225540122995248,
              49.64432108171383
            ],
            [
              2.222634835750219,
              49.642439199173204
            ],
            [
              2.21972954850519,
              49.64055731663259
            ],
            [
              2.21972954850519,
              49.64055731663259
            ],
            [
              2.220810790038457,
              49.636419265342944
            ],
            [
              2.221892031571722,
              49.63228121405329
            ],
            [
              2.222973273104987,
              49.62814316276366
            ],
            [
              2.2240545146382535,
              49.624005111474
            ],
            [
              2.2251357561715186,
              49.61986706018436
            ],
            [
              2.2262169977047837,
              49.61572900889471
            ],
            [
              2.2272982392380487,
              49.61159095760506
            ],
            [
              2.2283794807713133,
              49.607452906315416
            ],
            [
              2.229460722304579,
              49.60331485502577
            ],
            [
              2.230541963837845,
              49.59917680373612
            ],
            [
              2.230541963837845,
              49.59917680373612
            ],
            [
              2.2231017664385977,
              49.59716880956391
            ],
            [
              2.2156615690393497,
              49.59516081539171
            ],
            [
              2.208221371640102,
              49.5931528212195
            ],
            [
              2.2007811742408543,
              49.59114482704728
            ],
            [
              2.1933409768416063,
              49.58913683287507
            ],
            [
              2.1859007794423584,
              49.58712883870286
            ],
            [
              2.1784605820431113,
              49.58512084453065
            ],
            [
              2.1710203846438625,
              49.58311285035845
            ],
            [
              2.1635801872446145,
              49.58110485618623
            ],
            [
              2.1561399898453666,
              49.57909686201402
            ],
            [
              2.1561399898453666,
              49.57909686201402
            ],
            [
              2.1521537538815543,
              49.58072598745687
            ],
            [
              2.148167517917743,
              49.58235511289973
            ],
            [
              2.144181281953929,
              49.58398423834259
            ],
            [
              2.1401950459901165,
              49.58561336378544
            ],
            [
              2.136208810026304,
              49.58724248922829
            ],
            [
              2.132222574062492,
              49.58887161467115
            ],
            [
              2.1282363380986795,
              49.590500740114
            ],
            [
              2.124250102134867,
              49.592129865556856
            ],
            [
              2.120263866171054,
              49.59375899099972
            ],
            [
              2.1162776302072412,
              49.59538811644257
            ],
            [
              2.1162776302072412,
              49.59538811644257
            ],
            [
              2.1133851869196385,
              49.60015277003873
            ],
            [
              2.1104927436320344,
              49.60491742363489
            ],
            [
              2.1076003003444317,
              49.60968207723106
            ],
            [
              2.104707857056829,
              49.61444673082721
            ],
            [
              2.1018154137692258,
              49.61921138442338
            ],
            [
              2.0989229704816226,
              49.62397603801955
            ],
            [
              2.0960305271940185,
              49.628740691615704
            ],
            [
              2.0931380839064158,
              49.633505345211866
            ],
            [
              2.090245640618813,
              49.638269998808035
            ],
            [
              2.087353197331209,
              49.64303465240419
            ],
            [
              2.087353197331209,
              49.64303465240419
            ],
            [
              2.0635935272847847,
              49.64240166851931
            ],
            [
              2.0398338572383605,
              49.64176868463443
            ],
            [
              2.016074187191936,
              49.641135700749544
            ],
            [
              1.992314517145512,
              49.640502716864674
            ],
            [
              1.968554847099088,
              49.63986973297978
            ],
            [
              1.9447951770526637,
              49.639236749094906
            ],
            [
              1.921035507006239,
              49.63860376521002
            ],
            [
              1.8972758369598135,
              49.637970781325144
            ],
            [
              1.8735161669133897,
              49.63733779744025
            ],
            [
              1.849756496866965,
              49.63670481355538
            ],
            [
              1.849756496866965,
              49.63670481355538
            ],
            [
              1.8432208485393464,
              49.63269091323165
            ],
            [
              1.836685200211726,
              49.628677012907914
            ],
            [
              1.8301495518841069,
              49.62466311258418
            ],
            [
              1.823613903556487,
              49.620649212260446
            ],
            [
              1.8170782552288673,
              49.61663531193671
            ],
            [
              1.8105426069012487,
              49.61262141161298
            ],
            [
              1.8040069585736282,
              49.60860751128924
            ],
            [
              1.7974713102460091,
              49.604593610965516
            ],
            [
              1.7909356619183892,
              49.60057971064178
            ],
            [
              1.7844000135907696,
              49.59656581031804
            ],
            [
              1.7844000135907696,
              49.59656581031804
            ],
            [
              1.7798663078036419,
              49.59631364164749
            ],
            [
              1.775332602016515,
              49.596061472976935
            ],
            [
              1.7707988962293864,
              49.595809304306385
            ],
            [
              1.7662651904422586,
              49.59555713563583
            ],
            [
              1.7617314846551304,
              49.59530496696526
            ],
            [
              1.7571977788680022,
              49.59505279829471
            ],
            [
              1.7526640730808754,
              49.59480062962415
            ],
            [
              1.7481303672937467,
              49.5945484609536
            ],
            [
              1.743596661506619,
              49.59429629228305
            ],
            [
              1.7390629557194912,
              49.59404412361249
            ],
            [
              1.7390629557194912,
              49.59404412361249
            ],
            [
              1.735213529190443,
              49.596895341503796
            ],
            [
              1.7313641026613955,
              49.59974655939511
            ],
            [
              1.7275146761323472,
              49.60259777728642
            ],
            [
              1.723665249603298,
              49.60544899517773
            ],
            [
              1.7198158230742506,
              49.60830021306904
            ],
            [
              1.7159663965452023,
              49.611151430960355
            ],
            [
              1.7121169700161545,
              49.61400264885167
            ],
            [
              1.7082675434871062,
              49.61685386674297
            ],
            [
              1.7044181169580583,
              49.61970508463428
            ],
            [
              1.70056869042901,
              49.622556302525595
            ],
            [
              1.70056869042901,
              49.622556302525595
            ],
            [
              1.6981642399667916,
              49.621584681373896
            ],
            [
              1.6957597895045722,
              49.6206130602222
            ],
            [
              1.6933553390423537,
              49.619641439070506
            ],
            [
              1.6909508885801343,
              49.618669817918814
            ],
            [
              1.6885464381179163,
              49.61769819676712
            ],
            [
              1.6861419876556965,
              49.61672657561543
            ],
            [
              1.6837375371934775,
              49.61575495446374
            ],
            [
              1.6813330867312586,
              49.61478333331204
            ],
            [
              1.6789286362690405,
              49.61381171216035
            ],
            [
              1.6765241858068212,
              49.61284009100865
            ],
            [
              1.6765241858068212,
              49.61284009100865
            ],
            [
              1.6713541220309653,
              49.61189768600746
            ],
            [
              1.6661840582551108,
              49.61095528100628
            ],
            [
              1.6610139944792555,
              49.61001287600509
            ],
            [
              1.6558439307034,
              49.609070471003896
            ],
            [
              1.6506738669275451,
              49.608128066002706
            ],
            [
              1.6455038031516893,
              49.60718566100152
            ],
            [
              1.6403337393758353,
              49.60624325600033
            ],
            [
              1.6351636755999794,
              49.60530085099915
            ],
            [
              1.6299936118241245,
              49.60435844599795
            ],
            [
              1.6248235480482687,
              49.60341604099677
            ],
            [
              1.6248235480482687,
              49.60341604099677
            ],
            [
              1.6246399075026798,
              49.602726989638846
            ],
            [
              1.6244562669570919,
              49.602037938280915
            ],
            [
              1.624272626411503,
              49.601348886922985
            ],
            [
              1.6240889858659142,
              49.60065983556507
            ],
            [
              1.6239053453203254,
              49.59997078420713
            ],
            [
              1.623721704774737,
              49.599281732849214
            ],
            [
              1.6235380642291477,
              49.59859268149128
            ],
            [
              1.6233544236835606,
              49.59790363013336
            ],
            [
              1.6231707831379723,
              49.59721457877543
            ],
            [
              1.622987142592383,
              49.59652552741751
            ],
            [
              1.622987142592383,
              49.59652552741751
            ],
            [
              1.6228009214880053,
              49.59370428071196
            ],
            [
              1.6226147003836267,
              49.59088303400641
            ],
            [
              1.622428479279249,
              49.588061787300866
            ],
            [
              1.6222422581748708,
              49.58524054059532
            ],
            [
              1.622056037070493,
              49.58241929388977
            ],
            [
              1.6218698159661153,
              49.57959804718422
            ],
            [
              1.6216835948617363,
              49.576776800478676
            ],
            [
              1.6214973737573586,
              49.57395555377313
            ],
            [
              1.6213111526529818,
              49.57113430706758
            ],
            [
              1.6211249315486032,
              49.56831306036204
            ],
            [
              1.6211249315486032,
              49.56831306036204
            ],
            [
              1.6245704271637282,
              49.56831392023496
            ],
            [
              1.6280159227788524,
              49.56831478010788
            ],
            [
              1.6314614183939775,
              49.56831563998081
            ],
            [
              1.6349069140091017,
              49.56831649985373
            ],
            [
              1.6383524096242277,
              49.56831735972665
            ],
            [
              1.6417979052393528,
              49.56831821959957
            ],
            [
              1.645243400854477,
              49.568319079472495
            ],
            [
              1.648688896469602,
              49.56831993934542
            ],
            [
              1.6521343920847262,
              49.56832079921834
            ],
            [
              1.6555798876998513,
              49.56832165909126
            ],
            [
              1.6555798876998513,
              49.56832165909126
            ],
            [
              1.6584795845193852,
              49.567319316804884
            ],
            [
              1.6613792813389194,
              49.566316974518514
            ],
            [
              1.6642789781584537,
              49.565314632232145
            ],
            [
              1.667178674977988,
              49.56431228994577
            ],
            [
              1.6700783717975214,
              49.56330994765939
            ],
            [
              1.6729780686170543,
              49.562307605373014
            ],
            [
              1.675877765436589,
              49.56130526308664
            ],
            [
              1.6787774622561238,
              49.56030292080026
            ],
            [
              1.6816771590756576,
              49.559300578513884
            ],
            [
              1.6845768558951906,
              49.55829823622751
            ],
            [
              1.6845768558951906,
              49.55829823622751
            ],
            [
              1.6857492032763406,
              49.554913308393424
            ],
            [
              1.6869215506574897,
              49.55152838055933
            ],
            [
              1.688093898038638,
              49.54814345272523
            ],
            [
              1.689266245419788,
              49.544758524891144
            ],
            [
              1.6904385928009371,
              49.541373597057046
            ],
            [
              1.6916109401820862,
              49.53798866922296
            ],
            [
              1.692783287563234,
              49.53460374138886
            ],
            [
              1.6939556349443836,
              49.531218813554766
            ],
            [
              1.6951279823255332,
              49.52783388572068
            ],
            [
              1.6963003297066814,
              49.524448957886584
            ],
            [
              1.6963003297066814,
              49.524448957886584
            ],
            [
              1.6965682675287619,
              49.52237985872048
            ],
            [
              1.6968362053508415,
              49.52031075955437
            ],
            [
              1.6971041431729215,
              49.518241660388256
            ],
            [
              1.6973720809950028,
              49.51617256122215
            ],
            [
              1.6976400188170815,
              49.51410346205604
            ],
            [
              1.697907956639162,
              49.512034362889935
            ],
            [
              1.6981758944612424,
              49.50996526372383
            ],
            [
              1.698443832283322,
              49.507896164557714
            ],
            [
              1.6987117701054033,
              49.5058270653916
            ],
            [
              1.6989797079274829,
              49.5037579662255
            ],
            [
              1.6989797079274829,
              49.5037579662255
            ],
            [
              1.7052305682760642,
              49.50031128260684
            ],
            [
              1.7114814286246474,
              49.49686459898818
            ],
            [
              1.7177322889732283,
              49.49341791536953
            ],
            [
              1.72398314932181,
              49.48997123175087
            ],
            [
              1.7302340096703923,
              49.48652454813221
            ],
            [
              1.7364848700189737,
              49.48307786451355
            ],
            [
              1.742735730367556,
              49.479631180894884
            ],
            [
              1.7489865907161382,
              49.476184497276236
            ],
            [
              1.7552374510647195,
              49.472737813657574
            ],
            [
              1.7614883114133018,
              49.46929113003892
            ],
            [
              1.7614883114133018,
              49.46929113003892
            ],
            [
              1.7597597517291956,
              49.46628148987123
            ],
            [
              1.7580311920450877,
              49.46327184970355
            ],
            [
              1.7563026323609807,
              49.46026220953588
            ],
            [
              1.7545740726768746,
              49.45725256936819
            ],
            [
              1.7528455129927685,
              49.45424292920051
            ],
            [
              1.7511169533086606,
              49.45123328903282
            ],
            [
              1.7493883936245544,
              49.448223648865145
            ],
            [
              1.7476598339404483,
              49.44521400869745
            ],
            [
              1.7459312742563404,
              49.44220436852977
            ],
            [
              1.7442027145722339,
              49.43919472836209
            ],
            [
              1.7442027145722339,
              49.43919472836209
            ],
            [
              1.743832850863829,
              49.43568336377688
            ],
            [
              1.7434629871554237,
              49.43217199919166
            ],
            [
              1.7430931234470193,
              49.42866063460645
            ],
            [
              1.742723259738614,
              49.42514927002124
            ],
            [
              1.7423533960302078,
              49.42163790543603
            ],
            [
              1.7419835323218043,
              49.418126540850814
            ],
            [
              1.7416136686133998,
              49.414615176265606
            ],
            [
              1.7412438049049945,
              49.41110381168039
            ],
            [
              1.7408739411965883,
              49.407592447095176
            ],
            [
              1.740504077488184,
              49.40408108250996
            ],
            [
              1.740504077488184,
              49.40408108250996
            ],
            [
              1.7422212567160762,
              49.40119835961545
            ],
            [
              1.7439384359439694,
              49.39831563672094
            ],
            [
              1.745655615171863,
              49.395432913826426
            ],
            [
              1.747372794399754,
              49.392550190931914
            ],
            [
              1.749089973627647,
              49.389667468037395
            ],
            [
              1.7508071528555402,
              49.38678474514288
            ],
            [
              1.7525243320834338,
              49.38390202224838
            ],
            [
              1.7542415113113248,
              49.38101929935386
            ],
            [
              1.7559586905392193,
              49.37813657645935
            ],
            [
              1.7576758697671124,
              49.375253853564836
            ],
            [
              1.7576758697671124,
              49.375253853564836
            ],
            [
              1.7618499673231818,
              49.37650899296802
            ],
            [
              1.7660240648792533,
              49.377764132371205
            ],
            [
              1.7701981624353231,
              49.37901927177438
            ],
            [
              1.7743722599913938,
              49.380274411177574
            ],
            [
              1.7785463575474654,
              49.38152955058076
            ],
            [
              1.7827204551035352,
              49.38278468998394
            ],
            [
              1.7868945526596058,
              49.38403982938713
            ],
            [
              1.7910686502156765,
              49.38529496879031
            ],
            [
              1.7952427477717467,
              49.3865501081935
            ],
            [
              1.7994168453278174,
              49.38780524759668
            ],
            [
              1.7994168453278174,
              49.38780524759668
            ],
            [
              1.8014994465391267,
              49.38692768674133
            ],
            [
              1.8035820477504374,
              49.38605012588597
            ],
            [
              1.8056646489617472,
              49.385172565030615
            ],
            [
              1.807747250173057,
              49.38429500417525
            ],
            [
              1.809829851384368,
              49.3834174433199
            ],
            [
              1.8119124525956773,
              49.38253988246454
            ],
            [
              1.8139950538069862,
              49.381662321609184
            ],
            [
              1.816077655018296,
              49.380784760753826
            ],
            [
              1.8181602562296066,
              49.37990719989847
            ],
            [
              1.8202428574409169,
              49.37902963904311
            ],
            [
              1.8202428574409169,
              49.37902963904311
            ],
            [
              1.826137278378853,
              49.379031110080525
            ],
            [
              1.8320316993167873,
              49.37903258111794
            ],
            [
              1.8379261202547226,
              49.379034052155355
            ],
            [
              1.8438205411926578,
              49.37903552319277
            ],
            [
              1.8497149621305935,
              49.379036994230184
            ],
            [
              1.8556093830685283,
              49.3790384652676
            ],
            [
              1.861503804006463,
              49.37903993630501
            ],
            [
              1.8673982249443988,
              49.37904140734243
            ],
            [
              1.8732926458823345,
              49.37904287837984
            ],
            [
              1.8791870668202701,
              49.379044349417256
            ],
            [
              1.8791870668202701,
              49.379044349417256
            ],
            [
              1.8831727945376868,
              49.3771641866284
            ],
            [
              1.8871585222551048,
              49.37528402383956
            ],
            [
              1.8911442499725224,
              49.37340386105071
            ],
            [
              1.89512997768994,
              49.37152369826187
            ],
            [
              1.899115705407357,
              49.36964353547301
            ],
            [
              1.9031014331247746,
              49.367763372684166
            ],
            [
              1.9070871608421922,
              49.365883209895316
            ],
            [
              1.9110728885596093,
              49.36400304710647
            ],
            [
              1.9150586162770278,
              49.36212288431763
            ],
            [
              1.9190443439944453,
              49.36024272152877
            ],
            [
              1.9190443439944453,
              49.36024272152877
            ],
            [
              1.9258406323621244,
              49.35761123142749
            ],
            [
              1.932636920729803,
              49.354979741326204
            ],
            [
              1.9394332090974826,
              49.35234825122493
            ],
            [
              1.9462294974651613,
              49.34971676112365
            ],
            [
              1.9530257858328404,
              49.34708527102237
            ],
            [
              1.9598220742005208,
              49.34445378092109
            ],
            [
              1.9666183625681994,
              49.341822290819806
            ],
            [
              1.973414650935879,
              49.33919080071853
            ],
            [
              1.9802109393035576,
              49.33655931061725
            ],
            [
              1.9870072276712372,
              49.33392782051596
            ],
            [
              1.9870072276712372,
              49.33392782051596
            ],
            [
              1.9902657843717493,
              49.33073142187476
            ],
            [
              1.993524341072261,
              49.327535023233565
            ],
            [
              1.9967828977727735,
              49.32433862459235
            ],
            [
              2.000041454473286,
              49.32114222595115
            ],
            [
              2.0033000111737977,
              49.317945827309956
            ],
            [
              2.0065585678743094,
              49.31474942866875
            ],
            [
              2.009817124574822,
              49.31155303002755
            ],
            [
              2.0130756812753354,
              49.308356631386346
            ],
            [
              2.016334237975846,
              49.305160232745145
            ],
            [
              2.0195927946763583,
              49.30196383410394
            ],
            [
              2.0195927946763583,
              49.30196383410394
            ],
            [
              2.022039694961214,
              49.30171447953447
            ],
            [
              2.0244865952460684,
              49.30146512496499
            ],
            [
              2.026933495530924,
              49.30121577039552
            ],
            [
              2.0293803958157786,
              49.300966415826046
            ],
            [
              2.031827296100635,
              49.30071706125658
            ],
            [
              2.0342741963854905,
              49.3004677066871
            ],
            [
              2.036721096670345,
              49.300218352117625
            ],
            [
              2.0391679969552,
              49.299968997548156
            ],
            [
              2.0416148972400556,
              49.29971964297868
            ],
            [
              2.0440617975249107,
              49.29947028840921
            ],
            [
              2.0440617975249107,
              49.29947028840921
            ],
            [
              2.0490469600418257,
              49.2982793860408
            ],
            [
              2.0540321225587417,
              49.29708848367239
            ],
            [
              2.0590172850756567,
              49.29589758130398
            ],
            [
              2.0640024475925722,
              49.294706678935576
            ],
            [
              2.068987610109487,
              49.29351577656716
            ],
            [
              2.073972772626402,
              49.292324874198755
            ],
            [
              2.078957935143318,
              49.29113397183035
            ],
            [
              2.0839430976602324,
              49.289943069461934
            ],
            [
              2.088928260177148,
              49.288752167093534
            ],
            [
              2.093913422694064,
              49.28756126472512
            ],
            [
              2.093913422694064,
              49.28756126472512
            ],
            [
              2.0966344168906708,
              49.28762496698874
            ],
            [
              2.0993554110872785,
              49.28768866925235
            ],
            [
              2.1020764052838854,
              49.28775237151596
            ],
            [
              2.1047973994804923,
              49.28781607377957
            ],
            [
              2.1075183936770996,
              49.287879776043184
            ],
            [
              2.110239387873705,
              49.287943478306794
            ],
            [
              2.1129603820703133,
              49.2880071805704
            ],
            [
              2.1156813762669198,
              49.28807088283401
            ],
            [
              2.118402370463528,
              49.28813458509764
            ],
            [
              2.1211233646601344,
              49.28819828736125
            ],
            [
              2.1211233646601344,
              49.28819828736125
            ],
            [
              2.1212067524055604,
              49.2841860334437
            ],
            [
              2.1212901401509883,
              49.28017377952616
            ],
            [
              2.1213735278964143,
              49.276161525608615
            ],
            [
              2.1214569156418412,
              49.27214927169108
            ],
            [
              2.1215403033872673,
              49.268137017773526
            ],
            [
              2.1216236911326942,
              49.26412476385599
            ],
            [
              2.121707078878122,
              49.260112509938445
            ],
            [
              2.121790466623548,
              49.2561002560209
            ],
            [
              2.121873854368974,
              49.252088002103356
            ],
            [
              2.121957242114401,
              49.24807574818581
            ],
            [
              2.121957242114401,
              49.24807574818581
            ],
            [
              2.1243048624002356,
              49.24362501904083
            ],
            [
              2.1266524826860698,
              49.239174289895836
            ],
            [
              2.129000102971904,
              49.23472356075084
            ],
            [
              2.1313477232577385,
              49.23027283160585
            ],
            [
              2.1336953435435713,
              49.22582210246086
            ],
            [
              2.136042963829406,
              49.22137137331587
            ],
            [
              2.1383905841152404,
              49.21692064417088
            ],
            [
              2.140738204401074,
              49.21246991502589
            ],
            [
              2.1430858246869073,
              49.2080191858809
            ],
            [
              2.145433444972742,
              49.20356845673591
            ],
            [
              2.145433444972742,
              49.20356845673591
            ],
            [
              2.1451495744249454,
              49.197361970719655
            ],
            [
              2.1448657038771475,
              49.1911554847034
            ],
            [
              2.1445818333293523,
              49.184948998687155
            ],
            [
              2.1442979627815553,
              49.17874251267091
            ],
            [
              2.144014092233759,
              49.17253602665465
            ],
            [
              2.1437302216859613,
              49.1663295406384
            ],
            [
              2.1434463511381643,
              49.160123054622154
            ],
            [
              2.1431624805903673,
              49.1539165686059
            ],
            [
              2.142878610042571,
              49.147710082589654
            ],
            [
              2.1425947394947737,
              49.1415035965734
            ],
            [
              2.1425947394947737,
              49.1415035965734
            ],
            [
              2.147121139557482,
              49.137179457575044
            ],
            [
              2.1516475396201886,
              49.132855318576695
            ],
            [
              2.1561739396828945,
              49.128531179578346
            ],
            [
              2.160700339745603,
              49.124207040579996
            ],
            [
              2.1652267398083107,
              49.11988290158164
            ],
            [
              2.1697531398710175,
              49.11555876258329
            ],
            [
              2.1742795399337242,
              49.11123462358494
            ],
            [
              2.178805939996432,
              49.106910484586585
            ],
            [
              2.1833323400591387,
              49.10258634558824
            ],
            [
              2.1878587401218454,
              49.09826220658989
            ],
            [
              2.1878587401218454,
              49.09826220658989
            ],
            [
              2.191482840443656,
              49.09713399321863
            ],
            [
              2.195106940765466,
              49.09600577984735
            ],
            [
              2.1987310410872776,
              49.09487756647609
            ],
            [
              2.2023551414090874,
              49.09374935310483
            ],
            [
              2.205979241730897,
              49.092621139733566
            ],
            [
              2.209603342052709,
              49.0914929263623
            ],
            [
              2.21322744237452,
              49.09036471299103
            ],
            [
              2.21685154269633,
              49.089236499619766
            ],
            [
              2.220475643018139,
              49.088108286248506
            ],
            [
              2.2240997433399516,
              49.086980072877246
            ],
            [
              2.2240997433399516,
              49.086980072877246
            ],
            [
              2.2283593337315213,
              49.08528905897471
            ],
            [
              2.232618924123095,
              49.08359804507218
            ],
            [
              2.236878514514667,
              49.08190703116965
            ],
            [
              2.2411381049062387,
              49.08021601726713
            ],
            [
              2.2453976952978105,
              49.07852500336459
            ],
            [
              2.249657285689382,
              49.07683398946206
            ],
            [
              2.253916876080954,
              49.07514297555953
            ],
            [
              2.2581764664725257,
              49.07345196165701
            ],
            [
              2.2624360568640993,
              49.07176094775447
            ],
            [
              2.2666956472556694,
              49.07006993385194
            ],
            [
              2.2666956472556694,
              49.07006993385194
            ],
            [
              2.270229393251752,
              49.06856568083268
            ],
            [
              2.2737631392478383,
              49.06706142781342
            ],
            [
              2.277296885243923,
              49.06555717479416
            ],
            [
              2.2808306312400073,
              49.06405292177489
            ],
            [
              2.2843643772360918,
              49.062548668755625
            ],
            [
              2.2878981232321762,
              49.061044415736376
            ],
            [
              2.2914318692282607,
              49.05954016271711
            ],
            [
              2.2949656152243443,
              49.05803590969785
            ],
            [
              2.298499361220427,
              49.05653165667858
            ],
            [
              2.3020331072165114,
              49.055027403659324
            ],
            [
              2.3020331072165114,
              49.055027403659324
            ],
            [
              2.305478910322274,
              49.05521627215837
            ],
            [
              2.308924713428038,
              49.05540514065743
            ],
            [
              2.3123705165337998,
              49.05559400915647
            ],
            [
              2.31581631963956,
              49.055782877655524
            ],
            [
              2.3192621227453203,
              49.05597174615457
            ],
            [
              2.3227079258510845,
              49.05616061465362
            ],
            [
              2.326153728956846,
              49.05634948315267
            ],
            [
              2.3295995320626086,
              49.056538351651724
            ],
            [
              2.333045335168371,
              49.056727220150776
            ],
            [
              2.3364911382741327,
              49.05691608864982
            ],
            [
              2.3364911382741327,
              49.05691608864982
            ],
            [
              2.3389444901169103,
              49.05998893290022
            ],
            [
              2.3413978419596915,
              49.06306177715062
            ],
            [
              2.3438511938024713,
              49.06613462140103
            ],
            [
              2.3463045456452485,
              49.06920746565143
            ],
            [
              2.3487578974880297,
              49.072280309901835
            ],
            [
              2.351211249330809,
              49.07535315415224
            ],
            [
              2.353664601173589,
              49.07842599840264
            ],
            [
              2.3561179530163674,
              49.08149884265304
            ],
            [
              2.358571304859147,
              49.084571686903445
            ],
            [
              2.3610246567019266,
              49.08764453115385
            ],
            [
              2.3610246567019266,
              49.08764453115385
            ],
            [
              2.3648331995433325,
              49.087645481630425
            ],
            [
              2.3686417423847375,
              49.087646432106986
            ],
            [
              2.3724502852261438,
              49.08764738258356
            ],
            [
              2.37625882806755,
              49.08764833306014
            ],
            [
              2.3800673709089533,
              49.087649283536706
            ],
            [
              2.3838759137503596,
              49.08765023401328
            ],
            [
              2.387684456591764,
              49.08765118448986
            ],
            [
              2.3914929994331704,
              49.087652134966426
            ],
            [
              2.3953015422745767,
              49.087653085443
            ],
            [
              2.3991100851159812,
              49.08765403591958
            ],
            [
              2.3991100851159812,
              49.08765403591958
            ],
            [
              2.4043743742166983,
              49.09016248404102
            ],
            [
              2.4096386633174136,
              49.09267093216246
            ],
            [
              2.4149029524181285,
              49.0951793802839
            ],
            [
              2.4201672415188473,
              49.097687828405334
            ],
            [
              2.4254315306195644,
              49.10019627652678
            ],
            [
              2.430695819720279,
              49.10270472464822
            ],
            [
              2.435960108820994,
              49.10521317276966
            ],
            [
              2.441224397921711,
              49.107721620891105
            ],
            [
              2.4464886870224283,
              49.11023006901254
            ],
            [
              2.4517529761231454,
              49.112738517133984
            ],
            [
              2.4517529761231454,
              49.112738517133984
            ],
            [
              2.45311610271991,
              49.1145569861365
            ],
            [
              2.454479229316678,
              49.116375455139
            ],
            [
              2.4558423559134472,
              49.118193924141515
            ],
            [
              2.4572054825102114,
              49.12001239314403
            ],
            [
              2.4585686091069783,
              49.12183086214653
            ],
            [
              2.4599317357037465,
              49.123649331149046
            ],
            [
              2.4612948623005164,
              49.12546780015156
            ],
            [
              2.462657988897281,
              49.12728626915407
            ],
            [
              2.4640211154940483,
              49.12910473815658
            ],
            [
              2.465384242090816,
              49.13092320715909
            ]
          ]
        ]
      }
    },
    {
      "type": "Feature",
      "properties": {
        "diocese": "Remen",
        "province": "Remen",
        "start": 1592,
        "end": 1789
      },
      "geometry": {
        "type": "Polygon",
        "coordinates": [
          [
            [
              4.223891428794806,
              49.95956108571563
            ],
            [
              4.223740979393897,
              49.95366548291376
            ],
            [
              4.223590529992983,
              49.947769880111906
            ],
            [
              4.22344008059207,
              49.941874277310035
            ],
            [
              4.223289631191161,
              49.93597867450818
            ],
            [
              4.223139181790248,
              49.930083071706306
            ],
            [
              4.222988732389339,
              49.92418746890444
            ],
            [
              4.222838282988429,
              49.91829186610257
            ],
            [
              4.222687833587514,
              49.912396263300714
            ],
            [
              4.222537384186603,
              49.90650066049884
            ],
            [
              4.222386934785694,
              49.900605057696986
            ],
            [
              4.222386934785694,
              49.900605057696986
            ],
            [
              4.225643334830641,
              49.89709459809798
            ],
            [
              4.22889973487559,
              49.89358413849898
            ],
            [
              4.23215613492054,
              49.89007367889997
            ],
            [
              4.235412534965489,
              49.88656321930097
            ],
            [
              4.238668935010436,
              49.88305275970196
            ],
            [
              4.2419253350553845,
              49.87954230010296
            ],
            [
              4.245181735100333,
              49.87603184050395
            ],
            [
              4.248438135145282,
              49.87252138090494
            ],
            [
              4.251694535190232,
              49.86901092130595
            ],
            [
              4.254950935235179,
              49.86550046170694
            ],
            [
              4.254950935235179,
              49.86550046170694
            ],
            [
              4.2522229102539555,
              49.86098650918256
            ],
            [
              4.24949488527273,
              49.85647255665819
            ],
            [
              4.246766860291505,
              49.851958604133806
            ],
            [
              4.244038835310283,
              49.847444651609436
            ],
            [
              4.241310810329056,
              49.842930699085066
            ],
            [
              4.238582785347832,
              49.83841674656069
            ],
            [
              4.235854760366609,
              49.83390279403631
            ],
            [
              4.233126735385381,
              49.82938884151194
            ],
            [
              4.230398710404158,
              49.824874888987566
            ],
            [
              4.2276706854229325,
              49.820360936463196
            ],
            [
              4.2276706854229325,
              49.820360936463196
            ],
            [
              4.224039756596614,
              49.818729910047445
            ],
            [
              4.220408827770296,
              49.81709888363171
            ],
            [
              4.216777898943974,
              49.815467857215964
            ],
            [
              4.213146970117656,
              49.81383683080022
            ],
            [
              4.209516041291337,
              49.812205804384476
            ],
            [
              4.205885112465017,
              49.81057477796874
            ],
            [
              4.202254183638699,
              49.80894375155299
            ],
            [
              4.198623254812377,
              49.80731272513725
            ],
            [
              4.194992325986059,
              49.80568169872151
            ],
            [
              4.19136139715974,
              49.80405067230576
            ],
            [
              4.19136139715974,
              49.80405067230576
            ],
            [
              4.192256503471926,
              49.79790643172998
            ],
            [
              4.193151609784115,
              49.7917621911542
            ],
            [
              4.194046716096302,
              49.78561795057841
            ],
            [
              4.194941822408493,
              49.77947371000264
            ],
            [
              4.195836928720681,
              49.773329469426855
            ],
            [
              4.196732035032868,
              49.767185228851076
            ],
            [
              4.197627141345055,
              49.76104098827529
            ],
            [
              4.198522247657245,
              49.75489674769952
            ],
            [
              4.199417353969432,
              49.74875250712374
            ],
            [
              4.200312460281621,
              49.742608266547954
            ],
            [
              4.200312460281621,
              49.742608266547954
            ],
            [
              4.194857487812532,
              49.73495837829303
            ],
            [
              4.1894025153434455,
              49.727308490038105
            ],
            [
              4.183947542874357,
              49.71965860178318
            ],
            [
              4.17849257040527,
              49.712008713528256
            ],
            [
              4.173037597936183,
              49.70435882527333
            ],
            [
              4.167582625467096,
              49.69670893701841
            ],
            [
              4.162127652998008,
              49.68905904876348
            ],
            [
              4.156672680528919,
              49.68140916050856
            ],
            [
              4.15121770805983,
              49.67375927225363
            ],
            [
              4.145762735590745,
              49.66610938399871
            ],
            [
              4.145762735590745,
              49.66610938399871
            ],
            [
              4.140680011545811,
              49.663976992818874
            ],
            [
              4.135597287500882,
              49.66184460163904
            ],
            [
              4.13051456345595,
              49.6597122104592
            ],
            [
              4.125431839411016,
              49.65757981927936
            ],
            [
              4.120349115366086,
              49.65544742809953
            ],
            [
              4.115266391321153,
              49.65331503691969
            ],
            [
              4.110183667276219,
              49.65118264573986
            ],
            [
              4.105100943231289,
              49.649050254560024
            ],
            [
              4.100018219186358,
              49.64691786338019
            ],
            [
              4.094935495141424,
              49.64478547220036
            ],
            [
              4.094935495141424,
              49.64478547220036
            ],
            [
              4.093844382053886,
              49.64303009975249
            ],
            [
              4.092753268966346,
              49.64127472730462
            ],
            [
              4.091662155878808,
              49.63951935485676
            ],
            [
              4.09057104279127,
              49.63776398240889
            ],
            [
              4.089479929703732,
              49.63600860996102
            ],
            [
              4.08838881661619,
              49.63425323751315
            ],
            [
              4.087297703528652,
              49.63249786506529
            ],
            [
              4.086206590441115,
              49.630742492617415
            ],
            [
              4.085115477353575,
              49.62898712016955
            ],
            [
              4.084024364266035,
              49.62723174772168
            ],
            [
              4.084024364266035,
              49.62723174772168
            ],
            [
              4.079128821498349,
              49.627606543067444
            ],
            [
              4.074233278730663,
              49.6279813384132
            ],
            [
              4.069337735962977,
              49.628356133758956
            ],
            [
              4.064442193195289,
              49.62873092910471
            ],
            [
              4.0595466504276025,
              49.62910572445047
            ],
            [
              4.054651107659916,
              49.62948051979623
            ],
            [
              4.049755564892228,
              49.629855315142
            ],
            [
              4.044860022124542,
              49.63023011048776
            ],
            [
              4.039964479356856,
              49.630604905833515
            ],
            [
              4.035068936589168,
              49.63097970117927
            ],
            [
              4.035068936589168,
              49.63097970117927
            ],
            [
              4.033431168280595,
              49.62859713798782
            ],
            [
              4.03179339997202,
              49.62621457479634
            ],
            [
              4.0301556316634475,
              49.62383201160489
            ],
            [
              4.028517863354871,
              49.62144944841343
            ],
            [
              4.026880095046298,
              49.61906688522197
            ],
            [
              4.0252423267377235,
              49.6166843220305
            ],
            [
              4.023604558429147,
              49.61430175883905
            ],
            [
              4.021966790120574,
              49.61191919564759
            ],
            [
              4.020329021811998,
              49.60953663245613
            ],
            [
              4.018691253503425,
              49.60715406926466
            ],
            [
              4.018691253503425,
              49.60715406926466
            ],
            [
              4.023941911698332,
              49.60264103594472
            ],
            [
              4.02919256989324,
              49.59812800262477
            ],
            [
              4.034443228088147,
              49.59361496930483
            ],
            [
              4.03969388628305,
              49.58910193598488
            ],
            [
              4.044944544477957,
              49.58458890266494
            ],
            [
              4.050195202672864,
              49.580075869344995
            ],
            [
              4.055445860867772,
              49.57556283602505
            ],
            [
              4.060696519062676,
              49.571049802705105
            ],
            [
              4.065947177257582,
              49.56653676938516
            ],
            [
              4.071197835452489,
              49.562023736065214
            ],
            [
              4.071197835452489,
              49.562023736065214
            ],
            [
              4.067742715357934,
              49.55700753311485
            ],
            [
              4.064287595263375,
              49.551991330164476
            ],
            [
              4.060832475168821,
              49.546975127214104
            ],
            [
              4.057377355074264,
              49.54195892426373
            ],
            [
              4.053922234979707,
              49.53694272131336
            ],
            [
              4.050467114885151,
              49.53192651836299
            ],
            [
              4.047011994790596,
              49.526910315412614
            ],
            [
              4.043556874696039,
              49.521894112462256
            ],
            [
              4.0401017546014835,
              49.51687790951188
            ],
            [
              4.036646634506926,
              49.51186170656151
            ],
            [
              4.036646634506926,
              49.51186170656151
            ],
            [
              4.0386260790471855,
              49.50396263645299
            ],
            [
              4.040605523587441,
              49.49606356634446
            ],
            [
              4.042584968127699,
              49.488164496235946
            ],
            [
              4.044564412667956,
              49.48026542612742
            ],
            [
              4.046543857208215,
              49.472366356018895
            ],
            [
              4.048523301748471,
              49.46446728591037
            ],
            [
              4.05050274628873,
              49.456568215801845
            ],
            [
              4.052482190828984,
              49.44866914569333
            ],
            [
              4.054461635369243,
              49.4407700755848
            ],
            [
              4.056441079909501,
              49.43287100547627
            ],
            [
              4.056441079909501,
              49.43287100547627
            ],
            [
              4.058611500622057,
              49.42948632672572
            ],
            [
              4.060781921334607,
              49.426101647975166
            ],
            [
              4.062952342047163,
              49.42271696922461
            ],
            [
              4.065122762759717,
              49.419332290474046
            ],
            [
              4.067293183472271,
              49.41594761172349
            ],
            [
              4.0694636041848256,
              49.41256293297293
            ],
            [
              4.071634024897378,
              49.40917825422238
            ],
            [
              4.073804445609934,
              49.405793575471826
            ],
            [
              4.075974866322486,
              49.40240889672127
            ],
            [
              4.078145287035042,
              49.39902421797071
            ],
            [
              4.078145287035042,
              49.39902421797071
            ],
            [
              4.075602811667046,
              49.397770552283504
            ],
            [
              4.073060336299045,
              49.396516886596295
            ],
            [
              4.07051786093105,
              49.395263220909094
            ],
            [
              4.067975385563049,
              49.39400955522189
            ],
            [
              4.065432910195055,
              49.392755889534676
            ],
            [
              4.062890434827057,
              49.391502223847475
            ],
            [
              4.060347959459058,
              49.39024855816027
            ],
            [
              4.0578054840910625,
              49.38899489247306
            ],
            [
              4.055263008723063,
              49.38774122678586
            ],
            [
              4.0527205333550675,
              49.38648756109866
            ],
            [
              4.0527205333550675,
              49.38648756109866
            ],
            [
              4.051445029313422,
              49.38285098514893
            ],
            [
              4.050169525271778,
              49.3792144091992
            ],
            [
              4.048894021230129,
              49.375577833249466
            ],
            [
              4.047618517188486,
              49.37194125729973
            ],
            [
              4.04634301314684,
              49.368304681350004
            ],
            [
              4.045067509105197,
              49.36466810540027
            ],
            [
              4.043792005063549,
              49.36103152945055
            ],
            [
              4.042516501021904,
              49.357394953500815
            ],
            [
              4.041240996980262,
              49.35375837755108
            ],
            [
              4.039965492938615,
              49.350121801601354
            ],
            [
              4.039965492938615,
              49.350121801601354
            ],
            [
              4.037062867402353,
              49.34961900824049
            ],
            [
              4.034160241866093,
              49.34911621487962
            ],
            [
              4.0312576163298335,
              49.348613421518756
            ],
            [
              4.02835499079357,
              49.34811062815789
            ],
            [
              4.025452365257312,
              49.34760783479703
            ],
            [
              4.022549739721054,
              49.347105041436166
            ],
            [
              4.019647114184792,
              49.3466022480753
            ],
            [
              4.016744488648531,
              49.34609945471445
            ],
            [
              4.013841863112271,
              49.34559666135358
            ],
            [
              4.010939237576011,
              49.345093867992716
            ],
            [
              4.010939237576011,
              49.345093867992716
            ],
            [
              4.005324751048176,
              49.349230793415295
            ],
            [
              3.9997102645203406,
              49.35336771883787
            ],
            [
              3.994095777992508,
              49.35750464426046
            ],
            [
              3.9884812914646735,
              49.36164156968304
            ],
            [
              3.982866804936837,
              49.36577849510562
            ],
            [
              3.9772523184090027,
              49.3699154205282
            ],
            [
              3.9716378318811683,
              49.37405234595078
            ],
            [
              3.966023345353334,
              49.37818927137336
            ],
            [
              3.9604088588254993,
              49.38232619679594
            ],
            [
              3.9547943722976666,
              49.38646312221853
            ],
            [
              3.9547943722976666,
              49.38646312221853
            ],
            [
              3.945723474253239,
              49.38495571805995
            ],
            [
              3.9366525762088105,
              49.38344831390137
            ],
            [
              3.927581678164382,
              49.38194090974279
            ],
            [
              3.9185107801199526,
              49.38043350558421
            ],
            [
              3.9094398820755267,
              49.37892610142563
            ],
            [
              3.9003689840311,
              49.377418697267046
            ],
            [
              3.8912980859866724,
              49.37591129310847
            ],
            [
              3.882227187942244,
              49.37440388894989
            ],
            [
              3.8731562898978162,
              49.37289648479132
            ],
            [
              3.8640853918533886,
              49.37138908063274
            ],
            [
              3.8640853918533886,
              49.37138908063274
            ],
            [
              3.8633532661370027,
              49.367501608541055
            ],
            [
              3.8626211404206177,
              49.36361413644938
            ],
            [
              3.8618890147042317,
              49.3597266643577
            ],
            [
              3.861156888987846,
              49.355839192266025
            ],
            [
              3.8604247632714572,
              49.35195172017435
            ],
            [
              3.859692637555073,
              49.34806424808267
            ],
            [
              3.858960511838687,
              49.34417677599099
            ],
            [
              3.8582283861223012,
              49.34028930389931
            ],
            [
              3.8574962604059153,
              49.336401831807635
            ],
            [
              3.8567641346895285,
              49.33251435971596
            ],
            [
              3.8567641346895285,
              49.33251435971596
            ],
            [
              3.8516881064073023,
              49.333892175966334
            ],
            [
              3.8466120781250743,
              49.3352699922167
            ],
            [
              3.84153604984285,
              49.33664780846708
            ],
            [
              3.836460021560621,
              49.33802562471745
            ],
            [
              3.8313839932783957,
              49.33940344096783
            ],
            [
              3.826307964996167,
              49.340781257218204
            ],
            [
              3.821231936713939,
              49.34215907346858
            ],
            [
              3.8161559084317145,
              49.343536889718955
            ],
            [
              3.8110798801494865,
              49.34491470596932
            ],
            [
              3.8060038518672603,
              49.3462925222197
            ],
            [
              3.8060038518672603,
              49.3462925222197
            ],
            [
              3.798929713640548,
              49.345037725590934
            ],
            [
              3.7918555754138352,
              49.34378292896217
            ],
            [
              3.784781437187125,
              49.342528132333406
            ],
            [
              3.7777072989604155,
              49.341273335704635
            ],
            [
              3.7706331607337042,
              49.34001853907587
            ],
            [
              3.763559022506992,
              49.33876374244711
            ],
            [
              3.756484884280281,
              49.337508945818335
            ],
            [
              3.7494107460535706,
              49.33625414918958
            ],
            [
              3.7423366078268576,
              49.33499935256081
            ],
            [
              3.735262469600148,
              49.33374455593204
            ],
            [
              3.735262469600148,
              49.33374455593204
            ],
            [
              3.731086467709759,
              49.3314863446369
            ],
            [
              3.726910465819372,
              49.32922813334174
            ],
            [
              3.7227344639289837,
              49.3269699220466
            ],
            [
              3.7185584620385996,
              49.32471171075146
            ],
            [
              3.714382460148212,
              49.32245349945631
            ],
            [
              3.7102064582578227,
              49.320195288161166
            ],
            [
              3.7060304563674378,
              49.31793707686601
            ],
            [
              3.7018544544770493,
              49.31567886557087
            ],
            [
              3.6976784525866644,
              49.313420654275724
            ],
            [
              3.693502450696274,
              49.311162442980574
            ],
            [
              3.693502450696274,
              49.311162442980574
            ],
            [
              3.688422065966472,
              49.31028308902984
            ],
            [
              3.6833416812366697,
              49.309403735079115
            ],
            [
              3.6782612965068657,
              49.30852438112838
            ],
            [
              3.6731809117770617,
              49.30764502717766
            ],
            [
              3.6681005270472578,
              49.30676567322693
            ],
            [
              3.6630201423174573,
              49.3058863192762
            ],
            [
              3.6579397575876533,
              49.30500696532547
            ],
            [
              3.6528593728578493,
              49.30412761137474
            ],
            [
              3.647778988128047,
              49.303248257424
            ],
            [
              3.642698603398243,
              49.30236890347328
            ],
            [
              3.642698603398243,
              49.30236890347328
            ],
            [
              3.6419686569348655,
              49.29961054974302
            ],
            [
              3.641238710471487,
              49.296852196012765
            ],
            [
              3.6405087640081057,
              49.2940938422825
            ],
            [
              3.63977881754473,
              49.29133548855225
            ],
            [
              3.6390488710813496,
              49.288577134822
            ],
            [
              3.638318924617972,
              49.28581878109174
            ],
            [
              3.6375889781545943,
              49.283060427361484
            ],
            [
              3.636859031691212,
              49.280302073631226
            ],
            [
              3.6361290852278363,
              49.277543719900976
            ],
            [
              3.635399138764456,
              49.27478536617071
            ],
            [
              3.635399138764456,
              49.27478536617071
            ],
            [
              3.636469440679839,
              49.26575801787626
            ],
            [
              3.63753974259522,
              49.256730669581806
            ],
            [
              3.638610044510599,
              49.24770332128735
            ],
            [
              3.639680346425982,
              49.238675972992894
            ],
            [
              3.640750648341364,
              49.229648624698434
            ],
            [
              3.641820950256745,
              49.22062127640398
            ],
            [
              3.6428912521721277,
              49.211593928109515
            ],
            [
              3.643961554087507,
              49.20256657981506
            ],
            [
              3.645031856002888,
              49.1935392315206
            ],
            [
              3.64610215791827,
              49.18451188322614
            ],
            [
              3.64610215791827,
              49.18451188322614
            ],
            [
              3.6500946863069035,
              49.18614299988426
            ],
            [
              3.654087214695538,
              49.187774116542364
            ],
            [
              3.6580797430841714,
              49.189405233200475
            ],
            [
              3.662072271472804,
              49.19103634985858
            ],
            [
              3.6660647998614393,
              49.192667466516696
            ],
            [
              3.6700573282500746,
              49.194298583174806
            ],
            [
              3.674049856638709,
              49.1959296998329
            ],
            [
              3.67804238502734,
              49.19756081649101
            ],
            [
              3.682034913415975,
              49.19919193314912
            ],
            [
              3.6860274418046077,
              49.200823049807234
            ],
            [
              3.6860274418046077,
              49.200823049807234
            ],
            [
              3.687472218866875,
              49.19768815519047
            ],
            [
              3.688916995929145,
              49.1945532605737
            ],
            [
              3.690361772991412,
              49.191418365956935
            ],
            [
              3.691806550053681,
              49.18828347134017
            ],
            [
              3.693251327115949,
              49.185148576723414
            ],
            [
              3.6946961041782163,
              49.18201368210664
            ],
            [
              3.696140881240487,
              49.17887878748988
            ],
            [
              3.697585658302754,
              49.175743892873115
            ],
            [
              3.699030435365024,
              49.17260899825635
            ],
            [
              3.7004752124272913,
              49.16947410363958
            ],
            [
              3.7004752124272913,
              49.16947410363958
            ],
            [
              3.7039232038209886,
              49.16997702763499
            ],
            [
              3.707371195214686,
              49.1704799516304
            ],
            [
              3.7108191866083824,
              49.1709828756258
            ],
            [
              3.7142671780020815,
              49.17148579962121
            ],
            [
              3.717715169395777,
              49.171988723616614
            ],
            [
              3.7211631607894753,
              49.17249164761202
            ],
            [
              3.724611152183171,
              49.172994571607425
            ],
            [
              3.72805914357687,
              49.17349749560284
            ],
            [
              3.731507134970568,
              49.174000419598244
            ],
            [
              3.7349551263642655,
              49.17450334359365
            ],
            [
              3.7349551263642655,
              49.17450334359365
            ],
            [
              3.735490276298012,
              49.169989138920236
            ],
            [
              3.7360254262317647,
              49.1654749342468
            ],
            [
              3.736560576165513,
              49.160960729573375
            ],
            [
              3.737095726099263,
              49.15644652489995
            ],
            [
              3.7376308760330113,
              49.15193232022652
            ],
            [
              3.7381660259667613,
              49.1474181155531
            ],
            [
              3.7387011759005095,
              49.14290391087967
            ],
            [
              3.7392363258342605,
              49.13838970620624
            ],
            [
              3.7397714757680105,
              49.13387550153281
            ],
            [
              3.7403066257017588,
              49.12936129685939
            ],
            [
              3.7403066257017588,
              49.12936129685939
            ],
            [
              3.744479431872685,
              49.130742493279826
            ],
            [
              3.7486522380436136,
              49.13212368970025
            ],
            [
              3.7528250442145397,
              49.13350488612068
            ],
            [
              3.7569978503854657,
              49.134886082541115
            ],
            [
              3.76117065655639,
              49.13626727896155
            ],
            [
              3.765343462727318,
              49.13764847538197
            ],
            [
              3.769516268898242,
              49.139029671802405
            ],
            [
              3.77368907506917,
              49.14041086822284
            ],
            [
              3.7778618812400944,
              49.14179206464327
            ],
            [
              3.7820346874110222,
              49.143173261063694
            ],
            [
              3.7820346874110222,
              49.143173261063694
            ],
            [
              3.7856612597792094,
              49.14254711180899
            ],
            [
              3.7892878321473966,
              49.14192096255428
            ],
            [
              3.792914404515584,
              49.14129481329959
            ],
            [
              3.796540976883771,
              49.14066866404488
            ],
            [
              3.8001675492519573,
              49.14004251479018
            ],
            [
              3.8037941216201445,
              49.139416365535475
            ],
            [
              3.80742069398833,
              49.13879021628077
            ],
            [
              3.811047266356519,
              49.13816406702607
            ],
            [
              3.814673838724706,
              49.13753791777137
            ],
            [
              3.8183004110928924,
              49.13691176851666
            ],
            [
              3.8183004110928924,
              49.13691176851666
            ],
            [
              3.8217466561717335,
              49.137288645675405
            ],
            [
              3.82519290125058,
              49.13766552283414
            ],
            [
              3.828639146329422,
              49.13804239999288
            ],
            [
              3.8320853914082655,
              49.13841927715162
            ],
            [
              3.835531636487112,
              49.13879615431036
            ],
            [
              3.838977881565954,
              49.1391730314691
            ],
            [
              3.8424241266447985,
              49.13954990862784
            ],
            [
              3.8458703717236404,
              49.13992678578658
            ],
            [
              3.849316616802487,
              49.14030366294533
            ],
            [
              3.8527628618813288,
              49.14068054010406
            ],
            [
              3.8527628618813288,
              49.14068054010406
            ],
            [
              3.8534855984780907,
              49.13892454833787
            ],
            [
              3.85420833507485,
              49.13716855657169
            ],
            [
              3.8549310716716136,
              49.1354125648055
            ],
            [
              3.855653808268372,
              49.13365657303931
            ],
            [
              3.856376544865132,
              49.13190058127311
            ],
            [
              3.857099281461893,
              49.13014458950692
            ],
            [
              3.8578220180586515,
              49.12838859774073
            ],
            [
              3.858544754655416,
              49.12663260597455
            ],
            [
              3.8592674912521745,
              49.12487661420836
            ],
            [
              3.8599902278489346,
              49.123120622442165
            ],
            [
              3.8599902278489346,
              49.123120622442165
            ],
            [
              3.8583515716988352,
              49.12023706205074
            ],
            [
              3.856712915548733,
              49.117353501659295
            ],
            [
              3.855074259398632,
              49.11446994126786
            ],
            [
              3.8534356032485335,
              49.11158638087643
            ],
            [
              3.8517969470984306,
              49.10870282048499
            ],
            [
              3.8501582909483294,
              49.105819260093554
            ],
            [
              3.8485196347982282,
              49.10293569970212
            ],
            [
              3.8468809786481297,
              49.100052139310684
            ],
            [
              3.8452423224980294,
              49.09716857891925
            ],
            [
              3.8436036663479283,
              49.09428501852781
            ],
            [
              3.8436036663479283,
              49.09428501852781
            ],
            [
              3.8492246885869013,
              49.093534387137105
            ],
            [
              3.854845710825877,
              49.09278375574639
            ],
            [
              3.86046673306485,
              49.09203312435567
            ],
            [
              3.8660877553038255,
              49.09128249296496
            ],
            [
              3.8717087775428003,
              49.09053186157425
            ],
            [
              3.8773297997817733,
              49.08978123018353
            ],
            [
              3.882950822020749,
              49.089030598792824
            ],
            [
              3.888571844259722,
              49.08827996740211
            ],
            [
              3.8941928664986976,
              49.08752933601139
            ],
            [
              3.8998138887376705,
              49.08677870462068
            ],
            [
              3.8998138887376705,
              49.08677870462068
            ],
            [
              3.897995842646806,
              49.084646061666895
            ],
            [
              3.896177796555938,
              49.08251341871312
            ],
            [
              3.8943597504650698,
              49.08038077575934
            ],
            [
              3.8925417043742034,
              49.07824813280555
            ],
            [
              3.890723658283337,
              49.07611548985177
            ],
            [
              3.8889056121924708,
              49.07398284689799
            ],
            [
              3.8870875661016044,
              49.0718502039442
            ],
            [
              3.8852695200107363,
              49.06971756099042
            ],
            [
              3.8834514739198682,
              49.06758491803664
            ],
            [
              3.881633427829002,
              49.065452275082855
            ],
            [
              3.881633427829002,
              49.065452275082855
            ],
            [
              3.883076512200343,
              49.06144036049714
            ],
            [
              3.884519596571686,
              49.05742844591142
            ],
            [
              3.8859626809430288,
              49.053416531325695
            ],
            [
              3.8874057653143717,
              49.04940461673998
            ],
            [
              3.8888488496857136,
              49.04539270215426
            ],
            [
              3.8902919340570556,
              49.04138078756854
            ],
            [
              3.8917350184283994,
              49.037368872982825
            ],
            [
              3.8931781027997405,
              49.03335695839711
            ],
            [
              3.8946211871710816,
              49.02934504381139
            ],
            [
              3.8960642715424263,
              49.025333129225665
            ],
            [
              3.8960642715424263,
              49.025333129225665
            ],
            [
              3.9007709047984265,
              49.02069498025686
            ],
            [
              3.9054775380544258,
              49.01605683128806
            ],
            [
              3.910184171310426,
              49.01141868231924
            ],
            [
              3.914890804566429,
              49.00678053335044
            ],
            [
              3.919597437822429,
              49.00214238438163
            ],
            [
              3.92430407107843,
              48.997504235412826
            ],
            [
              3.9290107043344302,
              48.992866086444025
            ],
            [
              3.933717337590432,
              48.98822793747521
            ],
            [
              3.9384239708464315,
              48.9835897885064
            ],
            [
              3.9431306041024317,
              48.97895163953759
            ],
            [
              3.9431306041024317,
              48.97895163953759
            ],
            [
              3.942396655011756,
              48.97493918164191
            ],
            [
              3.9416627059210767,
              48.97092672374622
            ],
            [
              3.9409287568303992,
              48.96691426585052
            ],
            [
              3.9401948077397226,
              48.96290180795483
            ],
            [
              3.939460858649046,
              48.958889350059145
            ],
            [
              3.9387269095583677,
              48.954876892163455
            ],
            [
              3.93799296046769,
              48.950864434267764
            ],
            [
              3.9372590113770127,
              48.946851976372066
            ],
            [
              3.9365250622863353,
              48.94283951847638
            ],
            [
              3.9357911131956578,
              48.938827060580685
            ],
            [
              3.9357911131956578,
              48.938827060580685
            ],
            [
              3.947581133674323,
              48.93945705726759
            ],
            [
              3.959371154152987,
              48.94008705395448
            ],
            [
              3.9711611746316504,
              48.940717050641375
            ],
            [
              3.982951195110316,
              48.94134704732828
            ],
            [
              3.9947412155889794,
              48.941977044015175
            ],
            [
              4.006531236067643,
              48.94260704070207
            ],
            [
              4.018321256546306,
              48.943237037388954
            ],
            [
              4.030111277024973,
              48.94386703407586
            ],
            [
              4.041901297503637,
              48.944497030762754
            ],
            [
              4.053691317982301,
              48.94512702744965
            ],
            [
              4.053691317982301,
              48.94512702744965
            ],
            [
              4.062771411367086,
              48.951398737359426
            ],
            [
              4.071851504751871,
              48.95767044726921
            ],
            [
              4.0809315981366545,
              48.96394215717898
            ],
            [
              4.09001169152144,
              48.97021386708876
            ],
            [
              4.099091784906227,
              48.97648557699853
            ],
            [
              4.108171878291008,
              48.98275728690831
            ],
            [
              4.117251971675794,
              48.989028996818085
            ],
            [
              4.126332065060577,
              48.99530070672785
            ],
            [
              4.135412158445364,
              49.00157241663763
            ],
            [
              4.144492251830146,
              49.00784412654741
            ],
            [
              4.144492251830146,
              49.00784412654741
            ],
            [
              4.148841831623246,
              49.00634007713119
            ],
            [
              4.153191411416342,
              49.00483602771498
            ],
            [
              4.1575409912094425,
              49.00333197829875
            ],
            [
              4.161890571002537,
              49.00182792888253
            ],
            [
              4.1662401507956375,
              49.00032387946631
            ],
            [
              4.170589730588732,
              48.99881983005009
            ],
            [
              4.174939310381832,
              48.99731578063387
            ],
            [
              4.179288890174929,
              48.99581173121766
            ],
            [
              4.183638469968029,
              48.99430768180144
            ],
            [
              4.187988049761126,
              48.99280363238522
            ],
            [
              4.187988049761126,
              48.99280363238522
            ],
            [
              4.192159695203937,
              48.99280467347926
            ],
            [
              4.196331340646749,
              48.9928057145733
            ],
            [
              4.200502986089559,
              48.99280675566734
            ],
            [
              4.20467463153237,
              48.99280779676138
            ],
            [
              4.20884627697518,
              48.992808837855435
            ],
            [
              4.213017922417993,
              48.99280987894947
            ],
            [
              4.217189567860801,
              48.99281092004352
            ],
            [
              4.221361213303613,
              48.992811961137555
            ],
            [
              4.225532858746423,
              48.99281300223161
            ],
            [
              4.229704504189234,
              48.992814043325644
            ],
            [
              4.229704504189234,
              48.992814043325644
            ],
            [
              4.232432046725256,
              48.99707803050103
            ],
            [
              4.235159589261274,
              49.001342017676414
            ],
            [
              4.2378871317972955,
              49.005606004851806
            ],
            [
              4.240614674333317,
              49.00986999202719
            ],
            [
              4.243342216869337,
              49.014133979202576
            ],
            [
              4.246069759405357,
              49.018397966377954
            ],
            [
              4.2487973019413765,
              49.022661953553346
            ],
            [
              4.251524844477398,
              49.02692594072873
            ],
            [
              4.25425238701342,
              49.031189927904116
            ],
            [
              4.256979929549438,
              49.0354539150795
            ],
            [
              4.256979929549438,
              49.0354539150795
            ],
            [
              4.262424548008491,
              49.03696040877858
            ],
            [
              4.267869166467548,
              49.03846690247766
            ],
            [
              4.2733137849266,
              49.03997339617674
            ],
            [
              4.278758403385652,
              49.041479889875816
            ],
            [
              4.284203021844707,
              49.042986383574906
            ],
            [
              4.289647640303762,
              49.04449287727398
            ],
            [
              4.295092258762812,
              49.04599937097306
            ],
            [
              4.300536877221868,
              49.04750586467214
            ],
            [
              4.305981495680921,
              49.049012358371215
            ],
            [
              4.311426114139973,
              49.0505188520703
            ],
            [
              4.311426114139973,
              49.0505188520703
            ],
            [
              4.315052876159996,
              49.05076972240945
            ],
            [
              4.3186796381800185,
              49.05102059274859
            ],
            [
              4.322306400200041,
              49.05127146308774
            ],
            [
              4.325933162220064,
              49.05152233342688
            ],
            [
              4.329559924240089,
              49.051773203766025
            ],
            [
              4.33318668626011,
              49.05202407410518
            ],
            [
              4.336813448280131,
              49.05227494444432
            ],
            [
              4.340440210300153,
              49.05252581478346
            ],
            [
              4.344066972320176,
              49.052776685122616
            ],
            [
              4.347693734340197,
              49.05302755546175
            ],
            [
              4.347693734340197,
              49.05302755546175
            ],
            [
              4.3511508695193175,
              49.05904683033173
            ],
            [
              4.3546080046984414,
              49.0650661052017
            ],
            [
              4.358065139877562,
              49.07108538007168
            ],
            [
              4.361522275056684,
              49.07710465494165
            ],
            [
              4.364979410235804,
              49.08312392981162
            ],
            [
              4.3684365454149265,
              49.08914320468159
            ],
            [
              4.371893680594047,
              49.09516247955156
            ],
            [
              4.375350815773169,
              49.10118175442154
            ],
            [
              4.378807950952291,
              49.10720102929151
            ],
            [
              4.382265086131413,
              49.11322030416148
            ],
            [
              4.382265086131413,
              49.11322030416148
            ],
            [
              4.387523249055301,
              49.1125956340842
            ],
            [
              4.39278141197919,
              49.11197096400692
            ],
            [
              4.398039574903073,
              49.11134629392964
            ],
            [
              4.403297737826964,
              49.11072162385237
            ],
            [
              4.4085559007508515,
              49.11009695377509
            ],
            [
              4.413814063674739,
              49.10947228369781
            ],
            [
              4.419072226598626,
              49.108847613620526
            ],
            [
              4.424330389522515,
              49.10822294354326
            ],
            [
              4.429588552446402,
              49.107598273465975
            ],
            [
              4.4348467153702895,
              49.1069736033887
            ],
            [
              4.4348467153702895,
              49.1069736033887
            ],
            [
              4.440100114381284,
              49.10383965926825
            ],
            [
              4.445353513392281,
              49.1007057151478
            ],
            [
              4.450606912403275,
              49.09757177102735
            ],
            [
              4.45586031141427,
              49.094437826906905
            ],
            [
              4.4611137104252645,
              49.091303882786455
            ],
            [
              4.466367109436259,
              49.088169938666006
            ],
            [
              4.471620508447252,
              49.08503599454555
            ],
            [
              4.476873907458245,
              49.0819020504251
            ],
            [
              4.4821273064692395,
              49.07876810630465
            ],
            [
              4.487380705480236,
              49.07563416218421
            ],
            [
              4.487380705480236,
              49.07563416218421
            ],
            [
              4.487740826048231,
              49.07413018366236
            ],
            [
              4.488100946616223,
              49.0726262051405
            ],
            [
              4.4884610671842164,
              49.071122226618655
            ],
            [
              4.488821187752206,
              49.06961824809681
            ],
            [
              4.4891813083202,
              49.068114269574956
            ],
            [
              4.489541428888195,
              49.06661029105311
            ],
            [
              4.489901549456185,
              49.06510631253126
            ],
            [
              4.490261670024179,
              49.06360233400942
            ],
            [
              4.49062179059217,
              49.062098355487564
            ],
            [
              4.490981911160166,
              49.06059437696572
            ],
            [
              4.490981911160166,
              49.06059437696572
            ],
            [
              4.506035187709006,
              49.0612251825757
            ],
            [
              4.521088464257847,
              49.06185598818568
            ],
            [
              4.5361417408066895,
              49.062486793795664
            ],
            [
              4.551195017355532,
              49.06311759940564
            ],
            [
              4.566248293904371,
              49.06374840501563
            ],
            [
              4.581301570453213,
              49.06437921062561
            ],
            [
              4.596354847002056,
              49.0650100162356
            ],
            [
              4.611408123550897,
              49.065640821845584
            ],
            [
              4.6264614000997355,
              49.06627162745556
            ],
            [
              4.64151467664858,
              49.06690243306555
            ],
            [
              4.64151467664858,
              49.06690243306555
            ],
            [
              4.646235508327273,
              49.06966178277854
            ],
            [
              4.6509563400059655,
              49.07242113249153
            ],
            [
              4.655677171684658,
              49.075180482204516
            ],
            [
              4.660398003363349,
              49.077939831917504
            ],
            [
              4.665118835042042,
              49.08069918163049
            ],
            [
              4.669839666720735,
              49.08345853134348
            ],
            [
              4.674560498399426,
              49.08621788105647
            ],
            [
              4.679281330078119,
              49.08897723076946
            ],
            [
              4.684002161756812,
              49.09173658048245
            ],
            [
              4.688722993435505,
              49.094495930195436
            ],
            [
              4.688722993435505,
              49.094495930195436
            ],
            [
              4.6925393592720965,
              49.098509157352495
            ],
            [
              4.69635572510869,
              49.10252238450956
            ],
            [
              4.7001720909452835,
              49.10653561166663
            ],
            [
              4.703988456781877,
              49.110548838823696
            ],
            [
              4.707804822618469,
              49.11456206598077
            ],
            [
              4.711621188455062,
              49.11857529313782
            ],
            [
              4.715437554291656,
              49.12258852029489
            ],
            [
              4.719253920128249,
              49.12660174745196
            ],
            [
              4.723070285964843,
              49.130614974609024
            ],
            [
              4.726886651801436,
              49.1346282017661
            ],
            [
              4.726886651801436,
              49.1346282017661
            ],
            [
              4.7341409552074865,
              49.13475499206134
            ],
            [
              4.741395258613538,
              49.13488178235658
            ],
            [
              4.748649562019587,
              49.13500857265182
            ],
            [
              4.755903865425639,
              49.13513536294706
            ],
            [
              4.763158168831689,
              49.1352621532423
            ],
            [
              4.770412472237741,
              49.135388943537556
            ],
            [
              4.777666775643791,
              49.13551573383279
            ],
            [
              4.784921079049841,
              49.13564252412803
            ],
            [
              4.792175382455893,
              49.13576931442327
            ],
            [
              4.799429685861943,
              49.13589610471851
            ],
            [
              4.799429685861943,
              49.13589610471851
            ],
            [
              4.810551690687893,
              49.13941870123281
            ],
            [
              4.821673695513843,
              49.14294129774712
            ],
            [
              4.832795700339792,
              49.14646389426141
            ],
            [
              4.843917705165742,
              49.14998649077571
            ],
            [
              4.8550397099916935,
              49.15350908729001
            ],
            [
              4.8661617148176415,
              49.15703168380431
            ],
            [
              4.877283719643591,
              49.16055428031861
            ],
            [
              4.888405724469543,
              49.164076876832915
            ],
            [
              4.899527729295491,
              49.16759947334721
            ],
            [
              4.910649734121442,
              49.17112206986151
            ],
            [
              4.910649734121442,
              49.17112206986151
            ],
            [
              4.910396092766916,
              49.17258548151813
            ],
            [
              4.910142451412392,
              49.17404889317474
            ],
            [
              4.909888810057868,
              49.17551230483136
            ],
            [
              4.909635168703344,
              49.17697571648798
            ],
            [
              4.909381527348819,
              49.17843912814459
            ],
            [
              4.909127885994295,
              49.17990253980121
            ],
            [
              4.908874244639772,
              49.18136595145783
            ],
            [
              4.908620603285245,
              49.18282936311444
            ],
            [
              4.908366961930723,
              49.18429277477106
            ],
            [
              4.908113320576199,
              49.185756186427675
            ],
            [
              4.908113320576199,
              49.185756186427675
            ],
            [
              4.911451985148572,
              49.188062258779176
            ],
            [
              4.914790649720951,
              49.19036833113068
            ],
            [
              4.918129314293326,
              49.19267440348217
            ],
            [
              4.921467978865703,
              49.19498047583367
            ],
            [
              4.924806643438082,
              49.19728654818518
            ],
            [
              4.928145308010457,
              49.19959262053668
            ],
            [
              4.931483972582834,
              49.20189869288818
            ],
            [
              4.934822637155211,
              49.20420476523967
            ],
            [
              4.938161301727586,
              49.206510837591175
            ],
            [
              4.941499966299963,
              49.208816909942676
            ],
            [
              4.941499966299963,
              49.208816909942676
            ],
            [
              4.945988015215175,
              49.208640708539974
            ],
            [
              4.950476064130385,
              49.208464507137265
            ],
            [
              4.954964113045596,
              49.20828830573457
            ],
            [
              4.959452161960808,
              49.20811210433187
            ],
            [
              4.9639402108760216,
              49.20793590292917
            ],
            [
              4.96842825979123,
              49.20775970152648
            ],
            [
              4.972916308706441,
              49.20758350012377
            ],
            [
              4.977404357621653,
              49.20740729872107
            ],
            [
              4.981892406536867,
              49.20723109731838
            ],
            [
              4.9863804554520765,
              49.207054895915675
            ],
            [
              4.9863804554520765,
              49.207054895915675
            ],
            [
              4.991382370944326,
              49.20732212913987
            ],
            [
              4.996384286436577,
              49.207589362364054
            ],
            [
              5.0013862019288275,
              49.20785659558824
            ],
            [
              5.006388117421077,
              49.20812382881244
            ],
            [
              5.011390032913326,
              49.20839106203663
            ],
            [
              5.016391948405579,
              49.20865829526082
            ],
            [
              5.0213938638978295,
              49.20892552848501
            ],
            [
              5.026395779390077,
              49.209192761709204
            ],
            [
              5.031397694882331,
              49.2094599949334
            ],
            [
              5.036399610374579,
              49.20972722815758
            ],
            [
              5.036399610374579,
              49.20972722815758
            ],
            [
              5.039611239854294,
              49.212653913057544
            ],
            [
              5.0428228693340085,
              49.21558059795751
            ],
            [
              5.046034498813723,
              49.21850728285748
            ],
            [
              5.049246128293438,
              49.22143396775745
            ],
            [
              5.052457757773153,
              49.22436065265742
            ],
            [
              5.05566938725287,
              49.22728733755737
            ],
            [
              5.058881016732586,
              49.23021402245734
            ],
            [
              5.062092646212301,
              49.23314070735731
            ],
            [
              5.065304275692016,
              49.23606739225727
            ],
            [
              5.068515905171731,
              49.23899407715723
            ],
            [
              5.068515905171731,
              49.23899407715723
            ],
            [
              5.073776682345219,
              49.24050266348787
            ],
            [
              5.079037459518707,
              49.2420112498185
            ],
            [
              5.084298236692195,
              49.24351983614915
            ],
            [
              5.089559013865683,
              49.24502842247978
            ],
            [
              5.0948197910391695,
              49.24653700881042
            ],
            [
              5.100080568212659,
              49.24804559514106
            ],
            [
              5.105341345386146,
              49.249554181471694
            ],
            [
              5.110602122559634,
              49.251062767802324
            ],
            [
              5.115862899733122,
              49.25257135413296
            ],
            [
              5.12112367690661,
              49.254079940463605
            ],
            [
              5.12112367690661,
              49.254079940463605
            ],
            [
              5.120874569320941,
              49.25789239633249
            ],
            [
              5.120625461735278,
              49.26170485220137
            ],
            [
              5.1203763541496095,
              49.265517308070265
            ],
            [
              5.1201272465639445,
              49.26932976393915
            ],
            [
              5.119878138978278,
              49.27314221980803
            ],
            [
              5.119629031392611,
              49.276954675676926
            ],
            [
              5.119379923806946,
              49.28076713154581
            ],
            [
              5.119130816221281,
              49.284579587414704
            ],
            [
              5.118881708635611,
              49.28839204328359
            ],
            [
              5.118632601049946,
              49.29220449915247
            ],
            [
              5.118632601049946,
              49.29220449915247
            ],
            [
              5.122736593520818,
              49.29318081600353
            ],
            [
              5.126840585991687,
              49.29415713285458
            ],
            [
              5.130944578462557,
              49.295133449705645
            ],
            [
              5.135048570933428,
              49.296109766556704
            ],
            [
              5.139152563404302,
              49.297086083407756
            ],
            [
              5.143256555875169,
              49.298062400258814
            ],
            [
              5.14736054834604,
              49.299038717109866
            ],
            [
              5.151464540816912,
              49.300015033960925
            ],
            [
              5.1555685332877825,
              49.30099135081199
            ],
            [
              5.159672525758653,
              49.30196766766304
            ],
            [
              5.159672525758653,
              49.30196766766304
            ],
            [
              5.1628802984846,
              49.302855097385034
            ],
            [
              5.166088071210551,
              49.303742527107026
            ],
            [
              5.1692958439364975,
              49.30462995682901
            ],
            [
              5.1725036166624445,
              49.305517386551
            ],
            [
              5.175711389388393,
              49.30640481627299
            ],
            [
              5.17891916211434,
              49.30729224599498
            ],
            [
              5.182126934840287,
              49.308179675716964
            ],
            [
              5.185334707566234,
              49.309067105438956
            ],
            [
              5.188542480292183,
              49.309954535160955
            ],
            [
              5.19175025301813,
              49.31084196488294
            ],
            [
              5.19175025301813,
              49.31084196488294
            ],
            [
              5.190341835890317,
              49.311994232962114
            ],
            [
              5.188933418762506,
              49.31314650104129
            ],
            [
              5.18752500163469,
              49.31429876912046
            ],
            [
              5.186116584506877,
              49.31545103719963
            ],
            [
              5.1847081673790605,
              49.31660330527881
            ],
            [
              5.183299750251248,
              49.317755573357985
            ],
            [
              5.181891333123433,
              49.31890784143715
            ],
            [
              5.18048291599562,
              49.320060109516334
            ],
            [
              5.179074498867804,
              49.32121237759551
            ],
            [
              5.177666081739993,
              49.322364645674675
            ],
            [
              5.177666081739993,
              49.322364645674675
            ],
            [
              5.177668990851956,
              49.32387191982881
            ],
            [
              5.177671899963919,
              49.32537919398295
            ],
            [
              5.1776748090758815,
              49.32688646813708
            ],
            [
              5.177677718187846,
              49.328393742291226
            ],
            [
              5.177680627299809,
              49.329901016445355
            ],
            [
              5.177683536411772,
              49.33140829059949
            ],
            [
              5.177686445523735,
              49.332915564753634
            ],
            [
              5.1776893546356995,
              49.33442283890777
            ],
            [
              5.177692263747662,
              49.335930113061906
            ],
            [
              5.177695172859627,
              49.33743738721605
            ],
            [
              5.177695172859627,
              49.33743738721605
            ],
            [
              5.182186473125951,
              49.33894578151266
            ],
            [
              5.186677773392278,
              49.340454175809285
            ],
            [
              5.1911690736586085,
              49.341962570105906
            ],
            [
              5.195660373924934,
              49.343470964402535
            ],
            [
              5.200151674191263,
              49.34497935869915
            ],
            [
              5.204642974457586,
              49.34648775299577
            ],
            [
              5.2091342747239135,
              49.3479961472924
            ],
            [
              5.213625574990241,
              49.34950454158902
            ],
            [
              5.21811687525657,
              49.35101293588564
            ],
            [
              5.222608175522893,
              49.35252133018226
            ],
            [
              5.222608175522893,
              49.35252133018226
            ],
            [
              5.231206077155628,
              49.35553802276837
            ],
            [
              5.239803978788361,
              49.35855471535448
            ],
            [
              5.248401880421094,
              49.36157140794058
            ],
            [
              5.256999782053832,
              49.36458810052669
            ],
            [
              5.265597683686563,
              49.3676047931128
            ],
            [
              5.274195585319298,
              49.37062148569891
            ],
            [
              5.2827934869520305,
              49.373638178285006
            ],
            [
              5.291391388584763,
              49.37665487087112
            ],
            [
              5.299989290217498,
              49.37967156345723
            ],
            [
              5.308587191850231,
              49.38268825604333
            ],
            [
              5.308587191850231,
              49.38268825604333
            ],
            [
              5.301028751868632,
              49.386676209223104
            ],
            [
              5.293470311887031,
              49.390664162402864
            ],
            [
              5.28591187190543,
              49.39465211558264
            ],
            [
              5.278353431923833,
              49.398640068762404
            ],
            [
              5.270794991942232,
              49.40262802194217
            ],
            [
              5.263236551960631,
              49.40661597512194
            ],
            [
              5.255678111979032,
              49.41060392830172
            ],
            [
              5.248119671997433,
              49.41459188148148
            ],
            [
              5.24056123201583,
              49.41857983466125
            ],
            [
              5.233002792034233,
              49.42256778784102
            ],
            [
              5.233002792034233,
              49.42256778784102
            ],
            [
              5.229154881224211,
              49.42221217915071
            ],
            [
              5.225306970414186,
              49.42185657046041
            ],
            [
              5.221459059604163,
              49.42150096177011
            ],
            [
              5.217611148794138,
              49.4211453530798
            ],
            [
              5.213763237984116,
              49.42078974438951
            ],
            [
              5.209915327174095,
              49.4204341356992
            ],
            [
              5.206067416364071,
              49.4200785270089
            ],
            [
              5.202219505554046,
              49.4197229183186
            ],
            [
              5.198371594744021,
              49.419367309628285
            ],
            [
              5.194523683933999,
              49.419011700937986
            ],
            [
              5.194523683933999,
              49.419011700937986
            ],
            [
              5.187987000699579,
              49.42087199143181
            ],
            [
              5.1814503174651545,
              49.422732281925626
            ],
            [
              5.174913634230736,
              49.42459257241944
            ],
            [
              5.168376950996311,
              49.42645286291326
            ],
            [
              5.161840267761891,
              49.428313153407075
            ],
            [
              5.155303584527468,
              49.43017344390089
            ],
            [
              5.148766901293049,
              49.43203373439471
            ],
            [
              5.142230218058627,
              49.43389402488853
            ],
            [
              5.135693534824204,
              49.43575431538234
            ],
            [
              5.129156851589782,
              49.43761460587616
            ],
            [
              5.129156851589782,
              49.43761460587616
            ],
            [
              5.125572122583961,
              49.439918955864684
            ],
            [
              5.12198739357814,
              49.442223305853204
            ],
            [
              5.118402664572319,
              49.44452765584173
            ],
            [
              5.1148179355664976,
              49.44683200583025
            ],
            [
              5.1112332065606765,
              49.449136355818766
            ],
            [
              5.107648477554854,
              49.45144070580729
            ],
            [
              5.1040637485490326,
              49.453745055795814
            ],
            [
              5.100479019543213,
              49.45604940578434
            ],
            [
              5.096894290537392,
              49.45835375577286
            ],
            [
              5.093309561531571,
              49.46065810576138
            ],
            [
              5.093309561531571,
              49.46065810576138
            ],
            [
              5.089077294060779,
              49.46047972260913
            ],
            [
              5.0848450265899885,
              49.46030133945687
            ],
            [
              5.080612759119193,
              49.460122956304616
            ],
            [
              5.076380491648402,
              49.45994457315236
            ],
            [
              5.07214822417761,
              49.4597661900001
            ],
            [
              5.0679159567068215,
              49.45958780684786
            ],
            [
              5.063683689236031,
              49.459409423695604
            ],
            [
              5.059451421765237,
              49.45923104054335
            ],
            [
              5.055219154294447,
              49.45905265739109
            ],
            [
              5.050986886823653,
              49.45887427423884
            ],
            [
              5.050986886823653,
              49.45887427423884
            ],
            [
              5.0504801133617345,
              49.46206494956104
            ],
            [
              5.049973339899816,
              49.46525562488324
            ],
            [
              5.049466566437895,
              49.46844630020545
            ],
            [
              5.048959792975976,
              49.471636975527645
            ],
            [
              5.0484530195140565,
              49.47482765084985
            ],
            [
              5.047946246052135,
              49.478018326172055
            ],
            [
              5.047439472590218,
              49.48120900149426
            ],
            [
              5.046932699128298,
              49.484399676816466
            ],
            [
              5.046425925666377,
              49.48759035213866
            ],
            [
              5.04591915220446,
              49.490781027460876
            ],
            [
              5.04591915220446,
              49.490781027460876
            ],
            [
              5.04695014966209,
              49.493441177759124
            ],
            [
              5.047981147119719,
              49.49610132805737
            ],
            [
              5.04901214457735,
              49.49876147835562
            ],
            [
              5.050043142034983,
              49.50142162865387
            ],
            [
              5.051074139492613,
              49.50408177895212
            ],
            [
              5.052105136950246,
              49.50674192925037
            ],
            [
              5.053136134407875,
              49.50940207954862
            ],
            [
              5.054167131865507,
              49.51206222984686
            ],
            [
              5.055198129323138,
              49.51472238014512
            ],
            [
              5.056229126780769,
              49.51738253044337
            ],
            [
              5.056229126780769,
              49.51738253044337
            ],
            [
              5.058408732064283,
              49.517117089470844
            ],
            [
              5.060588337347799,
              49.516851648498324
            ],
            [
              5.062767942631318,
              49.5165862075258
            ],
            [
              5.064947547914832,
              49.51632076655327
            ],
            [
              5.0671271531983475,
              49.51605532558076
            ],
            [
              5.069306758481865,
              49.515789884608225
            ],
            [
              5.071486363765377,
              49.515524443635705
            ],
            [
              5.073665969048896,
              49.51525900266318
            ],
            [
              5.075845574332412,
              49.51499356169065
            ],
            [
              5.078025179615926,
              49.51472812071813
            ],
            [
              5.078025179615926,
              49.51472812071813
            ],
            [
              5.080073471685429,
              49.51286670461249
            ],
            [
              5.08212176375493,
              49.511005288506844
            ],
            [
              5.084170055824432,
              49.5091438724012
            ],
            [
              5.086218347893933,
              49.50728245629555
            ],
            [
              5.0882666399634395,
              49.50542104018991
            ],
            [
              5.090314932032939,
              49.50355962408426
            ],
            [
              5.092363224102442,
              49.50169820797862
            ],
            [
              5.094411516171943,
              49.49983679187298
            ],
            [
              5.096459808241445,
              49.49797537576733
            ],
            [
              5.098508100310946,
              49.496113959661685
            ],
            [
              5.098508100310946,
              49.496113959661685
            ],
            [
              5.101327672553683,
              49.4952280341502
            ],
            [
              5.104147244796421,
              49.494342108638726
            ],
            [
              5.10696681703916,
              49.493456183127265
            ],
            [
              5.109786389281897,
              49.49257025761579
            ],
            [
              5.112605961524634,
              49.49168433210431
            ],
            [
              5.115425533767372,
              49.49079840659284
            ],
            [
              5.118245106010107,
              49.48991248108136
            ],
            [
              5.121064678252846,
              49.489026555569886
            ],
            [
              5.123884250495582,
              49.48814063005841
            ],
            [
              5.126703822738319,
              49.48725470454694
            ],
            [
              5.126703822738319,
              49.48725470454694
            ],
            [
              5.128119213920206,
              49.490535589558725
            ],
            [
              5.129534605102087,
              49.49381647457051
            ],
            [
              5.130949996283968,
              49.49709735958229
            ],
            [
              5.1323653874658515,
              49.500378244594074
            ],
            [
              5.133780778647736,
              49.50365912960585
            ],
            [
              5.135196169829618,
              49.50694001461763
            ],
            [
              5.136611561011502,
              49.510220899629424
            ],
            [
              5.138026952193384,
              49.51350178464121
            ],
            [
              5.139442343375265,
              49.51678266965299
            ],
            [
              5.14085773455715,
              49.52006355466478
            ],
            [
              5.14085773455715,
              49.52006355466478
            ],
            [
              5.1393246410000355,
              49.52227975320383
            ],
            [
              5.137791547442919,
              49.52449595174289
            ],
            [
              5.136258453885807,
              49.526712150281966
            ],
            [
              5.134725360328693,
              49.52892834882102
            ],
            [
              5.13319226677158,
              49.531144547360086
            ],
            [
              5.131659173214464,
              49.53336074589914
            ],
            [
              5.13012607965735,
              49.535576944438205
            ],
            [
              5.1285929861002355,
              49.537793142977264
            ],
            [
              5.127059892543121,
              49.540009341516324
            ],
            [
              5.125526798986007,
              49.54222554005539
            ],
            [
              5.125526798986007,
              49.54222554005539
            ],
            [
              5.1250191719688125,
              49.544973969832355
            ],
            [
              5.124511544951616,
              49.54772239960932
            ],
            [
              5.12400391793442,
              49.5504708293863
            ],
            [
              5.1234962909172275,
              49.55321925916326
            ],
            [
              5.1229886639000295,
              49.55596768894023
            ],
            [
              5.122481036882835,
              49.5587161187172
            ],
            [
              5.121973409865641,
              49.561464548494165
            ],
            [
              5.1214657828484444,
              49.56421297827113
            ],
            [
              5.120958155831248,
              49.5669614080481
            ],
            [
              5.120450528814056,
              49.569709837825066
            ],
            [
              5.120450528814056,
              49.569709837825066
            ],
            [
              5.11840094685304,
              49.57086194589235
            ],
            [
              5.116351364892026,
              49.57201405395963
            ],
            [
              5.11430178293101,
              49.5731661620269
            ],
            [
              5.112252200969996,
              49.57431827009419
            ],
            [
              5.110202619008982,
              49.57547037816147
            ],
            [
              5.108153037047968,
              49.57662248622874
            ],
            [
              5.106103455086952,
              49.577774594296024
            ],
            [
              5.10405387312594,
              49.578926702363304
            ],
            [
              5.102004291164924,
              49.580078810430585
            ],
            [
              5.09995470920391,
              49.581230918497866
            ],
            [
              5.09995470920391,
              49.581230918497866
            ],
            [
              5.098292656147459,
              49.58389039670667
            ],
            [
              5.096630603091008,
              49.586549874915484
            ],
            [
              5.094968550034556,
              49.589209353124296
            ],
            [
              5.093306496978105,
              49.5918688313331
            ],
            [
              5.0916444439216555,
              49.59452830954192
            ],
            [
              5.089982390865204,
              49.597187787750734
            ],
            [
              5.088320337808753,
              49.59984726595954
            ],
            [
              5.0866582847523,
              49.60250674416835
            ],
            [
              5.084996231695849,
              49.60516622237715
            ],
            [
              5.083334178639399,
              49.60782570058596
            ],
            [
              5.083334178639399,
              49.60782570058596
            ],
            [
              5.080899555528756,
              49.60880038563159
            ],
            [
              5.078464932418113,
              49.6097750706772
            ],
            [
              5.07603030930747,
              49.610749755722814
            ],
            [
              5.073595686196828,
              49.611724440768434
            ],
            [
              5.071161063086185,
              49.612699125814046
            ],
            [
              5.068726439975542,
              49.613673810859666
            ],
            [
              5.066291816864901,
              49.614648495905286
            ],
            [
              5.063857193754256,
              49.61562318095089
            ],
            [
              5.061422570643616,
              49.61659786599651
            ],
            [
              5.058987947532975,
              49.61757255104213
            ],
            [
              5.058987947532975,
              49.61757255104213
            ],
            [
              5.05899222564377,
              49.61978913325438
            ],
            [
              5.058996503754566,
              49.622005715466614
            ],
            [
              5.059000781865363,
              49.62422229767886
            ],
            [
              5.059005059976158,
              49.626438879891104
            ],
            [
              5.059009338086954,
              49.62865546210335
            ],
            [
              5.059013616197751,
              49.630872044315595
            ],
            [
              5.059017894308548,
              49.633088626527844
            ],
            [
              5.059022172419343,
              49.63530520874009
            ],
            [
              5.0590264505301406,
              49.63752179095233
            ],
            [
              5.059030728640936,
              49.63973837316457
            ],
            [
              5.059030728640936,
              49.63973837316457
            ],
            [
              5.063263680600587,
              49.640271404876536
            ],
            [
              5.067496632560239,
              49.64080443658851
            ],
            [
              5.0717295845198915,
              49.64133746830047
            ],
            [
              5.075962536479542,
              49.641870500012445
            ],
            [
              5.080195488439195,
              49.642403531724405
            ],
            [
              5.084428440398845,
              49.64293656343637
            ],
            [
              5.088661392358498,
              49.64346959514834
            ],
            [
              5.09289434431815,
              49.6440026268603
            ],
            [
              5.097127296277803,
              49.644535658572266
            ],
            [
              5.101360248237453,
              49.64506869028423
            ],
            [
              5.101360248237453,
              49.64506869028423
            ],
            [
              5.104568321190383,
              49.64693141819127
            ],
            [
              5.107776394143315,
              49.64879414609831
            ],
            [
              5.110984467096248,
              49.65065687400536
            ],
            [
              5.114192540049178,
              49.652519601912395
            ],
            [
              5.117400613002111,
              49.654382329819434
            ],
            [
              5.120608685955041,
              49.65624505772647
            ],
            [
              5.123816758907973,
              49.65810778563352
            ],
            [
              5.127024831860906,
              49.65997051354056
            ],
            [
              5.130232904813836,
              49.661833241447596
            ],
            [
              5.133440977766766,
              49.66369596935464
            ],
            [
              5.133440977766766,
              49.66369596935464
            ],
            [
              5.133721737605514,
              49.6707089743534
            ],
            [
              5.134002497444261,
              49.67772197935217
            ],
            [
              5.134283257283007,
              49.684734984350925
            ],
            [
              5.13456401712175,
              49.691747989349686
            ],
            [
              5.134844776960499,
              49.69876099434846
            ],
            [
              5.135125536799245,
              49.70577399934722
            ],
            [
              5.135406296637994,
              49.71278700434599
            ],
            [
              5.1356870564767405,
              49.71980000934475
            ],
            [
              5.135967816315485,
              49.726813014343506
            ],
            [
              5.136248576154232,
              49.733826019342274
            ],
            [
              5.136248576154232,
              49.733826019342274
            ],
            [
              5.135511897654126,
              49.73643083748817
            ],
            [
              5.134717785387945,
              49.73902238591854
            ],
            [
              5.133823760331374,
              49.74158919040566
            ],
            [
              5.1327873434601035,
              49.74411977672184
            ],
            [
              5.131566055749818,
              49.746602670639376
            ],
            [
              5.13011741817621,
              49.74902639793056
            ],
            [
              5.128398951714962,
              49.75137948436768
            ],
            [
              5.126368177341762,
              49.75365045572305
            ],
            [
              5.1239826160323005,
              49.75582783776895
            ],
            [
              5.121199788762265,
              49.75790015627768
            ],
            [
              5.121199788762258,
              49.75790015627768
            ],
            [
              5.117198106472303,
              49.76282965514507
            ],
            [
              5.112033061864151,
              49.765633792242994
            ],
            [
              5.105982265623911,
              49.76681972995754
            ],
            [
              5.099323328437691,
              49.766894630674756
            ],
            [
              5.092333860991602,
              49.76636565678074
            ],
            [
              5.085291473971758,
              49.76573997066156
            ],
            [
              5.078473778064261,
              49.765524734703305
            ],
            [
              5.072158383955225,
              49.76622711129202
            ],
            [
              5.06662290233076,
              49.768354262813794
            ],
            [
              5.062144943876975,
              49.772413351654706
            ],
            [
              5.062144943876975,
              49.772413351654706
            ],
            [
              5.054274686073706,
              49.77247029717423
            ],
            [
              5.0470301395683705,
              49.773480392663984
            ],
            [
              5.040367402476388,
              49.775322053264574
            ],
            [
              5.034242572913188,
              49.77787369411658
            ],
            [
              5.028611748994196,
              49.78101373036057
            ],
            [
              5.023431028834832,
              49.78462057713713
            ],
            [
              5.018656510550528,
              49.78857264958687
            ],
            [
              5.014244292256704,
              49.79274836285035
            ],
            [
              5.010150472068787,
              49.79702613206815
            ],
            [
              5.006331148102204,
              49.80128437238087
            ],
            [
              5.006331148102204,
              49.80128437238087
            ],
            [
              5.001228644677292,
              49.801524633930434
            ],
            [
              4.99609175919349,
              49.801686785714175
            ],
            [
              4.99095471488052,
              49.80172729693866
            ],
            [
              4.9858517349681115,
              49.80160263681042
            ],
            [
              4.9808170426859775,
              49.80126927453601
            ],
            [
              4.975884861263852,
              49.800683679321956
            ],
            [
              4.971089413931454,
              49.79980232037482
            ],
            [
              4.966464923918508,
              49.79858166690114
            ],
            [
              4.962045614454736,
              49.796978188107474
            ],
            [
              4.957865708769864,
              49.79494835320033
            ],
            [
              4.957865708769855,
              49.79494835320033
            ],
            [
              4.951053057101651,
              49.79127767215286
            ],
            [
              4.943890612074403,
              49.78904075365029
            ],
            [
              4.936448953993565,
              49.78801421586416
            ],
            [
              4.928798663164587,
              49.787974676965995
            ],
            [
              4.921010319892918,
              49.78869875512731
            ],
            [
              4.913154504484016,
              49.789963068519626
            ],
            [
              4.905301797243325,
              49.79154423531446
            ],
            [
              4.8975227784763025,
              49.793218873683365
            ],
            [
              4.889888028488398,
              49.794763601797825
            ],
            [
              4.882468127585064,
              49.7959550378294
            ],
            [
              4.882468127585065,
              49.7959550378294
            ],
            [
              4.876139499321056,
              49.79358076072812
            ],
            [
              4.871974606660096,
              49.79305149003777
            ],
            [
              4.869665054275934,
              49.79404981278677
            ],
            [
              4.868902446842311,
              49.79625831600359
            ],
            [
              4.869378389032967,
              49.79935958671664
            ],
            [
              4.870784485521648,
              49.80303621195438
            ],
            [
              4.872812340982096,
              49.80697077874524
            ],
            [
              4.875153560088048,
              49.81084587411766
            ],
            [
              4.8774997475132515,
              49.81434408510011
            ],
            [
              4.879542507931449,
              49.81714799872098
            ],
            [
              4.87954250793144,
              49.81714799872098
            ],
            [
              4.880312216307642,
              49.82144471587184
            ],
            [
              4.880259999813234,
              49.8257987084712
            ],
            [
              4.879478167760828,
              49.830180780156184
            ],
            [
              4.878059029463039,
              49.83456173456394
            ],
            [
              4.876094894232478,
              49.83891237533161
            ],
            [
              4.873678071381759,
              49.843203506096316
            ],
            [
              4.8709008702234975,
              49.847405930495206
            ],
            [
              4.867855600070305,
              49.851490452165415
            ],
            [
              4.864634570234793,
              49.85542787474407
            ],
            [
              4.861330090029577,
              49.85918900186833
            ],
            [
              4.861330090029574,
              49.85918900186832
            ],
            [
              4.862652544832409,
              49.86250249398544
            ],
            [
              4.864555655671486,
              49.86570812818293
            ],
            [
              4.86689946543828,
              49.86884089212059
            ],
            [
              4.869544017024266,
              49.871935773458176
            ],
            [
              4.872349353320923,
              49.87502775985549
            ],
            [
              4.875175517219727,
              49.878151838972315
            ],
            [
              4.877882551612151,
              49.88134299846841
            ],
            [
              4.880330499389679,
              49.88463622600357
            ],
            [
              4.88237940344378,
              49.888066509237575
            ],
            [
              4.883889306665932,
              49.8916688358302
            ],
            [
              4.883889306665932,
              49.8916688358302
            ],
            [
              4.888690141901057,
              49.896620994917086
            ],
            [
              4.891291441967374,
              49.901596159773916
            ],
            [
              4.891955039599608,
              49.906547753654095
            ],
            [
              4.8909427675324775,
              49.91142919981103
            ],
            [
              4.8885164585007,
              49.91619392149811
            ],
            [
              4.884937945239001,
              49.920795341968756
            ],
            [
              4.880469060482099,
              49.92518688447635
            ],
            [
              4.875371636964708,
              49.92932197227428
            ],
            [
              4.869907507421557,
              49.933154028615974
            ],
            [
              4.864338504587362,
              49.93663647675483
            ],
            [
              4.864338504587357,
              49.93663647675483
            ],
            [
              4.851419185653969,
              49.9361076818319
            ],
            [
              4.83849986672058,
              49.93557888690898
            ],
            [
              4.825580547787192,
              49.93505009198604
            ],
            [
              4.8126612288538055,
              49.93452129706313
            ],
            [
              4.799741909920419,
              49.9339925021402
            ],
            [
              4.786822590987031,
              49.93346370721728
            ],
            [
              4.773903272053644,
              49.93293491229435
            ],
            [
              4.760983953120256,
              49.93240611737143
            ],
            [
              4.748064634186868,
              49.9318773224485
            ],
            [
              4.7351453152534795,
              49.93134852752558
            ],
            [
              4.7351453152534795,
              49.93134852752558
            ],
            [
              4.733216528814728,
              49.92868815317119
            ],
            [
              4.731287742375976,
              49.9260277788168
            ],
            [
              4.729358955937222,
              49.92336740446242
            ],
            [
              4.727430169498469,
              49.920707030108034
            ],
            [
              4.725501383059715,
              49.91804665575364
            ],
            [
              4.723572596620963,
              49.91538628139926
            ],
            [
              4.721643810182213,
              49.91272590704487
            ],
            [
              4.719715023743458,
              49.91006553269049
            ],
            [
              4.717786237304706,
              49.907405158336104
            ],
            [
              4.715857450865954,
              49.90474478398171
            ],
            [
              4.715857450865954,
              49.90474478398171
            ],
            [
              4.704961030800838,
              49.9067813133697
            ],
            [
              4.6940646107357225,
              49.90881784275768
            ],
            [
              4.683168190670607,
              49.910854372145664
            ],
            [
              4.672271770605489,
              49.91289090153364
            ],
            [
              4.661375350540373,
              49.914927430921615
            ],
            [
              4.650478930475259,
              49.916963960309594
            ],
            [
              4.639582510410142,
              49.91900048969758
            ],
            [
              4.628686090345024,
              49.92103701908557
            ],
            [
              4.61778967027991,
              49.92307354847354
            ],
            [
              4.606893250214794,
              49.925110077861525
            ],
            [
              4.606893250214794,
              49.925110077861525
            ],
            [
              4.601690942679534,
              49.92909862451733
            ],
            [
              4.5964886351442775,
              49.933087171173135
            ],
            [
              4.5912863276090174,
              49.93707571782894
            ],
            [
              4.586084020073759,
              49.94106426448474
            ],
            [
              4.580881712538497,
              49.94505281114055
            ],
            [
              4.575679405003239,
              49.94904135779635
            ],
            [
              4.570477097467981,
              49.953029904452144
            ],
            [
              4.565274789932722,
              49.957018451107956
            ],
            [
              4.560072482397464,
              49.961006997763754
            ],
            [
              4.554870174862206,
              49.964995544419565
            ],
            [
              4.554870174862206,
              49.964995544419565
            ],
            [
              4.550593328277536,
              49.96261584896493
            ],
            [
              4.5464882059683696,
              49.95999420926367
            ],
            [
              4.542462293226304,
              49.95725505869123
            ],
            [
              4.53842307534293,
              49.954522830623056
            ],
            [
              4.534278037609843,
              49.95192195843461
            ],
            [
              4.529934665318635,
              49.94957687550133
            ],
            [
              4.5253004437609,
              49.94761201519866
            ],
            [
              4.520282858228235,
              49.94615181090205
            ],
            [
              4.514789394012231,
              49.94532069598695
            ],
            [
              4.508727536404482,
              49.94524310382882
            ],
            [
              4.508727536404477,
              49.94524310382882
            ],
            [
              4.501745848175256,
              49.943953307301335
            ],
            [
              4.494747034190755,
              49.94251564038739
            ],
            [
              4.487740414374686,
              49.94108149859312
            ],
            [
              4.48073530865077,
              49.93980227742467
            ],
            [
              4.473741036942728,
              49.93882937238816
            ],
            [
              4.466766919174276,
              49.93831417898975
            ],
            [
              4.4598222752691346,
              49.93840809273558
            ],
            [
              4.45291642515102,
              49.939262509131765
            ],
            [
              4.446058688743651,
              49.94102882368446
            ],
            [
              4.4392583859707475,
              49.94385843189981
            ],
            [
              4.4392583859707475,
              49.94385843189981
            ],
            [
              4.433991736341515,
              49.945514300581706
            ],
            [
              4.428636712442033,
              49.946542878164344
            ],
            [
              4.423218444073374,
              49.94711251358291
            ],
            [
              4.417762061036607,
              49.94739155577258
            ],
            [
              4.4122926931328035,
              49.947548353668594
            ],
            [
              4.406835470163035,
              49.947751256206125
            ],
            [
              4.401415521928369,
              49.94816861232038
            ],
            [
              4.39605797822988,
              49.948968770946536
            ],
            [
              4.390787968868636,
              49.95032008101982
            ],
            [
              4.3856306236457065,
              49.952390891475424
            ],
            [
              4.38563062364571,
              49.952390891475424
            ],
            [
              4.38037612899385,
              49.95168023337327
            ],
            [
              4.375323746108474,
              49.951478112184304
            ],
            [
              4.370471103211457,
              49.95174838570166
            ],
            [
              4.365815828524674,
              49.95245491171844
            ],
            [
              4.361355550269996,
              49.953561548027764
            ],
            [
              4.357087896669299,
              49.95503215242273
            ],
            [
              4.353010495944458,
              49.95683058269649
            ],
            [
              4.349120976317344,
              49.95892069664213
            ],
            [
              4.345416966009841,
              49.961266352052775
            ],
            [
              4.341896093243811,
              49.963831406721546
            ],
            [
              4.341896093243818,
              49.963831406721546
            ],
            [
              4.333908244371399,
              49.96600960790639
            ],
            [
              4.325717685982687,
              49.96724168493321
            ],
            [
              4.317359473607903,
              49.967696468328434
            ],
            [
              4.308868662777273,
              49.96754278861853
            ],
            [
              4.300280309021016,
              49.96694947632997
            ],
            [
              4.291629467869354,
              49.966085361989194
            ],
            [
              4.282951194852515,
              49.96511927612267
            ],
            [
              4.274280545500721,
              49.964220049256845
            ],
            [
              4.265652575344189,
              49.9635565119182
            ],
            [
              4.25710233991315,
              49.96329749463315
            ],
            [
              4.257102339913152,
              49.96329749463316
            ],
            [
              4.253947230894822,
              49.96283613310193
            ],
            [
              4.250704580881353,
              49.96233415004989
            ],
            [
              4.2473933859048,
              49.96181408860063
            ],
            [
              4.244032641997213,
              49.961298491877756
            ],
            [
              4.240641345190642,
              49.960809903004844
            ],
            [
              4.237238491517138,
              49.9603708651055
            ],
            [
              4.23384307700875,
              49.96000392130331
            ],
            [
              4.230474097697531,
              49.959731614721875
            ],
            [
              4.227150549615532,
              49.959576488484785
            ],
            [
              4.223891428794802,
              49.95956108571563
            ],
            [
              4.223891428794806,
              49.95956108571563
            ]
          ]
        ]
      }
    },
    {
      "type": "Feature",
      "properties": {
        "diocese": "Silvanecten",
        "province": "Remen",
        "start": 1592,
        "end": 1789
      },
      "geometry": {
        "type": "Polygon",
        "coordinates": [
          [
            [
              2.9225370499558934,
              49.202512595306835
            ],
            [
              2.9234528478607973,
              49.20708911876434
            ],
            [
              2.9243686457656994,
              49.21166564222183
            ],
            [
              2.925284443670602,
              49.21624216567934
            ],
            [
              2.9262002415755046,
              49.22081868913684
            ],
            [
              2.9271160394804068,
              49.225395212594336
            ],
            [
              2.92803183738531,
              49.22997173605184
            ],
            [
              2.9289476352902137,
              49.23454825950934
            ],
            [
              2.929863433195114,
              49.23912478296684
            ],
            [
              2.930779231100019,
              49.24370130642434
            ],
            [
              2.931695029004921,
              49.24827782988184
            ],
            [
              2.931695029004921,
              49.24827782988184
            ],
            [
              2.9253486579780246,
              49.24865226315257
            ],
            [
              2.91900228695113,
              49.24902669642329
            ],
            [
              2.9126559159242325,
              49.24940112969402
            ],
            [
              2.906309544897336,
              49.24977556296475
            ],
            [
              2.8999631738704394,
              49.25014999623547
            ],
            [
              2.893616802843543,
              49.25052442950621
            ],
            [
              2.8872704318166478,
              49.25089886277693
            ],
            [
              2.880924060789751,
              49.25127329604765
            ],
            [
              2.874577689762856,
              49.251647729318385
            ],
            [
              2.8682313187359596,
              49.25202216258911
            ],
            [
              2.8682313187359596,
              49.25202216258911
            ],
            [
              2.865508486478348,
              49.25101841711983
            ],
            [
              2.8627856542207364,
              49.25001467165057
            ],
            [
              2.8600628219631266,
              49.2490109261813
            ],
            [
              2.857339989705517,
              49.24800718071203
            ],
            [
              2.8546171574479033,
              49.24700343524276
            ],
            [
              2.8518943251902944,
              49.24599968977349
            ],
            [
              2.849171492932684,
              49.244995944304215
            ],
            [
              2.846448660675073,
              49.24399219883495
            ],
            [
              2.8437258284174614,
              49.24298845336568
            ],
            [
              2.8410029961598497,
              49.241984707896414
            ],
            [
              2.8410029961598497,
              49.241984707896414
            ],
            [
              2.8382839253016594,
              49.24211008118341
            ],
            [
              2.835564854443469,
              49.24223545447041
            ],
            [
              2.8328457835852743,
              49.24236082775741
            ],
            [
              2.830126712727084,
              49.24248620104441
            ],
            [
              2.827407641868892,
              49.242611574331406
            ],
            [
              2.824688571010699,
              49.242736947618404
            ],
            [
              2.821969500152509,
              49.24286232090541
            ],
            [
              2.8192504292943164,
              49.24298769419241
            ],
            [
              2.8165313584361242,
              49.2431130674794
            ],
            [
              2.813812287577932,
              49.2432384407664
            ],
            [
              2.813812287577932,
              49.2432384407664
            ],
            [
              2.8107334499720245,
              49.24587085861092
            ],
            [
              2.8076546123661177,
              49.248503276455445
            ],
            [
              2.80457577476021,
              49.251135694299954
            ],
            [
              2.801496937154303,
              49.25376811214447
            ],
            [
              2.7984180995483956,
              49.25640052998899
            ],
            [
              2.7953392619424884,
              49.259032947833504
            ],
            [
              2.792260424336581,
              49.261665365678034
            ],
            [
              2.7891815867306757,
              49.264297783522544
            ],
            [
              2.786102749124767,
              49.26693020136706
            ],
            [
              2.78302391151886,
              49.26956261921158
            ],
            [
              2.78302391151886,
              49.26956261921158
            ],
            [
              2.780306290065274,
              49.27043896053663
            ],
            [
              2.7775886686116906,
              49.27131530186168
            ],
            [
              2.774871047158105,
              49.27219164318672
            ],
            [
              2.7721534257045213,
              49.27306798451177
            ],
            [
              2.769435804250938,
              49.27394432583682
            ],
            [
              2.766718182797353,
              49.27482066716186
            ],
            [
              2.764000561343769,
              49.275697008486915
            ],
            [
              2.7612829398901835,
              49.27657334981196
            ],
            [
              2.7585653184365997,
              49.277449691137015
            ],
            [
              2.755847696983016,
              49.278326032462054
            ],
            [
              2.755847696983016,
              49.278326032462054
            ],
            [
              2.753123291613921,
              49.27650722373288
            ],
            [
              2.750398886244828,
              49.274688415003695
            ],
            [
              2.7476744808757325,
              49.27286960627451
            ],
            [
              2.744950075506639,
              49.27105079754533
            ],
            [
              2.7422256701375463,
              49.26923198881615
            ],
            [
              2.739501264768451,
              49.267413180086976
            ],
            [
              2.736776859399359,
              49.265594371357786
            ],
            [
              2.734052454030262,
              49.2637755626286
            ],
            [
              2.7313280486611684,
              49.26195675389942
            ],
            [
              2.7286036432920757,
              49.26013794517024
            ],
            [
              2.7286036432920757,
              49.26013794517024
            ],
            [
              2.7258793170303024,
              49.2583191364608
            ],
            [
              2.723154990768529,
              49.25650032775137
            ],
            [
              2.720430664506756,
              49.25468151904192
            ],
            [
              2.7177063382449824,
              49.25286271033248
            ],
            [
              2.7149820119832095,
              49.25104390162304
            ],
            [
              2.712257685721434,
              49.249225092913605
            ],
            [
              2.709533359459661,
              49.24740628420417
            ],
            [
              2.706809033197888,
              49.24558747549472
            ],
            [
              2.7040847069361145,
              49.24376866678529
            ],
            [
              2.701360380674341,
              49.24194985807585
            ],
            [
              2.701360380674341,
              49.24194985807585
            ],
            [
              2.697550066034689,
              49.24107188761058
            ],
            [
              2.6937397513950354,
              49.24019391714531
            ],
            [
              2.6899294367553845,
              49.23931594668004
            ],
            [
              2.686119122115734,
              49.23843797621477
            ],
            [
              2.682308807476081,
              49.2375600057495
            ],
            [
              2.6784984928364284,
              49.23668203528423
            ],
            [
              2.6746881781967757,
              49.235804064818964
            ],
            [
              2.670877863557123,
              49.23492609435369
            ],
            [
              2.667067548917472,
              49.23404812388843
            ],
            [
              2.6632572342778196,
              49.23317015342316
            ],
            [
              2.6632572342778196,
              49.23317015342316
            ],
            [
              2.6578120207706073,
              49.23053560827924
            ],
            [
              2.6523668072633955,
              49.22790106313533
            ],
            [
              2.6469215937561854,
              49.225266517991415
            ],
            [
              2.641476380248975,
              49.22263197284749
            ],
            [
              2.6360311667417613,
              49.21999742770358
            ],
            [
              2.6305859532345512,
              49.21736288255966
            ],
            [
              2.6251407397273394,
              49.21472833741575
            ],
            [
              2.6196955262201276,
              49.21209379227184
            ],
            [
              2.614250312712917,
              49.20945924712792
            ],
            [
              2.608805099205707,
              49.20682470198401
            ],
            [
              2.608805099205707,
              49.20682470198401
            ],
            [
              2.6042737901778263,
              49.20782664254746
            ],
            [
              2.599742481149946,
              49.208828583110915
            ],
            [
              2.5952111721220636,
              49.20983052367436
            ],
            [
              2.5906798630941847,
              49.21083246423781
            ],
            [
              2.586148554066304,
              49.21183440480126
            ],
            [
              2.5816172450384234,
              49.212836345364714
            ],
            [
              2.577085936010545,
              49.21383828592816
            ],
            [
              2.572554626982662,
              49.21484022649162
            ],
            [
              2.568023317954782,
              49.21584216705507
            ],
            [
              2.5634920089269033,
              49.21684410761853
            ],
            [
              2.5634920089269033,
              49.21684410761853
            ],
            [
              2.5594977342128584,
              49.215086938654395
            ],
            [
              2.5555034594988153,
              49.21332976969028
            ],
            [
              2.551509184784774,
              49.211572600726164
            ],
            [
              2.547514910070728,
              49.209815431762046
            ],
            [
              2.5435206353566873,
              49.20805826279793
            ],
            [
              2.539526360642642,
              49.20630109383381
            ],
            [
              2.535532085928601,
              49.2045439248697
            ],
            [
              2.5315378112145575,
              49.20278675590557
            ],
            [
              2.5275435365005148,
              49.20102958694145
            ],
            [
              2.5235492617864717,
              49.19927241797734
            ],
            [
              2.5235492617864717,
              49.19927241797734
            ],
            [
              2.5177469177674756,
              49.199773038888004
            ],
            [
              2.5119445737484782,
              49.200273659798675
            ],
            [
              2.506142229729483,
              49.200774280709346
            ],
            [
              2.500339885710488,
              49.20127490162002
            ],
            [
              2.4945375416914923,
              49.20177552253069
            ],
            [
              2.488735197672495,
              49.20227614344136
            ],
            [
              2.4829328536534994,
              49.20277676435203
            ],
            [
              2.4771305096345038,
              49.2032773852627
            ],
            [
              2.471328165615508,
              49.203778006173366
            ],
            [
              2.465525821596511,
              49.20427862708404
            ],
            [
              2.465525821596511,
              49.20427862708404
            ],
            [
              2.462437596929417,
              49.20126864759243
            ],
            [
              2.459349372262324,
              49.19825866810082
            ],
            [
              2.4562611475952285,
              49.19524868860921
            ],
            [
              2.453172922928134,
              49.1922387091176
            ],
            [
              2.450084698261042,
              49.18922872962599
            ],
            [
              2.4469964735939462,
              49.18621875013438
            ],
            [
              2.4439082489268515,
              49.183208770642764
            ],
            [
              2.440820024259756,
              49.18019879115116
            ],
            [
              2.4377317995926635,
              49.17718881165955
            ],
            [
              2.4346435749255693,
              49.17417883216795
            ],
            [
              2.4346435749255693,
              49.17417883216795
            ],
            [
              2.4362715326962214,
              49.172298086433074
            ],
            [
              2.437899490466875,
              49.1704173406982
            ],
            [
              2.4395274482375284,
              49.16853659496334
            ],
            [
              2.4411554060081806,
              49.16665584922847
            ],
            [
              2.4427833637788345,
              49.164775103493604
            ],
            [
              2.4444113215494867,
              49.162894357758745
            ],
            [
              2.4460392793201384,
              49.16101361202387
            ],
            [
              2.4476672370907924,
              49.15913286628901
            ],
            [
              2.449295194861446,
              49.15725212055414
            ],
            [
              2.450923152632098,
              49.15537137481927
            ],
            [
              2.450923152632098,
              49.15537137481927
            ],
            [
              2.452369261577972,
              49.15292655805326
            ],
            [
              2.453815370523843,
              49.15048174128724
            ],
            [
              2.4552614794697134,
              49.148036924521215
            ],
            [
              2.456707588415586,
              49.1455921077552
            ],
            [
              2.458153697361458,
              49.14314729098918
            ],
            [
              2.4595998063073288,
              49.14070247422316
            ],
            [
              2.4610459152532007,
              49.13825765745714
            ],
            [
              2.462492024199073,
              49.13581284069112
            ],
            [
              2.4639381331449455,
              49.13336802392511
            ],
            [
              2.465384242090816,
              49.13092320715909
            ],
            [
              2.465384242090816,
              49.13092320715909
            ],
            [
              2.4691026313516966,
              49.130611141238184
            ],
            [
              2.4728210206125794,
              49.13029907531729
            ],
            [
              2.4765394098734603,
              49.12998700939638
            ],
            [
              2.480257799134341,
              49.129674943475486
            ],
            [
              2.4839761883952236,
              49.129362877554584
            ],
            [
              2.487694577656104,
              49.12905081163368
            ],
            [
              2.491412966916985,
              49.12873874571278
            ],
            [
              2.4951313561778674,
              49.128426679791886
            ],
            [
              2.4988497454387484,
              49.128114613870984
            ],
            [
              2.5025681346996307,
              49.12780254795008
            ],
            [
              2.5025681346996307,
              49.12780254795008
            ],
            [
              2.503019051566431,
              49.126862617735924
            ],
            [
              2.503469968433231,
              49.12592268752176
            ],
            [
              2.5039208853000328,
              49.1249827573076
            ],
            [
              2.504371802166833,
              49.12404282709343
            ],
            [
              2.504822719033633,
              49.12310289687927
            ],
            [
              2.5052736359004357,
              49.12216296666511
            ],
            [
              2.505724552767236,
              49.12122303645094
            ],
            [
              2.5061754696340355,
              49.12028310623678
            ],
            [
              2.506626386500836,
              49.11934317602262
            ],
            [
              2.5070773033676397,
              49.11840324580846
            ],
            [
              2.5070773033676397,
              49.11840324580846
            ],
            [
              2.507799677109193,
              49.11645925087167
            ],
            [
              2.508522050850748,
              49.114515255934876
            ],
            [
              2.5092444245923047,
              49.112571260998074
            ],
            [
              2.5099667983338585,
              49.110627266061286
            ],
            [
              2.510689172075413,
              49.10868327112449
            ],
            [
              2.511411545816969,
              49.10673927618769
            ],
            [
              2.512133919558524,
              49.1047952812509
            ],
            [
              2.512856293300079,
              49.10285128631411
            ],
            [
              2.5135786670416356,
              49.10090729137732
            ],
            [
              2.5143010407831894,
              49.09896329644052
            ],
            [
              2.5143010407831894,
              49.09896329644052
            ],
            [
              2.5168330610475014,
              49.09557870246298
            ],
            [
              2.519365081311815,
              49.09219410848546
            ],
            [
              2.521897101576127,
              49.08880951450792
            ],
            [
              2.5244291218404378,
              49.085424920530386
            ],
            [
              2.5269611421047533,
              49.08204032655285
            ],
            [
              2.5294931623690635,
              49.07865573257532
            ],
            [
              2.532025182633376,
              49.07527113859778
            ],
            [
              2.534557202897688,
              49.07188654462025
            ],
            [
              2.5370892231620017,
              49.06850195064271
            ],
            [
              2.539621243426312,
              49.065117356665176
            ],
            [
              2.539621243426312,
              49.065117356665176
            ],
            [
              2.541434570203841,
              49.064804820777915
            ],
            [
              2.543247896981369,
              49.06449228489064
            ],
            [
              2.5450612237588994,
              49.06417974900337
            ],
            [
              2.5468745505364283,
              49.06386721311611
            ],
            [
              2.548687877313957,
              49.06355467722884
            ],
            [
              2.550501204091488,
              49.063242141341576
            ],
            [
              2.5523145308690167,
              49.0629296054543
            ],
            [
              2.5541278576465447,
              49.06261706956703
            ],
            [
              2.5559411844240736,
              49.06230453367977
            ],
            [
              2.557754511201602,
              49.0619919977925
            ],
            [
              2.557754511201602,
              49.0619919977925
            ],
            [
              2.570088342922568,
              49.063374158923516
            ],
            [
              2.5824221746435336,
              49.064756320054535
            ],
            [
              2.5947560063644994,
              49.066138481185554
            ],
            [
              2.6070898380854635,
              49.06752064231657
            ],
            [
              2.6194236698064306,
              49.0689028034476
            ],
            [
              2.6317575015273964,
              49.070284964578605
            ],
            [
              2.644091333248362,
              49.071667125709624
            ],
            [
              2.6564251649693262,
              49.07304928684064
            ],
            [
              2.668758996690294,
              49.07443144797166
            ],
            [
              2.681092828411258,
              49.07581360910268
            ],
            [
              2.681092828411258,
              49.07581360910268
            ],
            [
              2.680818074096497,
              49.07437142881789
            ],
            [
              2.6805433197817377,
              49.072929248533086
            ],
            [
              2.680268565466979,
              49.071487068248295
            ],
            [
              2.679993811152216,
              49.0700448879635
            ],
            [
              2.6797190568374556,
              49.0686027076787
            ],
            [
              2.6794443025226964,
              49.06716052739391
            ],
            [
              2.6791695482079354,
              49.06571834710911
            ],
            [
              2.6788947938931753,
              49.064276166824314
            ],
            [
              2.678620039578416,
              49.06283398653951
            ],
            [
              2.678345285263654,
              49.06139180625472
            ],
            [
              2.678345285263654,
              49.06139180625472
            ],
            [
              2.676891916944116,
              49.06007538370005
            ],
            [
              2.675438548624576,
              49.058758961145394
            ],
            [
              2.6739851803050345,
              49.057442538590735
            ],
            [
              2.6725318119854964,
              49.05612611603607
            ],
            [
              2.6710784436659556,
              49.05480969348141
            ],
            [
              2.6696250753464157,
              49.05349327092675
            ],
            [
              2.668171707026874,
              49.052176848372085
            ],
            [
              2.6667183387073368,
              49.050860425817426
            ],
            [
              2.665264970387797,
              49.04954400326277
            ],
            [
              2.663811602068257,
              49.0482275807081
            ],
            [
              2.663811602068257,
              49.0482275807081
            ],
            [
              2.6685280347582547,
              49.048666731539605
            ],
            [
              2.673244467448254,
              49.04910588237111
            ],
            [
              2.677960900138253,
              49.04954503320261
            ],
            [
              2.6826773328282525,
              49.049984184034116
            ],
            [
              2.6873937655182516,
              49.05042333486562
            ],
            [
              2.6921101982082525,
              49.050862485697124
            ],
            [
              2.69682663089825,
              49.05130163652863
            ],
            [
              2.7015430635882507,
              49.051740787360124
            ],
            [
              2.70625949627825,
              49.05217993819163
            ],
            [
              2.710975928968249,
              49.052619089023125
            ],
            [
              2.710975928968249,
              49.052619089023125
            ],
            [
              2.7153345074839343,
              49.05581846062041
            ],
            [
              2.7196930859996216,
              49.059017832217684
            ],
            [
              2.724051664515307,
              49.06221720381496
            ],
            [
              2.7284102430309907,
              49.06541657541223
            ],
            [
              2.7327688215466797,
              49.068615947009505
            ],
            [
              2.737127400062365,
              49.07181531860678
            ],
            [
              2.74148597857805,
              49.075014690204064
            ],
            [
              2.745844557093736,
              49.07821406180133
            ],
            [
              2.7502031356094228,
              49.08141343339861
            ],
            [
              2.7545617141251086,
              49.084612804995885
            ],
            [
              2.7545617141251086,
              49.084612804995885
            ],
            [
              2.757919852134631,
              49.08655675176177
            ],
            [
              2.761277990144157,
              49.08850069852766
            ],
            [
              2.7646361281536778,
              49.09044464529355
            ],
            [
              2.767994266163203,
              49.092388592059436
            ],
            [
              2.7713524041727253,
              49.09433253882533
            ],
            [
              2.7747105421822478,
              49.09627648559122
            ],
            [
              2.778068680191772,
              49.09822043235711
            ],
            [
              2.7814268182012927,
              49.100164379122994
            ],
            [
              2.784784956210818,
              49.102108325888885
            ],
            [
              2.7881430942203402,
              49.10405227265478
            ],
            [
              2.7881430942203402,
              49.10405227265478
            ],
            [
              2.795137285776398,
              49.11032346199779
            ],
            [
              2.8021314773324595,
              49.1165946513408
            ],
            [
              2.809125668888519,
              49.122865840683815
            ],
            [
              2.816119860444575,
              49.129137030026826
            ],
            [
              2.823114052000633,
              49.13540821936984
            ],
            [
              2.8301082435566944,
              49.14167940871285
            ],
            [
              2.837102435112752,
              49.14795059805586
            ],
            [
              2.84409662666881,
              49.154221787398875
            ],
            [
              2.851090818224868,
              49.160492976741885
            ],
            [
              2.8580850097809294,
              49.1667641660849
            ],
            [
              2.8580850097809294,
              49.1667641660849
            ],
            [
              2.864530213798424,
              49.17033900900709
            ],
            [
              2.870975417815923,
              49.17391385192928
            ],
            [
              2.8774206218334175,
              49.177488694851476
            ],
            [
              2.8838658258509127,
              49.18106353777367
            ],
            [
              2.890311029868411,
              49.184638380695866
            ],
            [
              2.8967562338859083,
              49.188213223618064
            ],
            [
              2.903201437903405,
              49.191788066540255
            ],
            [
              2.9096466419208995,
              49.195362909462446
            ],
            [
              2.9160918459383978,
              49.19893775238464
            ],
            [
              2.9225370499558934,
              49.202512595306835
            ]
          ]
        ]
      }
    },
    {
      "type": "Feature",
      "properties": {
        "diocese": "Ambianen",
        "province": "Remen",
        "start": 1592,
        "end": 1789
      },
      "geometry": {
        "type": "Polygon",
        "coordinates": [
          [
            [
              2.3979515842904076,
              50.21624978935721
            ],
            [
              2.3907775929871087,
              50.22014918048645
            ],
            [
              2.3836036016838102,
              50.22404857161569
            ],
            [
              2.376429610380512,
              50.22794796274493
            ],
            [
              2.3692556190772134,
              50.23184735387417
            ],
            [
              2.3620816277739145,
              50.23574674500342
            ],
            [
              2.354907636470618,
              50.23964613613265
            ],
            [
              2.347733645167319,
              50.24354552726189
            ],
            [
              2.340559653864019,
              50.24744491839113
            ],
            [
              2.3333856625607203,
              50.25134430952038
            ],
            [
              2.326211671257424,
              50.255243700649615
            ],
            [
              2.326211671257424,
              50.255243700649615
            ],
            [
              2.3172307819627553,
              50.253113541659665
            ],
            [
              2.3082498926680866,
              50.250983382669716
            ],
            [
              2.2992690033734173,
              50.24885322367977
            ],
            [
              2.290288114078748,
              50.24672306468981
            ],
            [
              2.2813072247840793,
              50.24459290569986
            ],
            [
              2.2723263354894105,
              50.24246274670991
            ],
            [
              2.2633454461947413,
              50.240332587719955
            ],
            [
              2.254364556900073,
              50.23820242873
            ],
            [
              2.2453836676054055,
              50.236072269740056
            ],
            [
              2.2364027783107363,
              50.2339421107501
            ],
            [
              2.2364027783107363,
              50.2339421107501
            ],
            [
              2.2307745857842547,
              50.24138840982989
            ],
            [
              2.225146393257773,
              50.24883470890967
            ],
            [
              2.219518200731293,
              50.25628100798946
            ],
            [
              2.2138900082048107,
              50.26372730706924
            ],
            [
              2.208261815678329,
              50.27117360614902
            ],
            [
              2.2026336231518493,
              50.2786199052288
            ],
            [
              2.197005430625369,
              50.28606620430858
            ],
            [
              2.1913772380988874,
              50.29351250338837
            ],
            [
              2.1857490455724053,
              50.30095880246815
            ],
            [
              2.1801208530459246,
              50.30840510154794
            ],
            [
              2.1801208530459246,
              50.30840510154794
            ],
            [
              2.162436322619389,
              50.31496175714985
            ],
            [
              2.144751792192854,
              50.32151841275176
            ],
            [
              2.1270672617663178,
              50.32807506835367
            ],
            [
              2.1093827313397826,
              50.33463172395558
            ],
            [
              2.0916982009132465,
              50.341188379557494
            ],
            [
              2.0740136704867105,
              50.347745035159406
            ],
            [
              2.056329140060175,
              50.35430169076132
            ],
            [
              2.0386446096336406,
              50.36085834636323
            ],
            [
              2.0209600792071045,
              50.36741500196514
            ],
            [
              2.0032755487805676,
              50.37397165756705
            ],
            [
              2.0032755487805676,
              50.37397165756705
            ],
            [
              1.9978880787641278,
              50.3732610107994
            ],
            [
              1.9925006087476862,
              50.37255036403176
            ],
            [
              1.9871131387312446,
              50.371839717264116
            ],
            [
              1.981725668714804,
              50.37112907049647
            ],
            [
              1.9763381986983646,
              50.37041842372882
            ],
            [
              1.9709507286819221,
              50.36970777696118
            ],
            [
              1.965563258665481,
              50.36899713019354
            ],
            [
              1.9601757886490403,
              50.3682864834259
            ],
            [
              1.9547883186326005,
              50.367575836658254
            ],
            [
              1.9494008486161594,
              50.36686518989061
            ],
            [
              1.9494008486161594,
              50.36686518989061
            ],
            [
              1.9435139521914508,
              50.3723608336562
            ],
            [
              1.9376270557667437,
              50.37785647742181
            ],
            [
              1.9317401593420338,
              50.38335212118741
            ],
            [
              1.9258532629173266,
              50.388847764953
            ],
            [
              1.9199663664926185,
              50.394343408718605
            ],
            [
              1.9140794700679105,
              50.3998390524842
            ],
            [
              1.9081925736432033,
              50.405334696249795
            ],
            [
              1.9023056772184939,
              50.4108303400154
            ],
            [
              1.8964187807937853,
              50.41632598378099
            ],
            [
              1.8905318843690782,
              50.4218216275466
            ],
            [
              1.8905318843690782,
              50.4218216275466
            ],
            [
              1.8690025550017086,
              50.42961860665817
            ],
            [
              1.8474732256343391,
              50.43741558576973
            ],
            [
              1.82594389626697,
              50.445212564881295
            ],
            [
              1.8044145668996001,
              50.45300954399285
            ],
            [
              1.782885237532231,
              50.46080652310442
            ],
            [
              1.7613559081648607,
              50.46860350221598
            ],
            [
              1.7398265787974916,
              50.476400481327545
            ],
            [
              1.7182972494301234,
              50.48419746043911
            ],
            [
              1.696767920062753,
              50.491994439550666
            ],
            [
              1.675238590695384,
              50.499791418662234
            ],
            [
              1.675238590695384,
              50.499791418662234
            ],
            [
              1.6684843693409923,
              50.50500804091804
            ],
            [
              1.6617301479865998,
              50.51022466317385
            ],
            [
              1.6549759266322082,
              50.51544128542965
            ],
            [
              1.6482217052778165,
              50.52065790768546
            ],
            [
              1.641467483923425,
              50.52587452994127
            ],
            [
              1.6347132625690328,
              50.531091152197085
            ],
            [
              1.6279590412146416,
              50.53630777445289
            ],
            [
              1.62120481986025,
              50.541524396708695
            ],
            [
              1.6144505985058584,
              50.546741018964504
            ],
            [
              1.6076963771514663,
              50.55195764122032
            ],
            [
              1.6076963771514663,
              50.55195764122032
            ],
            [
              1.6119153641274941,
              50.54723380951602
            ],
            [
              1.6133938180530891,
              50.544133479029064
            ],
            [
              1.612622193136159,
              50.54230898254109
            ],
            [
              1.6100909435846096,
              50.54141265283377
            ],
            [
              1.6062905236063476,
              50.54109682268875
            ],
            [
              1.6017113874092805,
              50.54101382488771
            ],
            [
              1.596843989201313,
              50.5408159922123
            ],
            [
              1.5921787831903562,
              50.54015565744419
            ],
            [
              1.588206223584312,
              50.53868515336502
            ],
            [
              1.58541676459109,
              50.53605681275646
            ],
            [
              1.58541676459109,
              50.53605681275646
            ],
            [
              1.5839559739993545,
              50.52470080449964
            ],
            [
              1.5828948828641107,
              50.51331164973759
            ],
            [
              1.5820943237816913,
              50.50190092044346
            ],
            [
              1.581415129348421,
              50.49048018859042
            ],
            [
              1.5807181321606287,
              50.47906102615161
            ],
            [
              1.579864164814646,
              50.46765500510019
            ],
            [
              1.5787140599068001,
              50.45627369740932
            ],
            [
              1.5771286500334178,
              50.44492867505214
            ],
            [
              1.5749687677908297,
              50.43363151000181
            ],
            [
              1.5720952457753632,
              50.42239377423148
            ],
            [
              1.5720952457753685,
              50.42239377423148
            ],
            [
              1.5695057412844204,
              50.41866968596302
            ],
            [
              1.5674779780184953,
              50.41479456851031
            ],
            [
              1.5660906891326651,
              50.41084058528412
            ],
            [
              1.5654226077820002,
              50.40687989969525
            ],
            [
              1.5655524671215724,
              50.40298467515444
            ],
            [
              1.5665590003064525,
              50.399227075072496
            ],
            [
              1.5685209404917102,
              50.39567926286018
            ],
            [
              1.5715170208324198,
              50.392413401928266
            ],
            [
              1.5756259744836485,
              50.38950165568754
            ],
            [
              1.58092653460047,
              50.38701618754877
            ],
            [
              1.580926534600469,
              50.38701618754877
            ],
            [
              1.5855230149115704,
              50.38564131182522
            ],
            [
              1.590398672589079,
              50.38422463644819
            ],
            [
              1.595337391376066,
              50.38273268172308
            ],
            [
              1.6001230550156058,
              50.38113196795528
            ],
            [
              1.604539547250774,
              50.37938901545017
            ],
            [
              1.6083707518246428,
              50.37747034451316
            ],
            [
              1.6114005524802897,
              50.37534247544965
            ],
            [
              1.6134128329607846,
              50.37297192856499
            ],
            [
              1.614191477009204,
              50.37032522416462
            ],
            [
              1.6135203683686208,
              50.3673688825539
            ],
            [
              1.6135203683686217,
              50.3673688825539
            ],
            [
              1.6079710866482233,
              50.368670844563646
            ],
            [
              1.6026185474493784,
              50.36912208676924
            ],
            [
              1.5974187008450915,
              50.36888459782913
            ],
            [
              1.5923274969083718,
              50.36812036640181
            ],
            [
              1.5873008857122266,
              50.36699138114575
            ],
            [
              1.5822948173296605,
              50.36565963071943
            ],
            [
              1.5772652418336817,
              50.364287103781315
            ],
            [
              1.5721681092972966,
              50.36303578898988
            ],
            [
              1.5669593697935107,
              50.362067675003615
            ],
            [
              1.561594973395335,
              50.361544750480974
            ],
            [
              1.5615949733953385,
              50.361544750480974
            ],
            [
              1.557939871283566,
              50.35475380488075
            ],
            [
              1.5551532589717163,
              50.347809678768996
            ],
            [
              1.553041916622234,
              50.34074459652905
            ],
            [
              1.5514126243975679,
              50.333590782544235
            ],
            [
              1.5500721624601614,
              50.32638046119792
            ],
            [
              1.5488273109724608,
              50.319145856873426
            ],
            [
              1.5474848500969132,
              50.311919193954104
            ],
            [
              1.5458515599959637,
              50.304732696823294
            ],
            [
              1.5437342208320612,
              50.297618589864335
            ],
            [
              1.5409396127676485,
              50.290609097460575
            ],
            [
              1.540939612767653,
              50.290609097460575
            ],
            [
              1.5409669413510927,
              50.28697088053323
            ],
            [
              1.541654292813774,
              50.28313541754233
            ],
            [
              1.5429779986381091,
              50.279224965949105
            ],
            [
              1.5449143903065043,
              50.27536178321472
            ],
            [
              1.5474397993013693,
              50.27166812680041
            ],
            [
              1.5505305571051107,
              50.268266254167344
            ],
            [
              1.5541629952001395,
              50.265278422776774
            ],
            [
              1.5583134450688614,
              50.26282689008986
            ],
            [
              1.5629582381936853,
              50.26103391356783
            ],
            [
              1.5680737060570218,
              50.26002175067188
            ],
            [
              1.5680737060570253,
              50.26002175067188
            ],
            [
              1.5744441805604024,
              50.261992995415156
            ],
            [
              1.5792375877944682,
              50.26212523093039
            ],
            [
              1.5828006229478304,
              50.26084845811822
            ],
            [
              1.585479981209101,
              50.258592677879314
            ],
            [
              1.587622357766889,
              50.255787891114316
            ],
            [
              1.5895744478098037,
              50.25286409872388
            ],
            [
              1.5916829465264528,
              50.250251301608664
            ],
            [
              1.5942945491054474,
              50.248379500669316
            ],
            [
              1.597755950735396,
              50.247678696806474
            ],
            [
              1.6024138466049087,
              50.248578890920825
            ],
            [
              1.602413846604914,
              50.248578890920825
            ],
            [
              1.6054930843832889,
              50.24482627661724
            ],
            [
              1.608650954862512,
              50.24089113747725
            ],
            [
              1.611946937103291,
              50.23688268174121
            ],
            [
              1.6154405101663314,
              50.23291011764951
            ],
            [
              1.6191911531123382,
              50.22908265344252
            ],
            [
              1.6232583450020184,
              50.22550949736063
            ],
            [
              1.6277015648960766,
              50.222299857644195
            ],
            [
              1.632580291855219,
              50.219562942533614
            ],
            [
              1.637954004940151,
              50.21740796026925
            ],
            [
              1.6438821832115789,
              50.21594411909148
            ],
            [
              1.6438821832115806,
              50.21594411909148
            ],
            [
              1.651092769812414,
              50.216220274509645
            ],
            [
              1.6571549211072285,
              50.21582690387548
            ],
            [
              1.661980629149157,
              50.214892385520585
            ],
            [
              1.6654818859913303,
              50.21354509777654
            ],
            [
              1.667570683686883,
              50.21191341897493
            ],
            [
              1.6681590142889484,
              50.210125727447355
            ],
            [
              1.6671588698506574,
              50.20831040152539
            ],
            [
              1.664482242425144,
              50.206595819540624
            ],
            [
              1.660041124065541,
              50.20511035982466
            ],
            [
              1.6537475068249812,
              50.20398240070906
            ],
            [
              1.6537475068249794,
              50.20398240070906
            ],
            [
              1.656379146517799,
              50.20115077712479
            ],
            [
              1.6600733945657544,
              50.19849758159268
            ],
            [
              1.6642883463555793,
              50.19601242845511
            ],
            [
              1.6684820972740009,
              50.19368493205446
            ],
            [
              1.672112742707753,
              50.191504706733106
            ],
            [
              1.6746383780435647,
              50.18946136683344
            ],
            [
              1.6755170986681667,
              50.187544526697835
            ],
            [
              1.6742069999682894,
              50.18574380066866
            ],
            [
              1.6701661773306635,
              50.18404880308832
            ],
            [
              1.6628527261420203,
              50.18244914829917
            ],
            [
              1.662852726142018,
              50.18244914829916
            ],
            [
              1.6551614122081406,
              50.18423839362758
            ],
            [
              1.6475705427556298,
              50.186220641030246
            ],
            [
              1.6400678074359907,
              50.18837081171604
            ],
            [
              1.6326408959007366,
              50.19066382689383
            ],
            [
              1.625277497801378,
              50.19307460777252
            ],
            [
              1.6179653027894245,
              50.195578075560974
            ],
            [
              1.610692000516384,
              50.19814915146806
            ],
            [
              1.6034452806337671,
              50.20076275670267
            ],
            [
              1.596212832793087,
              50.20339381247369
            ],
            [
              1.5889823466458508,
              50.20601723999
            ],
            [
              1.5889823466458526,
              50.20601723999
            ],
            [
              1.5845228471182096,
              50.2078992695844
            ],
            [
              1.5804156724464504,
              50.20997246636196
            ],
            [
              1.5765378852511551,
              50.21207800742965
            ],
            [
              1.572766548152908,
              50.21405706989443
            ],
            [
              1.5689787237722874,
              50.21575083086327
            ],
            [
              1.5650514747298767,
              50.21700046744315
            ],
            [
              1.560861863646259,
              50.21764715674103
            ],
            [
              1.556286953142013,
              50.21753207586389
            ],
            [
              1.5512038058377229,
              50.2164964019187
            ],
            [
              1.5454894843539688,
              50.21438131201242
            ],
            [
              1.545489484353968,
              50.21438131201242
            ],
            [
              1.5344814670673705,
              50.21140103613336
            ],
            [
              1.5247037059478963,
              50.20734490831467
            ],
            [
              1.5160591106429844,
              50.20235896227485
            ],
            [
              1.5084505908000714,
              50.19658923173242
            ],
            [
              1.5017810560665956,
              50.19018175040589
            ],
            [
              1.4959534160899919,
              50.18328255201378
            ],
            [
              1.4908705805176985,
              50.1760376702746
            ],
            [
              1.486435458997152,
              50.16859313890687
            ],
            [
              1.4825509611757917,
              50.1610949916291
            ],
            [
              1.4791199967010527,
              50.1536892621598
            ],
            [
              1.47911999670105,
              50.1536892621598
            ],
            [
              1.4771513175409354,
              50.14492120711929
            ],
            [
              1.473992625593088,
              50.13640921988748
            ],
            [
              1.4697195015352547,
              50.128182482283016
            ],
            [
              1.4644075260451825,
              50.120270176124535
            ],
            [
              1.4581322798006169,
              50.11270148323066
            ],
            [
              1.4509693434793056,
              50.10550558542004
            ],
            [
              1.4429942977589958,
              50.09871166451131
            ],
            [
              1.4342827233174336,
              50.09234890232311
            ],
            [
              1.4249102008323677,
              50.08644648067407
            ],
            [
              1.4149523109815418,
              50.08103358138284
            ],
            [
              1.4149523109815445,
              50.08103358138284
            ],
            [
              1.4119576559977292,
              50.079618991628756
            ],
            [
              1.4089655887184867,
              50.07819847233429
            ],
            [
              1.405975193848307,
              50.07677340449806
            ],
            [
              1.4029855560916764,
              50.075345169118656
            ],
            [
              1.3999957601530837,
              50.07391514719468
            ],
            [
              1.3970048907370174,
              50.07248471972474
            ],
            [
              1.3940120325479661,
              50.07105526770743
            ],
            [
              1.3910162702904163,
              50.06962817214136
            ],
            [
              1.3880166886688605,
              50.06820481402512
            ],
            [
              1.385012372387782,
              50.06678657435733
            ],
            [
              1.3850123723877865,
              50.06678657435733
            ],
            [
              1.3845036670466335,
              50.06653530818027
            ],
            [
              1.3840100939187021,
              50.06627081271246
            ],
            [
              1.383527897781391,
              50.06599636697971
            ],
            [
              1.3830533234120952,
              50.065715250007806
            ],
            [
              1.3825826155882126,
              50.06543074082255
            ],
            [
              1.3821120190871423,
              50.06514611844976
            ],
            [
              1.38163777868628,
              50.06486466191521
            ],
            [
              1.3811561391630223,
              50.06458965024472
            ],
            [
              1.3806633452947659,
              50.06432436246408
            ],
            [
              1.3801556418589098,
              50.064072077599086
            ],
            [
              1.3801556418589098,
              50.064072077599086
            ],
            [
              1.394180591313845,
              50.05787663914166
            ],
            [
              1.4082055407687815,
              50.051681200684236
            ],
            [
              1.422230490223718,
              50.04548576222681
            ],
            [
              1.436255439678653,
              50.039290323769386
            ],
            [
              1.4502803891335891,
              50.03309488531197
            ],
            [
              1.464305338588526,
              50.02689944685454
            ],
            [
              1.4783302880434603,
              50.02070400839711
            ],
            [
              1.4923552374983973,
              50.014508569939686
            ],
            [
              1.5063801869533329,
              50.00831313148227
            ],
            [
              1.5204051364082694,
              50.00211769302484
            ],
            [
              1.5204051364082694,
              50.00211769302484
            ],
            [
              1.5267407706156972,
              49.996163885281554
            ],
            [
              1.5330764048231251,
              49.99021007753828
            ],
            [
              1.539412039030554,
              49.984256269795
            ],
            [
              1.5457476732379818,
              49.978302462051715
            ],
            [
              1.5520833074454097,
              49.97234865430843
            ],
            [
              1.5584189416528385,
              49.96639484656516
            ],
            [
              1.564754575860266,
              49.96044103882188
            ],
            [
              1.5710902100676938,
              49.95448723107859
            ],
            [
              1.5774258442751212,
              49.94853342333531
            ],
            [
              1.5837614784825504,
              49.94257961559203
            ],
            [
              1.5837614784825504,
              49.94257961559203
            ],
            [
              1.5872959502101587,
              49.941451379852666
            ],
            [
              1.5908304219377647,
              49.9403231441133
            ],
            [
              1.594364893665372,
              49.93919490837392
            ],
            [
              1.5978993653929803,
              49.93806667263456
            ],
            [
              1.6014338371205885,
              49.93693843689519
            ],
            [
              1.604968308848195,
              49.935810201155824
            ],
            [
              1.6085027805758023,
              49.93468196541646
            ],
            [
              1.6120372523034097,
              49.93355372967709
            ],
            [
              1.6155717240310175,
              49.93242549393772
            ],
            [
              1.619106195758624,
              49.931297258198356
            ],
            [
              1.619106195758624,
              49.931297258198356
            ],
            [
              1.6209157464394663,
              49.92904054068383
            ],
            [
              1.6227252971203079,
              49.9267838231693
            ],
            [
              1.6245348478011512,
              49.924527105654775
            ],
            [
              1.6263443984819923,
              49.922270388140255
            ],
            [
              1.6281539491628347,
              49.92001367062573
            ],
            [
              1.6299634998436763,
              49.91775695311121
            ],
            [
              1.6317730505245187,
              49.91550023559668
            ],
            [
              1.6335826012053611,
              49.913243518082155
            ],
            [
              1.6353921518862036,
              49.910986800567635
            ],
            [
              1.6372017025670451,
              49.90873008305311
            ],
            [
              1.6372017025670451,
              49.90873008305311
            ],
            [
              1.6403727267073882,
              49.907414814582005
            ],
            [
              1.6435437508477322,
              49.90609954611091
            ],
            [
              1.6467147749880757,
              49.90478427763982
            ],
            [
              1.6498857991284184,
              49.903469009168724
            ],
            [
              1.6530568232687615,
              49.90215374069762
            ],
            [
              1.656227847409106,
              49.90083847222652
            ],
            [
              1.6593988715494485,
              49.89952320375542
            ],
            [
              1.662569895689792,
              49.89820793528433
            ],
            [
              1.665740919830136,
              49.89689266681324
            ],
            [
              1.6689119439704787,
              49.895577398342134
            ],
            [
              1.6689119439704787,
              49.895577398342134
            ],
            [
              1.6748899285426506,
              49.892444701573645
            ],
            [
              1.6808679131148234,
              49.889312004805156
            ],
            [
              1.6868458976869944,
              49.886179308036674
            ],
            [
              1.6928238822591664,
              49.88304661126818
            ],
            [
              1.6988018668313392,
              49.879913914499696
            ],
            [
              1.704779851403511,
              49.8767812177312
            ],
            [
              1.7107578359756825,
              49.87364852096271
            ],
            [
              1.716735820547854,
              49.87051582419422
            ],
            [
              1.722713805120026,
              49.86738312742573
            ],
            [
              1.7286917896921978,
              49.86425043065725
            ],
            [
              1.7286917896921978,
              49.86425043065725
            ],
            [
              1.7290444688170648,
              49.85885808890852
            ],
            [
              1.7293971479419334,
              49.8534657471598
            ],
            [
              1.7297498270668008,
              49.84807340541108
            ],
            [
              1.7301025061916682,
              49.84268106366236
            ],
            [
              1.730455185316536,
              49.83728872191363
            ],
            [
              1.7308078644414042,
              49.83189638016491
            ],
            [
              1.7311605435662716,
              49.82650403841619
            ],
            [
              1.7315132226911394,
              49.82111169666747
            ],
            [
              1.7318659018160076,
              49.815719354918755
            ],
            [
              1.732218580940875,
              49.810327013170024
            ],
            [
              1.732218580940875,
              49.810327013170024
            ],
            [
              1.735294214916589,
              49.806817580448815
            ],
            [
              1.738369848892304,
              49.80330814772761
            ],
            [
              1.7414454828680177,
              49.79979871500641
            ],
            [
              1.7445211168437313,
              49.79628928228519
            ],
            [
              1.7475967508194459,
              49.792779849563985
            ],
            [
              1.7506723847951613,
              49.789270416842776
            ],
            [
              1.7537480187708758,
              49.78576098412157
            ],
            [
              1.7568236527465886,
              49.782251551400364
            ],
            [
              1.759899286722304,
              49.77874211867915
            ],
            [
              1.7629749206980185,
              49.775232685957945
            ],
            [
              1.7629749206980185,
              49.775232685957945
            ],
            [
              1.764879377039847,
              49.77491910082281
            ],
            [
              1.7667838333816746,
              49.774605515687654
            ],
            [
              1.7686882897235026,
              49.77429193055252
            ],
            [
              1.7705927460653315,
              49.77397834541738
            ],
            [
              1.7724972024071586,
              49.77366476028224
            ],
            [
              1.774401658748988,
              49.77335117514709
            ],
            [
              1.7763061150908173,
              49.77303759001195
            ],
            [
              1.7782105714326448,
              49.77272400487681
            ],
            [
              1.7801150277744733,
              49.77241041974167
            ],
            [
              1.7820194841163004,
              49.77209683460653
            ],
            [
              1.7820194841163004,
              49.77209683460653
            ],
            [
              1.7838350859940841,
              49.7729753737838
            ],
            [
              1.7856506878718679,
              49.77385391296108
            ],
            [
              1.7874662897496512,
              49.774732452138345
            ],
            [
              1.7892818916274336,
              49.77561099131562
            ],
            [
              1.7910974935052177,
              49.77648953049289
            ],
            [
              1.7929130953830001,
              49.77736806967016
            ],
            [
              1.794728697260783,
              49.77824660884743
            ],
            [
              1.7965442991385667,
              49.779125148024704
            ],
            [
              1.79835990101635,
              49.78000368720198
            ],
            [
              1.8001755028941329,
              49.78088222637925
            ],
            [
              1.8001755028941329,
              49.78088222637925
            ],
            [
              1.798820352357073,
              49.78401607137304
            ],
            [
              1.7974652018200126,
              49.78714991636683
            ],
            [
              1.796110051282953,
              49.790283761360605
            ],
            [
              1.7947549007458918,
              49.793417606354396
            ],
            [
              1.7933997502088324,
              49.796551451348186
            ],
            [
              1.7920445996717729,
              49.79968529634197
            ],
            [
              1.7906894491347125,
              49.80281914133576
            ],
            [
              1.7893342985976517,
              49.805952986329544
            ],
            [
              1.7879791480605913,
              49.809086831323334
            ],
            [
              1.7866239975235318,
              49.81222067631712
            ],
            [
              1.7866239975235318,
              49.81222067631712
            ],
            [
              1.7882593078665536,
              49.8133502077192
            ],
            [
              1.789894618209574,
              49.81447973912128
            ],
            [
              1.791529928552595,
              49.815609270523375
            ],
            [
              1.7931652388956167,
              49.81673880192545
            ],
            [
              1.7948005492386367,
              49.81786833332753
            ],
            [
              1.7964358595816576,
              49.818997864729624
            ],
            [
              1.7980711699246785,
              49.8201273961317
            ],
            [
              1.7997064802676994,
              49.82125692753379
            ],
            [
              1.8013417906107203,
              49.82238645893587
            ],
            [
              1.8029771009537416,
              49.82351599033796
            ],
            [
              1.8029771009537416,
              49.82351599033796
            ],
            [
              1.806057210945919,
              49.82232567905755
            ],
            [
              1.8091373209380968,
              49.821135367777146
            ],
            [
              1.8122174309302745,
              49.819945056496735
            ],
            [
              1.815297540922451,
              49.81875474521633
            ],
            [
              1.8183776509146292,
              49.81756443393593
            ],
            [
              1.8214577609068061,
              49.816374122655525
            ],
            [
              1.8245378708989834,
              49.81518381137512
            ],
            [
              1.8276179808911608,
              49.81399350009472
            ],
            [
              1.8306980908833386,
              49.81280318881431
            ],
            [
              1.8337782008755155,
              49.81161287753391
            ],
            [
              1.8337782008755155,
              49.81161287753391
            ],
            [
              1.8374980404752468,
              49.81286790903983
            ],
            [
              1.8412178800749777,
              49.81412294054576
            ],
            [
              1.8449377196747094,
              49.815377972051685
            ],
            [
              1.8486575592744416,
              49.81663300355762
            ],
            [
              1.8523773988741734,
              49.81788803506354
            ],
            [
              1.8560972384739043,
              49.81914306656947
            ],
            [
              1.8598170780736356,
              49.820398098075394
            ],
            [
              1.863536917673367,
              49.82165312958132
            ],
            [
              1.8672567572730983,
              49.82290816108724
            ],
            [
              1.8709765968728291,
              49.824163192593176
            ],
            [
              1.8709765968728291,
              49.824163192593176
            ],
            [
              1.8695185230029776,
              49.82040052467967
            ],
            [
              1.8680604491331252,
              49.816637856766164
            ],
            [
              1.8666023752632728,
              49.81287518885266
            ],
            [
              1.8651443013934208,
              49.80911252093916
            ],
            [
              1.8636862275235693,
              49.80534985302566
            ],
            [
              1.8622281536537177,
              49.80158718511215
            ],
            [
              1.8607700797838658,
              49.79782451719865
            ],
            [
              1.859312005914013,
              49.79406184928514
            ],
            [
              1.8578539320441618,
              49.79029918137165
            ],
            [
              1.8563958581743099,
              49.78653651345814
            ],
            [
              1.8563958581743099,
              49.78653651345814
            ],
            [
              1.8567556791623967,
              49.78484452631214
            ],
            [
              1.8571155001504862,
              49.78315253916613
            ],
            [
              1.857475321138573,
              49.781460552020135
            ],
            [
              1.8578351421266595,
              49.77976856487413
            ],
            [
              1.8581949631147476,
              49.77807657772813
            ],
            [
              1.8585547841028358,
              49.776384590582126
            ],
            [
              1.858914605090923,
              49.77469260343613
            ],
            [
              1.8592744260790113,
              49.773000616290126
            ],
            [
              1.8596342470670995,
              49.77130862914412
            ],
            [
              1.8599940680551863,
              49.76961664199813
            ],
            [
              1.8599940680551863,
              49.76961664199813
            ],
            [
              1.8609863730190734,
              49.76660768086129
            ],
            [
              1.8619786779829597,
              49.76359871972446
            ],
            [
              1.8629709829468468,
              49.76058975858764
            ],
            [
              1.863963287910734,
              49.757580797450814
            ],
            [
              1.864955592874621,
              49.754571836313986
            ],
            [
              1.8659478978385073,
              49.751562875177164
            ],
            [
              1.8669402028023945,
              49.748553914040336
            ],
            [
              1.8679325077662816,
              49.7455449529035
            ],
            [
              1.8689248127301687,
              49.74253599176668
            ],
            [
              1.869917117694055,
              49.73952703062985
            ],
            [
              1.869917117694055,
              49.73952703062985
            ],
            [
              1.86537836024656,
              49.73745673735323
            ],
            [
              1.8608396027990657,
              49.73538644407662
            ],
            [
              1.8563008453515715,
              49.73331615079999
            ],
            [
              1.851762087904076,
              49.73124585752337
            ],
            [
              1.8472233304565804,
              49.72917556424676
            ],
            [
              1.8426845730090866,
              49.72710527097014
            ],
            [
              1.8381458155615915,
              49.72503497769352
            ],
            [
              1.833607058114096,
              49.72296468441691
            ],
            [
              1.8290683006666013,
              49.72089439114029
            ],
            [
              1.8245295432191067,
              49.71882409786366
            ],
            [
              1.8245295432191067,
              49.71882409786366
            ],
            [
              1.823255119864014,
              49.7157515478318
            ],
            [
              1.8219806965089216,
              49.71267899779994
            ],
            [
              1.820706273153828,
              49.709606447768074
            ],
            [
              1.8194318497987347,
              49.706533897736215
            ],
            [
              1.818157426443642,
              49.70346134770435
            ],
            [
              1.8168830030885488,
              49.70038879767249
            ],
            [
              1.815608579733456,
              49.69731624764062
            ],
            [
              1.8143341563783637,
              49.69424369760876
            ],
            [
              1.813059733023271,
              49.69117114757689
            ],
            [
              1.8117853096681773,
              49.68809859754503
            ],
            [
              1.8117853096681773,
              49.68809859754503
            ],
            [
              1.805524891113477,
              49.68659296677255
            ],
            [
              1.7992644725587756,
              49.68508733600006
            ],
            [
              1.7930040540040757,
              49.683581705227574
            ],
            [
              1.7867436354493749,
              49.68207607445508
            ],
            [
              1.780483216894675,
              49.6805704436826
            ],
            [
              1.774222798339975,
              49.67906481291011
            ],
            [
              1.767962379785275,
              49.67755918213762
            ],
            [
              1.7617019612305742,
              49.676053551365136
            ],
            [
              1.7554415426758743,
              49.67454792059266
            ],
            [
              1.7491811241211734,
              49.67304228982017
            ],
            [
              1.7491811241211734,
              49.67304228982017
            ],
            [
              1.7467243332726143,
              49.668966378764146
            ],
            [
              1.7442675424240552,
              49.66489046770811
            ],
            [
              1.7418107515754961,
              49.6608145566521
            ],
            [
              1.739353960726937,
              49.65673864559607
            ],
            [
              1.7368971698783788,
              49.65266273454005
            ],
            [
              1.7344403790298197,
              49.648586823484024
            ],
            [
              1.7319835881812606,
              49.644510912428
            ],
            [
              1.7295267973327015,
              49.640435001371976
            ],
            [
              1.7270700064841424,
              49.63635909031595
            ],
            [
              1.7246132156355842,
              49.63228317925993
            ],
            [
              1.7246132156355842,
              49.63228317925993
            ],
            [
              1.7222087631149265,
              49.631310491586504
            ],
            [
              1.719804310594268,
              49.630337803913065
            ],
            [
              1.717399858073613,
              49.629365116239626
            ],
            [
              1.7149954055529548,
              49.628392428566194
            ],
            [
              1.7125909530322967,
              49.627419740892755
            ],
            [
              1.710186500511639,
              49.62644705321933
            ],
            [
              1.7077820479909822,
              49.62547436554589
            ],
            [
              1.705377595470325,
              49.624501677872466
            ],
            [
              1.7029731429496677,
              49.62352899019903
            ],
            [
              1.70056869042901,
              49.622556302525595
            ],
            [
              1.70056869042901,
              49.622556302525595
            ],
            [
              1.7044181169580583,
              49.61970508463428
            ],
            [
              1.7082675434871062,
              49.61685386674297
            ],
            [
              1.7121169700161545,
              49.61400264885167
            ],
            [
              1.7159663965452023,
              49.611151430960355
            ],
            [
              1.7198158230742506,
              49.60830021306904
            ],
            [
              1.723665249603298,
              49.60544899517773
            ],
            [
              1.7275146761323472,
              49.60259777728642
            ],
            [
              1.7313641026613955,
              49.59974655939511
            ],
            [
              1.735213529190443,
              49.596895341503796
            ],
            [
              1.7390629557194912,
              49.59404412361249
            ],
            [
              1.7390629557194912,
              49.59404412361249
            ],
            [
              1.743596661506619,
              49.59429629228305
            ],
            [
              1.7481303672937467,
              49.5945484609536
            ],
            [
              1.7526640730808754,
              49.59480062962415
            ],
            [
              1.7571977788680022,
              49.59505279829471
            ],
            [
              1.7617314846551304,
              49.59530496696526
            ],
            [
              1.7662651904422586,
              49.59555713563583
            ],
            [
              1.7707988962293864,
              49.595809304306385
            ],
            [
              1.775332602016515,
              49.596061472976935
            ],
            [
              1.7798663078036419,
              49.59631364164749
            ],
            [
              1.7844000135907696,
              49.59656581031804
            ],
            [
              1.7844000135907696,
              49.59656581031804
            ],
            [
              1.7909356619183892,
              49.60057971064178
            ],
            [
              1.7974713102460091,
              49.604593610965516
            ],
            [
              1.8040069585736282,
              49.60860751128924
            ],
            [
              1.8105426069012487,
              49.61262141161298
            ],
            [
              1.8170782552288673,
              49.61663531193671
            ],
            [
              1.823613903556487,
              49.620649212260446
            ],
            [
              1.8301495518841069,
              49.62466311258418
            ],
            [
              1.836685200211726,
              49.628677012907914
            ],
            [
              1.8432208485393464,
              49.63269091323165
            ],
            [
              1.849756496866965,
              49.63670481355538
            ],
            [
              1.849756496866965,
              49.63670481355538
            ],
            [
              1.8735161669133897,
              49.63733779744025
            ],
            [
              1.8972758369598135,
              49.637970781325144
            ],
            [
              1.921035507006239,
              49.63860376521002
            ],
            [
              1.9447951770526637,
              49.639236749094906
            ],
            [
              1.968554847099088,
              49.63986973297978
            ],
            [
              1.992314517145512,
              49.640502716864674
            ],
            [
              2.016074187191936,
              49.641135700749544
            ],
            [
              2.0398338572383605,
              49.64176868463443
            ],
            [
              2.0635935272847847,
              49.64240166851931
            ],
            [
              2.087353197331209,
              49.64303465240419
            ],
            [
              2.087353197331209,
              49.64303465240419
            ],
            [
              2.090245640618813,
              49.638269998808035
            ],
            [
              2.0931380839064158,
              49.633505345211866
            ],
            [
              2.0960305271940185,
              49.628740691615704
            ],
            [
              2.0989229704816226,
              49.62397603801955
            ],
            [
              2.1018154137692258,
              49.61921138442338
            ],
            [
              2.104707857056829,
              49.61444673082721
            ],
            [
              2.1076003003444317,
              49.60968207723106
            ],
            [
              2.1104927436320344,
              49.60491742363489
            ],
            [
              2.1133851869196385,
              49.60015277003873
            ],
            [
              2.1162776302072412,
              49.59538811644257
            ],
            [
              2.1162776302072412,
              49.59538811644257
            ],
            [
              2.120263866171054,
              49.59375899099972
            ],
            [
              2.124250102134867,
              49.592129865556856
            ],
            [
              2.1282363380986795,
              49.590500740114
            ],
            [
              2.132222574062492,
              49.58887161467115
            ],
            [
              2.136208810026304,
              49.58724248922829
            ],
            [
              2.1401950459901165,
              49.58561336378544
            ],
            [
              2.1441812819539283,
              49.58398423834259
            ],
            [
              2.148167517917743,
              49.58235511289973
            ],
            [
              2.1521537538815543,
              49.58072598745687
            ],
            [
              2.1561399898453666,
              49.57909686201402
            ],
            [
              2.1561399898453666,
              49.57909686201402
            ],
            [
              2.1635801872446145,
              49.58110485618623
            ],
            [
              2.1710203846438625,
              49.58311285035845
            ],
            [
              2.1784605820431113,
              49.58512084453065
            ],
            [
              2.1859007794423584,
              49.58712883870286
            ],
            [
              2.1933409768416063,
              49.58913683287507
            ],
            [
              2.2007811742408543,
              49.59114482704728
            ],
            [
              2.208221371640102,
              49.5931528212195
            ],
            [
              2.2156615690393497,
              49.59516081539171
            ],
            [
              2.2231017664385977,
              49.59716880956391
            ],
            [
              2.230541963837845,
              49.59917680373612
            ],
            [
              2.230541963837845,
              49.59917680373612
            ],
            [
              2.229460722304579,
              49.60331485502577
            ],
            [
              2.2283794807713133,
              49.607452906315416
            ],
            [
              2.2272982392380487,
              49.61159095760506
            ],
            [
              2.2262169977047837,
              49.61572900889471
            ],
            [
              2.2251357561715186,
              49.61986706018436
            ],
            [
              2.2240545146382535,
              49.624005111474
            ],
            [
              2.222973273104987,
              49.62814316276366
            ],
            [
              2.221892031571722,
              49.63228121405329
            ],
            [
              2.220810790038457,
              49.636419265342944
            ],
            [
              2.21972954850519,
              49.64055731663259
            ],
            [
              2.21972954850519,
              49.64055731663259
            ],
            [
              2.222634835750219,
              49.642439199173204
            ],
            [
              2.225540122995248,
              49.64432108171383
            ],
            [
              2.2284454102402766,
              49.646202964254435
            ],
            [
              2.2313506974853037,
              49.64808484679506
            ],
            [
              2.2342559847303307,
              49.649966729335674
            ],
            [
              2.23716127197536,
              49.65184861187629
            ],
            [
              2.2400665592203888,
              49.653730494416905
            ],
            [
              2.242971846465418,
              49.65561237695752
            ],
            [
              2.245877133710447,
              49.65749425949814
            ],
            [
              2.248782420955474,
              49.65937614203875
            ],
            [
              2.248782420955474,
              49.65937614203875
            ],
            [
              2.253857401101984,
              49.6574962510885
            ],
            [
              2.2589323812484925,
              49.65561636013824
            ],
            [
              2.264007361395001,
              49.653736469187976
            ],
            [
              2.2690823415415093,
              49.65185657823772
            ],
            [
              2.2741573216880173,
              49.64997668728746
            ],
            [
              2.279232301834526,
              49.64809679633721
            ],
            [
              2.2843072819810364,
              49.64621690538695
            ],
            [
              2.2893822621275444,
              49.64433701443669
            ],
            [
              2.2944572422740532,
              49.64245712348644
            ],
            [
              2.2995322224205617,
              49.640577232536174
            ],
            [
              2.2995322224205617,
              49.640577232536174
            ],
            [
              2.302978952013604,
              49.64120514703499
            ],
            [
              2.306425681606647,
              49.641833061533795
            ],
            [
              2.3098724111996893,
              49.64246097603261
            ],
            [
              2.3133191407927316,
              49.64308889053141
            ],
            [
              2.3167658703857756,
              49.64371680503022
            ],
            [
              2.3202125999788175,
              49.64434471952903
            ],
            [
              2.3236593295718597,
              49.644972634027845
            ],
            [
              2.3271060591649015,
              49.64560054852666
            ],
            [
              2.3305527887579456,
              49.646228463025466
            ],
            [
              2.333999518350988,
              49.64685637752427
            ],
            [
              2.333999518350988,
              49.64685637752427
            ],
            [
              2.3379837392407925,
              49.64422418563116
            ],
            [
              2.341967960130595,
              49.64159199373805
            ],
            [
              2.345952181020399,
              49.63895980184494
            ],
            [
              2.349936401910202,
              49.63632760995182
            ],
            [
              2.3539206228000062,
              49.63369541805871
            ],
            [
              2.357904843689807,
              49.631063226165594
            ],
            [
              2.361889064579614,
              49.62843103427249
            ],
            [
              2.365873285469416,
              49.625798842379375
            ],
            [
              2.3698575063592187,
              49.623166650486255
            ],
            [
              2.373841727249021,
              49.62053445859314
            ],
            [
              2.373841727249021,
              49.62053445859314
            ],
            [
              2.3738376120187694,
              49.618402268331856
            ],
            [
              2.3738334967885173,
              49.61627007807058
            ],
            [
              2.3738293815582656,
              49.6141378878093
            ],
            [
              2.3738252663280117,
              49.612005697548014
            ],
            [
              2.37382115109776,
              49.609873507286736
            ],
            [
              2.373817035867508,
              49.607741317025464
            ],
            [
              2.373812920637256,
              49.60560912676418
            ],
            [
              2.373808805407004,
              49.603476936502894
            ],
            [
              2.3738046901767516,
              49.60134474624161
            ],
            [
              2.373800574946498,
              49.59921255598034
            ],
            [
              2.373800574946498,
              49.59921255598034
            ],
            [
              2.3763404697820443,
              49.59908820449861
            ],
            [
              2.3788803646175887,
              49.59896385301688
            ],
            [
              2.3814202594531353,
              49.59883950153516
            ],
            [
              2.3839601542886792,
              49.598715150053444
            ],
            [
              2.3865000491242223,
              49.59859079857171
            ],
            [
              2.3890399439597703,
              49.59846644709
            ],
            [
              2.3915798387953147,
              49.598342095608274
            ],
            [
              2.394119733630859,
              49.59821774412654
            ],
            [
              2.3966596284664017,
              49.59809339264482
            ],
            [
              2.3991995233019483,
              49.5979690411631
            ],
            [
              2.3991995233019483,
              49.5979690411631
            ],
            [
              2.402999060444277,
              49.594082700012976
            ],
            [
              2.406798597586604,
              49.59019635886286
            ],
            [
              2.410598134728931,
              49.58631001771274
            ],
            [
              2.4143976718712605,
              49.58242367656263
            ],
            [
              2.418197209013588,
              49.57853733541251
            ],
            [
              2.421996746155915,
              49.5746509942624
            ],
            [
              2.425796283298244,
              49.570764653112285
            ],
            [
              2.429595820440571,
              49.56687831196216
            ],
            [
              2.4333953575829006,
              49.56299197081204
            ],
            [
              2.4371948947252258,
              49.55910562966192
            ],
            [
              2.4371948947252258,
              49.55910562966192
            ],
            [
              2.4466237340740853,
              49.55797993146789
            ],
            [
              2.4560525734229413,
              49.55685423327385
            ],
            [
              2.465481412771797,
              49.55572853507982
            ],
            [
              2.474910252120655,
              49.554602836885785
            ],
            [
              2.484339091469511,
              49.553477138691754
            ],
            [
              2.493767930818367,
              49.55235144049772
            ],
            [
              2.5031967701672233,
              49.551225742303686
            ],
            [
              2.512625609516081,
              49.55010004410965
            ],
            [
              2.5220544488649375,
              49.54897434591562
            ],
            [
              2.5314832882137948,
              49.54784864772159
            ],
            [
              2.5314832882137948,
              49.54784864772159
            ],
            [
              2.537469781959018,
              49.54910424490361
            ],
            [
              2.5434562757042394,
              49.55035984208564
            ],
            [
              2.5494427694494606,
              49.551615439267664
            ],
            [
              2.5554292631946836,
              49.552871036449694
            ],
            [
              2.561415756939905,
              49.55412663363172
            ],
            [
              2.5674022506851304,
              49.55538223081375
            ],
            [
              2.5733887444303494,
              49.55663782799577
            ],
            [
              2.579375238175573,
              49.55789342517781
            ],
            [
              2.5853617319207944,
              49.559149022359826
            ],
            [
              2.591348225666017,
              49.560404619541856
            ],
            [
              2.591348225666017,
              49.560404619541856
            ],
            [
              2.597512867447575,
              49.55952807194902
            ],
            [
              2.603677509229131,
              49.558651524356186
            ],
            [
              2.6098421510106893,
              49.55777497676335
            ],
            [
              2.616006792792249,
              49.556898429170516
            ],
            [
              2.6221714345738065,
              49.55602188157767
            ],
            [
              2.6283360763553625,
              49.55514533398483
            ],
            [
              2.6345007181369184,
              49.554268786392
            ],
            [
              2.6406653599184797,
              49.55339223879916
            ],
            [
              2.6468300017000375,
              49.552515691206324
            ],
            [
              2.652994643481594,
              49.55163914361349
            ],
            [
              2.652994643481594,
              49.55163914361349
            ],
            [
              2.6626123072704586,
              49.554650747151086
            ],
            [
              2.6722299710593265,
              49.55766235068868
            ],
            [
              2.68184763484819,
              49.560673954226274
            ],
            [
              2.6914652986370564,
              49.56368555776386
            ],
            [
              2.701082962425921,
              49.566697161301455
            ],
            [
              2.710700626214788,
              49.56970876483905
            ],
            [
              2.720318290003654,
              49.57272036837665
            ],
            [
              2.729935953792517,
              49.575731971914244
            ],
            [
              2.7395536175813837,
              49.57874357545184
            ],
            [
              2.7491712813702507,
              49.58175517898943
            ],
            [
              2.7491712813702507,
              49.58175517898943
            ],
            [
              2.748996329063931,
              49.58476434410835
            ],
            [
              2.7488213767576135,
              49.587773509227276
            ],
            [
              2.748646424451294,
              49.5907826743462
            ],
            [
              2.748471472144974,
              49.593791839465126
            ],
            [
              2.748296519838657,
              49.59680100458405
            ],
            [
              2.748121567532339,
              49.59981016970297
            ],
            [
              2.7479466152260215,
              49.602819334821895
            ],
            [
              2.747771662919702,
              49.60582849994082
            ],
            [
              2.7475967106133843,
              49.60883766505974
            ],
            [
              2.747421758307065,
              49.61184683017866
            ],
            [
              2.747421758307065,
              49.61184683017866
            ],
            [
              2.7521408972948316,
              49.6137291599227
            ],
            [
              2.7568600362825966,
              49.61561148966673
            ],
            [
              2.7615791752703633,
              49.61749381941076
            ],
            [
              2.7662983142581297,
              49.619376149154796
            ],
            [
              2.771017453245897,
              49.62125847889884
            ],
            [
              2.7757365922336628,
              49.623140808642866
            ],
            [
              2.7804557312214295,
              49.6250231383869
            ],
            [
              2.7851748702091963,
              49.62690546813094
            ],
            [
              2.7898940091969613,
              49.62878779787497
            ],
            [
              2.794613148184728,
              49.630670127619005
            ],
            [
              2.794613148184728,
              49.630670127619005
            ],
            [
              2.7975169818977155,
              49.63179890360875
            ],
            [
              2.8004208156107038,
              49.632927679598495
            ],
            [
              2.803324649323691,
              49.63405645558824
            ],
            [
              2.8062284830366795,
              49.63518523157799
            ],
            [
              2.809132316749665,
              49.636314007567734
            ],
            [
              2.8120361504626534,
              49.63744278355748
            ],
            [
              2.814939984175641,
              49.63857155954723
            ],
            [
              2.817843817888629,
              49.63970033553698
            ],
            [
              2.8207476516016166,
              49.64082911152672
            ],
            [
              2.8236514853146044,
              49.64195788751647
            ],
            [
              2.8236514853146044,
              49.64195788751647
            ],
            [
              2.821850380520957,
              49.64860289896571
            ],
            [
              2.820049275727309,
              49.655247910414964
            ],
            [
              2.8182481709336593,
              49.66189292186421
            ],
            [
              2.8164470661400114,
              49.66853793331346
            ],
            [
              2.8146459613463644,
              49.6751829447627
            ],
            [
              2.8128448565527147,
              49.681827956211954
            ],
            [
              2.8110437517590667,
              49.6884729676612
            ],
            [
              2.809242646965419,
              49.69511797911045
            ],
            [
              2.8074415421717713,
              49.70176299055969
            ],
            [
              2.805640437378124,
              49.708408002008944
            ],
            [
              2.805640437378124,
              49.708408002008944
            ],
            [
              2.8072785595069747,
              49.71179363123606
            ],
            [
              2.8089166816358264,
              49.715179260463195
            ],
            [
              2.810554803764679,
              49.71856488969033
            ],
            [
              2.8121929258935303,
              49.72195051891746
            ],
            [
              2.8138310480223816,
              49.72533614814459
            ],
            [
              2.815469170151233,
              49.728721777371724
            ],
            [
              2.817107292280084,
              49.73210740659885
            ],
            [
              2.818745414408937,
              49.73549303582598
            ],
            [
              2.8203835365377885,
              49.73887866505311
            ],
            [
              2.8220216586666393,
              49.74226429428023
            ],
            [
              2.8220216586666393,
              49.74226429428023
            ],
            [
              2.823661121724578,
              49.745524943962394
            ],
            [
              2.8253005847825174,
              49.74878559364454
            ],
            [
              2.8269400478404543,
              49.7520462433267
            ],
            [
              2.828579510898394,
              49.75530689300885
            ],
            [
              2.8302189739563324,
              49.758567542691004
            ],
            [
              2.8318584370142705,
              49.76182819237316
            ],
            [
              2.8334979000722105,
              49.76508884205531
            ],
            [
              2.835137363130149,
              49.76834949173747
            ],
            [
              2.8367768261880904,
              49.77161014141963
            ],
            [
              2.838416289246027,
              49.774870791101776
            ],
            [
              2.838416289246027,
              49.774870791101776
            ],
            [
              2.83624288650006,
              49.77675140071301
            ],
            [
              2.8340694837540936,
              49.77863201032425
            ],
            [
              2.831896081008129,
              49.78051261993549
            ],
            [
              2.829722678262162,
              49.782393229546734
            ],
            [
              2.8275492755161955,
              49.78427383915797
            ],
            [
              2.8253758727702287,
              49.7861544487692
            ],
            [
              2.82320247002426,
              49.78803505838044
            ],
            [
              2.8210290672782974,
              49.78991566799168
            ],
            [
              2.81885566453233,
              49.79179627760291
            ],
            [
              2.816682261786362,
              49.793676887214154
            ],
            [
              2.816682261786362,
              49.793676887214154
            ],
            [
              2.811252777272212,
              49.79919187533156
            ],
            [
              2.805823292758058,
              49.804706863448985
            ],
            [
              2.8003938082439026,
              49.81022185156639
            ],
            [
              2.7949643237297486,
              49.8157368396838
            ],
            [
              2.7895348392155985,
              49.821251827801206
            ],
            [
              2.784105354701444,
              49.82676681591861
            ],
            [
              2.7786758701872905,
              49.832281804036036
            ],
            [
              2.7732463856731386,
              49.83779679215344
            ],
            [
              2.7678169011589846,
              49.84331178027085
            ],
            [
              2.762387416644831,
              49.84882676838826
            ],
            [
              2.762387416644831,
              49.84882676838826
            ],
            [
              2.765660568335163,
              49.85321694359844
            ],
            [
              2.7689337200254953,
              49.857607118808616
            ],
            [
              2.7722068717158277,
              49.86199729401879
            ],
            [
              2.77548002340616,
              49.86638746922897
            ],
            [
              2.778753175096492,
              49.870777644439144
            ],
            [
              2.782026326786826,
              49.87516781964932
            ],
            [
              2.7852994784771568,
              49.8795579948595
            ],
            [
              2.788572630167489,
              49.88394817006967
            ],
            [
              2.791845781857821,
              49.88833834527985
            ],
            [
              2.7951189335481534,
              49.89272852049003
            ],
            [
              2.7951189335481534,
              49.89272852049003
            ],
            [
              2.792766057869294,
              49.89523507310792
            ],
            [
              2.7904131821904348,
              49.89774162572582
            ],
            [
              2.7880603065115754,
              49.90024817834371
            ],
            [
              2.785707430832716,
              49.902754730961604
            ],
            [
              2.783354555153858,
              49.9052612835795
            ],
            [
              2.781001679474997,
              49.907767836197394
            ],
            [
              2.7786488037961354,
              49.91027438881529
            ],
            [
              2.776295928117276,
              49.912780941433184
            ],
            [
              2.773943052438419,
              49.91528749405107
            ],
            [
              2.7715901767595574,
              49.91779404666897
            ],
            [
              2.7715901767595574,
              49.91779404666897
            ],
            [
              2.7741349439835163,
              49.92105491681344
            ],
            [
              2.7766797112074735,
              49.92431578695792
            ],
            [
              2.7792244784314337,
              49.92757665710239
            ],
            [
              2.7817692456553926,
              49.93083752724686
            ],
            [
              2.7843140128793498,
              49.934098397391345
            ],
            [
              2.7868587801033065,
              49.93735926753581
            ],
            [
              2.789403547327265,
              49.940620137680284
            ],
            [
              2.7919483145512234,
              49.94388100782475
            ],
            [
              2.794493081775181,
              49.94714187796923
            ],
            [
              2.7970378489991394,
              49.950402748113696
            ],
            [
              2.7970378489991394,
              49.950402748113696
            ],
            [
              2.799580274860086,
              49.952409519976676
            ],
            [
              2.8021227007210348,
              49.95441629183964
            ],
            [
              2.8046651265819817,
              49.95642306370261
            ],
            [
              2.8072075524429283,
              49.95842983556558
            ],
            [
              2.809749978303875,
              49.96043660742855
            ],
            [
              2.812292404164823,
              49.96244337929152
            ],
            [
              2.81483483002577,
              49.964450151154495
            ],
            [
              2.8173772558867163,
              49.96645692301747
            ],
            [
              2.819919681747665,
              49.96846369488043
            ],
            [
              2.822462107608612,
              49.9704704667434
            ],
            [
              2.822462107608612,
              49.9704704667434
            ],
            [
              2.8234460194933537,
              49.97590907357173
            ],
            [
              2.824429931378098,
              49.98134768040005
            ],
            [
              2.8254138432628397,
              49.98678628722838
            ],
            [
              2.8263977551475814,
              49.9922248940567
            ],
            [
              2.8273816670323244,
              49.997663500885025
            ],
            [
              2.8283655789170674,
              50.00310210771335
            ],
            [
              2.8293494908018073,
              50.00854071454167
            ],
            [
              2.830333402686549,
              50.013979321369995
            ],
            [
              2.831317314571292,
              50.019417928198315
            ],
            [
              2.832301226456035,
              50.02485653502665
            ],
            [
              2.832301226456035,
              50.02485653502665
            ],
            [
              2.828200443313554,
              50.02636278504543
            ],
            [
              2.8240996601710755,
              50.027869035064214
            ],
            [
              2.8199988770285933,
              50.02937528508301
            ],
            [
              2.8158980938861142,
              50.0308815351018
            ],
            [
              2.811797310743637,
              50.032387785120584
            ],
            [
              2.807696527601156,
              50.033894035139376
            ],
            [
              2.803595744458677,
              50.03540028515816
            ],
            [
              2.799494961316195,
              50.03690653517695
            ],
            [
              2.795394178173718,
              50.038412785195746
            ],
            [
              2.791293395031237,
              50.039919035214524
            ],
            [
              2.791293395031237,
              50.039919035214524
            ],
            [
              2.7865489722108356,
              50.04018384156934
            ],
            [
              2.781804549390433,
              50.04044864792413
            ],
            [
              2.7770601265700314,
              50.04071345427894
            ],
            [
              2.7723157037496304,
              50.04097826063375
            ],
            [
              2.767571280929229,
              50.04124306698855
            ],
            [
              2.7628268581088262,
              50.041507873343356
            ],
            [
              2.758082435288425,
              50.04177267969816
            ],
            [
              2.753338012468024,
              50.04203748605297
            ],
            [
              2.7485935896476206,
              50.042302292407776
            ],
            [
              2.743849166827218,
              50.042567098762575
            ],
            [
              2.743849166827218,
              50.042567098762575
            ],
            [
              2.740005270975048,
              50.0442507398204
            ],
            [
              2.736161375122878,
              50.04593438087821
            ],
            [
              2.7323174792707055,
              50.047618021936024
            ],
            [
              2.7284735834185354,
              50.049301662993834
            ],
            [
              2.7246296875663645,
              50.05098530405165
            ],
            [
              2.7207857917141944,
              50.05266894510947
            ],
            [
              2.7169418958620213,
              50.05435258616728
            ],
            [
              2.7130980000098517,
              50.0560362272251
            ],
            [
              2.7092541041576816,
              50.057719868282916
            ],
            [
              2.705410208305509,
              50.059403509340726
            ],
            [
              2.705410208305509,
              50.059403509340726
            ],
            [
              2.697716782401754,
              50.05993356465378
            ],
            [
              2.690023356497995,
              50.06046361996684
            ],
            [
              2.682329930594237,
              50.060993675279896
            ],
            [
              2.674636504690478,
              50.06152373059296
            ],
            [
              2.6669430787867214,
              50.062053785906
            ],
            [
              2.659249652882965,
              50.062583841219066
            ],
            [
              2.651556226979204,
              50.063113896532116
            ],
            [
              2.6438628010754472,
              50.06364395184518
            ],
            [
              2.6361693751716895,
              50.064174007158236
            ],
            [
              2.628475949267932,
              50.064704062471286
            ],
            [
              2.628475949267932,
              50.064704062471286
            ],
            [
              2.625016502083507,
              50.06629913600923
            ],
            [
              2.621557054899083,
              50.067894209547184
            ],
            [
              2.6180976077146543,
              50.069489283085126
            ],
            [
              2.614638160530231,
              50.07108435662307
            ],
            [
              2.611178713345804,
              50.07267943016102
            ],
            [
              2.60771926616138,
              50.074274503698966
            ],
            [
              2.604259818976957,
              50.07586957723691
            ],
            [
              2.6008003717925274,
              50.07746465077485
            ],
            [
              2.5973409246081043,
              50.0790597243128
            ],
            [
              2.5938814774236794,
              50.08065479785075
            ],
            [
              2.5938814774236794,
              50.08065479785075
            ],
            [
              2.590034501334691,
              50.080742501247165
            ],
            [
              2.586187525245703,
              50.080830204643576
            ],
            [
              2.5823405491567133,
              50.080917908039986
            ],
            [
              2.578493573067725,
              50.0810056114364
            ],
            [
              2.5746465969787375,
              50.08109331483281
            ],
            [
              2.5707996208897463,
              50.08118101822923
            ],
            [
              2.5669526448007582,
              50.08126872162565
            ],
            [
              2.56310566871177,
              50.08135642502206
            ],
            [
              2.559258692622782,
              50.081444128418475
            ],
            [
              2.555411716533792,
              50.08153183181489
            ],
            [
              2.555411716533792,
              50.08153183181489
            ],
            [
              2.554774921828922,
              50.08383691750276
            ],
            [
              2.554138127124053,
              50.08614200319063
            ],
            [
              2.553501332419183,
              50.08844708887851
            ],
            [
              2.5528645377143113,
              50.090752174566376
            ],
            [
              2.55222774300944,
              50.09305726025425
            ],
            [
              2.55159094830457,
              50.09536234594212
            ],
            [
              2.5509541535997005,
              50.09766743162999
            ],
            [
              2.5503173588948287,
              50.09997251731786
            ],
            [
              2.5496805641899587,
              50.10227760300573
            ],
            [
              2.549043769485087,
              50.104582688693604
            ],
            [
              2.549043769485087,
              50.104582688693604
            ],
            [
              2.5425048616381205,
              50.10529035906234
            ],
            [
              2.5359659537911505,
              50.10599802943108
            ],
            [
              2.5294270459441823,
              50.10670569979981
            ],
            [
              2.522888138097214,
              50.107413370168544
            ],
            [
              2.516349230250246,
              50.108121040537284
            ],
            [
              2.5098103224032777,
              50.10882871090602
            ],
            [
              2.503271414556306,
              50.109536381274744
            ],
            [
              2.4967325067093395,
              50.110244051643484
            ],
            [
              2.490193598862369,
              50.110951722012224
            ],
            [
              2.4836546910154014,
              50.11165939238096
            ],
            [
              2.4836546910154014,
              50.11165939238096
            ],
            [
              2.483148261872183,
              50.115028466708765
            ],
            [
              2.482641832728968,
              50.11839754103657
            ],
            [
              2.48213540358575,
              50.12176661536439
            ],
            [
              2.481628974442532,
              50.1251356896922
            ],
            [
              2.4811225452993173,
              50.128504764020015
            ],
            [
              2.4806161161561007,
              50.13187383834783
            ],
            [
              2.480109687012885,
              50.135242912675636
            ],
            [
              2.4796032578696683,
              50.13861198700345
            ],
            [
              2.4790968287264508,
              50.141981061331265
            ],
            [
              2.478590399583234,
              50.14535013565907
            ],
            [
              2.478590399583234,
              50.14535013565907
            ],
            [
              2.4738473877843896,
              50.145526278901464
            ],
            [
              2.4691043759855456,
              50.14570242214385
            ],
            [
              2.464361364186701,
              50.14587856538624
            ],
            [
              2.459618352387857,
              50.14605470862863
            ],
            [
              2.454875340589011,
              50.14623085187102
            ],
            [
              2.4501323287901666,
              50.14640699511341
            ],
            [
              2.4453893169913226,
              50.1465831383558
            ],
            [
              2.440646305192478,
              50.146759281598186
            ],
            [
              2.435903293393632,
              50.14693542484058
            ],
            [
              2.431160281594788,
              50.14711156808297
            ],
            [
              2.431160281594788,
              50.14711156808297
            ],
            [
              2.4278303443477465,
              50.14932731272454
            ],
            [
              2.424500407100705,
              50.151543057366105
            ],
            [
              2.4211704698536614,
              50.15375880200767
            ],
            [
              2.4178405326066215,
              50.15597454664924
            ],
            [
              2.414510595359578,
              50.15819029129081
            ],
            [
              2.4111806581125346,
              50.160406035932375
            ],
            [
              2.407850720865493,
              50.16262178057395
            ],
            [
              2.4045207836184495,
              50.16483752521552
            ],
            [
              2.401190846371408,
              50.16705326985708
            ],
            [
              2.397860909124366,
              50.16926901449865
            ],
            [
              2.397860909124366,
              50.16926901449865
            ],
            [
              2.3990191128100684,
              50.17139722122504
            ],
            [
              2.4001773164957716,
              50.17352542795143
            ],
            [
              2.401335520181474,
              50.17565363467782
            ],
            [
              2.402493723867176,
              50.17778184140421
            ],
            [
              2.4036519275528794,
              50.17991004813061
            ],
            [
              2.40481013123858,
              50.18203825485699
            ],
            [
              2.405968334924284,
              50.18416646158339
            ],
            [
              2.407126538609987,
              50.18629466830977
            ],
            [
              2.408284742295689,
              50.18842287503617
            ],
            [
              2.4094429459813917,
              50.19055108176255
            ],
            [
              2.4094429459813917,
              50.19055108176255
            ],
            [
              2.408293809812293,
              50.193120952522015
            ],
            [
              2.4071446736431943,
              50.19569082328149
            ],
            [
              2.405995537474096,
              50.198260694040954
            ],
            [
              2.4048464013049964,
              50.20083056480042
            ],
            [
              2.4036972651358997,
              50.20340043555988
            ],
            [
              2.4025481289668007,
              50.205970306319344
            ],
            [
              2.4013989927977035,
              50.20854017707881
            ],
            [
              2.400249856628605,
              50.21111004783827
            ],
            [
              2.399100720459506,
              50.21367991859775
            ],
            [
              2.3979515842904076,
              50.21624978935721
            ]
          ]
        ]
      }
    },
    {
      "type": "Feature",
      "properties": {
        "diocese": "Suessionen",
        "province": "Remen",
        "start": 1592,
        "end": 1789
      },
      "geometry": {
        "type": "Polygon",
        "coordinates": [
          [
            [
              3.6770469035389834,
              48.85474621117681
            ],
            [
              3.681329544155934,
              48.8570055156064
            ],
            [
              3.6856121847728844,
              48.85926482003601
            ],
            [
              3.689894825389836,
              48.861524124465596
            ],
            [
              3.6941774660067863,
              48.863783428895196
            ],
            [
              3.698460106623737,
              48.8660427333248
            ],
            [
              3.702742747240688,
              48.86830203775439
            ],
            [
              3.707025387857637,
              48.87056134218399
            ],
            [
              3.711308028474589,
              48.87282064661359
            ],
            [
              3.7155906690915397,
              48.87507995104319
            ],
            [
              3.71987330970849,
              48.87733925547278
            ],
            [
              3.71987330970849,
              48.87733925547278
            ],
            [
              3.7204215289955243,
              48.87959656687202
            ],
            [
              3.7209697482825583,
              48.88185387827124
            ],
            [
              3.7215179675695933,
              48.88411118967048
            ],
            [
              3.722066186856629,
              48.8863685010697
            ],
            [
              3.722614406143664,
              48.88862581246893
            ],
            [
              3.7231626254306964,
              48.89088312386815
            ],
            [
              3.7237108447177323,
              48.89314043526738
            ],
            [
              3.7242590640047673,
              48.89539774666661
            ],
            [
              3.7248072832918013,
              48.89765505806584
            ],
            [
              3.7253555025788354,
              48.89991236946506
            ],
            [
              3.7253555025788354,
              48.89991236946506
            ],
            [
              3.740773495312688,
              48.90142028564173
            ],
            [
              3.756191488046538,
              48.90292820181839
            ],
            [
              3.7716094807803935,
              48.90443611799506
            ],
            [
              3.7870274735142444,
              48.905944034171725
            ],
            [
              3.802445466248097,
              48.90745195034838
            ],
            [
              3.817863458981949,
              48.90895986652506
            ],
            [
              3.8332814517158016,
              48.910467782701716
            ],
            [
              3.8486994444496543,
              48.91197569887838
            ],
            [
              3.8641174371835043,
              48.91348361505505
            ],
            [
              3.879535429917358,
              48.91499153123171
            ],
            [
              3.879535429917358,
              48.91499153123171
            ],
            [
              3.885160998245189,
              48.91737508416661
            ],
            [
              3.8907865665730186,
              48.91975863710151
            ],
            [
              3.896412134900847,
              48.9221421900364
            ],
            [
              3.9020377032286784,
              48.9245257429713
            ],
            [
              3.9076632715565087,
              48.9269092959062
            ],
            [
              3.913288839884338,
              48.9292928488411
            ],
            [
              3.9189144082121685,
              48.931676401775995
            ],
            [
              3.924539976539998,
              48.93405995471089
            ],
            [
              3.93016554486783,
              48.936443507645784
            ],
            [
              3.9357911131956578,
              48.938827060580685
            ],
            [
              3.9357911131956578,
              48.938827060580685
            ],
            [
              3.9365250622863353,
              48.94283951847638
            ],
            [
              3.9372590113770127,
              48.946851976372066
            ],
            [
              3.93799296046769,
              48.950864434267764
            ],
            [
              3.9387269095583677,
              48.954876892163455
            ],
            [
              3.939460858649046,
              48.958889350059145
            ],
            [
              3.9401948077397226,
              48.96290180795483
            ],
            [
              3.9409287568303992,
              48.96691426585052
            ],
            [
              3.9416627059210767,
              48.97092672374622
            ],
            [
              3.942396655011756,
              48.97493918164191
            ],
            [
              3.9431306041024317,
              48.97895163953759
            ],
            [
              3.9431306041024317,
              48.97895163953759
            ],
            [
              3.9384239708464315,
              48.9835897885064
            ],
            [
              3.933717337590432,
              48.98822793747521
            ],
            [
              3.9290107043344302,
              48.992866086444025
            ],
            [
              3.92430407107843,
              48.997504235412826
            ],
            [
              3.919597437822429,
              49.00214238438163
            ],
            [
              3.914890804566429,
              49.00678053335044
            ],
            [
              3.910184171310426,
              49.01141868231924
            ],
            [
              3.9054775380544258,
              49.01605683128806
            ],
            [
              3.9007709047984265,
              49.02069498025686
            ],
            [
              3.8960642715424263,
              49.025333129225665
            ],
            [
              3.8960642715424263,
              49.025333129225665
            ],
            [
              3.8946211871710816,
              49.02934504381139
            ],
            [
              3.8931781027997405,
              49.03335695839711
            ],
            [
              3.8917350184283994,
              49.037368872982825
            ],
            [
              3.8902919340570556,
              49.04138078756854
            ],
            [
              3.8888488496857136,
              49.04539270215426
            ],
            [
              3.8874057653143717,
              49.04940461673998
            ],
            [
              3.8859626809430288,
              49.053416531325695
            ],
            [
              3.884519596571686,
              49.05742844591142
            ],
            [
              3.883076512200343,
              49.06144036049714
            ],
            [
              3.881633427829002,
              49.065452275082855
            ],
            [
              3.881633427829002,
              49.065452275082855
            ],
            [
              3.8834514739198682,
              49.06758491803664
            ],
            [
              3.8852695200107363,
              49.06971756099042
            ],
            [
              3.8870875661016044,
              49.0718502039442
            ],
            [
              3.8889056121924708,
              49.07398284689799
            ],
            [
              3.890723658283337,
              49.07611548985177
            ],
            [
              3.8925417043742034,
              49.07824813280555
            ],
            [
              3.8943597504650698,
              49.08038077575934
            ],
            [
              3.896177796555938,
              49.08251341871312
            ],
            [
              3.897995842646806,
              49.084646061666895
            ],
            [
              3.8998138887376705,
              49.08677870462068
            ],
            [
              3.8998138887376705,
              49.08677870462068
            ],
            [
              3.8941928664986976,
              49.08752933601139
            ],
            [
              3.888571844259722,
              49.08827996740211
            ],
            [
              3.882950822020749,
              49.089030598792824
            ],
            [
              3.8773297997817733,
              49.08978123018353
            ],
            [
              3.8717087775428003,
              49.09053186157425
            ],
            [
              3.8660877553038255,
              49.09128249296496
            ],
            [
              3.86046673306485,
              49.09203312435567
            ],
            [
              3.854845710825877,
              49.09278375574639
            ],
            [
              3.8492246885869013,
              49.093534387137105
            ],
            [
              3.8436036663479283,
              49.09428501852781
            ],
            [
              3.8436036663479283,
              49.09428501852781
            ],
            [
              3.8452423224980294,
              49.09716857891925
            ],
            [
              3.8468809786481297,
              49.100052139310684
            ],
            [
              3.8485196347982282,
              49.10293569970212
            ],
            [
              3.8501582909483294,
              49.105819260093554
            ],
            [
              3.8517969470984306,
              49.10870282048499
            ],
            [
              3.8534356032485335,
              49.11158638087643
            ],
            [
              3.855074259398632,
              49.11446994126786
            ],
            [
              3.856712915548733,
              49.117353501659295
            ],
            [
              3.8583515716988352,
              49.12023706205074
            ],
            [
              3.8599902278489346,
              49.123120622442165
            ],
            [
              3.8599902278489346,
              49.123120622442165
            ],
            [
              3.8592674912521745,
              49.12487661420836
            ],
            [
              3.858544754655416,
              49.12663260597455
            ],
            [
              3.8578220180586515,
              49.12838859774073
            ],
            [
              3.857099281461893,
              49.13014458950692
            ],
            [
              3.856376544865132,
              49.13190058127311
            ],
            [
              3.855653808268372,
              49.13365657303931
            ],
            [
              3.8549310716716136,
              49.1354125648055
            ],
            [
              3.85420833507485,
              49.13716855657169
            ],
            [
              3.8534855984780907,
              49.13892454833787
            ],
            [
              3.8527628618813288,
              49.14068054010406
            ],
            [
              3.8527628618813288,
              49.14068054010406
            ],
            [
              3.849316616802487,
              49.14030366294533
            ],
            [
              3.8458703717236404,
              49.13992678578658
            ],
            [
              3.8424241266447985,
              49.13954990862784
            ],
            [
              3.838977881565954,
              49.1391730314691
            ],
            [
              3.835531636487112,
              49.13879615431036
            ],
            [
              3.8320853914082655,
              49.13841927715162
            ],
            [
              3.828639146329422,
              49.13804239999288
            ],
            [
              3.82519290125058,
              49.13766552283414
            ],
            [
              3.8217466561717335,
              49.137288645675405
            ],
            [
              3.8183004110928924,
              49.13691176851666
            ],
            [
              3.8183004110928924,
              49.13691176851666
            ],
            [
              3.814673838724706,
              49.13753791777137
            ],
            [
              3.811047266356519,
              49.13816406702607
            ],
            [
              3.80742069398833,
              49.13879021628077
            ],
            [
              3.8037941216201445,
              49.139416365535475
            ],
            [
              3.8001675492519573,
              49.14004251479018
            ],
            [
              3.796540976883771,
              49.14066866404488
            ],
            [
              3.792914404515584,
              49.14129481329959
            ],
            [
              3.7892878321473966,
              49.14192096255428
            ],
            [
              3.7856612597792094,
              49.14254711180899
            ],
            [
              3.7820346874110222,
              49.143173261063694
            ],
            [
              3.7820346874110222,
              49.143173261063694
            ],
            [
              3.7778618812400944,
              49.14179206464327
            ],
            [
              3.77368907506917,
              49.14041086822284
            ],
            [
              3.769516268898244,
              49.139029671802405
            ],
            [
              3.765343462727318,
              49.13764847538197
            ],
            [
              3.76117065655639,
              49.13626727896155
            ],
            [
              3.7569978503854657,
              49.134886082541115
            ],
            [
              3.7528250442145397,
              49.13350488612068
            ],
            [
              3.7486522380436136,
              49.13212368970025
            ],
            [
              3.744479431872685,
              49.130742493279826
            ],
            [
              3.7403066257017588,
              49.12936129685939
            ],
            [
              3.7403066257017588,
              49.12936129685939
            ],
            [
              3.7397714757680105,
              49.13387550153281
            ],
            [
              3.7392363258342605,
              49.13838970620624
            ],
            [
              3.7387011759005095,
              49.14290391087967
            ],
            [
              3.7381660259667613,
              49.1474181155531
            ],
            [
              3.7376308760330113,
              49.15193232022652
            ],
            [
              3.737095726099263,
              49.15644652489995
            ],
            [
              3.736560576165513,
              49.160960729573375
            ],
            [
              3.7360254262317647,
              49.1654749342468
            ],
            [
              3.735490276298012,
              49.169989138920236
            ],
            [
              3.7349551263642655,
              49.17450334359365
            ],
            [
              3.7349551263642655,
              49.17450334359365
            ],
            [
              3.731507134970568,
              49.174000419598244
            ],
            [
              3.72805914357687,
              49.17349749560284
            ],
            [
              3.724611152183171,
              49.172994571607425
            ],
            [
              3.7211631607894753,
              49.17249164761202
            ],
            [
              3.717715169395777,
              49.171988723616614
            ],
            [
              3.7142671780020815,
              49.17148579962121
            ],
            [
              3.7108191866083824,
              49.1709828756258
            ],
            [
              3.707371195214686,
              49.1704799516304
            ],
            [
              3.7039232038209886,
              49.16997702763499
            ],
            [
              3.7004752124272913,
              49.16947410363958
            ],
            [
              3.7004752124272913,
              49.16947410363958
            ],
            [
              3.699030435365024,
              49.17260899825635
            ],
            [
              3.697585658302754,
              49.175743892873115
            ],
            [
              3.696140881240487,
              49.17887878748988
            ],
            [
              3.6946961041782163,
              49.18201368210664
            ],
            [
              3.693251327115949,
              49.185148576723414
            ],
            [
              3.691806550053681,
              49.18828347134017
            ],
            [
              3.690361772991412,
              49.191418365956935
            ],
            [
              3.688916995929145,
              49.1945532605737
            ],
            [
              3.687472218866875,
              49.19768815519047
            ],
            [
              3.6860274418046077,
              49.200823049807234
            ],
            [
              3.6860274418046077,
              49.200823049807234
            ],
            [
              3.682034913415975,
              49.19919193314912
            ],
            [
              3.67804238502734,
              49.19756081649101
            ],
            [
              3.674049856638709,
              49.1959296998329
            ],
            [
              3.6700573282500746,
              49.194298583174806
            ],
            [
              3.6660647998614393,
              49.192667466516696
            ],
            [
              3.662072271472804,
              49.19103634985858
            ],
            [
              3.6580797430841714,
              49.189405233200475
            ],
            [
              3.654087214695538,
              49.187774116542364
            ],
            [
              3.6500946863069035,
              49.18614299988426
            ],
            [
              3.64610215791827,
              49.18451188322614
            ],
            [
              3.64610215791827,
              49.18451188322614
            ],
            [
              3.645031856002888,
              49.1935392315206
            ],
            [
              3.643961554087507,
              49.20256657981506
            ],
            [
              3.6428912521721277,
              49.211593928109515
            ],
            [
              3.641820950256745,
              49.22062127640398
            ],
            [
              3.640750648341364,
              49.229648624698434
            ],
            [
              3.639680346425982,
              49.238675972992894
            ],
            [
              3.638610044510599,
              49.24770332128735
            ],
            [
              3.63753974259522,
              49.256730669581806
            ],
            [
              3.636469440679839,
              49.26575801787626
            ],
            [
              3.635399138764456,
              49.27478536617071
            ],
            [
              3.635399138764456,
              49.27478536617071
            ],
            [
              3.6361290852278363,
              49.277543719900976
            ],
            [
              3.636859031691212,
              49.280302073631226
            ],
            [
              3.6375889781545943,
              49.283060427361484
            ],
            [
              3.638318924617972,
              49.28581878109174
            ],
            [
              3.6390488710813496,
              49.288577134822
            ],
            [
              3.63977881754473,
              49.29133548855225
            ],
            [
              3.6405087640081057,
              49.2940938422825
            ],
            [
              3.641238710471487,
              49.296852196012765
            ],
            [
              3.6419686569348655,
              49.29961054974302
            ],
            [
              3.642698603398243,
              49.30236890347328
            ],
            [
              3.642698603398243,
              49.30236890347328
            ],
            [
              3.647778988128047,
              49.303248257424
            ],
            [
              3.6528593728578493,
              49.30412761137474
            ],
            [
              3.6579397575876533,
              49.30500696532547
            ],
            [
              3.6630201423174573,
              49.3058863192762
            ],
            [
              3.6681005270472578,
              49.30676567322693
            ],
            [
              3.6731809117770617,
              49.30764502717766
            ],
            [
              3.6782612965068657,
              49.30852438112838
            ],
            [
              3.6833416812366697,
              49.309403735079115
            ],
            [
              3.688422065966472,
              49.31028308902984
            ],
            [
              3.693502450696274,
              49.311162442980574
            ],
            [
              3.693502450696274,
              49.311162442980574
            ],
            [
              3.6942358361654333,
              49.314923863516455
            ],
            [
              3.6949692216345906,
              49.31868528405233
            ],
            [
              3.6957026071037506,
              49.32244670458821
            ],
            [
              3.696435992572907,
              49.32620812512408
            ],
            [
              3.697169378042068,
              49.329969545659964
            ],
            [
              3.6979027635112254,
              49.33373096619584
            ],
            [
              3.698636148980381,
              49.33749238673172
            ],
            [
              3.69936953444954,
              49.34125380726759
            ],
            [
              3.7001029199186983,
              49.34501522780347
            ],
            [
              3.7008363053878583,
              49.34877664833935
            ],
            [
              3.7008363053878583,
              49.34877664833935
            ],
            [
              3.696846871635588,
              49.3495276869164
            ],
            [
              3.692857437883321,
              49.35027872549346
            ],
            [
              3.6888680041310518,
              49.35102976407052
            ],
            [
              3.684878570378785,
              49.35178080264758
            ],
            [
              3.6808891366265155,
              49.35253184122464
            ],
            [
              3.6768997028742496,
              49.35328287980169
            ],
            [
              3.672910269121982,
              49.35403391837875
            ],
            [
              3.6689208353697134,
              49.354784956955804
            ],
            [
              3.6649314016174457,
              49.35553599553286
            ],
            [
              3.6609419678651762,
              49.35628703410991
            ],
            [
              3.6609419678651762,
              49.35628703410991
            ],
            [
              3.6576838730708645,
              49.358919407218224
            ],
            [
              3.65442577827655,
              49.361551780326536
            ],
            [
              3.6511676834822366,
              49.36418415343485
            ],
            [
              3.6479095886879223,
              49.366816526543154
            ],
            [
              3.6446514938936097,
              49.36944889965147
            ],
            [
              3.641393399099298,
              49.372081272759786
            ],
            [
              3.6381353043049836,
              49.3747136458681
            ],
            [
              3.634877209510672,
              49.37734601897641
            ],
            [
              3.6316191147163557,
              49.37997839208472
            ],
            [
              3.628361019922043,
              49.38261076519303
            ],
            [
              3.628361019922043,
              49.38261076519303
            ],
            [
              3.623282167831601,
              49.38248451781291
            ],
            [
              3.6182033157411593,
              49.38235827043279
            ],
            [
              3.6131244636507174,
              49.38223202305267
            ],
            [
              3.6080456115602737,
              49.38210577567256
            ],
            [
              3.6029667594698327,
              49.38197952829244
            ],
            [
              3.59788790737939,
              49.381853280912324
            ],
            [
              3.592809055288947,
              49.38172703353221
            ],
            [
              3.5877302031985026,
              49.381600786152084
            ],
            [
              3.5826513511080615,
              49.381474538771975
            ],
            [
              3.5775724990176205,
              49.38134829139185
            ],
            [
              3.5775724990176205,
              49.38134829139185
            ],
            [
              3.5764787242213125,
              49.37821382976423
            ],
            [
              3.5753849494250063,
              49.37507936813661
            ],
            [
              3.5742911746287,
              49.37194490650899
            ],
            [
              3.573197399832393,
              49.368810444881376
            ],
            [
              3.5721036250360867,
              49.36567598325375
            ],
            [
              3.5710098502397787,
              49.362541521626135
            ],
            [
              3.5699160754434733,
              49.35940705999851
            ],
            [
              3.568822300647169,
              49.35627259837089
            ],
            [
              3.567728525850859,
              49.353138136743276
            ],
            [
              3.566634751054553,
              49.35000367511566
            ],
            [
              3.566634751054553,
              49.35000367511566
            ],
            [
              3.5646448988592216,
              49.35251031286193
            ],
            [
              3.5626550466638913,
              49.3550169506082
            ],
            [
              3.560665194468562,
              49.357523588354496
            ],
            [
              3.5586753422732316,
              49.36003022610077
            ],
            [
              3.5566854900778995,
              49.362536863847055
            ],
            [
              3.5546956378825683,
              49.365043501593334
            ],
            [
              3.552705785687236,
              49.367550139339606
            ],
            [
              3.5507159334919085,
              49.37005677708589
            ],
            [
              3.5487260812965764,
              49.372563414832165
            ],
            [
              3.546736229101246,
              49.37507005257845
            ],
            [
              3.546736229101246,
              49.37507005257845
            ],
            [
              3.546921104558994,
              49.377202287951036
            ],
            [
              3.547105980016742,
              49.379334523323635
            ],
            [
              3.547290855474491,
              49.38146675869622
            ],
            [
              3.5474757309322427,
              49.38359899406882
            ],
            [
              3.5476606063899907,
              49.38573122944141
            ],
            [
              3.5478454818477396,
              49.387863464814
            ],
            [
              3.5480303573054894,
              49.38999570018659
            ],
            [
              3.5482152327632392,
              49.392127935559174
            ],
            [
              3.5484001082209873,
              49.39426017093177
            ],
            [
              3.5485849836787353,
              49.39639240630437
            ],
            [
              3.5485849836787353,
              49.39639240630437
            ],
            [
              3.552217120681782,
              49.39864941534899
            ],
            [
              3.555849257684828,
              49.40090642439361
            ],
            [
              3.5594813946878774,
              49.403163433438245
            ],
            [
              3.5631135316909224,
              49.40542044248287
            ],
            [
              3.56674566869397,
              49.407677451527505
            ],
            [
              3.570377805697016,
              49.409934460572124
            ],
            [
              3.574009942700062,
              49.41219146961675
            ],
            [
              3.5776420797031094,
              49.41444847866138
            ],
            [
              3.5812742167061553,
              49.416705487706004
            ],
            [
              3.584906353709203,
              49.41896249675063
            ],
            [
              3.584906353709203,
              49.41896249675063
            ],
            [
              3.5849114358883,
              49.421595684231626
            ],
            [
              3.5849165180674007,
              49.42422887171263
            ],
            [
              3.5849216002464996,
              49.426862059193624
            ],
            [
              3.5849266824255994,
              49.42949524667463
            ],
            [
              3.584931764604699,
              49.43212843415562
            ],
            [
              3.5849368467837963,
              49.43476162163662
            ],
            [
              3.584941928962897,
              49.43739480911762
            ],
            [
              3.584947011141996,
              49.440027996598616
            ],
            [
              3.5849520933210957,
              49.44266118407961
            ],
            [
              3.5849571755001954,
              49.445294371560614
            ],
            [
              3.5849571755001954,
              49.445294371560614
            ],
            [
              3.5800619865633414,
              49.44667223841139
            ],
            [
              3.5751667976264874,
              49.448050105262155
            ],
            [
              3.5702716086896342,
              49.44942797211292
            ],
            [
              3.56537641975278,
              49.450805838963696
            ],
            [
              3.560481230815928,
              49.45218370581447
            ],
            [
              3.555586041879075,
              49.45356157266524
            ],
            [
              3.55069085294222,
              49.454939439516
            ],
            [
              3.5457956640053667,
              49.45631730636677
            ],
            [
              3.5409004750685127,
              49.457695173217544
            ],
            [
              3.5360052861316604,
              49.45907304006831
            ],
            [
              3.5360052861316604,
              49.45907304006831
            ],
            [
              3.534560588176714,
              49.46220793470482
            ],
            [
              3.5331158902217648,
              49.465342829341324
            ],
            [
              3.5316711922668174,
              49.468477723977834
            ],
            [
              3.530226494311869,
              49.471612618614344
            ],
            [
              3.5287817963569226,
              49.474747513250854
            ],
            [
              3.5273370984019734,
              49.477882407887364
            ],
            [
              3.525892400447026,
              49.48101730252386
            ],
            [
              3.5244477024920786,
              49.48415219716037
            ],
            [
              3.5230030045371294,
              49.48728709179689
            ],
            [
              3.521558306582182,
              49.49042198643339
            ],
            [
              3.521558306582182,
              49.49042198643339
            ],
            [
              3.51557495904937,
              49.49079651030185
            ],
            [
              3.509591611516559,
              49.49117103417029
            ],
            [
              3.503608263983747,
              49.491545558038744
            ],
            [
              3.497624916450936,
              49.49192008190721
            ],
            [
              3.4916415689181233,
              49.492294605775655
            ],
            [
              3.485658221385313,
              49.49266912964411
            ],
            [
              3.479674873852501,
              49.493043653512565
            ],
            [
              3.47369152631969,
              49.493418177381024
            ],
            [
              3.4677081787868773,
              49.493792701249475
            ],
            [
              3.461724831254067,
              49.49416722511793
            ],
            [
              3.461724831254067,
              49.49416722511793
            ],
            [
              3.459184341359807,
              49.493163519685474
            ],
            [
              3.4566438514655498,
              49.49215981425302
            ],
            [
              3.4541033615712897,
              49.49115610882057
            ],
            [
              3.4515628716770324,
              49.490152403388116
            ],
            [
              3.4490223817827723,
              49.48914869795566
            ],
            [
              3.446481891888515,
              49.4881449925232
            ],
            [
              3.443941401994256,
              49.48714128709076
            ],
            [
              3.4414009120999975,
              49.4861375816583
            ],
            [
              3.4388604222057384,
              49.48513387622585
            ],
            [
              3.43631993231148,
              49.4841301707934
            ],
            [
              3.43631993231148,
              49.4841301707934
            ],
            [
              3.4305159726504404,
              49.483752705233115
            ],
            [
              3.4247120129893998,
              49.48337523967283
            ],
            [
              3.418908053328361,
              49.482997774112555
            ],
            [
              3.4131040936673203,
              49.48262030855227
            ],
            [
              3.4073001340062796,
              49.482242842991994
            ],
            [
              3.40149617434524,
              49.48186537743171
            ],
            [
              3.3956922146841992,
              49.481487911871426
            ],
            [
              3.3898882550231604,
              49.48111044631115
            ],
            [
              3.3840842953621206,
              49.480732980750865
            ],
            [
              3.37828033570108,
              49.48035551519059
            ],
            [
              3.37828033570108,
              49.48035551519059
            ],
            [
              3.3686711415316037,
              49.48173220559364
            ],
            [
              3.3590619473621266,
              49.483108895996686
            ],
            [
              3.349452753192653,
              49.48448558639974
            ],
            [
              3.3398435590231785,
              49.48586227680279
            ],
            [
              3.3302343648537023,
              49.48723896720584
            ],
            [
              3.320625170684225,
              49.48861565760889
            ],
            [
              3.3110159765147498,
              49.489992348011945
            ],
            [
              3.3014067823452753,
              49.491369038414994
            ],
            [
              3.2917975881758017,
              49.49274572881805
            ],
            [
              3.2821883940063246,
              49.4941224192211
            ],
            [
              3.2821883940063246,
              49.4941224192211
            ],
            [
              3.2792944813757727,
              49.49813397173178
            ],
            [
              3.276400568745222,
              49.50214552424247
            ],
            [
              3.273506656114668,
              49.506157076753155
            ],
            [
              3.2706127434841172,
              49.510168629263845
            ],
            [
              3.267718830853568,
              49.514180181774535
            ],
            [
              3.2648249182230145,
              49.518191734285224
            ],
            [
              3.2619310055924635,
              49.5222032867959
            ],
            [
              3.2590370929619117,
              49.52621483930659
            ],
            [
              3.256143180331359,
              49.53022639181728
            ],
            [
              3.253249267700808,
              49.53423794432796
            ],
            [
              3.253249267700808,
              49.53423794432796
            ],
            [
              3.245095388910926,
              49.537120127372866
            ],
            [
              3.236941510121047,
              49.540002310417776
            ],
            [
              3.228787631331166,
              49.54288449346267
            ],
            [
              3.220633752541285,
              49.54576667650758
            ],
            [
              3.212479873751406,
              49.548648859552486
            ],
            [
              3.204325994961524,
              49.55153104259739
            ],
            [
              3.196172116171645,
              49.55441322564229
            ],
            [
              3.1880182373817623,
              49.557295408687196
            ],
            [
              3.1798643585918813,
              49.5601775917321
            ],
            [
              3.171710479802002,
              49.56305977477701
            ],
            [
              3.171710479802002,
              49.56305977477701
            ],
            [
              3.171708897655591,
              49.56305977438216
            ],
            [
              3.1717073155091797,
              49.56305977398731
            ],
            [
              3.1717057333627676,
              49.563059773592464
            ],
            [
              3.1717041512163564,
              49.563059773197615
            ],
            [
              3.171702569069945,
              49.56305977280277
            ],
            [
              3.171700986923535,
              49.56305977240792
            ],
            [
              3.1716994047771236,
              49.56305977201308
            ],
            [
              3.1716978226307107,
              49.56305977161823
            ],
            [
              3.1716962404842994,
              49.56305977122339
            ],
            [
              3.171694658337889,
              49.56305977082854
            ],
            [
              3.171694658337889,
              49.56305977082854
            ],
            [
              3.1673405579182172,
              49.562180598132485
            ],
            [
              3.1629864574985436,
              49.56130142543643
            ],
            [
              3.158632357078871,
              49.560422252740395
            ],
            [
              3.154278256659199,
              49.55954308004434
            ],
            [
              3.149924156239529,
              49.55866390734829
            ],
            [
              3.1455700558198543,
              49.55778473465225
            ],
            [
              3.1412159554001824,
              49.5569055619562
            ],
            [
              3.1368618549805114,
              49.556026389260154
            ],
            [
              3.132507754560836,
              49.55514721656411
            ],
            [
              3.128153654141166,
              49.554268043868056
            ],
            [
              3.128153654141166,
              49.554268043868056
            ],
            [
              3.1266926615237582,
              49.54900130683103
            ],
            [
              3.125231668906349,
              49.543734569794
            ],
            [
              3.1237706762889412,
              49.53846783275697
            ],
            [
              3.122309683671532,
              49.533201095719946
            ],
            [
              3.120848691054125,
              49.52793435868292
            ],
            [
              3.1193876984367166,
              49.522667621645894
            ],
            [
              3.117926705819308,
              49.51740088460886
            ],
            [
              3.1164657132018996,
              49.512134147571835
            ],
            [
              3.1150047205844946,
              49.5068674105348
            ],
            [
              3.1135437279670835,
              49.50160067349778
            ],
            [
              3.1135437279670835,
              49.50160067349778
            ],
            [
              3.1082816160503826,
              49.50022027174668
            ],
            [
              3.103019504133679,
              49.49883986999557
            ],
            [
              3.0977573922169745,
              49.49745946824447
            ],
            [
              3.09249528030027,
              49.49607906649338
            ],
            [
              3.0872331683835683,
              49.49469866474227
            ],
            [
              3.081971056466864,
              49.493318262991174
            ],
            [
              3.0767089445501603,
              49.49193786124007
            ],
            [
              3.0714468326334576,
              49.49055745948897
            ],
            [
              3.066184720716754,
              49.48917705773787
            ],
            [
              3.0609226088000496,
              49.48779665598677
            ],
            [
              3.0609226088000496,
              49.48779665598677
            ],
            [
              3.05946629296542,
              49.48491207457975
            ],
            [
              3.0580099771307876,
              49.48202749317273
            ],
            [
              3.056553661296159,
              49.47914291176572
            ],
            [
              3.0550973454615273,
              49.476258330358704
            ],
            [
              3.053641029626896,
              49.473373748951694
            ],
            [
              3.0521847137922653,
              49.47048916754467
            ],
            [
              3.050728397957634,
              49.467604586137654
            ],
            [
              3.049272082123005,
              49.46472000473064
            ],
            [
              3.047815766288372,
              49.46183542332362
            ],
            [
              3.046359450453743,
              49.4589508419166
            ],
            [
              3.046359450453743,
              49.4589508419166
            ],
            [
              3.039473009434557,
              49.461331277769176
            ],
            [
              3.0325865684153723,
              49.46371171362176
            ],
            [
              3.025700127396186,
              49.46609214947434
            ],
            [
              3.018813686377,
              49.46847258532692
            ],
            [
              3.011927245357816,
              49.470853021179494
            ],
            [
              3.00504080433863,
              49.47323345703207
            ],
            [
              2.998154363319444,
              49.47561389288465
            ],
            [
              2.9912679223002576,
              49.47799432873723
            ],
            [
              2.984381481281073,
              49.480374764589804
            ],
            [
              2.977495040261887,
              49.482755200442384
            ],
            [
              2.977495040261887,
              49.482755200442384
            ],
            [
              2.9711458789012983,
              49.48250364522005
            ],
            [
              2.964796717540706,
              49.482252089997694
            ],
            [
              2.9584475561801153,
              49.48200053477535
            ],
            [
              2.9520983948195245,
              49.481748979553
            ],
            [
              2.945749233458932,
              49.48149742433066
            ],
            [
              2.939400072098342,
              49.48124586910831
            ],
            [
              2.933050910737751,
              49.480994313885965
            ],
            [
              2.9267017493771603,
              49.48074275866362
            ],
            [
              2.92035258801657,
              49.480491203441275
            ],
            [
              2.914003426655979,
              49.48023964821892
            ],
            [
              2.914003426655979,
              49.48023964821892
            ],
            [
              2.9107332315367773,
              49.47660257993473
            ],
            [
              2.907463036417577,
              49.47296551165052
            ],
            [
              2.9041928412983764,
              49.46932844336632
            ],
            [
              2.900922646179174,
              49.46569137508212
            ],
            [
              2.8976524510599737,
              49.46205430679792
            ],
            [
              2.894382255940775,
              49.45841723851372
            ],
            [
              2.8911120608215732,
              49.45478017022952
            ],
            [
              2.8878418657023723,
              49.45114310194531
            ],
            [
              2.8845716705831723,
              49.447506033661114
            ],
            [
              2.881301475463972,
              49.44386896537691
            ],
            [
              2.881301475463972,
              49.44386896537691
            ],
            [
              2.8783919108786873,
              49.439729912654926
            ],
            [
              2.8754823462934023,
              49.43559085993295
            ],
            [
              2.87257278170812,
              49.431451807210976
            ],
            [
              2.869663217122835,
              49.427312754488995
            ],
            [
              2.8667536525375517,
              49.42317370176701
            ],
            [
              2.8638440879522675,
              49.41903464904504
            ],
            [
              2.860934523366983,
              49.41489559632306
            ],
            [
              2.8580249587817,
              49.41075654360108
            ],
            [
              2.855115394196415,
              49.40661749087911
            ],
            [
              2.85220582961113,
              49.40247843815713
            ],
            [
              2.85220582961113,
              49.40247843815713
            ],
            [
              2.8436732297713023,
              49.39808801689735
            ],
            [
              2.835140629931472,
              49.393697595637555
            ],
            [
              2.826608030091644,
              49.38930717437778
            ],
            [
              2.8180754302518154,
              49.38491675311799
            ],
            [
              2.8095428304119836,
              49.380526331858206
            ],
            [
              2.8010102305721554,
              49.37613591059842
            ],
            [
              2.7924776307323254,
              49.371745489338636
            ],
            [
              2.783945030892497,
              49.36735506807885
            ],
            [
              2.775412431052667,
              49.36296464681907
            ],
            [
              2.766879831212839,
              49.35857422555929
            ],
            [
              2.766879831212839,
              49.35857422555929
            ],
            [
              2.7646921509474143,
              49.353057341938324
            ],
            [
              2.7625044706819923,
              49.34754045831737
            ],
            [
              2.760316790416571,
              49.342023574696405
            ],
            [
              2.7581291101511467,
              49.336506691075456
            ],
            [
              2.755941429885726,
              49.330989807454486
            ],
            [
              2.753753749620302,
              49.32547292383354
            ],
            [
              2.7515660693548796,
              49.31995604021259
            ],
            [
              2.749378389089457,
              49.31443915659162
            ],
            [
              2.747190708824036,
              49.30892227297067
            ],
            [
              2.7450030285586116,
              49.303405389349706
            ],
            [
              2.7450030285586116,
              49.303405389349706
            ],
            [
              2.7379279192450636,
              49.30164745151907
            ],
            [
              2.7308528099315157,
              49.29988951368842
            ],
            [
              2.7237777006179686,
              49.29813157585777
            ],
            [
              2.7167025913044225,
              49.29637363802713
            ],
            [
              2.7096274819908746,
              49.29461570019648
            ],
            [
              2.702552372677326,
              49.29285776236583
            ],
            [
              2.6954772633637796,
              49.29109982453518
            ],
            [
              2.6884021540502316,
              49.28934188670453
            ],
            [
              2.6813270447366833,
              49.28758394887389
            ],
            [
              2.6742519354231367,
              49.28582601104324
            ],
            [
              2.6742519354231367,
              49.28582601104324
            ],
            [
              2.679687106210029,
              49.28325720445594
            ],
            [
              2.6851222769969234,
              49.280688397868644
            ],
            [
              2.6905574477838186,
              49.27811959128134
            ],
            [
              2.695992618570711,
              49.27555078469404
            ],
            [
              2.701427789357607,
              49.27298197810674
            ],
            [
              2.7068629601445013,
              49.27041317151944
            ],
            [
              2.7122981309313934,
              49.26784436493214
            ],
            [
              2.717733301718287,
              49.26527555834484
            ],
            [
              2.7231684725051815,
              49.26270675175754
            ],
            [
              2.7286036432920757,
              49.26013794517024
            ],
            [
              2.7286036432920757,
              49.26013794517024
            ],
            [
              2.7313280486611684,
              49.26195675389942
            ],
            [
              2.734052454030262,
              49.2637755626286
            ],
            [
              2.736776859399359,
              49.265594371357786
            ],
            [
              2.739501264768451,
              49.267413180086976
            ],
            [
              2.7422256701375463,
              49.26923198881615
            ],
            [
              2.744950075506639,
              49.27105079754533
            ],
            [
              2.7476744808757325,
              49.27286960627451
            ],
            [
              2.750398886244828,
              49.274688415003695
            ],
            [
              2.753123291613921,
              49.27650722373288
            ],
            [
              2.755847696983016,
              49.278326032462054
            ],
            [
              2.755847696983016,
              49.278326032462054
            ],
            [
              2.7585653184365997,
              49.277449691137015
            ],
            [
              2.7612829398901835,
              49.27657334981196
            ],
            [
              2.764000561343769,
              49.275697008486915
            ],
            [
              2.766718182797353,
              49.27482066716186
            ],
            [
              2.769435804250938,
              49.27394432583682
            ],
            [
              2.7721534257045213,
              49.27306798451177
            ],
            [
              2.774871047158105,
              49.27219164318672
            ],
            [
              2.7775886686116906,
              49.27131530186168
            ],
            [
              2.780306290065274,
              49.27043896053663
            ],
            [
              2.78302391151886,
              49.26956261921158
            ],
            [
              2.78302391151886,
              49.26956261921158
            ],
            [
              2.786102749124767,
              49.26693020136706
            ],
            [
              2.7891815867306757,
              49.264297783522544
            ],
            [
              2.792260424336581,
              49.261665365678034
            ],
            [
              2.7953392619424884,
              49.259032947833504
            ],
            [
              2.7984180995483956,
              49.25640052998899
            ],
            [
              2.801496937154303,
              49.25376811214447
            ],
            [
              2.80457577476021,
              49.251135694299954
            ],
            [
              2.8076546123661177,
              49.248503276455445
            ],
            [
              2.8107334499720245,
              49.24587085861092
            ],
            [
              2.813812287577932,
              49.2432384407664
            ],
            [
              2.813812287577932,
              49.2432384407664
            ],
            [
              2.8165313584361242,
              49.2431130674794
            ],
            [
              2.8192504292943164,
              49.24298769419241
            ],
            [
              2.821969500152509,
              49.24286232090541
            ],
            [
              2.824688571010699,
              49.242736947618404
            ],
            [
              2.827407641868892,
              49.242611574331406
            ],
            [
              2.830126712727084,
              49.24248620104441
            ],
            [
              2.8328457835852743,
              49.24236082775741
            ],
            [
              2.835564854443469,
              49.24223545447041
            ],
            [
              2.8382839253016594,
              49.24211008118341
            ],
            [
              2.8410029961598497,
              49.241984707896414
            ],
            [
              2.8410029961598497,
              49.241984707896414
            ],
            [
              2.8437258284174614,
              49.24298845336568
            ],
            [
              2.846448660675073,
              49.24399219883495
            ],
            [
              2.849171492932684,
              49.244995944304215
            ],
            [
              2.8518943251902944,
              49.24599968977349
            ],
            [
              2.8546171574479033,
              49.24700343524276
            ],
            [
              2.857339989705517,
              49.24800718071203
            ],
            [
              2.8600628219631266,
              49.2490109261813
            ],
            [
              2.8627856542207364,
              49.25001467165057
            ],
            [
              2.865508486478348,
              49.25101841711983
            ],
            [
              2.8682313187359596,
              49.25202216258911
            ],
            [
              2.8682313187359596,
              49.25202216258911
            ],
            [
              2.874577689762856,
              49.251647729318385
            ],
            [
              2.880924060789751,
              49.25127329604765
            ],
            [
              2.8872704318166478,
              49.25089886277693
            ],
            [
              2.893616802843543,
              49.25052442950621
            ],
            [
              2.8999631738704394,
              49.25014999623547
            ],
            [
              2.906309544897336,
              49.24977556296475
            ],
            [
              2.9126559159242325,
              49.24940112969402
            ],
            [
              2.91900228695113,
              49.24902669642329
            ],
            [
              2.9253486579780246,
              49.24865226315257
            ],
            [
              2.931695029004921,
              49.24827782988184
            ],
            [
              2.931695029004921,
              49.24827782988184
            ],
            [
              2.930779231100019,
              49.24370130642434
            ],
            [
              2.929863433195114,
              49.23912478296684
            ],
            [
              2.9289476352902137,
              49.23454825950934
            ],
            [
              2.92803183738531,
              49.22997173605184
            ],
            [
              2.9271160394804068,
              49.225395212594336
            ],
            [
              2.9262002415755046,
              49.22081868913684
            ],
            [
              2.925284443670602,
              49.21624216567934
            ],
            [
              2.9243686457656994,
              49.21166564222183
            ],
            [
              2.9234528478607973,
              49.20708911876434
            ],
            [
              2.9225370499558934,
              49.202512595306835
            ],
            [
              2.9225370499558934,
              49.202512595306835
            ],
            [
              2.927698996998392,
              49.199253643014266
            ],
            [
              2.9328609440408946,
              49.1959946907217
            ],
            [
              2.938022891083394,
              49.192735738429135
            ],
            [
              2.943184838125895,
              49.189476786136574
            ],
            [
              2.9483467851683938,
              49.18621783384401
            ],
            [
              2.953508732210893,
              49.182958881551436
            ],
            [
              2.9586706792533937,
              49.17969992925887
            ],
            [
              2.963832626295893,
              49.176440976966305
            ],
            [
              2.9689945733383936,
              49.17318202467374
            ],
            [
              2.974156520380893,
              49.169923072381174
            ],
            [
              2.974156520380893,
              49.169923072381174
            ],
            [
              2.976607381670392,
              49.17092674997619
            ],
            [
              2.97905824295989,
              49.17193042757119
            ],
            [
              2.98150910424939,
              49.1729341051662
            ],
            [
              2.9839599655388893,
              49.17393778276121
            ],
            [
              2.986410826828391,
              49.174941460356216
            ],
            [
              2.9888616881178884,
              49.17594513795123
            ],
            [
              2.991312549407388,
              49.17694881554623
            ],
            [
              2.993763410696888,
              49.17795249314124
            ],
            [
              2.996214271986389,
              49.17895617073625
            ],
            [
              2.998665133275885,
              49.17995984833126
            ],
            [
              2.998665133275885,
              49.17995984833126
            ],
            [
              3.0016574369239577,
              49.1797095633538
            ],
            [
              3.0046497405720274,
              49.17945927837634
            ],
            [
              3.007642044220097,
              49.17920899339889
            ],
            [
              3.0106343478681663,
              49.17895870842144
            ],
            [
              3.0136266515162355,
              49.17870842344397
            ],
            [
              3.0166189551643066,
              49.17845813846652
            ],
            [
              3.019611258812376,
              49.17820785348906
            ],
            [
              3.022603562460445,
              49.17795756851161
            ],
            [
              3.025595866108517,
              49.177707283534154
            ],
            [
              3.028588169756586,
              49.1774569985567
            ],
            [
              3.028588169756586,
              49.1774569985567
            ],
            [
              3.029400374895985,
              49.17557711576027
            ],
            [
              3.0302125800353834,
              49.17369723296384
            ],
            [
              3.0310247851747802,
              49.17181735016742
            ],
            [
              3.0318369903141815,
              49.169937467370985
            ],
            [
              3.03264919545358,
              49.168057584574555
            ],
            [
              3.0334614005929788,
              49.166177701778125
            ],
            [
              3.0342736057323774,
              49.16429781898171
            ],
            [
              3.035085810871774,
              49.16241793618528
            ],
            [
              3.035898016011173,
              49.16053805338885
            ],
            [
              3.0367102211505714,
              49.158658170592425
            ],
            [
              3.0367102211505714,
              49.158658170592425
            ],
            [
              3.0411512954427242,
              49.15734215255936
            ],
            [
              3.045592369734879,
              49.15602613452629
            ],
            [
              3.0500334440270316,
              49.15471011649323
            ],
            [
              3.0544745183191853,
              49.15339409846016
            ],
            [
              3.058915592611338,
              49.1520780804271
            ],
            [
              3.063356666903491,
              49.15076206239403
            ],
            [
              3.0677977411956454,
              49.14944604436097
            ],
            [
              3.0722388154877973,
              49.148130026327905
            ],
            [
              3.076679889779952,
              49.14681400829485
            ],
            [
              3.0811209640721047,
              49.14549799026178
            ],
            [
              3.0811209640721047,
              49.14549799026178
            ],
            [
              3.085285703961525,
              49.142740858070816
            ],
            [
              3.089450443850946,
              49.13998372587985
            ],
            [
              3.0936151837403636,
              49.13722659368887
            ],
            [
              3.097779923629784,
              49.134469461497915
            ],
            [
              3.101944663519203,
              49.131712329306936
            ],
            [
              3.1061094034086234,
              49.12895519711598
            ],
            [
              3.1102741432980445,
              49.126198064925
            ],
            [
              3.114438883187463,
              49.123440932734034
            ],
            [
              3.1186036230768823,
              49.12068380054307
            ],
            [
              3.1227683629663034,
              49.1179266683521
            ],
            [
              3.1227683629663034,
              49.1179266683521
            ],
            [
              3.1290161087348447,
              49.112849858221516
            ],
            [
              3.1352638545033904,
              49.107773048090934
            ],
            [
              3.141511600271935,
              49.10269623796035
            ],
            [
              3.1477593460404782,
              49.09761942782976
            ],
            [
              3.1540070918090195,
              49.09254261769918
            ],
            [
              3.160254837577565,
              49.08746580756859
            ],
            [
              3.16650258334611,
              49.08238899743801
            ],
            [
              3.1727503291146513,
              49.077312187307434
            ],
            [
              3.1789980748831943,
              49.07223537717684
            ],
            [
              3.185245820651739,
              49.067158567046256
            ],
            [
              3.185245820651739,
              49.067158567046256
            ],
            [
              3.1830628596996546,
              49.06408686226634
            ],
            [
              3.1808798987475684,
              49.061015157486445
            ],
            [
              3.178696937795485,
              49.05794345270654
            ],
            [
              3.1765139768434003,
              49.05487174792663
            ],
            [
              3.174331015891314,
              49.05180004314672
            ],
            [
              3.1721480549392287,
              49.04872833836682
            ],
            [
              3.169965093987144,
              49.04565663358691
            ],
            [
              3.1677821330350615,
              49.042584928807
            ],
            [
              3.1655991720829753,
              49.0395132240271
            ],
            [
              3.1634162111308908,
              49.0364415192472
            ],
            [
              3.1634162111308908,
              49.0364415192472
            ],
            [
              3.1625965824388262,
              49.03443411081177
            ],
            [
              3.161776953746759,
              49.03242670237636
            ],
            [
              3.1609573250546963,
              49.03041929394095
            ],
            [
              3.1601376963626326,
              49.028411885505534
            ],
            [
              3.1593180676705637,
              49.026404477070116
            ],
            [
              3.1584984389785,
              49.0243970686347
            ],
            [
              3.157678810286433,
              49.02238966019929
            ],
            [
              3.15685918159437,
              49.02038225176387
            ],
            [
              3.1560395529023046,
              49.01837484332845
            ],
            [
              3.15521992421024,
              49.01636743489304
            ],
            [
              3.15521992421024,
              49.01636743489304
            ],
            [
              3.159113387425878,
              49.01310923255333
            ],
            [
              3.1630068506415143,
              49.00985103021364
            ],
            [
              3.1669003138571523,
              49.006592827873945
            ],
            [
              3.1707937770727885,
              49.00333462553424
            ],
            [
              3.1746872402884265,
              49.00007642319454
            ],
            [
              3.1785807035040645,
              48.996818220854834
            ],
            [
              3.1824741667197007,
              48.99356001851514
            ],
            [
              3.1863676299353387,
              48.990301816175446
            ],
            [
              3.1902610931509767,
              48.98704361383574
            ],
            [
              3.194154556366614,
              48.983785411496044
            ],
            [
              3.194154556366614,
              48.983785411496044
            ],
            [
              3.193604159895568,
              48.98040005372647
            ],
            [
              3.1930537634245186,
              48.9770146959569
            ],
            [
              3.192503366953471,
              48.97362933818734
            ],
            [
              3.1919529704824243,
              48.97024398041777
            ],
            [
              3.1914025740113776,
              48.9668586226482
            ],
            [
              3.190852177540329,
              48.96347326487864
            ],
            [
              3.190301781069284,
              48.96008790710907
            ],
            [
              3.1897513845982375,
              48.956702549339504
            ],
            [
              3.189200988127188,
              48.95331719156994
            ],
            [
              3.1886505916561423,
              48.94993183380036
            ],
            [
              3.1886505916561423,
              48.94993183380036
            ],
            [
              3.189643070450398,
              48.94779989225344
            ],
            [
              3.1906355492446576,
              48.94566795070651
            ],
            [
              3.191628028038916,
              48.94353600915959
            ],
            [
              3.1926205068331757,
              48.94140406761266
            ],
            [
              3.1936129856274333,
              48.93927212606573
            ],
            [
              3.194605464421691,
              48.9371401845188
            ],
            [
              3.1955979432159487,
              48.93500824297188
            ],
            [
              3.1965904220102064,
              48.932876301424955
            ],
            [
              3.197582900804464,
              48.930744359878034
            ],
            [
              3.1985753795987235,
              48.9286124183311
            ],
            [
              3.1985753795987235,
              48.9286124183311
            ],
            [
              3.2024761426707067,
              48.929177417470726
            ],
            [
              3.2063769057426925,
              48.929742416610345
            ],
            [
              3.210277668814674,
              48.930307415749965
            ],
            [
              3.214178431886658,
              48.9308724148896
            ],
            [
              3.218079194958643,
              48.93143741402921
            ],
            [
              3.221979958030627,
              48.93200241316883
            ],
            [
              3.2258807211026093,
              48.932567412308465
            ],
            [
              3.229781484174594,
              48.93313241144808
            ],
            [
              3.2336822472465765,
              48.933697410587705
            ],
            [
              3.237583010318563,
              48.934262409727324
            ],
            [
              3.237583010318563,
              48.934262409727324
            ],
            [
              3.240439979547625,
              48.93193117679988
            ],
            [
              3.2432969487766923,
              48.92959994387244
            ],
            [
              3.2461539180057577,
              48.927268710944986
            ],
            [
              3.2490108872348213,
              48.92493747801754
            ],
            [
              3.251867856463885,
              48.9226062450901
            ],
            [
              3.2547248256929504,
              48.92027501216265
            ],
            [
              3.2575817949220176,
              48.91794377923521
            ],
            [
              3.2604387641510812,
              48.915612546307756
            ],
            [
              3.263295733380145,
              48.91328131338031
            ],
            [
              3.2661527026092103,
              48.910950080452864
            ],
            [
              3.2661527026092103,
              48.910950080452864
            ],
            [
              3.2683903679965796,
              48.907936092038156
            ],
            [
              3.2706280333839497,
              48.90492210362345
            ],
            [
              3.27286569877132,
              48.90190811520873
            ],
            [
              3.275103364158688,
              48.89889412679402
            ],
            [
              3.277341029546059,
              48.895880138379304
            ],
            [
              3.2795786949334294,
              48.8928661499646
            ],
            [
              3.2818163603207995,
              48.88985216154988
            ],
            [
              3.284054025708168,
              48.88683817313517
            ],
            [
              3.286291691095539,
              48.88382418472046
            ],
            [
              3.2885293564829072,
              48.880810196305745
            ],
            [
              3.2885293564829072,
              48.880810196305745
            ],
            [
              3.2912208668838594,
              48.880012902299164
            ],
            [
              3.2939123772848107,
              48.879215608292576
            ],
            [
              3.296603887685763,
              48.87841831428598
            ],
            [
              3.2992953980867132,
              48.87762102027939
            ],
            [
              3.3019869084876654,
              48.876823726272804
            ],
            [
              3.304678418888616,
              48.87602643226621
            ],
            [
              3.307369929289566,
              48.87522913825963
            ],
            [
              3.310061439690521,
              48.87443184425303
            ],
            [
              3.3127529500914705,
              48.87363455024644
            ],
            [
              3.315444460492422,
              48.872837256239855
            ],
            [
              3.315444460492422,
              48.872837256239855
            ],
            [
              3.314738140339586,
              48.87195044532195
            ],
            [
              3.314031820186749,
              48.87106363440404
            ],
            [
              3.3133255000339132,
              48.870176823486126
            ],
            [
              3.3126191798810773,
              48.86929001256822
            ],
            [
              3.3119128597282397,
              48.86840320165032
            ],
            [
              3.311206539575403,
              48.867516390732405
            ],
            [
              3.3105002194225652,
              48.8666295798145
            ],
            [
              3.3097938992697293,
              48.86574276889659
            ],
            [
              3.3090875791168934,
              48.864855957978676
            ],
            [
              3.3083812589640567,
              48.86396914706077
            ],
            [
              3.3083812589640567,
              48.86396914706077
            ],
            [
              3.306520108104993,
              48.86348050026817
            ],
            [
              3.304658957245931,
              48.86299185347556
            ],
            [
              3.302797806386869,
              48.86250320668295
            ],
            [
              3.3009366555278032,
              48.86201455989035
            ],
            [
              3.2990755046687394,
              48.86152591309774
            ],
            [
              3.2972143538096765,
              48.86103726630513
            ],
            [
              3.2953532029506127,
              48.860548619512535
            ],
            [
              3.293492052091549,
              48.860059972719924
            ],
            [
              3.291630901232487,
              48.85957132592732
            ],
            [
              3.2897697503734222,
              48.859082679134715
            ],
            [
              3.2897697503734222,
              48.859082679134715
            ],
            [
              3.2895109752943887,
              48.85788619651211
            ],
            [
              3.2892522002153535,
              48.85668971388951
            ],
            [
              3.2889934251363173,
              48.855493231266905
            ],
            [
              3.288734650057284,
              48.8542967486443
            ],
            [
              3.2884758749782486,
              48.8531002660217
            ],
            [
              3.2882170998992124,
              48.851903783399095
            ],
            [
              3.287958324820179,
              48.8507073007765
            ],
            [
              3.2876995497411436,
              48.84951081815389
            ],
            [
              3.2874407746621075,
              48.84831433553129
            ],
            [
              3.287181999583074,
              48.84711785290869
            ],
            [
              3.287181999583074,
              48.84711785290869
            ],
            [
              3.289488987634846,
              48.84645292487525
            ],
            [
              3.2917959756866177,
              48.8457879968418
            ],
            [
              3.2941029637383914,
              48.84512306880836
            ],
            [
              3.2964099517901624,
              48.84445814077491
            ],
            [
              3.298716939841937,
              48.843793212741474
            ],
            [
              3.301023927893708,
              48.84312828470803
            ],
            [
              3.3033309159454842,
              48.842463356674585
            ],
            [
              3.305637903997256,
              48.84179842864115
            ],
            [
              3.307944892049027,
              48.841133500607704
            ],
            [
              3.310251880100799,
              48.84046857257426
            ],
            [
              3.310251880100799,
              48.84046857257426
            ],
            [
              3.3118533061805846,
              48.83922768919869
            ],
            [
              3.313454732260371,
              48.837986805823114
            ],
            [
              3.3150561583401577,
              48.83674592244754
            ],
            [
              3.3166575844199433,
              48.83550503907196
            ],
            [
              3.318259010499729,
              48.83426415569639
            ],
            [
              3.319860436579513,
              48.833023272320816
            ],
            [
              3.3214618626592993,
              48.831782388945236
            ],
            [
              3.3230632887390885,
              48.83054150556967
            ],
            [
              3.324664714818874,
              48.8293006221941
            ],
            [
              3.326266140898659,
              48.828059738818524
            ],
            [
              3.326266140898659,
              48.828059738818524
            ],
            [
              3.329666032413908,
              48.82925807187308
            ],
            [
              3.3330659239291607,
              48.830456404927624
            ],
            [
              3.33646581544441,
              48.831654737982184
            ],
            [
              3.3398657069596607,
              48.83285307103674
            ],
            [
              3.34326559847491,
              48.8340514040913
            ],
            [
              3.34666548999016,
              48.835249737145844
            ],
            [
              3.3500653815054116,
              48.836448070200404
            ],
            [
              3.3534652730206616,
              48.83764640325496
            ],
            [
              3.3568651645359107,
              48.83884473630951
            ],
            [
              3.3602650560511615,
              48.84004306936407
            ],
            [
              3.3602650560511615,
              48.84004306936407
            ],
            [
              3.3643694328050224,
              48.84039874752847
            ],
            [
              3.3684738095588798,
              48.84075442569287
            ],
            [
              3.3725781863127406,
              48.841110103857275
            ],
            [
              3.3766825630665998,
              48.84146578202168
            ],
            [
              3.3807869398204606,
              48.84182146018608
            ],
            [
              3.3848913165743197,
              48.84217713835048
            ],
            [
              3.388995693328177,
              48.84253281651488
            ],
            [
              3.3931000700820397,
              48.842888494679286
            ],
            [
              3.397204446835899,
              48.84324417284369
            ],
            [
              3.401308823589759,
              48.843599851008086
            ],
            [
              3.401308823589759,
              48.843599851008086
            ],
            [
              3.403552954615875,
              48.843157093740444
            ],
            [
              3.4057970856419897,
              48.84271433647279
            ],
            [
              3.4080412166681096,
              48.84227157920514
            ],
            [
              3.410285347694226,
              48.84182882193749
            ],
            [
              3.412529478720343,
              48.841386064669834
            ],
            [
              3.4147736097464585,
              48.840943307402185
            ],
            [
              3.4170177407725757,
              48.84050055013453
            ],
            [
              3.419261871798694,
              48.84005779286688
            ],
            [
              3.42150600282481,
              48.83961503559923
            ],
            [
              3.4237501338509264,
              48.83917227833158
            ],
            [
              3.4237501338509264,
              48.83917227833158
            ],
            [
              3.4259926827306324,
              48.83872952066908
            ],
            [
              3.4282352316103375,
              48.83828676300658
            ],
            [
              3.4304777804900435,
              48.83784400534409
            ],
            [
              3.4327203293697495,
              48.83740124768159
            ],
            [
              3.4349628782494546,
              48.836958490019086
            ],
            [
              3.4372054271291597,
              48.83651573235659
            ],
            [
              3.4394479760088656,
              48.83607297469409
            ],
            [
              3.4416905248885734,
              48.83563021703159
            ],
            [
              3.4439330737682767,
              48.835187459369095
            ],
            [
              3.4461756226479827,
              48.8347447017066
            ],
            [
              3.4461756226479827,
              48.8347447017066
            ],
            [
              3.4506022680695767,
              48.83554377762056
            ],
            [
              3.455028913491175,
              48.83634285353452
            ],
            [
              3.459455558912771,
              48.837141929448485
            ],
            [
              3.4638822043343667,
              48.837941005362445
            ],
            [
              3.4683088497559624,
              48.838740081276406
            ],
            [
              3.472735495177559,
              48.839539157190366
            ],
            [
              3.477162140599155,
              48.84033823310433
            ],
            [
              3.4815887860207533,
              48.84113730901829
            ],
            [
              3.486015431442351,
              48.841936384932254
            ],
            [
              3.490442076863945,
              48.842735460846214
            ],
            [
              3.490442076863945,
              48.842735460846214
            ],
            [
              3.4967872912489697,
              48.84176174627549
            ],
            [
              3.5031325056339937,
              48.84078803170476
            ],
            [
              3.5094777200190186,
              48.83981431713403
            ],
            [
              3.5158229344040417,
              48.8388406025633
            ],
            [
              3.522168148789065,
              48.83786688799257
            ],
            [
              3.5285133631740906,
              48.836893173421835
            ],
            [
              3.5348585775591155,
              48.83591945885111
            ],
            [
              3.5412037919441404,
              48.834945744280375
            ],
            [
              3.5475490063291635,
              48.83397202970964
            ],
            [
              3.5538942207141866,
              48.83299831513891
            ],
            [
              3.5538942207141866,
              48.83299831513891
            ],
            [
              3.561077115914673,
              48.8337532139217
            ],
            [
              3.5682600111151603,
              48.834508112704505
            ],
            [
              3.575442906315645,
              48.8352630114873
            ],
            [
              3.5826258015161305,
              48.83601791027009
            ],
            [
              3.589808696716618,
              48.83677280905288
            ],
            [
              3.5969915919171043,
              48.83752770783568
            ],
            [
              3.604174487117588,
              48.83828260661847
            ],
            [
              3.6113573823180762,
              48.839037505401265
            ],
            [
              3.6185402775185636,
              48.83979240418406
            ],
            [
              3.6257231727190473,
              48.840547302966854
            ],
            [
              3.6257231727190473,
              48.840547302966854
            ],
            [
              3.62944285056243,
              48.84090287965478
            ],
            [
              3.6331625284058124,
              48.84125845634271
            ],
            [
              3.6368822062491986,
              48.84161403303063
            ],
            [
              3.640601884092582,
              48.841969609718554
            ],
            [
              3.6443215619359646,
              48.84232518640647
            ],
            [
              3.648041239779347,
              48.84268076309439
            ],
            [
              3.6517609176227297,
              48.843036339782316
            ],
            [
              3.655480595466115,
              48.843391916470246
            ],
            [
              3.6592002733094984,
              48.84374749315817
            ],
            [
              3.66291995115288,
              48.84410306984609
            ],
            [
              3.66291995115288,
              48.84410306984609
            ],
            [
              3.664332646391492,
              48.84516738397917
            ],
            [
              3.665745341630101,
              48.846231698112234
            ],
            [
              3.667158036868712,
              48.84729601224531
            ],
            [
              3.6685707321073218,
              48.848360326378376
            ],
            [
              3.6699834273459335,
              48.84942464051145
            ],
            [
              3.6713961225845426,
              48.85048895464452
            ],
            [
              3.6728088178231535,
              48.85155326877759
            ],
            [
              3.6742215130617626,
              48.85261758291065
            ],
            [
              3.6756342083003744,
              48.85368189704373
            ],
            [
              3.6770469035389834,
              48.85474621117681
            ]
          ]
        ]
      }
    },
    {
      "type": "Feature",
      "properties": {
        "diocese": "Cathalaunen",
        "province": "Remen",
        "start": 1592,
        "end": 1789
      },
      "geometry": {
        "type": "Polygon",
        "coordinates": [
          [
            [
              4.910649734121442,
              49.17112206986151
            ],
            [
              4.899527729295491,
              49.16759947334721
            ],
            [
              4.888405724469543,
              49.164076876832915
            ],
            [
              4.877283719643591,
              49.16055428031861
            ],
            [
              4.8661617148176415,
              49.15703168380431
            ],
            [
              4.8550397099916935,
              49.15350908729001
            ],
            [
              4.843917705165742,
              49.14998649077571
            ],
            [
              4.832795700339792,
              49.14646389426141
            ],
            [
              4.821673695513843,
              49.14294129774712
            ],
            [
              4.810551690687893,
              49.13941870123281
            ],
            [
              4.799429685861943,
              49.13589610471851
            ],
            [
              4.799429685861943,
              49.13589610471851
            ],
            [
              4.792175382455893,
              49.13576931442327
            ],
            [
              4.784921079049841,
              49.13564252412803
            ],
            [
              4.777666775643791,
              49.13551573383279
            ],
            [
              4.770412472237741,
              49.135388943537556
            ],
            [
              4.763158168831689,
              49.1352621532423
            ],
            [
              4.755903865425639,
              49.13513536294706
            ],
            [
              4.748649562019587,
              49.13500857265182
            ],
            [
              4.741395258613538,
              49.13488178235658
            ],
            [
              4.7341409552074865,
              49.13475499206134
            ],
            [
              4.726886651801436,
              49.1346282017661
            ],
            [
              4.726886651801436,
              49.1346282017661
            ],
            [
              4.723070285964843,
              49.130614974609024
            ],
            [
              4.719253920128249,
              49.12660174745196
            ],
            [
              4.715437554291656,
              49.12258852029489
            ],
            [
              4.711621188455062,
              49.11857529313782
            ],
            [
              4.707804822618469,
              49.11456206598077
            ],
            [
              4.703988456781877,
              49.110548838823696
            ],
            [
              4.7001720909452835,
              49.10653561166663
            ],
            [
              4.69635572510869,
              49.10252238450956
            ],
            [
              4.6925393592720965,
              49.098509157352495
            ],
            [
              4.688722993435505,
              49.094495930195436
            ],
            [
              4.688722993435505,
              49.094495930195436
            ],
            [
              4.684002161756812,
              49.09173658048245
            ],
            [
              4.679281330078119,
              49.08897723076946
            ],
            [
              4.674560498399426,
              49.08621788105647
            ],
            [
              4.669839666720735,
              49.08345853134348
            ],
            [
              4.665118835042042,
              49.08069918163049
            ],
            [
              4.660398003363349,
              49.077939831917504
            ],
            [
              4.655677171684658,
              49.075180482204516
            ],
            [
              4.6509563400059655,
              49.07242113249153
            ],
            [
              4.646235508327273,
              49.06966178277854
            ],
            [
              4.64151467664858,
              49.06690243306555
            ],
            [
              4.64151467664858,
              49.06690243306555
            ],
            [
              4.6264614000997355,
              49.06627162745556
            ],
            [
              4.611408123550897,
              49.065640821845584
            ],
            [
              4.596354847002056,
              49.0650100162356
            ],
            [
              4.581301570453213,
              49.06437921062561
            ],
            [
              4.566248293904371,
              49.06374840501563
            ],
            [
              4.551195017355532,
              49.06311759940564
            ],
            [
              4.5361417408066895,
              49.062486793795664
            ],
            [
              4.521088464257847,
              49.06185598818568
            ],
            [
              4.506035187709006,
              49.0612251825757
            ],
            [
              4.490981911160166,
              49.06059437696572
            ],
            [
              4.490981911160166,
              49.06059437696572
            ],
            [
              4.49062179059217,
              49.062098355487564
            ],
            [
              4.490261670024179,
              49.06360233400942
            ],
            [
              4.489901549456185,
              49.06510631253126
            ],
            [
              4.489541428888195,
              49.06661029105311
            ],
            [
              4.4891813083202,
              49.068114269574956
            ],
            [
              4.488821187752206,
              49.06961824809681
            ],
            [
              4.4884610671842164,
              49.071122226618655
            ],
            [
              4.488100946616223,
              49.0726262051405
            ],
            [
              4.487740826048231,
              49.07413018366236
            ],
            [
              4.487380705480236,
              49.07563416218421
            ],
            [
              4.487380705480236,
              49.07563416218421
            ],
            [
              4.4821273064692395,
              49.07876810630465
            ],
            [
              4.476873907458245,
              49.0819020504251
            ],
            [
              4.471620508447252,
              49.08503599454555
            ],
            [
              4.466367109436259,
              49.088169938666006
            ],
            [
              4.4611137104252645,
              49.091303882786455
            ],
            [
              4.45586031141427,
              49.094437826906905
            ],
            [
              4.450606912403275,
              49.09757177102735
            ],
            [
              4.445353513392281,
              49.1007057151478
            ],
            [
              4.440100114381284,
              49.10383965926825
            ],
            [
              4.4348467153702895,
              49.1069736033887
            ],
            [
              4.4348467153702895,
              49.1069736033887
            ],
            [
              4.429588552446402,
              49.107598273465975
            ],
            [
              4.424330389522515,
              49.10822294354326
            ],
            [
              4.419072226598626,
              49.108847613620526
            ],
            [
              4.413814063674739,
              49.10947228369781
            ],
            [
              4.4085559007508515,
              49.11009695377509
            ],
            [
              4.403297737826964,
              49.11072162385237
            ],
            [
              4.398039574903073,
              49.11134629392964
            ],
            [
              4.39278141197919,
              49.11197096400692
            ],
            [
              4.387523249055301,
              49.1125956340842
            ],
            [
              4.382265086131413,
              49.11322030416148
            ],
            [
              4.382265086131413,
              49.11322030416148
            ],
            [
              4.378807950952291,
              49.10720102929151
            ],
            [
              4.375350815773169,
              49.10118175442154
            ],
            [
              4.371893680594047,
              49.09516247955156
            ],
            [
              4.3684365454149265,
              49.08914320468159
            ],
            [
              4.364979410235804,
              49.08312392981162
            ],
            [
              4.361522275056684,
              49.07710465494165
            ],
            [
              4.358065139877562,
              49.07108538007168
            ],
            [
              4.3546080046984414,
              49.0650661052017
            ],
            [
              4.3511508695193175,
              49.05904683033173
            ],
            [
              4.347693734340197,
              49.05302755546175
            ],
            [
              4.347693734340197,
              49.05302755546175
            ],
            [
              4.344066972320176,
              49.052776685122616
            ],
            [
              4.340440210300153,
              49.05252581478346
            ],
            [
              4.336813448280131,
              49.05227494444432
            ],
            [
              4.33318668626011,
              49.05202407410518
            ],
            [
              4.329559924240089,
              49.051773203766025
            ],
            [
              4.325933162220064,
              49.05152233342688
            ],
            [
              4.322306400200041,
              49.05127146308774
            ],
            [
              4.3186796381800185,
              49.05102059274859
            ],
            [
              4.315052876159996,
              49.05076972240945
            ],
            [
              4.311426114139973,
              49.0505188520703
            ],
            [
              4.311426114139973,
              49.0505188520703
            ],
            [
              4.305981495680921,
              49.049012358371215
            ],
            [
              4.300536877221868,
              49.04750586467214
            ],
            [
              4.295092258762812,
              49.04599937097306
            ],
            [
              4.289647640303762,
              49.04449287727398
            ],
            [
              4.284203021844707,
              49.042986383574906
            ],
            [
              4.278758403385652,
              49.041479889875816
            ],
            [
              4.2733137849266,
              49.03997339617674
            ],
            [
              4.267869166467548,
              49.03846690247766
            ],
            [
              4.262424548008491,
              49.03696040877858
            ],
            [
              4.256979929549438,
              49.0354539150795
            ],
            [
              4.256979929549438,
              49.0354539150795
            ],
            [
              4.25425238701342,
              49.031189927904116
            ],
            [
              4.251524844477398,
              49.02692594072873
            ],
            [
              4.2487973019413765,
              49.022661953553346
            ],
            [
              4.246069759405357,
              49.018397966377954
            ],
            [
              4.243342216869337,
              49.014133979202576
            ],
            [
              4.240614674333317,
              49.00986999202719
            ],
            [
              4.2378871317972955,
              49.005606004851806
            ],
            [
              4.235159589261274,
              49.001342017676414
            ],
            [
              4.232432046725256,
              48.99707803050103
            ],
            [
              4.229704504189234,
              48.992814043325644
            ],
            [
              4.229704504189234,
              48.992814043325644
            ],
            [
              4.225532858746423,
              48.99281300223161
            ],
            [
              4.221361213303613,
              48.992811961137555
            ],
            [
              4.217189567860801,
              48.99281092004352
            ],
            [
              4.213017922417993,
              48.99280987894947
            ],
            [
              4.20884627697518,
              48.992808837855435
            ],
            [
              4.20467463153237,
              48.99280779676138
            ],
            [
              4.200502986089559,
              48.99280675566734
            ],
            [
              4.196331340646749,
              48.9928057145733
            ],
            [
              4.192159695203937,
              48.99280467347926
            ],
            [
              4.187988049761126,
              48.99280363238522
            ],
            [
              4.187988049761126,
              48.99280363238522
            ],
            [
              4.183638469968029,
              48.99430768180144
            ],
            [
              4.179288890174929,
              48.99581173121766
            ],
            [
              4.174939310381832,
              48.99731578063387
            ],
            [
              4.170589730588732,
              48.99881983005009
            ],
            [
              4.1662401507956375,
              49.00032387946631
            ],
            [
              4.161890571002537,
              49.00182792888253
            ],
            [
              4.1575409912094425,
              49.00333197829875
            ],
            [
              4.153191411416342,
              49.00483602771498
            ],
            [
              4.148841831623246,
              49.00634007713119
            ],
            [
              4.144492251830146,
              49.00784412654741
            ],
            [
              4.144492251830146,
              49.00784412654741
            ],
            [
              4.135412158445364,
              49.00157241663763
            ],
            [
              4.126332065060577,
              48.99530070672785
            ],
            [
              4.117251971675794,
              48.989028996818085
            ],
            [
              4.108171878291008,
              48.98275728690831
            ],
            [
              4.099091784906227,
              48.97648557699853
            ],
            [
              4.09001169152144,
              48.97021386708876
            ],
            [
              4.0809315981366545,
              48.96394215717898
            ],
            [
              4.071851504751871,
              48.95767044726921
            ],
            [
              4.062771411367086,
              48.951398737359426
            ],
            [
              4.053691317982301,
              48.94512702744965
            ],
            [
              4.053691317982301,
              48.94512702744965
            ],
            [
              4.041901297503637,
              48.944497030762754
            ],
            [
              4.030111277024973,
              48.94386703407586
            ],
            [
              4.018321256546306,
              48.943237037388954
            ],
            [
              4.006531236067643,
              48.94260704070207
            ],
            [
              3.9947412155889794,
              48.941977044015175
            ],
            [
              3.982951195110316,
              48.94134704732828
            ],
            [
              3.9711611746316504,
              48.940717050641375
            ],
            [
              3.959371154152987,
              48.94008705395448
            ],
            [
              3.947581133674323,
              48.93945705726759
            ],
            [
              3.9357911131956578,
              48.938827060580685
            ],
            [
              3.9357911131956578,
              48.938827060580685
            ],
            [
              3.93016554486783,
              48.936443507645784
            ],
            [
              3.924539976539998,
              48.93405995471089
            ],
            [
              3.9189144082121685,
              48.931676401775995
            ],
            [
              3.913288839884338,
              48.9292928488411
            ],
            [
              3.9076632715565087,
              48.9269092959062
            ],
            [
              3.9020377032286784,
              48.9245257429713
            ],
            [
              3.896412134900847,
              48.9221421900364
            ],
            [
              3.8907865665730186,
              48.91975863710151
            ],
            [
              3.885160998245189,
              48.91737508416661
            ],
            [
              3.879535429917358,
              48.91499153123171
            ],
            [
              3.879535429917358,
              48.91499153123171
            ],
            [
              3.8641174371835043,
              48.91348361505505
            ],
            [
              3.8486994444496543,
              48.91197569887838
            ],
            [
              3.8332814517158016,
              48.910467782701716
            ],
            [
              3.817863458981949,
              48.90895986652506
            ],
            [
              3.802445466248097,
              48.90745195034838
            ],
            [
              3.7870274735142444,
              48.905944034171725
            ],
            [
              3.7716094807803935,
              48.90443611799506
            ],
            [
              3.756191488046538,
              48.90292820181839
            ],
            [
              3.740773495312688,
              48.90142028564173
            ],
            [
              3.7253555025788354,
              48.89991236946506
            ],
            [
              3.7253555025788354,
              48.89991236946506
            ],
            [
              3.7248072832918013,
              48.89765505806584
            ],
            [
              3.7242590640047673,
              48.89539774666661
            ],
            [
              3.7237108447177323,
              48.89314043526738
            ],
            [
              3.7231626254306964,
              48.89088312386815
            ],
            [
              3.722614406143664,
              48.88862581246893
            ],
            [
              3.722066186856629,
              48.8863685010697
            ],
            [
              3.7215179675695933,
              48.88411118967048
            ],
            [
              3.7209697482825583,
              48.88185387827124
            ],
            [
              3.7204215289955243,
              48.87959656687202
            ],
            [
              3.71987330970849,
              48.87733925547278
            ],
            [
              3.71987330970849,
              48.87733925547278
            ],
            [
              3.7155906690915397,
              48.87507995104319
            ],
            [
              3.711308028474589,
              48.87282064661359
            ],
            [
              3.707025387857637,
              48.87056134218399
            ],
            [
              3.702742747240688,
              48.86830203775439
            ],
            [
              3.698460106623737,
              48.8660427333248
            ],
            [
              3.6941774660067863,
              48.863783428895196
            ],
            [
              3.689894825389836,
              48.861524124465596
            ],
            [
              3.6856121847728844,
              48.85926482003601
            ],
            [
              3.681329544155934,
              48.8570055156064
            ],
            [
              3.6770469035389834,
              48.85474621117681
            ],
            [
              3.6770469035389834,
              48.85474621117681
            ],
            [
              3.683393231264778,
              48.85434934266415
            ],
            [
              3.6897395589905737,
              48.853952474151505
            ],
            [
              3.6960858867163693,
              48.85355560563885
            ],
            [
              3.702432214442162,
              48.85315873712621
            ],
            [
              3.7087785421679578,
              48.85276186861356
            ],
            [
              3.7151248698937533,
              48.85236500010091
            ],
            [
              3.721471197619548,
              48.851968131588265
            ],
            [
              3.7278175253453436,
              48.85157126307561
            ],
            [
              3.7341638530711383,
              48.851174394562975
            ],
            [
              3.740510180796934,
              48.85077752605032
            ],
            [
              3.740510180796934,
              48.85077752605032
            ],
            [
              3.741658622913295,
              48.84780706427596
            ],
            [
              3.7428070650296568,
              48.844836602501594
            ],
            [
              3.7439555071460178,
              48.84186614072724
            ],
            [
              3.7451039492623797,
              48.83889567895288
            ],
            [
              3.7462523913787407,
              48.83592521717851
            ],
            [
              3.747400833495105,
              48.83295475540417
            ],
            [
              3.748549275611467,
              48.8299842936298
            ],
            [
              3.749697717727828,
              48.82701383185544
            ],
            [
              3.750846159844189,
              48.824043370081085
            ],
            [
              3.751994601960551,
              48.82107290830672
            ],
            [
              3.751994601960551,
              48.82107290830672
            ],
            [
              3.754940695921389,
              48.81930037972499
            ],
            [
              3.757886789882224,
              48.81752785114327
            ],
            [
              3.7608328838430602,
              48.815755322561536
            ],
            [
              3.7637789778038973,
              48.813982793979804
            ],
            [
              3.7667250717647316,
              48.81221026539807
            ],
            [
              3.7696711657255713,
              48.81043773681634
            ],
            [
              3.7726172596864083,
              48.808665208234615
            ],
            [
              3.7755633536472426,
              48.80689267965288
            ],
            [
              3.7785094476080787,
              48.80512015107116
            ],
            [
              3.7814555415689157,
              48.80334762248942
            ],
            [
              3.7814555415689157,
              48.80334762248942
            ],
            [
              3.789276602531546,
              48.80250781016419
            ],
            [
              3.7970976634941738,
              48.80166799783897
            ],
            [
              3.8049187244567997,
              48.80082818551374
            ],
            [
              3.8127397854194274,
              48.799988373188505
            ],
            [
              3.820560846382056,
              48.79914856086327
            ],
            [
              3.8283819073446836,
              48.79830874853804
            ],
            [
              3.8362029683073096,
              48.79746893621281
            ],
            [
              3.844024029269939,
              48.79662912388759
            ],
            [
              3.8518450902325676,
              48.79578931156236
            ],
            [
              3.8596661511951953,
              48.79494949923712
            ],
            [
              3.8596661511951953,
              48.79494949923712
            ],
            [
              3.8626137852797187,
              48.793974942220764
            ],
            [
              3.865561419364241,
              48.7930003852044
            ],
            [
              3.8685090534487654,
              48.792025828188045
            ],
            [
              3.871456687533288,
              48.79105127117169
            ],
            [
              3.8744043216178112,
              48.790076714155326
            ],
            [
              3.8773519557023373,
              48.78910215713898
            ],
            [
              3.880299589786859,
              48.788127600122614
            ],
            [
              3.8832472238713813,
              48.78715304310625
            ],
            [
              3.8861948579559056,
              48.786178486089895
            ],
            [
              3.889142492040428,
              48.78520392907353
            ],
            [
              3.889142492040428,
              48.78520392907353
            ],
            [
              3.888625453187926,
              48.78307588235904
            ],
            [
              3.888108414335423,
              48.78094783564455
            ],
            [
              3.8875913754829203,
              48.77881978893005
            ],
            [
              3.8870743366304192,
              48.776691742215554
            ],
            [
              3.8865572977779164,
              48.77456369550106
            ],
            [
              3.8860402589254144,
              48.772435648786555
            ],
            [
              3.8855232200729124,
              48.77030760207206
            ],
            [
              3.8850061812204095,
              48.76817955535758
            ],
            [
              3.8844891423679075,
              48.76605150864307
            ],
            [
              3.8839721035154064,
              48.76392346192858
            ],
            [
              3.8839721035154064,
              48.76392346192858
            ],
            [
              3.8824902621842443,
              48.760642560333196
            ],
            [
              3.8810084208530866,
              48.75736165873783
            ],
            [
              3.8795265795219263,
              48.754080757142454
            ],
            [
              3.878044738190767,
              48.750799855547086
            ],
            [
              3.8765628968596055,
              48.747518953951705
            ],
            [
              3.875081055528445,
              48.744238052356344
            ],
            [
              3.8735992141972875,
              48.74095715076097
            ],
            [
              3.872117372866127,
              48.737676249165595
            ],
            [
              3.8706355315349676,
              48.73439534757022
            ],
            [
              3.869153690203808,
              48.731114445974846
            ],
            [
              3.869153690203808,
              48.731114445974846
            ],
            [
              3.871689254187148,
              48.72636892804309
            ],
            [
              3.87422481817049,
              48.72162341011133
            ],
            [
              3.876760382153829,
              48.71687789217957
            ],
            [
              3.879295946137169,
              48.712132374247815
            ],
            [
              3.8818315101205063,
              48.70738685631605
            ],
            [
              3.8843670741038463,
              48.70264133838429
            ],
            [
              3.8869026380871863,
              48.69789582045253
            ],
            [
              3.8894382020705263,
              48.69315030252077
            ],
            [
              3.891973766053868,
              48.688404784589004
            ],
            [
              3.894509330037207,
              48.683659266657244
            ],
            [
              3.894509330037207,
              48.683659266657244
            ],
            [
              3.8964079714919246,
              48.68115260614802
            ],
            [
              3.8983066129466404,
              48.67864594563879
            ],
            [
              3.900205254401356,
              48.67613928512956
            ],
            [
              3.9021038958560728,
              48.673632624620325
            ],
            [
              3.9040025373107903,
              48.67112596411109
            ],
            [
              3.905901178765506,
              48.66861930360187
            ],
            [
              3.9077998202202235,
              48.66611264309264
            ],
            [
              3.9096984616749375,
              48.663605982583405
            ],
            [
              3.911597103129655,
              48.66109932207417
            ],
            [
              3.9134957445843725,
              48.65859266156495
            ],
            [
              3.9134957445843725,
              48.65859266156495
            ],
            [
              3.9180307338459115,
              48.65871877321628
            ],
            [
              3.9225657231074504,
              48.65884488486762
            ],
            [
              3.927100712368993,
              48.65897099651895
            ],
            [
              3.9316357016305337,
              48.65909710817029
            ],
            [
              3.9361706908920726,
              48.65922321982162
            ],
            [
              3.9407056801536124,
              48.65934933147297
            ],
            [
              3.945240669415153,
              48.6594754431243
            ],
            [
              3.949775658676694,
              48.65960155477564
            ],
            [
              3.954310647938233,
              48.659727666426974
            ],
            [
              3.958845637199772,
              48.65985377807831
            ],
            [
              3.958845637199772,
              48.65985377807831
            ],
            [
              3.961561563914549,
              48.65809935573191
            ],
            [
              3.9642774906293234,
              48.656344933385505
            ],
            [
              3.9669934173440997,
              48.65459051103911
            ],
            [
              3.969709344058876,
              48.652836088692716
            ],
            [
              3.9724252707736514,
              48.65108166634631
            ],
            [
              3.9751411974884285,
              48.64932724399992
            ],
            [
              3.977857124203204,
              48.64757282165351
            ],
            [
              3.9805730509179793,
              48.64581839930712
            ],
            [
              3.9832889776327565,
              48.644063976960716
            ],
            [
              3.986004904347532,
              48.64230955461432
            ],
            [
              3.986004904347532,
              48.64230955461432
            ],
            [
              3.9906298850690356,
              48.6426236972737
            ],
            [
              3.995254865790542,
              48.64293783993309
            ],
            [
              3.999879846512044,
              48.643251982592474
            ],
            [
              4.004504827233548,
              48.643566125251866
            ],
            [
              4.009129807955054,
              48.64388026791125
            ],
            [
              4.013754788676561,
              48.644194410570634
            ],
            [
              4.018379769398065,
              48.644508553230025
            ],
            [
              4.02300475011957,
              48.64482269588942
            ],
            [
              4.027629730841074,
              48.645136838548794
            ],
            [
              4.0322547115625795,
              48.64545098120818
            ],
            [
              4.0322547115625795,
              48.64545098120818
            ],
            [
              4.034617346213869,
              48.64795977717064
            ],
            [
              4.036979980865162,
              48.650468573133104
            ],
            [
              4.039342615516455,
              48.65297736909556
            ],
            [
              4.041705250167745,
              48.65548616505801
            ],
            [
              4.044067884819036,
              48.65799496102048
            ],
            [
              4.046430519470329,
              48.66050375698293
            ],
            [
              4.048793154121622,
              48.66301255294539
            ],
            [
              4.051155788772913,
              48.665521348907845
            ],
            [
              4.053518423424203,
              48.6680301448703
            ],
            [
              4.055881058075498,
              48.67053894083276
            ],
            [
              4.055881058075498,
              48.67053894083276
            ],
            [
              4.058600622482816,
              48.66984954202077
            ],
            [
              4.061320186890136,
              48.66916014320878
            ],
            [
              4.064039751297454,
              48.668470744396785
            ],
            [
              4.066759315704774,
              48.66778134558479
            ],
            [
              4.069478880112092,
              48.6670919467728
            ],
            [
              4.07219844451941,
              48.66640254796081
            ],
            [
              4.07491800892673,
              48.66571314914881
            ],
            [
              4.077637573334048,
              48.665023750336815
            ],
            [
              4.080357137741368,
              48.66433435152482
            ],
            [
              4.083076702148686,
              48.66364495271283
            ],
            [
              4.083076702148686,
              48.66364495271283
            ],
            [
              4.08679762243497,
              48.665464010136624
            ],
            [
              4.090518542721254,
              48.66728306756042
            ],
            [
              4.094239463007536,
              48.66910212498421
            ],
            [
              4.097960383293822,
              48.670921182408
            ],
            [
              4.101681303580104,
              48.6727402398318
            ],
            [
              4.105402223866388,
              48.67455929725559
            ],
            [
              4.1091231441526705,
              48.676378354679386
            ],
            [
              4.112844064438955,
              48.67819741210318
            ],
            [
              4.116564984725239,
              48.680016469526976
            ],
            [
              4.120285905011523,
              48.68183552695076
            ],
            [
              4.120285905011523,
              48.68183552695076
            ],
            [
              4.127267996232137,
              48.681837269431924
            ],
            [
              4.134250087452752,
              48.681839011913084
            ],
            [
              4.14123217867337,
              48.68184075439424
            ],
            [
              4.148214269893982,
              48.6818424968754
            ],
            [
              4.155196361114598,
              48.68184423935655
            ],
            [
              4.162178452335215,
              48.68184598183771
            ],
            [
              4.169160543555831,
              48.68184772431887
            ],
            [
              4.176142634776443,
              48.681849466800024
            ],
            [
              4.183124725997059,
              48.68185120928118
            ],
            [
              4.190106817217675,
              48.68185295176233
            ],
            [
              4.190106817217675,
              48.68185295176233
            ],
            [
              4.193645282527097,
              48.682793877584125
            ],
            [
              4.197183747836519,
              48.68373480340592
            ],
            [
              4.2007222131459425,
              48.6846757292277
            ],
            [
              4.204260678455364,
              48.68561665504949
            ],
            [
              4.207799143764786,
              48.68655758087129
            ],
            [
              4.211337609074208,
              48.68749850669307
            ],
            [
              4.21487607438363,
              48.688439432514855
            ],
            [
              4.218414539693052,
              48.68938035833665
            ],
            [
              4.221953005002476,
              48.690321284158436
            ],
            [
              4.225491470311896,
              48.69126220998022
            ],
            [
              4.225491470311896,
              48.69126220998022
            ],
            [
              4.229751371993185,
              48.690511238902324
            ],
            [
              4.234011273674476,
              48.689760267824425
            ],
            [
              4.238271175355763,
              48.689009296746526
            ],
            [
              4.242531077037054,
              48.68825832566863
            ],
            [
              4.246790978718337,
              48.68750735459072
            ],
            [
              4.251050880399628,
              48.68675638351283
            ],
            [
              4.255310782080915,
              48.68600541243492
            ],
            [
              4.259570683762206,
              48.68525444135703
            ],
            [
              4.263830585443493,
              48.68450347027913
            ],
            [
              4.268090487124782,
              48.683752499201226
            ],
            [
              4.268090487124782,
              48.683752499201226
            ],
            [
              4.270623879755377,
              48.681119945233085
            ],
            [
              4.273157272385969,
              48.67848739126493
            ],
            [
              4.275690665016564,
              48.67585483729679
            ],
            [
              4.278224057647158,
              48.67322228332865
            ],
            [
              4.280757450277752,
              48.67058972936049
            ],
            [
              4.283290842908345,
              48.66795717539235
            ],
            [
              4.285824235538939,
              48.665324621424205
            ],
            [
              4.288357628169534,
              48.662692067456064
            ],
            [
              4.290891020800128,
              48.66005951348791
            ],
            [
              4.2934244134307225,
              48.65742695951977
            ],
            [
              4.2934244134307225,
              48.65742695951977
            ],
            [
              4.2962349898918895,
              48.656675626741944
            ],
            [
              4.29904556635306,
              48.65592429396412
            ],
            [
              4.301856142814231,
              48.655172961186295
            ],
            [
              4.304666719275399,
              48.65442162840846
            ],
            [
              4.307477295736568,
              48.65367029563063
            ],
            [
              4.3102878721977405,
              48.65291896285281
            ],
            [
              4.313098448658911,
              48.652167630074985
            ],
            [
              4.315909025120078,
              48.65141629729716
            ],
            [
              4.318719601581249,
              48.65066496451933
            ],
            [
              4.321530178042419,
              48.6499136317415
            ],
            [
              4.321530178042419,
              48.6499136317415
            ],
            [
              4.326067416629359,
              48.65198392463906
            ],
            [
              4.330604655216298,
              48.654054217536626
            ],
            [
              4.335141893803241,
              48.65612451043419
            ],
            [
              4.339679132390179,
              48.65819480333176
            ],
            [
              4.34421637097712,
              48.660265096229324
            ],
            [
              4.348753609564058,
              48.66233538912689
            ],
            [
              4.353290848150998,
              48.66440568202446
            ],
            [
              4.357828086737941,
              48.666475974922015
            ],
            [
              4.36236532532488,
              48.66854626781958
            ],
            [
              4.36690256391182,
              48.67061656071715
            ],
            [
              4.36690256391182,
              48.67061656071715
            ],
            [
              4.370166716879565,
              48.67030331491383
            ],
            [
              4.373430869847308,
              48.66999006911051
            ],
            [
              4.376695022815053,
              48.66967682330719
            ],
            [
              4.379959175782794,
              48.66936357750387
            ],
            [
              4.383223328750541,
              48.66905033170056
            ],
            [
              4.386487481718284,
              48.66873708589724
            ],
            [
              4.389751634686027,
              48.66842384009392
            ],
            [
              4.39301578765377,
              48.6681105942906
            ],
            [
              4.396279940621513,
              48.667797348487284
            ],
            [
              4.399544093589256,
              48.66748410268397
            ],
            [
              4.399544093589256,
              48.66748410268397
            ],
            [
              4.403167753996426,
              48.66616894717476
            ],
            [
              4.4067914144035925,
              48.66485379166554
            ],
            [
              4.410415074810759,
              48.663538636156325
            ],
            [
              4.414038735217925,
              48.662223480647114
            ],
            [
              4.4176623956250936,
              48.660908325137896
            ],
            [
              4.421286056032258,
              48.65959316962868
            ],
            [
              4.424909716439426,
              48.65827801411947
            ],
            [
              4.428533376846593,
              48.65696285861025
            ],
            [
              4.432157037253759,
              48.65564770310104
            ],
            [
              4.4357806976609275,
              48.65433254759183
            ],
            [
              4.4357806976609275,
              48.65433254759183
            ],
            [
              4.4389546179513815,
              48.65370629084063
            ],
            [
              4.442128538241839,
              48.653080034089434
            ],
            [
              4.445302458532295,
              48.652453777338245
            ],
            [
              4.448476378822749,
              48.651827520587055
            ],
            [
              4.451650299113204,
              48.651201263835866
            ],
            [
              4.454824219403658,
              48.650575007084676
            ],
            [
              4.457998139694112,
              48.64994875033347
            ],
            [
              4.461172059984568,
              48.64932249358229
            ],
            [
              4.464345980275025,
              48.6486962368311
            ],
            [
              4.467519900565479,
              48.64806998007991
            ],
            [
              4.467519900565479,
              48.64806998007991
            ],
            [
              4.469326925872705,
              48.645312259487405
            ],
            [
              4.4711339511799295,
              48.64255453889489
            ],
            [
              4.47294097648715,
              48.63979681830238
            ],
            [
              4.474748001794376,
              48.637039097709874
            ],
            [
              4.476555027101597,
              48.63428137711736
            ],
            [
              4.478362052408823,
              48.631523656524855
            ],
            [
              4.480169077716045,
              48.62876593593234
            ],
            [
              4.481976103023269,
              48.62600821533984
            ],
            [
              4.483783128330494,
              48.623250494747325
            ],
            [
              4.485590153637718,
              48.62049277415482
            ],
            [
              4.485590153637718,
              48.62049277415482
            ],
            [
              4.487402148521086,
              48.61949015494746
            ],
            [
              4.489214143404457,
              48.6184875357401
            ],
            [
              4.491026138287825,
              48.617484916532746
            ],
            [
              4.4928381331711975,
              48.61648229732538
            ],
            [
              4.494650128054566,
              48.615479678118035
            ],
            [
              4.4964621229379365,
              48.61447705891068
            ],
            [
              4.498274117821307,
              48.613474439703324
            ],
            [
              4.500086112704677,
              48.61247182049596
            ],
            [
              4.501898107588044,
              48.61146920128861
            ],
            [
              4.503710102471414,
              48.61046658208125
            ],
            [
              4.503710102471414,
              48.61046658208125
            ],
            [
              4.508516941073742,
              48.610529743845404
            ],
            [
              4.513323779676069,
              48.610592905609565
            ],
            [
              4.518130618278393,
              48.61065606737373
            ],
            [
              4.522937456880719,
              48.610719229137885
            ],
            [
              4.527744295483046,
              48.610782390902045
            ],
            [
              4.532551134085372,
              48.610845552666206
            ],
            [
              4.537357972687698,
              48.610908714430366
            ],
            [
              4.542164811290027,
              48.610971876194526
            ],
            [
              4.546971649892351,
              48.611035037958686
            ],
            [
              4.551778488494676,
              48.61109819972283
            ],
            [
              4.551778488494676,
              48.61109819972283
            ],
            [
              4.559658541504961,
              48.607213943445295
            ],
            [
              4.567538594515243,
              48.60332968716775
            ],
            [
              4.575418647525526,
              48.59944543089021
            ],
            [
              4.58329870053581,
              48.59556117461266
            ],
            [
              4.591178753546094,
              48.591676918335125
            ],
            [
              4.599058806556377,
              48.58779266205759
            ],
            [
              4.606938859566659,
              48.583908405780036
            ],
            [
              4.614818912576943,
              48.5800241495025
            ],
            [
              4.622698965587228,
              48.576139893224955
            ],
            [
              4.63057901859751,
              48.57225563694741
            ],
            [
              4.63057901859751,
              48.57225563694741
            ],
            [
              4.636920316480236,
              48.56843295333062
            ],
            [
              4.6432616143629595,
              48.56461026971383
            ],
            [
              4.649602912245685,
              48.56078758609705
            ],
            [
              4.655944210128412,
              48.55696490248025
            ],
            [
              4.662285508011136,
              48.553142218863464
            ],
            [
              4.66862680589386,
              48.549319535246674
            ],
            [
              4.674968103776585,
              48.545496851629885
            ],
            [
              4.681309401659309,
              48.541674168013095
            ],
            [
              4.687650699542035,
              48.537851484396306
            ],
            [
              4.693991997424762,
              48.534028800779524
            ],
            [
              4.693991997424762,
              48.534028800779524
            ],
            [
              4.6970701002536615,
              48.53183542305083
            ],
            [
              4.700148203082561,
              48.52964204532215
            ],
            [
              4.703226305911462,
              48.52744866759345
            ],
            [
              4.706304408740362,
              48.52525528986476
            ],
            [
              4.709382511569261,
              48.52306191213607
            ],
            [
              4.712460614398163,
              48.520868534407384
            ],
            [
              4.715538717227062,
              48.5186751566787
            ],
            [
              4.718616820055962,
              48.51648177895
            ],
            [
              4.721694922884861,
              48.514288401221314
            ],
            [
              4.724773025713763,
              48.51209502349263
            ],
            [
              4.724773025713763,
              48.51209502349263
            ],
            [
              4.722867728979018,
              48.51115343873029
            ],
            [
              4.720962432244274,
              48.51021185396795
            ],
            [
              4.719057135509534,
              48.509270269205615
            ],
            [
              4.7171518387747895,
              48.50832868444327
            ],
            [
              4.715246542040045,
              48.50738709968093
            ],
            [
              4.713341245305303,
              48.5064455149186
            ],
            [
              4.711435948570559,
              48.505503930156266
            ],
            [
              4.70953065183582,
              48.50456234539392
            ],
            [
              4.707625355101076,
              48.50362076063159
            ],
            [
              4.70572005836633,
              48.50267917586925
            ],
            [
              4.70572005836633,
              48.50267917586925
            ],
            [
              4.706077828515273,
              48.50073615099228
            ],
            [
              4.706435598664216,
              48.49879312611531
            ],
            [
              4.706793368813157,
              48.49685010123834
            ],
            [
              4.707151138962097,
              48.494907076361365
            ],
            [
              4.70750890911104,
              48.49296405148439
            ],
            [
              4.707866679259983,
              48.49102102660742
            ],
            [
              4.708224449408922,
              48.489078001730455
            ],
            [
              4.708582219557865,
              48.487134976853476
            ],
            [
              4.7089399897068045,
              48.4851919519765
            ],
            [
              4.709297759855749,
              48.48324892709953
            ],
            [
              4.709297759855749,
              48.48324892709953
            ],
            [
              4.7148188159178375,
              48.47792090386328
            ],
            [
              4.720339871979927,
              48.472592880627026
            ],
            [
              4.725860928042019,
              48.467264857390774
            ],
            [
              4.731381984104111,
              48.46193683415452
            ],
            [
              4.736903040166197,
              48.45660881091827
            ],
            [
              4.742424096228291,
              48.45128078768201
            ],
            [
              4.747945152290383,
              48.445952764445764
            ],
            [
              4.753466208352471,
              48.44062474120951
            ],
            [
              4.758987264414561,
              48.43529671797325
            ],
            [
              4.764508320476651,
              48.429968694737006
            ],
            [
              4.764508320476651,
              48.429968694737006
            ],
            [
              4.770489057887296,
              48.427463052973465
            ],
            [
              4.776469795297942,
              48.42495741120991
            ],
            [
              4.7824505327085856,
              48.42245176944637
            ],
            [
              4.788431270119229,
              48.41994612768281
            ],
            [
              4.794412007529877,
              48.41744048591927
            ],
            [
              4.800392744940522,
              48.41493484415572
            ],
            [
              4.806373482351164,
              48.41242920239217
            ],
            [
              4.81235421976181,
              48.40992356062862
            ],
            [
              4.818334957172453,
              48.40741791886507
            ],
            [
              4.824315694583101,
              48.40491227710153
            ],
            [
              4.824315694583101,
              48.40491227710153
            ],
            [
              4.8281887416991704,
              48.40710204604473
            ],
            [
              4.832061788815237,
              48.409291814987924
            ],
            [
              4.835934835931305,
              48.41148158393113
            ],
            [
              4.8398078830473725,
              48.413671352874324
            ],
            [
              4.843680930163444,
              48.41586112181752
            ],
            [
              4.84755397727951,
              48.41805089076072
            ],
            [
              4.851427024395578,
              48.420240659703914
            ],
            [
              4.855300071511648,
              48.42243042864712
            ],
            [
              4.859173118627716,
              48.424620197590315
            ],
            [
              4.863046165743784,
              48.42680996653352
            ],
            [
              4.863046165743784,
              48.42680996653352
            ],
            [
              4.866125363263938,
              48.42752004270794
            ],
            [
              4.869204560784095,
              48.42823011888237
            ],
            [
              4.872283758304251,
              48.428940195056796
            ],
            [
              4.875362955824407,
              48.42965027123122
            ],
            [
              4.878442153344562,
              48.43036034740565
            ],
            [
              4.881521350864718,
              48.43107042358007
            ],
            [
              4.884600548384871,
              48.4317804997545
            ],
            [
              4.8876797459050305,
              48.432490575928924
            ],
            [
              4.890758943425183,
              48.43320065210335
            ],
            [
              4.8938381409453395,
              48.43391072827777
            ],
            [
              4.8938381409453395,
              48.43391072827777
            ],
            [
              4.899224926462363,
              48.434266721016364
            ],
            [
              4.90461171197939,
              48.43462271375496
            ],
            [
              4.909998497496414,
              48.434978706493546
            ],
            [
              4.915385283013437,
              48.43533469923214
            ],
            [
              4.920772068530463,
              48.43569069197073
            ],
            [
              4.926158854047486,
              48.436046684709325
            ],
            [
              4.931545639564513,
              48.43640267744791
            ],
            [
              4.936932425081535,
              48.43675867018651
            ],
            [
              4.942319210598562,
              48.4371146629251
            ],
            [
              4.947705996115586,
              48.43747065566369
            ],
            [
              4.947705996115586,
              48.43747065566369
            ],
            [
              4.949251031296221,
              48.44066291503478
            ],
            [
              4.950796066476858,
              48.44385517440587
            ],
            [
              4.952341101657494,
              48.447047433776945
            ],
            [
              4.953886136838129,
              48.450239693148035
            ],
            [
              4.955431172018766,
              48.453431952519125
            ],
            [
              4.956976207199402,
              48.456624211890215
            ],
            [
              4.958521242380039,
              48.4598164712613
            ],
            [
              4.960066277560674,
              48.463008730632396
            ],
            [
              4.961611312741313,
              48.466200990003486
            ],
            [
              4.963156347921949,
              48.46939324937457
            ],
            [
              4.963156347921949,
              48.46939324937457
            ],
            [
              4.968861253108599,
              48.46886269779761
            ],
            [
              4.9745661582952465,
              48.46833214622064
            ],
            [
              4.980271063481899,
              48.467801594643674
            ],
            [
              4.98597596866855,
              48.4672710430667
            ],
            [
              4.9916808738552,
              48.46674049148974
            ],
            [
              4.997385779041849,
              48.46620993991278
            ],
            [
              5.0030906842285,
              48.465679388335815
            ],
            [
              5.008795589415152,
              48.46514883675885
            ],
            [
              5.014500494601801,
              48.464618285181885
            ],
            [
              5.020205399788454,
              48.46408773360491
            ],
            [
              5.020205399788454,
              48.46408773360491
            ],
            [
              5.020331323609339,
              48.46289134698945
            ],
            [
              5.0204572474302225,
              48.46169496037398
            ],
            [
              5.0205831712511095,
              48.460498573758514
            ],
            [
              5.020709095071995,
              48.45930218714305
            ],
            [
              5.020835018892878,
              48.45810580052759
            ],
            [
              5.020960942713764,
              48.45690941391212
            ],
            [
              5.021086866534649,
              48.45571302729666
            ],
            [
              5.021212790355534,
              48.4545166406812
            ],
            [
              5.021338714176419,
              48.45332025406573
            ],
            [
              5.021464637997305,
              48.45212386745026
            ],
            [
              5.021464637997305,
              48.45212386745026
            ],
            [
              5.019282379259888,
              48.45101449626867
            ],
            [
              5.0171001205224695,
              48.44990512508708
            ],
            [
              5.0149178617850545,
              48.44879575390549
            ],
            [
              5.012735603047636,
              48.44768638272391
            ],
            [
              5.0105533443102175,
              48.446577011542324
            ],
            [
              5.008371085572801,
              48.44546764036074
            ],
            [
              5.006188826835382,
              48.44435826917915
            ],
            [
              5.0040065680979655,
              48.44324889799756
            ],
            [
              5.001824309360549,
              48.44213952681597
            ],
            [
              4.999642050623132,
              48.44103015563439
            ],
            [
              4.999642050623132,
              48.44103015563439
            ],
            [
              4.999633067639733,
              48.43637587664129
            ],
            [
              4.999624084656338,
              48.4317215976482
            ],
            [
              4.999615101672941,
              48.427067318655105
            ],
            [
              4.999606118689545,
              48.42241303966201
            ],
            [
              4.99959713570615,
              48.41775876066892
            ],
            [
              4.999588152722753,
              48.41310448167583
            ],
            [
              4.9995791697393575,
              48.40845020268273
            ],
            [
              4.999570186755962,
              48.403795923689636
            ],
            [
              4.999561203772565,
              48.39914164469654
            ],
            [
              4.99955222078917,
              48.39448736570345
            ],
            [
              4.99955222078917,
              48.39448736570345
            ],
            [
              5.002180023966082,
              48.393512723399354
            ],
            [
              5.004807827142992,
              48.39253808109527
            ],
            [
              5.007435630319906,
              48.39156343879117
            ],
            [
              5.010063433496821,
              48.390588796487066
            ],
            [
              5.0126912366737315,
              48.38961415418297
            ],
            [
              5.0153190398506435,
              48.38863951187888
            ],
            [
              5.017946843027556,
              48.387664869574785
            ],
            [
              5.020574646204468,
              48.386690227270684
            ],
            [
              5.023202449381383,
              48.38571558496659
            ],
            [
              5.025830252558295,
              48.384740942662496
            ],
            [
              5.025830252558295,
              48.384740942662496
            ],
            [
              5.0262691623137385,
              48.379998111982914
            ],
            [
              5.026708072069182,
              48.375255281303325
            ],
            [
              5.027146981824627,
              48.37051245062375
            ],
            [
              5.027585891580072,
              48.36576961994416
            ],
            [
              5.0280248013355155,
              48.36102678926458
            ],
            [
              5.028463711090961,
              48.356283958584996
            ],
            [
              5.028902620846406,
              48.35154112790541
            ],
            [
              5.029341530601849,
              48.34679829722583
            ],
            [
              5.0297804403572925,
              48.34205546654624
            ],
            [
              5.030219350112738,
              48.33731263586666
            ],
            [
              5.030219350112738,
              48.33731263586666
            ],
            [
              5.032821993041292,
              48.333671684219404
            ],
            [
              5.035424635969848,
              48.330030732572155
            ],
            [
              5.038027278898403,
              48.3263897809249
            ],
            [
              5.040629921826957,
              48.32274882927764
            ],
            [
              5.043232564755513,
              48.31910787763039
            ],
            [
              5.045835207684069,
              48.31546692598313
            ],
            [
              5.048437850612624,
              48.311825974335875
            ],
            [
              5.051040493541178,
              48.30818502268862
            ],
            [
              5.0536431364697325,
              48.30454407104137
            ],
            [
              5.056245779398289,
              48.300903119394114
            ],
            [
              5.056245779398289,
              48.300903119394114
            ],
            [
              5.062049617421449,
              48.30121756172362
            ],
            [
              5.067853455444606,
              48.30153200405311
            ],
            [
              5.073657293467765,
              48.301846446382605
            ],
            [
              5.079461131490923,
              48.30216088871211
            ],
            [
              5.085264969514084,
              48.302475331041606
            ],
            [
              5.091068807537242,
              48.30278977337111
            ],
            [
              5.096872645560401,
              48.30310421570061
            ],
            [
              5.10267648358356,
              48.30341865803011
            ],
            [
              5.10848032160672,
              48.3037331003596
            ],
            [
              5.114284159629877,
              48.304047542689105
            ],
            [
              5.114284159629877,
              48.304047542689105
            ],
            [
              5.12045085902656,
              48.304237090226906
            ],
            [
              5.126617558423247,
              48.30442663776471
            ],
            [
              5.132784257819932,
              48.304616185302514
            ],
            [
              5.138950957216613,
              48.30480573284032
            ],
            [
              5.145117656613296,
              48.30499528037812
            ],
            [
              5.151284356009981,
              48.30518482791593
            ],
            [
              5.157451055406666,
              48.30537437545373
            ],
            [
              5.163617754803347,
              48.30556392299154
            ],
            [
              5.16978445420003,
              48.30575347052934
            ],
            [
              5.175951153596717,
              48.30594301806713
            ],
            [
              5.175951153596717,
              48.30594301806713
            ],
            [
              5.178582775113712,
              48.30694674077346
            ],
            [
              5.181214396630708,
              48.30795046347978
            ],
            [
              5.183846018147705,
              48.3089541861861
            ],
            [
              5.1864776396647,
              48.30995790889242
            ],
            [
              5.189109261181695,
              48.31096163159874
            ],
            [
              5.191740882698694,
              48.31196535430506
            ],
            [
              5.194372504215687,
              48.312969077011374
            ],
            [
              5.197004125732684,
              48.3139727997177
            ],
            [
              5.1996357472496815,
              48.31497652242402
            ],
            [
              5.2022673687666785,
              48.31598024513033
            ],
            [
              5.2022673687666785,
              48.31598024513033
            ],
            [
              5.204165056840287,
              48.31535687491007
            ],
            [
              5.206062744913899,
              48.31473350468982
            ],
            [
              5.207960432987507,
              48.314110134469566
            ],
            [
              5.209858121061119,
              48.31348676424931
            ],
            [
              5.211755809134727,
              48.312863394029044
            ],
            [
              5.2136534972083375,
              48.31224002380879
            ],
            [
              5.215551185281948,
              48.311616653588544
            ],
            [
              5.217448873355556,
              48.31099328336828
            ],
            [
              5.219346561429168,
              48.31036991314802
            ],
            [
              5.221244249502776,
              48.30974654292776
            ],
            [
              5.221244249502776,
              48.30974654292776
            ],
            [
              5.221826810657555,
              48.3129513822317
            ],
            [
              5.222409371812331,
              48.31615622153564
            ],
            [
              5.222991932967107,
              48.319361060839576
            ],
            [
              5.223574494121884,
              48.32256590014351
            ],
            [
              5.224157055276665,
              48.32577073944744
            ],
            [
              5.224739616431439,
              48.32897557875139
            ],
            [
              5.225322177586216,
              48.332180418055316
            ],
            [
              5.225904738740994,
              48.335385257359256
            ],
            [
              5.226487299895771,
              48.33859009666318
            ],
            [
              5.227069861050547,
              48.34179493596713
            ],
            [
              5.227069861050547,
              48.34179493596713
            ],
            [
              5.22553364521278,
              48.34321315707663
            ],
            [
              5.223997429375011,
              48.34463137818612
            ],
            [
              5.22246121353724,
              48.346049599295625
            ],
            [
              5.220924997699473,
              48.34746782040513
            ],
            [
              5.219388781861706,
              48.34888604151463
            ],
            [
              5.217852566023936,
              48.35030426262413
            ],
            [
              5.216316350186169,
              48.351722483733624
            ],
            [
              5.2147801343484,
              48.35314070484313
            ],
            [
              5.213243918510633,
              48.35455892595263
            ],
            [
              5.211707702672863,
              48.35597714706213
            ],
            [
              5.211707702672863,
              48.35597714706213
            ],
            [
              5.2074791978798665,
              48.357748289078586
            ],
            [
              5.20325069308687,
              48.359519431095045
            ],
            [
              5.199022188293874,
              48.36129057311151
            ],
            [
              5.19479368350088,
              48.36306171512797
            ],
            [
              5.1905651787078835,
              48.36483285714443
            ],
            [
              5.186336673914887,
              48.366603999160894
            ],
            [
              5.182108169121891,
              48.36837514117735
            ],
            [
              5.177879664328895,
              48.37014628319381
            ],
            [
              5.173651159535899,
              48.37191742521027
            ],
            [
              5.1694226547429025,
              48.37368856722673
            ],
            [
              5.1694226547429025,
              48.37368856722673
            ],
            [
              5.168528104213239,
              48.37528428087148
            ],
            [
              5.167633553683578,
              48.37687999451622
            ],
            [
              5.166739003153914,
              48.37847570816098
            ],
            [
              5.165844452624251,
              48.380071421805724
            ],
            [
              5.164949902094591,
              48.38166713545048
            ],
            [
              5.164055351564926,
              48.38326284909522
            ],
            [
              5.1631608010352625,
              48.38485856273997
            ],
            [
              5.162266250505601,
              48.38645427638472
            ],
            [
              5.161371699975938,
              48.388049990029465
            ],
            [
              5.160477149446274,
              48.38964570367421
            ],
            [
              5.160477149446274,
              48.38964570367421
            ],
            [
              5.163172082323197,
              48.39062166887421
            ],
            [
              5.165867015200117,
              48.39159763407421
            ],
            [
              5.1685619480770395,
              48.39257359927421
            ],
            [
              5.17125688095396,
              48.3935495644742
            ],
            [
              5.173951813830881,
              48.39452552967419
            ],
            [
              5.176646746707801,
              48.39550149487419
            ],
            [
              5.179341679584722,
              48.39647746007419
            ],
            [
              5.182036612461644,
              48.397453425274186
            ],
            [
              5.1847315453385665,
              48.39842939047418
            ],
            [
              5.187426478215485,
              48.39940535567417
            ],
            [
              5.187426478215485,
              48.39940535567417
            ],
            [
              5.189096323876237,
              48.40082438237172
            ],
            [
              5.190766169536987,
              48.40224340906925
            ],
            [
              5.192436015197739,
              48.40366243576679
            ],
            [
              5.194105860858487,
              48.40508146246434
            ],
            [
              5.195775706519239,
              48.40650048916187
            ],
            [
              5.197445552179989,
              48.40791951585941
            ],
            [
              5.199115397840741,
              48.40933854255695
            ],
            [
              5.200785243501491,
              48.41075756925449
            ],
            [
              5.202455089162241,
              48.41217659595203
            ],
            [
              5.204124934822991,
              48.413595622649574
            ],
            [
              5.204124934822991,
              48.413595622649574
            ],
            [
              5.203494985080617,
              48.41944723221996
            ],
            [
              5.202865035338242,
              48.42529884179034
            ],
            [
              5.202235085595866,
              48.43115045136072
            ],
            [
              5.201605135853491,
              48.43700206093111
            ],
            [
              5.2009751861111155,
              48.44285367050149
            ],
            [
              5.20034523636874,
              48.44870528007187
            ],
            [
              5.199715286626365,
              48.45455688964225
            ],
            [
              5.199085336883989,
              48.46040849921265
            ],
            [
              5.198455387141616,
              48.466260108783025
            ],
            [
              5.19782543739924,
              48.4721117183534
            ],
            [
              5.19782543739924,
              48.4721117183534
            ],
            [
              5.198085747176075,
              48.47406237406836
            ],
            [
              5.198346056952909,
              48.47601302978331
            ],
            [
              5.198606366729747,
              48.47796368549827
            ],
            [
              5.198866676506579,
              48.47991434121323
            ],
            [
              5.1991269862834155,
              48.481864996928174
            ],
            [
              5.199387296060248,
              48.48381565264313
            ],
            [
              5.199647605837084,
              48.48576630835809
            ],
            [
              5.1999079156139185,
              48.48771696407304
            ],
            [
              5.200168225390755,
              48.489667619787994
            ],
            [
              5.200428535167589,
              48.49161827550295
            ],
            [
              5.200428535167589,
              48.49161827550295
            ],
            [
              5.1978671400961165,
              48.49339089462247
            ],
            [
              5.195305745024644,
              48.49516351374199
            ],
            [
              5.19274434995317,
              48.49693613286152
            ],
            [
              5.190182954881697,
              48.49870875198105
            ],
            [
              5.187621559810225,
              48.50048137110056
            ],
            [
              5.185060164738754,
              48.50225399022009
            ],
            [
              5.182498769667282,
              48.50402660933962
            ],
            [
              5.179937374595806,
              48.50579922845914
            ],
            [
              5.177375979524335,
              48.50757184757867
            ],
            [
              5.174814584452863,
              48.50934446669818
            ],
            [
              5.174814584452863,
              48.50934446669818
            ],
            [
              5.175589287102067,
              48.51209321649895
            ],
            [
              5.176363989751273,
              48.514841966299706
            ],
            [
              5.177138692400478,
              48.51759071610046
            ],
            [
              5.177913395049684,
              48.52033946590121
            ],
            [
              5.178688097698888,
              48.52308821570197
            ],
            [
              5.179462800348093,
              48.52583696550273
            ],
            [
              5.180237502997297,
              48.52858571530348
            ],
            [
              5.181012205646503,
              48.53133446510424
            ],
            [
              5.181786908295708,
              48.53408321490499
            ],
            [
              5.182561610944914,
              48.53683196470575
            ],
            [
              5.182561610944914,
              48.53683196470575
            ],
            [
              5.179999018020574,
              48.5379839502131
            ],
            [
              5.1774364250962375,
              48.53913593572048
            ],
            [
              5.174873832171896,
              48.540287921227836
            ],
            [
              5.172311239247557,
              48.54143990673521
            ],
            [
              5.169748646323219,
              48.54259189224257
            ],
            [
              5.167186053398881,
              48.54374387774993
            ],
            [
              5.164623460474543,
              48.544895863257295
            ],
            [
              5.162060867550201,
              48.546047848764665
            ],
            [
              5.159498274625863,
              48.54719983427202
            ],
            [
              5.156935681701523,
              48.54835181977939
            ],
            [
              5.156935681701523,
              48.54835181977939
            ],
            [
              5.155272509878415,
              48.55039065345709
            ],
            [
              5.153609338055306,
              48.5524294871348
            ],
            [
              5.151946166232195,
              48.55446832081251
            ],
            [
              5.150282994409087,
              48.55650715449023
            ],
            [
              5.14861982258598,
              48.558545988167936
            ],
            [
              5.146956650762869,
              48.56058482184564
            ],
            [
              5.1452934789397595,
              48.562623655523346
            ],
            [
              5.14363030711665,
              48.564662489201055
            ],
            [
              5.141967135293541,
              48.566701322878764
            ],
            [
              5.1403039634704335,
              48.56874015655647
            ],
            [
              5.1403039634704335,
              48.56874015655647
            ],
            [
              5.141462588513162,
              48.57104569031713
            ],
            [
              5.142621213555893,
              48.57335122407779
            ],
            [
              5.1437798385986255,
              48.57565675783846
            ],
            [
              5.144938463641356,
              48.577962291599114
            ],
            [
              5.146097088684087,
              48.58026782535977
            ],
            [
              5.147255713726821,
              48.58257335912043
            ],
            [
              5.148414338769552,
              48.58487889288109
            ],
            [
              5.149572963812284,
              48.58718442664175
            ],
            [
              5.150731588855015,
              48.58948996040241
            ],
            [
              5.151890213897746,
              48.591795494163065
            ],
            [
              5.151890213897746,
              48.591795494163065
            ],
            [
              5.151893465248861,
              48.59348008986239
            ],
            [
              5.1518967165999765,
              48.59516468556171
            ],
            [
              5.151899967951092,
              48.59684928126103
            ],
            [
              5.151903219302207,
              48.59853387696035
            ],
            [
              5.151906470653325,
              48.60021847265967
            ],
            [
              5.15190972200444,
              48.601903068359
            ],
            [
              5.1519129733555555,
              48.60358766405832
            ],
            [
              5.151916224706671,
              48.60527225975764
            ],
            [
              5.151919476057786,
              48.60695685545696
            ],
            [
              5.151922727408902,
              48.60864145115628
            ],
            [
              5.151922727408902,
              48.60864145115628
            ],
            [
              5.150128242392892,
              48.60908432063955
            ],
            [
              5.148333757376879,
              48.60952719012282
            ],
            [
              5.1465392723608705,
              48.6099700596061
            ],
            [
              5.144744787344859,
              48.610412929089364
            ],
            [
              5.142950302328847,
              48.61085579857264
            ],
            [
              5.1411558173128356,
              48.61129866805591
            ],
            [
              5.139361332296826,
              48.61174153753919
            ],
            [
              5.137566847280814,
              48.612184407022454
            ],
            [
              5.135772362264804,
              48.612627276505734
            ],
            [
              5.1339778772487925,
              48.613070145989
            ],
            [
              5.1339778772487925,
              48.613070145989
            ],
            [
              5.129234180950531,
              48.61289163520233
            ],
            [
              5.124490484652272,
              48.61271312441567
            ],
            [
              5.119746788354012,
              48.61253461362901
            ],
            [
              5.115003092055749,
              48.61235610284234
            ],
            [
              5.110259395757488,
              48.61217759205567
            ],
            [
              5.105515699459227,
              48.61199908126901
            ],
            [
              5.100772003160966,
              48.61182057048235
            ],
            [
              5.096028306862705,
              48.61164205969568
            ],
            [
              5.091284610564445,
              48.611463548909015
            ],
            [
              5.086540914266184,
              48.611285038122354
            ],
            [
              5.086540914266184,
              48.611285038122354
            ],
            [
              5.084364046980333,
              48.61296909521109
            ],
            [
              5.082187179694484,
              48.61465315229982
            ],
            [
              5.080010312408634,
              48.61633720938857
            ],
            [
              5.077833445122783,
              48.61802126647731
            ],
            [
              5.075656577836934,
              48.619705323566045
            ],
            [
              5.073479710551082,
              48.62138938065479
            ],
            [
              5.071302843265233,
              48.62307343774352
            ],
            [
              5.0691259759793805,
              48.62475749483227
            ],
            [
              5.066949108693532,
              48.626441551921005
            ],
            [
              5.064772241407683,
              48.62812560900974
            ],
            [
              5.064772241407683,
              48.62812560900974
            ],
            [
              5.062726081933194,
              48.631050981752956
            ],
            [
              5.060679922458705,
              48.633976354496156
            ],
            [
              5.058633762984217,
              48.63690172723936
            ],
            [
              5.056587603509728,
              48.639827099982575
            ],
            [
              5.054541444035239,
              48.64275247272578
            ],
            [
              5.0524952845607505,
              48.64567784546899
            ],
            [
              5.050449125086262,
              48.64860321821219
            ],
            [
              5.048402965611773,
              48.6515285909554
            ],
            [
              5.046356806137284,
              48.6544539636986
            ],
            [
              5.044310646662797,
              48.65737933644181
            ],
            [
              5.044310646662797,
              48.65737933644181
            ],
            [
              5.0412338448905984,
              48.65791054936908
            ],
            [
              5.038157043118401,
              48.658441762296334
            ],
            [
              5.035080241346201,
              48.6589729752236
            ],
            [
              5.032003439574003,
              48.65950418815086
            ],
            [
              5.0289266378018045,
              48.660035401078126
            ],
            [
              5.0258498360296056,
              48.66056661400539
            ],
            [
              5.022773034257408,
              48.66109782693265
            ],
            [
              5.0196962324852095,
              48.66162903985991
            ],
            [
              5.016619430713012,
              48.66216025278718
            ],
            [
              5.013542628940813,
              48.66269146571443
            ],
            [
              5.013542628940813,
              48.66269146571443
            ],
            [
              5.00957340922341,
              48.66588234345466
            ],
            [
              5.0056041895060055,
              48.6690732211949
            ],
            [
              5.001634969788604,
              48.67226409893513
            ],
            [
              4.997665750071199,
              48.67545497667536
            ],
            [
              4.993696530353796,
              48.678645854415585
            ],
            [
              4.9897273106363915,
              48.681836732155816
            ],
            [
              4.9857580909189885,
              48.68502760989605
            ],
            [
              4.981788871201584,
              48.688218487636284
            ],
            [
              4.977819651484184,
              48.691409365376515
            ],
            [
              4.973850431766779,
              48.69460024311674
            ],
            [
              4.973850431766779,
              48.69460024311674
            ],
            [
              4.97219094558314,
              48.6985896739345
            ],
            [
              4.970531459399501,
              48.70257910475227
            ],
            [
              4.96887197321586,
              48.706568535570035
            ],
            [
              4.9672124870322225,
              48.71055796638779
            ],
            [
              4.96555300084858,
              48.71454739720555
            ],
            [
              4.963893514664939,
              48.71853682802332
            ],
            [
              4.9622340284813,
              48.72252625884108
            ],
            [
              4.96057454229766,
              48.72651568965884
            ],
            [
              4.958915056114021,
              48.7305051204766
            ],
            [
              4.957255569930382,
              48.73449455129437
            ],
            [
              4.957255569930382,
              48.73449455129437
            ],
            [
              4.953666768943663,
              48.73546787630775
            ],
            [
              4.950077967956945,
              48.73644120132113
            ],
            [
              4.946489166970226,
              48.73741452633451
            ],
            [
              4.942900365983508,
              48.7383878513479
            ],
            [
              4.939311564996789,
              48.739361176361285
            ],
            [
              4.935722764010073,
              48.74033450137466
            ],
            [
              4.932133963023354,
              48.741307826388045
            ],
            [
              4.9285451620366345,
              48.74228115140143
            ],
            [
              4.924956361049917,
              48.74325447641481
            ],
            [
              4.921367560063198,
              48.744227801428195
            ],
            [
              4.921367560063198,
              48.744227801428195
            ],
            [
              4.919962736546765,
              48.747241997690566
            ],
            [
              4.91855791303033,
              48.75025619395292
            ],
            [
              4.917153089513896,
              48.75327039021529
            ],
            [
              4.915748265997461,
              48.756284586477655
            ],
            [
              4.914343442481028,
              48.75929878274002
            ],
            [
              4.912938618964594,
              48.76231297900239
            ],
            [
              4.911533795448161,
              48.76532717526475
            ],
            [
              4.910128971931728,
              48.76834137152711
            ],
            [
              4.908724148415294,
              48.77135556778948
            ],
            [
              4.907319324898859,
              48.77436976405184
            ],
            [
              4.907319324898859,
              48.77436976405184
            ],
            [
              4.90398451708025,
              48.77410294687831
            ],
            [
              4.900649709261641,
              48.77383612970479
            ],
            [
              4.89731490144303,
              48.773569312531265
            ],
            [
              4.893980093624421,
              48.77330249535774
            ],
            [
              4.890645285805814,
              48.773035678184215
            ],
            [
              4.887310477987205,
              48.7727688610107
            ],
            [
              4.883975670168596,
              48.77250204383717
            ],
            [
              4.880640862349985,
              48.772235226663646
            ],
            [
              4.877306054531376,
              48.77196840949012
            ],
            [
              4.8739712467127685,
              48.771701592316596
            ],
            [
              4.8739712467127685,
              48.771701592316596
            ],
            [
              4.871149963232046,
              48.771700888224785
            ],
            [
              4.868328679751324,
              48.77170018413296
            ],
            [
              4.865507396270601,
              48.77169948004114
            ],
            [
              4.862686112789879,
              48.771698775949325
            ],
            [
              4.859864829309156,
              48.77169807185751
            ],
            [
              4.857043545828434,
              48.77169736776568
            ],
            [
              4.854222262347712,
              48.771696663673865
            ],
            [
              4.851400978866989,
              48.77169595958205
            ],
            [
              4.848579695386267,
              48.771695255490236
            ],
            [
              4.845758411905544,
              48.77169455139841
            ],
            [
              4.845758411905544,
              48.77169455139841
            ],
            [
              4.850257583883492,
              48.777281450621125
            ],
            [
              4.8547567558614375,
              48.782868349843845
            ],
            [
              4.859255927839387,
              48.78845524906656
            ],
            [
              4.8637550998173325,
              48.79404214828927
            ],
            [
              4.86825427179528,
              48.799629047511985
            ],
            [
              4.872753443773226,
              48.8052159467347
            ],
            [
              4.877252615751173,
              48.81080284595742
            ],
            [
              4.8817517877291206,
              48.81638974518013
            ],
            [
              4.886250959707068,
              48.82197664440285
            ],
            [
              4.890750131685014,
              48.82756354362556
            ],
            [
              4.890750131685014,
              48.82756354362556
            ],
            [
              4.897808382093794,
              48.8301365346468
            ],
            [
              4.9048666325025785,
              48.832709525668044
            ],
            [
              4.911924882911364,
              48.83528251668929
            ],
            [
              4.918983133320143,
              48.837855507710536
            ],
            [
              4.926041383728926,
              48.84042849873178
            ],
            [
              4.93309963413771,
              48.84300148975303
            ],
            [
              4.940157884546492,
              48.845574480774275
            ],
            [
              4.947216134955273,
              48.848147471795514
            ],
            [
              4.954274385364057,
              48.85072046281675
            ],
            [
              4.961332635772839,
              48.853293453838
            ],
            [
              4.961332635772839,
              48.853293453838
            ],
            [
              4.970958533733706,
              48.85737435908071
            ],
            [
              4.980584431694574,
              48.8614552643234
            ],
            [
              4.990210329655442,
              48.8655361695661
            ],
            [
              4.99983622761631,
              48.86961707480881
            ],
            [
              5.009462125577178,
              48.8736979800515
            ],
            [
              5.019088023538044,
              48.8777788852942
            ],
            [
              5.0287139214989125,
              48.8818597905369
            ],
            [
              5.038339819459779,
              48.885940695779595
            ],
            [
              5.047965717420649,
              48.8900216010223
            ],
            [
              5.057591615381515,
              48.89410250626499
            ],
            [
              5.057591615381515,
              48.89410250626499
            ],
            [
              5.062212688727611,
              48.89640889866003
            ],
            [
              5.06683376207371,
              48.898715291055055
            ],
            [
              5.071454835419807,
              48.90102168345009
            ],
            [
              5.076075908765905,
              48.90332807584511
            ],
            [
              5.080696982112002,
              48.905634468240144
            ],
            [
              5.0853180554580995,
              48.90794086063518
            ],
            [
              5.089939128804197,
              48.9102472530302
            ],
            [
              5.094560202150298,
              48.912553645425234
            ],
            [
              5.099181275496393,
              48.91486003782027
            ],
            [
              5.103802348842493,
              48.91716643021529
            ],
            [
              5.103802348842493,
              48.91716643021529
            ],
            [
              5.104958364989686,
              48.91893998253752
            ],
            [
              5.106114381136882,
              48.92071353485976
            ],
            [
              5.107270397284077,
              48.92248708718199
            ],
            [
              5.108426413431275,
              48.92426063950421
            ],
            [
              5.10958242957847,
              48.92603419182645
            ],
            [
              5.110738445725664,
              48.92780774414868
            ],
            [
              5.1118944618728595,
              48.929581296470914
            ],
            [
              5.113050478020055,
              48.931354848793134
            ],
            [
              5.114206494167249,
              48.933128401115376
            ],
            [
              5.115362510314446,
              48.9349019534376
            ],
            [
              5.115362510314446,
              48.9349019534376
            ],
            [
              5.115111904638374,
              48.93711847203994
            ],
            [
              5.1148612989623,
              48.93933499064227
            ],
            [
              5.114610693286229,
              48.94155150924461
            ],
            [
              5.114360087610157,
              48.94376802784695
            ],
            [
              5.114109481934085,
              48.945984546449274
            ],
            [
              5.113858876258011,
              48.948201065051606
            ],
            [
              5.113608270581937,
              48.950417583653945
            ],
            [
              5.113357664905866,
              48.95263410225628
            ],
            [
              5.113107059229794,
              48.954850620858615
            ],
            [
              5.11285645355372,
              48.95706713946095
            ],
            [
              5.11285645355372,
              48.95706713946095
            ],
            [
              5.108115966583851,
              48.95937119554413
            ],
            [
              5.10337547961398,
              48.961675251627305
            ],
            [
              5.09863499264411,
              48.96397930771049
            ],
            [
              5.093894505674241,
              48.966283363793664
            ],
            [
              5.08915401870437,
              48.968587419876854
            ],
            [
              5.084413531734501,
              48.97089147596004
            ],
            [
              5.079673044764631,
              48.973195532043206
            ],
            [
              5.074932557794762,
              48.97549958812639
            ],
            [
              5.070192070824893,
              48.97780364420957
            ],
            [
              5.0654515838550225,
              48.98010770029275
            ],
            [
              5.0654515838550225,
              48.98010770029275
            ],
            [
              5.061732077125937,
              48.97984078164275
            ],
            [
              5.058012570396853,
              48.979573862992744
            ],
            [
              5.054293063667766,
              48.97930694434274
            ],
            [
              5.05057355693868,
              48.97904002569275
            ],
            [
              5.046854050209596,
              48.97877310704274
            ],
            [
              5.043134543480511,
              48.97850618839274
            ],
            [
              5.039415036751425,
              48.97823926974274
            ],
            [
              5.035695530022338,
              48.97797235109273
            ],
            [
              5.031976023293254,
              48.97770543244273
            ],
            [
              5.028256516564168,
              48.97743851379273
            ],
            [
              5.028256516564168,
              48.97743851379273
            ],
            [
              5.022998898734819,
              48.97752586514323
            ],
            [
              5.017741280905469,
              48.97761321649373
            ],
            [
              5.01248366307612,
              48.977700567844245
            ],
            [
              5.007226045246769,
              48.977787919194746
            ],
            [
              5.0019684274174185,
              48.977875270545255
            ],
            [
              4.99671080958807,
              48.97796262189576
            ],
            [
              4.991453191758724,
              48.978049973246264
            ],
            [
              4.986195573929372,
              48.978137324596766
            ],
            [
              4.980937956100021,
              48.978224675947274
            ],
            [
              4.9756803382706725,
              48.97831202729778
            ],
            [
              4.9756803382706725,
              48.97831202729778
            ],
            [
              4.978248407179786,
              48.9799972685535
            ],
            [
              4.980816476088899,
              48.98168250980923
            ],
            [
              4.983384544998016,
              48.983367751064954
            ],
            [
              4.985952613907127,
              48.985052992320675
            ],
            [
              4.98852068281624,
              48.9867382335764
            ],
            [
              4.991088751725355,
              48.988423474832125
            ],
            [
              4.99365682063447,
              48.990108716087846
            ],
            [
              4.9962248895435835,
              48.991793957343575
            ],
            [
              4.998792958452697,
              48.993479198599296
            ],
            [
              5.00136102736181,
              48.99516443985503
            ],
            [
              5.00136102736181,
              48.99516443985503
            ],
            [
              5.002005956920689,
              48.99711518608803
            ],
            [
              5.002650886479568,
              48.99906593232104
            ],
            [
              5.003295816038445,
              49.00101667855404
            ],
            [
              5.003940745597323,
              49.002967424787045
            ],
            [
              5.004585675156198,
              49.00491817102005
            ],
            [
              5.005230604715077,
              49.00686891725305
            ],
            [
              5.005875534273956,
              49.008819663486065
            ],
            [
              5.006520463832834,
              49.010770409719065
            ],
            [
              5.007165393391711,
              49.01272115595207
            ],
            [
              5.00781032295059,
              49.014671902185086
            ],
            [
              5.00781032295059,
              49.014671902185086
            ],
            [
              5.000756772009632,
              49.014492820410354
            ],
            [
              4.993703221068676,
              49.01431373863562
            ],
            [
              4.9866496701277185,
              49.0141346568609
            ],
            [
              4.979596119186761,
              49.01395557508616
            ],
            [
              4.972542568245803,
              49.01377649331143
            ],
            [
              4.965489017304845,
              49.0135974115367
            ],
            [
              4.958435466363888,
              49.01341832976197
            ],
            [
              4.951381915422932,
              49.01323924798724
            ],
            [
              4.944328364481972,
              49.01306016621251
            ],
            [
              4.9372748135410145,
              49.01288108443778
            ],
            [
              4.9372748135410145,
              49.01288108443778
            ],
            [
              4.939715847346912,
              49.01518693277263
            ],
            [
              4.9421568811528065,
              49.01749278110747
            ],
            [
              4.944597914958706,
              49.01979862944232
            ],
            [
              4.947038948764602,
              49.02210447777717
            ],
            [
              4.949479982570498,
              49.02441032611201
            ],
            [
              4.951921016376394,
              49.02671617444686
            ],
            [
              4.95436205018229,
              49.02902202278171
            ],
            [
              4.956803083988188,
              49.03132787111656
            ],
            [
              4.959244117794082,
              49.03363371945141
            ],
            [
              4.961685151599978,
              49.03593956778626
            ],
            [
              4.961685151599978,
              49.03593956778626
            ],
            [
              4.9623324769068144,
              49.03913160312095
            ],
            [
              4.962979802213649,
              49.04232363845565
            ],
            [
              4.9636271275204855,
              49.04551567379034
            ],
            [
              4.964274452827322,
              49.04870770912503
            ],
            [
              4.964921778134155,
              49.05189974445972
            ],
            [
              4.965569103440988,
              49.05509177979442
            ],
            [
              4.966216428747826,
              49.05828381512911
            ],
            [
              4.9668637540546605,
              49.06147585046381
            ],
            [
              4.967511079361495,
              49.0646678857985
            ],
            [
              4.968158404668332,
              49.0678599211332
            ],
            [
              4.968158404668332,
              49.0678599211332
            ],
            [
              4.967141187094786,
              49.07238041556575
            ],
            [
              4.966123969521242,
              49.07690090999831
            ],
            [
              4.965106751947696,
              49.08142140443086
            ],
            [
              4.964089534374152,
              49.08594189886342
            ],
            [
              4.963072316800606,
              49.09046239329597
            ],
            [
              4.962055099227062,
              49.09498288772853
            ],
            [
              4.961037881653516,
              49.09950338216109
            ],
            [
              4.9600206640799716,
              49.104023876593644
            ],
            [
              4.959003446506426,
              49.1085443710262
            ],
            [
              4.9579862289328815,
              49.11306486545875
            ],
            [
              4.9579862289328815,
              49.11306486545875
            ],
            [
              4.9535062228647,
              49.11740824076415
            ],
            [
              4.949026216796518,
              49.121751616069545
            ],
            [
              4.944546210728339,
              49.12609499137495
            ],
            [
              4.940066204660157,
              49.13043836668035
            ],
            [
              4.935586198591977,
              49.13478174198574
            ],
            [
              4.931106192523796,
              49.139125117291144
            ],
            [
              4.926626186455616,
              49.14346849259654
            ],
            [
              4.922146180387433,
              49.147811867901936
            ],
            [
              4.917666174319253,
              49.15215524320733
            ],
            [
              4.91318616825107,
              49.15649861851273
            ],
            [
              4.91318616825107,
              49.15649861851273
            ],
            [
              4.912932524838109,
              49.15796096364761
            ],
            [
              4.912678881425146,
              49.159423308782486
            ],
            [
              4.912425238012181,
              49.16088565391736
            ],
            [
              4.912171594599219,
              49.162347999052244
            ],
            [
              4.911917951186258,
              49.16381034418712
            ],
            [
              4.911664307773293,
              49.165272689321995
            ],
            [
              4.91141066436033,
              49.16673503445688
            ],
            [
              4.911157020947369,
              49.16819737959175
            ],
            [
              4.910903377534403,
              49.16965972472663
            ],
            [
              4.910649734121442,
              49.17112206986151
            ]
          ]
        ]
      }
    },
    {
      "type": "Feature",
      "properties": {
        "diocese": "Laudunen",
        "province": "Remen",
        "start": 1592,
        "end": 1789
      },
      "geometry": {
        "type": "Polygon",
        "coordinates": [
          [
            [
              3.626090299088624,
              50.03126107901091
            ],
            [
              3.624546804021119,
              50.02886678573586
            ],
            [
              3.6230033089536122,
              50.0264724924608
            ],
            [
              3.621459813886108,
              50.02407819918574
            ],
            [
              3.619916318818603,
              50.02168390591068
            ],
            [
              3.618372823751099,
              50.019289612635625
            ],
            [
              3.61682932868359,
              50.01689531936056
            ],
            [
              3.615285833616086,
              50.0145010260855
            ],
            [
              3.613742338548581,
              50.01210673281044
            ],
            [
              3.612198843481077,
              50.009712439535384
            ],
            [
              3.61065534841357,
              50.00731814626033
            ],
            [
              3.61065534841357,
              50.00731814626033
            ],
            [
              3.6035994017352135,
              50.00589778085324
            ],
            [
              3.596543455056852,
              50.00447741544617
            ],
            [
              3.5894875083784936,
              50.00305705003909
            ],
            [
              3.5824315617001345,
              50.00163668463202
            ],
            [
              3.575375615021778,
              50.00021631922494
            ],
            [
              3.568319668343418,
              49.99879595381786
            ],
            [
              3.561263721665059,
              49.99737558841078
            ],
            [
              3.554207774986701,
              49.99595522300371
            ],
            [
              3.547151828308341,
              49.99453485759663
            ],
            [
              3.540095881629983,
              49.99311449218955
            ],
            [
              3.540095881629983,
              49.99311449218955
            ],
            [
              3.5365175407473175,
              49.988358905336526
            ],
            [
              3.5329391998646487,
              49.98360331848351
            ],
            [
              3.5293608589819834,
              49.97884773163048
            ],
            [
              3.525782518099317,
              49.97409214477746
            ],
            [
              3.5222041772166492,
              49.96933655792443
            ],
            [
              3.518625836333985,
              49.964580971071406
            ],
            [
              3.5150474954513187,
              49.95982538421838
            ],
            [
              3.5114691545686507,
              49.95506979736535
            ],
            [
              3.5078908136859854,
              49.950314210512325
            ],
            [
              3.5043124728033175,
              49.9455586236593
            ],
            [
              3.5043124728033175,
              49.9455586236593
            ],
            [
              3.497957823867306,
              49.94242284910497
            ],
            [
              3.4916031749312944,
              49.939287074550634
            ],
            [
              3.48524852599528,
              49.93615129999631
            ],
            [
              3.4788938770592694,
              49.93301552544198
            ],
            [
              3.472539228123255,
              49.92987975088764
            ],
            [
              3.4661845791872445,
              49.92674397633332
            ],
            [
              3.459829930251232,
              49.92360820177898
            ],
            [
              3.4534752813152196,
              49.92047242722466
            ],
            [
              3.447120632379207,
              49.91733665267033
            ],
            [
              3.440765983443194,
              49.91420087811599
            ],
            [
              3.440765983443194,
              49.91420087811599
            ],
            [
              3.4411227145124568,
              49.91094072661276
            ],
            [
              3.4414794455817215,
              49.90768057510952
            ],
            [
              3.441836176650986,
              49.90442042360628
            ],
            [
              3.4421929077202473,
              49.901160272103056
            ],
            [
              3.4425496387895103,
              49.897900120599814
            ],
            [
              3.442906369858775,
              49.89463996909659
            ],
            [
              3.443263100928038,
              49.891379817593354
            ],
            [
              3.443619831997301,
              49.88811966609011
            ],
            [
              3.4439765630665637,
              49.88485951458688
            ],
            [
              3.4443332941358284,
              49.881599363083645
            ],
            [
              3.4443332941358284,
              49.881599363083645
            ],
            [
              3.4436011684194434,
              49.87771189099196
            ],
            [
              3.4428690427030557,
              49.87382441890029
            ],
            [
              3.44213691698667,
              49.86993694680861
            ],
            [
              3.4414047912702856,
              49.866049474716924
            ],
            [
              3.4406726655538997,
              49.86216200262525
            ],
            [
              3.439940539837513,
              49.85827453053357
            ],
            [
              3.439208414121125,
              49.8543870584419
            ],
            [
              3.438476288404741,
              49.85049958635022
            ],
            [
              3.4377441626883543,
              49.84661211425854
            ],
            [
              3.4370120369719683,
              49.842724642166864
            ],
            [
              3.4370120369719683,
              49.842724642166864
            ],
            [
              3.4331923628129624,
              49.836956314039234
            ],
            [
              3.4293726886539537,
              49.831187985911605
            ],
            [
              3.4255530144949478,
              49.825419657783975
            ],
            [
              3.42173334033594,
              49.819651329656345
            ],
            [
              3.4179136661769314,
              49.813883001528716
            ],
            [
              3.414093992017927,
              49.80811467340109
            ],
            [
              3.4102743178589194,
              49.80234634527346
            ],
            [
              3.406454643699911,
              49.79657801714583
            ],
            [
              3.402634969540904,
              49.790809689018204
            ],
            [
              3.398815295381896,
              49.785041360890574
            ],
            [
              3.398815295381896,
              49.785041360890574
            ],
            [
              3.3937344282068875,
              49.78391204159085
            ],
            [
              3.388653561031879,
              49.78278272229113
            ],
            [
              3.383572693856873,
              49.78165340299142
            ],
            [
              3.378491826681866,
              49.7805240836917
            ],
            [
              3.373410959506858,
              49.77939476439198
            ],
            [
              3.3683300923318495,
              49.77826544509226
            ],
            [
              3.3632492251568427,
              49.777136125792545
            ],
            [
              3.3581683579818358,
              49.776006806492816
            ],
            [
              3.353087490806827,
              49.774877487193095
            ],
            [
              3.348006623631821,
              49.77374816789339
            ],
            [
              3.348006623631821,
              49.77374816789339
            ],
            [
              3.347460824825673,
              49.772744960264745
            ],
            [
              3.346915026019524,
              49.7717417526361
            ],
            [
              3.3463692272133803,
              49.77073854500746
            ],
            [
              3.3458234284072312,
              49.76973533737882
            ],
            [
              3.345277629601083,
              49.768732129750184
            ],
            [
              3.3447318307949394,
              49.76772892212155
            ],
            [
              3.3441860319887904,
              49.76672571449291
            ],
            [
              3.343640233182645,
              49.76572250686427
            ],
            [
              3.343094434376495,
              49.76471929923562
            ],
            [
              3.3425486355703495,
              49.76371609160698
            ],
            [
              3.3425486355703495,
              49.76371609160698
            ],
            [
              3.3450850102343552,
              49.76258760677816
            ],
            [
              3.3476213848983627,
              49.76145912194933
            ],
            [
              3.3501577595623693,
              49.7603306371205
            ],
            [
              3.352694134226374,
              49.75920215229168
            ],
            [
              3.3552305088903824,
              49.758073667462845
            ],
            [
              3.357766883554388,
              49.75694518263403
            ],
            [
              3.360303258218394,
              49.755816697805194
            ],
            [
              3.3628396328824004,
              49.75468821297636
            ],
            [
              3.365376007546405,
              49.753559728147536
            ],
            [
              3.3679123822104136,
              49.75243124331871
            ],
            [
              3.3679123822104136,
              49.75243124331871
            ],
            [
              3.3704488896162244,
              49.75055179084668
            ],
            [
              3.3729853970220334,
              49.748672338374654
            ],
            [
              3.3755219044278424,
              49.74679288590262
            ],
            [
              3.378058411833654,
              49.7449134334306
            ],
            [
              3.3805949192394658,
              49.74303398095857
            ],
            [
              3.383131426645274,
              49.74115452848654
            ],
            [
              3.385667934051084,
              49.73927507601451
            ],
            [
              3.3882044414568937,
              49.737395623542476
            ],
            [
              3.3907409488627054,
              49.73551617107045
            ],
            [
              3.3932774562685144,
              49.733636718598426
            ],
            [
              3.3932774562685144,
              49.733636718598426
            ],
            [
              3.3921755636146576,
              49.72711596254409
            ],
            [
              3.3910736709608,
              49.72059520648975
            ],
            [
              3.3899717783069403,
              49.71407445043542
            ],
            [
              3.3888698856530843,
              49.70755369438108
            ],
            [
              3.387767992999225,
              49.70103293832675
            ],
            [
              3.386666100345367,
              49.69451218227242
            ],
            [
              3.3855642076915093,
              49.68799142621808
            ],
            [
              3.3844623150376516,
              49.68147067016374
            ],
            [
              3.383360422383794,
              49.674949914109405
            ],
            [
              3.382258529729937,
              49.668429158055076
            ],
            [
              3.382258529729937,
              49.668429158055076
            ],
            [
              3.377721897295076,
              49.66667292572836
            ],
            [
              3.373185264860217,
              49.66491669340165
            ],
            [
              3.3686486324253546,
              49.66316046107493
            ],
            [
              3.3641119999904956,
              49.66140422874822
            ],
            [
              3.3595753675556366,
              49.65964799642151
            ],
            [
              3.3550387351207758,
              49.65789176409479
            ],
            [
              3.3505021026859167,
              49.65613553176808
            ],
            [
              3.345965470251056,
              49.65437929944137
            ],
            [
              3.341428837816196,
              49.65262306711466
            ],
            [
              3.336892205381336,
              49.65086683478795
            ],
            [
              3.336892205381336,
              49.65086683478795
            ],
            [
              3.3356144725690773,
              49.64685424118321
            ],
            [
              3.3343367397568193,
              49.642841647578486
            ],
            [
              3.3330590069445596,
              49.63882905397376
            ],
            [
              3.3317812741323025,
              49.634816460369024
            ],
            [
              3.330503541320041,
              49.630803866764296
            ],
            [
              3.3292258085077813,
              49.62679127315957
            ],
            [
              3.327948075695524,
              49.622778679554834
            ],
            [
              3.3266703428832645,
              49.618766085950114
            ],
            [
              3.3253926100710065,
              49.61475349234538
            ],
            [
              3.3241148772587477,
              49.610740898740644
            ],
            [
              3.3241148772587477,
              49.610740898740644
            ],
            [
              3.316854522645199,
              49.607478846284266
            ],
            [
              3.309594168031651,
              49.60421679382789
            ],
            [
              3.302333813418103,
              49.60095474137151
            ],
            [
              3.2950734588045543,
              49.59769268891512
            ],
            [
              3.287813104191008,
              49.59443063645874
            ],
            [
              3.2805527495774602,
              49.59116858400236
            ],
            [
              3.2732923949639123,
              49.587906531545975
            ],
            [
              3.2660320403503653,
              49.5846444790896
            ],
            [
              3.2587716857368156,
              49.58138242663321
            ],
            [
              3.2515113311232686,
              49.578120374176834
            ],
            [
              3.2515113311232686,
              49.578120374176834
            ],
            [
              3.247883841313286,
              49.57749242003606
            ],
            [
              3.2442563515033034,
              49.57686446589528
            ],
            [
              3.240628861693318,
              49.5762365117545
            ],
            [
              3.2370013718833346,
              49.57560855761372
            ],
            [
              3.233373882073352,
              49.57498060347294
            ],
            [
              3.229746392263365,
              49.574352649332155
            ],
            [
              3.2261189024533823,
              49.57372469519138
            ],
            [
              3.2224914126434006,
              49.5730967410506
            ],
            [
              3.2188639228334153,
              49.572468786909816
            ],
            [
              3.2152364330234326,
              49.57184083276904
            ],
            [
              3.2152364330234326,
              49.57184083276904
            ],
            [
              3.210883837701289,
              49.57096272696983
            ],
            [
              3.2065312423791466,
              49.570084621170636
            ],
            [
              3.2021786470570013,
              49.569206515371434
            ],
            [
              3.1978260517348596,
              49.568328409572224
            ],
            [
              3.193473456412717,
              49.56745030377302
            ],
            [
              3.1891208610905735,
              49.56657219797382
            ],
            [
              3.1847682657684317,
              49.56569409217462
            ],
            [
              3.1804156704462856,
              49.564815986375415
            ],
            [
              3.176063075124143,
              49.563937880576205
            ],
            [
              3.171710479802002,
              49.56305977477701
            ],
            [
              3.171710479802002,
              49.56305977477701
            ],
            [
              3.1798643585918813,
              49.5601775917321
            ],
            [
              3.1880182373817623,
              49.557295408687196
            ],
            [
              3.196172116171645,
              49.55441322564229
            ],
            [
              3.204325994961524,
              49.55153104259739
            ],
            [
              3.212479873751406,
              49.548648859552486
            ],
            [
              3.220633752541285,
              49.54576667650758
            ],
            [
              3.228787631331166,
              49.54288449346267
            ],
            [
              3.236941510121047,
              49.540002310417776
            ],
            [
              3.245095388910926,
              49.537120127372866
            ],
            [
              3.253249267700808,
              49.53423794432796
            ],
            [
              3.253249267700808,
              49.53423794432796
            ],
            [
              3.256143180331359,
              49.53022639181728
            ],
            [
              3.2590370929619117,
              49.52621483930659
            ],
            [
              3.2619310055924635,
              49.5222032867959
            ],
            [
              3.2648249182230145,
              49.518191734285224
            ],
            [
              3.267718830853568,
              49.514180181774535
            ],
            [
              3.2706127434841172,
              49.510168629263845
            ],
            [
              3.273506656114668,
              49.506157076753155
            ],
            [
              3.276400568745222,
              49.50214552424247
            ],
            [
              3.2792944813757727,
              49.49813397173178
            ],
            [
              3.2821883940063246,
              49.4941224192211
            ],
            [
              3.2821883940063246,
              49.4941224192211
            ],
            [
              3.2917975881758017,
              49.49274572881805
            ],
            [
              3.3014067823452753,
              49.491369038414994
            ],
            [
              3.3110159765147498,
              49.489992348011945
            ],
            [
              3.320625170684225,
              49.48861565760889
            ],
            [
              3.3302343648537023,
              49.48723896720584
            ],
            [
              3.3398435590231785,
              49.48586227680279
            ],
            [
              3.349452753192653,
              49.48448558639974
            ],
            [
              3.3590619473621266,
              49.483108895996686
            ],
            [
              3.3686711415316037,
              49.48173220559364
            ],
            [
              3.37828033570108,
              49.48035551519059
            ],
            [
              3.37828033570108,
              49.48035551519059
            ],
            [
              3.3840842953621206,
              49.480732980750865
            ],
            [
              3.3898882550231604,
              49.48111044631115
            ],
            [
              3.3956922146841992,
              49.481487911871426
            ],
            [
              3.40149617434524,
              49.48186537743171
            ],
            [
              3.4073001340062796,
              49.482242842991994
            ],
            [
              3.4131040936673203,
              49.48262030855227
            ],
            [
              3.418908053328361,
              49.482997774112555
            ],
            [
              3.4247120129893998,
              49.48337523967283
            ],
            [
              3.4305159726504404,
              49.483752705233115
            ],
            [
              3.43631993231148,
              49.4841301707934
            ],
            [
              3.43631993231148,
              49.4841301707934
            ],
            [
              3.4388604222057384,
              49.48513387622585
            ],
            [
              3.4414009120999975,
              49.4861375816583
            ],
            [
              3.443941401994256,
              49.48714128709076
            ],
            [
              3.446481891888515,
              49.4881449925232
            ],
            [
              3.4490223817827723,
              49.48914869795566
            ],
            [
              3.4515628716770324,
              49.490152403388116
            ],
            [
              3.4541033615712897,
              49.49115610882057
            ],
            [
              3.4566438514655498,
              49.49215981425302
            ],
            [
              3.459184341359807,
              49.493163519685474
            ],
            [
              3.461724831254067,
              49.49416722511793
            ],
            [
              3.461724831254067,
              49.49416722511793
            ],
            [
              3.4677081787868773,
              49.493792701249475
            ],
            [
              3.47369152631969,
              49.493418177381024
            ],
            [
              3.479674873852501,
              49.493043653512565
            ],
            [
              3.485658221385313,
              49.49266912964411
            ],
            [
              3.4916415689181233,
              49.492294605775655
            ],
            [
              3.497624916450936,
              49.49192008190721
            ],
            [
              3.503608263983747,
              49.491545558038744
            ],
            [
              3.509591611516559,
              49.49117103417029
            ],
            [
              3.51557495904937,
              49.49079651030185
            ],
            [
              3.521558306582182,
              49.49042198643339
            ],
            [
              3.521558306582182,
              49.49042198643339
            ],
            [
              3.5230030045371294,
              49.48728709179689
            ],
            [
              3.5244477024920786,
              49.48415219716037
            ],
            [
              3.525892400447026,
              49.48101730252386
            ],
            [
              3.5273370984019734,
              49.477882407887364
            ],
            [
              3.5287817963569226,
              49.474747513250854
            ],
            [
              3.530226494311869,
              49.471612618614344
            ],
            [
              3.5316711922668174,
              49.468477723977834
            ],
            [
              3.5331158902217648,
              49.465342829341324
            ],
            [
              3.534560588176714,
              49.46220793470482
            ],
            [
              3.5360052861316604,
              49.45907304006831
            ],
            [
              3.5360052861316604,
              49.45907304006831
            ],
            [
              3.5409004750685127,
              49.457695173217544
            ],
            [
              3.5457956640053667,
              49.45631730636677
            ],
            [
              3.55069085294222,
              49.454939439516
            ],
            [
              3.555586041879075,
              49.45356157266524
            ],
            [
              3.560481230815928,
              49.45218370581447
            ],
            [
              3.56537641975278,
              49.450805838963696
            ],
            [
              3.5702716086896342,
              49.44942797211292
            ],
            [
              3.5751667976264874,
              49.448050105262155
            ],
            [
              3.5800619865633414,
              49.44667223841139
            ],
            [
              3.5849571755001954,
              49.445294371560614
            ],
            [
              3.5849571755001954,
              49.445294371560614
            ],
            [
              3.5849520933210957,
              49.44266118407961
            ],
            [
              3.584947011141996,
              49.440027996598616
            ],
            [
              3.584941928962897,
              49.43739480911762
            ],
            [
              3.5849368467837963,
              49.43476162163662
            ],
            [
              3.584931764604699,
              49.43212843415562
            ],
            [
              3.5849266824255994,
              49.42949524667463
            ],
            [
              3.5849216002464996,
              49.426862059193624
            ],
            [
              3.5849165180674007,
              49.42422887171263
            ],
            [
              3.5849114358883,
              49.421595684231626
            ],
            [
              3.584906353709203,
              49.41896249675063
            ],
            [
              3.584906353709203,
              49.41896249675063
            ],
            [
              3.5812742167061553,
              49.416705487706004
            ],
            [
              3.5776420797031094,
              49.41444847866138
            ],
            [
              3.574009942700062,
              49.41219146961675
            ],
            [
              3.570377805697016,
              49.409934460572124
            ],
            [
              3.56674566869397,
              49.407677451527505
            ],
            [
              3.5631135316909224,
              49.40542044248287
            ],
            [
              3.5594813946878774,
              49.403163433438245
            ],
            [
              3.555849257684828,
              49.40090642439361
            ],
            [
              3.552217120681782,
              49.39864941534899
            ],
            [
              3.5485849836787353,
              49.39639240630437
            ],
            [
              3.5485849836787353,
              49.39639240630437
            ],
            [
              3.5484001082209873,
              49.39426017093177
            ],
            [
              3.5482152327632392,
              49.392127935559174
            ],
            [
              3.5480303573054894,
              49.38999570018659
            ],
            [
              3.5478454818477396,
              49.387863464814
            ],
            [
              3.5476606063899907,
              49.38573122944141
            ],
            [
              3.5474757309322427,
              49.38359899406882
            ],
            [
              3.547290855474491,
              49.38146675869622
            ],
            [
              3.547105980016742,
              49.379334523323635
            ],
            [
              3.546921104558994,
              49.377202287951036
            ],
            [
              3.546736229101246,
              49.37507005257845
            ],
            [
              3.546736229101246,
              49.37507005257845
            ],
            [
              3.5487260812965764,
              49.372563414832165
            ],
            [
              3.5507159334919085,
              49.37005677708589
            ],
            [
              3.552705785687236,
              49.367550139339606
            ],
            [
              3.5546956378825683,
              49.365043501593334
            ],
            [
              3.5566854900778995,
              49.362536863847055
            ],
            [
              3.5586753422732316,
              49.36003022610077
            ],
            [
              3.560665194468562,
              49.357523588354496
            ],
            [
              3.5626550466638913,
              49.3550169506082
            ],
            [
              3.5646448988592216,
              49.35251031286193
            ],
            [
              3.566634751054553,
              49.35000367511566
            ],
            [
              3.566634751054553,
              49.35000367511566
            ],
            [
              3.567728525850859,
              49.353138136743276
            ],
            [
              3.568822300647169,
              49.35627259837089
            ],
            [
              3.5699160754434733,
              49.35940705999851
            ],
            [
              3.5710098502397787,
              49.362541521626135
            ],
            [
              3.5721036250360867,
              49.36567598325375
            ],
            [
              3.573197399832393,
              49.368810444881376
            ],
            [
              3.5742911746287,
              49.37194490650899
            ],
            [
              3.5753849494250063,
              49.37507936813661
            ],
            [
              3.5764787242213125,
              49.37821382976423
            ],
            [
              3.5775724990176205,
              49.38134829139185
            ],
            [
              3.5775724990176205,
              49.38134829139185
            ],
            [
              3.5826513511080615,
              49.381474538771975
            ],
            [
              3.5877302031985026,
              49.381600786152084
            ],
            [
              3.592809055288947,
              49.38172703353221
            ],
            [
              3.59788790737939,
              49.381853280912324
            ],
            [
              3.6029667594698327,
              49.38197952829244
            ],
            [
              3.6080456115602737,
              49.38210577567256
            ],
            [
              3.6131244636507174,
              49.38223202305267
            ],
            [
              3.6182033157411593,
              49.38235827043279
            ],
            [
              3.623282167831601,
              49.38248451781291
            ],
            [
              3.628361019922043,
              49.38261076519303
            ],
            [
              3.628361019922043,
              49.38261076519303
            ],
            [
              3.6316191147163557,
              49.37997839208472
            ],
            [
              3.634877209510672,
              49.37734601897641
            ],
            [
              3.6381353043049836,
              49.3747136458681
            ],
            [
              3.641393399099298,
              49.372081272759786
            ],
            [
              3.6446514938936097,
              49.36944889965147
            ],
            [
              3.6479095886879223,
              49.366816526543154
            ],
            [
              3.6511676834822366,
              49.36418415343485
            ],
            [
              3.65442577827655,
              49.361551780326536
            ],
            [
              3.6576838730708645,
              49.358919407218224
            ],
            [
              3.6609419678651762,
              49.35628703410991
            ],
            [
              3.6609419678651762,
              49.35628703410991
            ],
            [
              3.6649314016174457,
              49.35553599553286
            ],
            [
              3.6689208353697134,
              49.354784956955804
            ],
            [
              3.672910269121982,
              49.35403391837875
            ],
            [
              3.6768997028742496,
              49.35328287980169
            ],
            [
              3.6808891366265155,
              49.35253184122464
            ],
            [
              3.684878570378785,
              49.35178080264758
            ],
            [
              3.6888680041310518,
              49.35102976407052
            ],
            [
              3.692857437883321,
              49.35027872549346
            ],
            [
              3.696846871635588,
              49.3495276869164
            ],
            [
              3.7008363053878583,
              49.34877664833935
            ],
            [
              3.7008363053878583,
              49.34877664833935
            ],
            [
              3.7001029199186983,
              49.34501522780347
            ],
            [
              3.69936953444954,
              49.34125380726759
            ],
            [
              3.698636148980381,
              49.33749238673172
            ],
            [
              3.6979027635112254,
              49.33373096619584
            ],
            [
              3.697169378042068,
              49.329969545659964
            ],
            [
              3.696435992572907,
              49.32620812512408
            ],
            [
              3.6957026071037506,
              49.32244670458821
            ],
            [
              3.6949692216345906,
              49.31868528405233
            ],
            [
              3.6942358361654333,
              49.314923863516455
            ],
            [
              3.693502450696274,
              49.311162442980574
            ],
            [
              3.693502450696274,
              49.311162442980574
            ],
            [
              3.6976784525866644,
              49.313420654275724
            ],
            [
              3.7018544544770493,
              49.31567886557087
            ],
            [
              3.7060304563674378,
              49.31793707686601
            ],
            [
              3.7102064582578227,
              49.320195288161166
            ],
            [
              3.714382460148212,
              49.32245349945631
            ],
            [
              3.7185584620385996,
              49.32471171075146
            ],
            [
              3.7227344639289837,
              49.3269699220466
            ],
            [
              3.726910465819372,
              49.32922813334174
            ],
            [
              3.731086467709759,
              49.3314863446369
            ],
            [
              3.735262469600148,
              49.33374455593204
            ],
            [
              3.735262469600148,
              49.33374455593204
            ],
            [
              3.7423366078268576,
              49.33499935256081
            ],
            [
              3.7494107460535706,
              49.33625414918958
            ],
            [
              3.756484884280281,
              49.337508945818335
            ],
            [
              3.763559022506992,
              49.33876374244711
            ],
            [
              3.7706331607337042,
              49.34001853907587
            ],
            [
              3.7777072989604155,
              49.341273335704635
            ],
            [
              3.784781437187125,
              49.342528132333406
            ],
            [
              3.7918555754138352,
              49.34378292896217
            ],
            [
              3.798929713640548,
              49.345037725590934
            ],
            [
              3.8060038518672603,
              49.3462925222197
            ],
            [
              3.8060038518672603,
              49.3462925222197
            ],
            [
              3.8110798801494865,
              49.34491470596932
            ],
            [
              3.8161559084317145,
              49.343536889718955
            ],
            [
              3.821231936713939,
              49.34215907346858
            ],
            [
              3.826307964996167,
              49.340781257218204
            ],
            [
              3.8313839932783957,
              49.33940344096783
            ],
            [
              3.836460021560621,
              49.33802562471745
            ],
            [
              3.84153604984285,
              49.33664780846708
            ],
            [
              3.8466120781250743,
              49.3352699922167
            ],
            [
              3.8516881064073023,
              49.333892175966334
            ],
            [
              3.8567641346895285,
              49.33251435971596
            ],
            [
              3.8567641346895285,
              49.33251435971596
            ],
            [
              3.8574962604059153,
              49.336401831807635
            ],
            [
              3.8582283861223012,
              49.34028930389931
            ],
            [
              3.858960511838687,
              49.34417677599099
            ],
            [
              3.859692637555073,
              49.34806424808267
            ],
            [
              3.8604247632714572,
              49.35195172017435
            ],
            [
              3.861156888987846,
              49.355839192266025
            ],
            [
              3.8618890147042317,
              49.3597266643577
            ],
            [
              3.8626211404206177,
              49.36361413644938
            ],
            [
              3.8633532661370027,
              49.367501608541055
            ],
            [
              3.8640853918533886,
              49.37138908063274
            ],
            [
              3.8640853918533886,
              49.37138908063274
            ],
            [
              3.8731562898978162,
              49.37289648479132
            ],
            [
              3.882227187942244,
              49.37440388894989
            ],
            [
              3.8912980859866724,
              49.37591129310847
            ],
            [
              3.9003689840311,
              49.377418697267046
            ],
            [
              3.9094398820755267,
              49.37892610142563
            ],
            [
              3.9185107801199526,
              49.38043350558421
            ],
            [
              3.927581678164382,
              49.38194090974279
            ],
            [
              3.9366525762088105,
              49.38344831390137
            ],
            [
              3.945723474253239,
              49.38495571805995
            ],
            [
              3.9547943722976666,
              49.38646312221853
            ],
            [
              3.9547943722976666,
              49.38646312221853
            ],
            [
              3.9604088588254993,
              49.38232619679594
            ],
            [
              3.966023345353334,
              49.37818927137336
            ],
            [
              3.9716378318811683,
              49.37405234595078
            ],
            [
              3.9772523184090027,
              49.3699154205282
            ],
            [
              3.982866804936837,
              49.36577849510562
            ],
            [
              3.9884812914646735,
              49.36164156968304
            ],
            [
              3.994095777992508,
              49.35750464426046
            ],
            [
              3.9997102645203406,
              49.35336771883787
            ],
            [
              4.005324751048176,
              49.349230793415295
            ],
            [
              4.010939237576011,
              49.345093867992716
            ],
            [
              4.010939237576011,
              49.345093867992716
            ],
            [
              4.013841863112271,
              49.34559666135358
            ],
            [
              4.016744488648531,
              49.34609945471445
            ],
            [
              4.019647114184792,
              49.3466022480753
            ],
            [
              4.022549739721054,
              49.347105041436166
            ],
            [
              4.025452365257312,
              49.34760783479703
            ],
            [
              4.02835499079357,
              49.34811062815789
            ],
            [
              4.0312576163298335,
              49.348613421518756
            ],
            [
              4.034160241866093,
              49.34911621487962
            ],
            [
              4.037062867402353,
              49.34961900824049
            ],
            [
              4.039965492938615,
              49.350121801601354
            ],
            [
              4.039965492938615,
              49.350121801601354
            ],
            [
              4.041240996980262,
              49.35375837755108
            ],
            [
              4.042516501021904,
              49.357394953500815
            ],
            [
              4.043792005063549,
              49.36103152945055
            ],
            [
              4.045067509105197,
              49.36466810540027
            ],
            [
              4.04634301314684,
              49.368304681350004
            ],
            [
              4.047618517188486,
              49.37194125729973
            ],
            [
              4.048894021230129,
              49.375577833249466
            ],
            [
              4.050169525271778,
              49.3792144091992
            ],
            [
              4.051445029313422,
              49.38285098514893
            ],
            [
              4.0527205333550675,
              49.38648756109866
            ],
            [
              4.0527205333550675,
              49.38648756109866
            ],
            [
              4.055263008723063,
              49.38774122678586
            ],
            [
              4.0578054840910625,
              49.38899489247306
            ],
            [
              4.060347959459058,
              49.39024855816027
            ],
            [
              4.062890434827057,
              49.391502223847475
            ],
            [
              4.065432910195055,
              49.392755889534676
            ],
            [
              4.067975385563049,
              49.39400955522189
            ],
            [
              4.07051786093105,
              49.395263220909094
            ],
            [
              4.073060336299045,
              49.396516886596295
            ],
            [
              4.075602811667046,
              49.397770552283504
            ],
            [
              4.078145287035042,
              49.39902421797071
            ],
            [
              4.078145287035042,
              49.39902421797071
            ],
            [
              4.075974866322486,
              49.40240889672127
            ],
            [
              4.073804445609934,
              49.405793575471826
            ],
            [
              4.071634024897378,
              49.40917825422238
            ],
            [
              4.0694636041848256,
              49.41256293297293
            ],
            [
              4.067293183472271,
              49.41594761172349
            ],
            [
              4.065122762759717,
              49.419332290474046
            ],
            [
              4.062952342047163,
              49.42271696922461
            ],
            [
              4.060781921334607,
              49.426101647975166
            ],
            [
              4.058611500622057,
              49.42948632672572
            ],
            [
              4.056441079909501,
              49.43287100547627
            ],
            [
              4.056441079909501,
              49.43287100547627
            ],
            [
              4.054461635369243,
              49.4407700755848
            ],
            [
              4.052482190828984,
              49.44866914569333
            ],
            [
              4.05050274628873,
              49.456568215801845
            ],
            [
              4.048523301748471,
              49.46446728591037
            ],
            [
              4.046543857208215,
              49.472366356018895
            ],
            [
              4.044564412667956,
              49.48026542612742
            ],
            [
              4.042584968127699,
              49.488164496235946
            ],
            [
              4.040605523587441,
              49.49606356634446
            ],
            [
              4.0386260790471855,
              49.50396263645299
            ],
            [
              4.036646634506926,
              49.51186170656151
            ],
            [
              4.036646634506926,
              49.51186170656151
            ],
            [
              4.0401017546014835,
              49.51687790951188
            ],
            [
              4.043556874696039,
              49.521894112462256
            ],
            [
              4.047011994790596,
              49.526910315412614
            ],
            [
              4.050467114885151,
              49.53192651836299
            ],
            [
              4.053922234979707,
              49.53694272131336
            ],
            [
              4.057377355074264,
              49.54195892426373
            ],
            [
              4.060832475168821,
              49.546975127214104
            ],
            [
              4.064287595263375,
              49.551991330164476
            ],
            [
              4.067742715357934,
              49.55700753311485
            ],
            [
              4.071197835452489,
              49.562023736065214
            ],
            [
              4.071197835452489,
              49.562023736065214
            ],
            [
              4.065947177257582,
              49.56653676938516
            ],
            [
              4.060696519062676,
              49.571049802705105
            ],
            [
              4.055445860867772,
              49.57556283602505
            ],
            [
              4.050195202672864,
              49.580075869344995
            ],
            [
              4.044944544477957,
              49.58458890266494
            ],
            [
              4.03969388628305,
              49.58910193598488
            ],
            [
              4.034443228088147,
              49.59361496930483
            ],
            [
              4.02919256989324,
              49.59812800262477
            ],
            [
              4.023941911698332,
              49.60264103594472
            ],
            [
              4.018691253503425,
              49.60715406926466
            ],
            [
              4.018691253503425,
              49.60715406926466
            ],
            [
              4.020329021811998,
              49.60953663245613
            ],
            [
              4.021966790120574,
              49.61191919564759
            ],
            [
              4.023604558429147,
              49.61430175883905
            ],
            [
              4.0252423267377235,
              49.6166843220305
            ],
            [
              4.026880095046298,
              49.61906688522197
            ],
            [
              4.028517863354871,
              49.62144944841343
            ],
            [
              4.0301556316634475,
              49.62383201160489
            ],
            [
              4.03179339997202,
              49.62621457479634
            ],
            [
              4.033431168280595,
              49.62859713798782
            ],
            [
              4.035068936589168,
              49.63097970117927
            ],
            [
              4.035068936589168,
              49.63097970117927
            ],
            [
              4.039964479356856,
              49.630604905833515
            ],
            [
              4.044860022124542,
              49.63023011048776
            ],
            [
              4.049755564892228,
              49.629855315142
            ],
            [
              4.054651107659916,
              49.62948051979623
            ],
            [
              4.0595466504276025,
              49.62910572445047
            ],
            [
              4.064442193195289,
              49.62873092910471
            ],
            [
              4.069337735962977,
              49.628356133758956
            ],
            [
              4.074233278730663,
              49.6279813384132
            ],
            [
              4.079128821498349,
              49.627606543067444
            ],
            [
              4.084024364266035,
              49.62723174772168
            ],
            [
              4.084024364266035,
              49.62723174772168
            ],
            [
              4.085115477353575,
              49.62898712016955
            ],
            [
              4.086206590441115,
              49.630742492617415
            ],
            [
              4.087297703528652,
              49.63249786506529
            ],
            [
              4.08838881661619,
              49.63425323751315
            ],
            [
              4.089479929703732,
              49.63600860996102
            ],
            [
              4.09057104279127,
              49.63776398240889
            ],
            [
              4.091662155878808,
              49.63951935485676
            ],
            [
              4.092753268966346,
              49.64127472730462
            ],
            [
              4.093844382053886,
              49.64303009975249
            ],
            [
              4.094935495141424,
              49.64478547220036
            ],
            [
              4.094935495141424,
              49.64478547220036
            ],
            [
              4.100018219186358,
              49.64691786338019
            ],
            [
              4.105100943231289,
              49.649050254560024
            ],
            [
              4.110183667276219,
              49.65118264573986
            ],
            [
              4.115266391321153,
              49.65331503691969
            ],
            [
              4.120349115366086,
              49.65544742809953
            ],
            [
              4.125431839411016,
              49.65757981927936
            ],
            [
              4.13051456345595,
              49.6597122104592
            ],
            [
              4.135597287500882,
              49.66184460163904
            ],
            [
              4.140680011545811,
              49.663976992818874
            ],
            [
              4.145762735590745,
              49.66610938399871
            ],
            [
              4.145762735590745,
              49.66610938399871
            ],
            [
              4.15121770805983,
              49.67375927225363
            ],
            [
              4.156672680528919,
              49.68140916050856
            ],
            [
              4.162127652998008,
              49.68905904876348
            ],
            [
              4.167582625467096,
              49.69670893701841
            ],
            [
              4.173037597936183,
              49.70435882527333
            ],
            [
              4.17849257040527,
              49.712008713528256
            ],
            [
              4.183947542874357,
              49.71965860178318
            ],
            [
              4.1894025153434455,
              49.727308490038105
            ],
            [
              4.194857487812532,
              49.73495837829303
            ],
            [
              4.200312460281621,
              49.742608266547954
            ],
            [
              4.200312460281621,
              49.742608266547954
            ],
            [
              4.199417353969432,
              49.74875250712374
            ],
            [
              4.198522247657245,
              49.75489674769952
            ],
            [
              4.197627141345055,
              49.76104098827529
            ],
            [
              4.196732035032868,
              49.767185228851076
            ],
            [
              4.195836928720681,
              49.773329469426855
            ],
            [
              4.194941822408493,
              49.77947371000264
            ],
            [
              4.194046716096302,
              49.78561795057841
            ],
            [
              4.193151609784115,
              49.7917621911542
            ],
            [
              4.192256503471926,
              49.79790643172998
            ],
            [
              4.19136139715974,
              49.80405067230576
            ],
            [
              4.19136139715974,
              49.80405067230576
            ],
            [
              4.194992325986059,
              49.80568169872151
            ],
            [
              4.198623254812377,
              49.80731272513725
            ],
            [
              4.202254183638699,
              49.80894375155299
            ],
            [
              4.205885112465017,
              49.81057477796874
            ],
            [
              4.209516041291337,
              49.812205804384476
            ],
            [
              4.213146970117656,
              49.81383683080022
            ],
            [
              4.216777898943974,
              49.815467857215964
            ],
            [
              4.220408827770296,
              49.81709888363171
            ],
            [
              4.224039756596614,
              49.818729910047445
            ],
            [
              4.2276706854229325,
              49.820360936463196
            ],
            [
              4.2276706854229325,
              49.820360936463196
            ],
            [
              4.230398710404158,
              49.824874888987566
            ],
            [
              4.233126735385381,
              49.82938884151194
            ],
            [
              4.235854760366609,
              49.83390279403631
            ],
            [
              4.238582785347832,
              49.83841674656069
            ],
            [
              4.241310810329056,
              49.842930699085066
            ],
            [
              4.244038835310283,
              49.847444651609436
            ],
            [
              4.246766860291505,
              49.851958604133806
            ],
            [
              4.24949488527273,
              49.85647255665819
            ],
            [
              4.2522229102539555,
              49.86098650918256
            ],
            [
              4.254950935235179,
              49.86550046170694
            ],
            [
              4.254950935235179,
              49.86550046170694
            ],
            [
              4.251694535190232,
              49.86901092130595
            ],
            [
              4.248438135145282,
              49.87252138090494
            ],
            [
              4.245181735100333,
              49.87603184050395
            ],
            [
              4.2419253350553845,
              49.87954230010296
            ],
            [
              4.238668935010436,
              49.88305275970196
            ],
            [
              4.235412534965489,
              49.88656321930097
            ],
            [
              4.23215613492054,
              49.89007367889997
            ],
            [
              4.22889973487559,
              49.89358413849898
            ],
            [
              4.225643334830641,
              49.89709459809798
            ],
            [
              4.222386934785694,
              49.900605057696986
            ],
            [
              4.222386934785694,
              49.900605057696986
            ],
            [
              4.222537384186603,
              49.90650066049884
            ],
            [
              4.222687833587514,
              49.912396263300714
            ],
            [
              4.222838282988429,
              49.91829186610257
            ],
            [
              4.222988732389339,
              49.92418746890444
            ],
            [
              4.223139181790248,
              49.930083071706306
            ],
            [
              4.223289631191161,
              49.93597867450818
            ],
            [
              4.22344008059207,
              49.941874277310035
            ],
            [
              4.223590529992983,
              49.947769880111906
            ],
            [
              4.223740979393897,
              49.95366548291376
            ],
            [
              4.223891428794806,
              49.95956108571563
            ],
            [
              4.223891428794806,
              49.95956108571563
            ],
            [
              4.2208553097304655,
              49.959697698458264
            ],
            [
              4.21791230868889,
              49.96000279425679
            ],
            [
              4.215079457568708,
              49.96049691888872
            ],
            [
              4.212373788268529,
              49.96120061813159
            ],
            [
              4.209812332686969,
              49.96213443776291
            ],
            [
              4.2074121227226495,
              49.9633189235602
            ],
            [
              4.205190190274184,
              49.96477462130099
            ],
            [
              4.203163567240189,
              49.96652207676279
            ],
            [
              4.201349285519283,
              49.96858183572313
            ],
            [
              4.199764377010085,
              49.97097444395953
            ],
            [
              4.19976437701008,
              49.97097444395953
            ],
            [
              4.19708772728581,
              49.973922120237155
            ],
            [
              4.193782361176039,
              49.97593601316371
            ],
            [
              4.189991517885154,
              49.977186447141335
            ],
            [
              4.185858436617547,
              49.977843746572155
            ],
            [
              4.181526356577606,
              49.978078235858305
            ],
            [
              4.1771385169697215,
              49.97806023940193
            ],
            [
              4.172838156998285,
              49.97796008160513
            ],
            [
              4.168768515867685,
              49.97794808687008
            ],
            [
              4.1650728327823145,
              49.97819457959888
            ],
            [
              4.161894346946559,
              49.97886988419368
            ],
            [
              4.16189434694655,
              49.97886988419368
            ],
            [
              4.158570973460252,
              49.97809245232697
            ],
            [
              4.155247599973952,
              49.97731502046026
            ],
            [
              4.151924226487655,
              49.97653758859354
            ],
            [
              4.1486008530013585,
              49.97576015672683
            ],
            [
              4.145277479515061,
              49.97498272486012
            ],
            [
              4.141954106028761,
              49.9742052929934
            ],
            [
              4.138630732542463,
              49.973427861126694
            ],
            [
              4.135307359056167,
              49.97265042925997
            ],
            [
              4.1319839855698675,
              49.97187299739326
            ],
            [
              4.128660612083571,
              49.971095565526554
            ],
            [
              4.128660612083571,
              49.971095565526554
            ],
            [
              4.117889992173655,
              49.97109287756364
            ],
            [
              4.107119372263735,
              49.97109018960073
            ],
            [
              4.096348752353819,
              49.97108750163782
            ],
            [
              4.085578132443901,
              49.971084813674906
            ],
            [
              4.074807512533983,
              49.971082125712
            ],
            [
              4.064036892624067,
              49.97107943774908
            ],
            [
              4.053266272714151,
              49.97107674978618
            ],
            [
              4.042495652804234,
              49.971074061823266
            ],
            [
              4.031725032894315,
              49.97107137386035
            ],
            [
              4.020954412984398,
              49.97106868589744
            ],
            [
              4.020954412984398,
              49.97106868589744
            ],
            [
              4.016595623795508,
              49.971776905815446
            ],
            [
              4.012236834606618,
              49.97248512573344
            ],
            [
              4.0078780454177245,
              49.973193345651445
            ],
            [
              4.003519256228836,
              49.97390156556945
            ],
            [
              3.9991604670399465,
              49.974609785487445
            ],
            [
              3.9948016778510556,
              49.97531800540545
            ],
            [
              3.9904428886621646,
              49.97602622532346
            ],
            [
              3.986084099473271,
              49.976734445241455
            ],
            [
              3.9817253102843817,
              49.97744266515946
            ],
            [
              3.9773665210954925,
              49.978150885077454
            ],
            [
              3.9773665210954925,
              49.978150885077454
            ],
            [
              3.976599439925733,
              49.97939197667579
            ],
            [
              3.9758323587559734,
              49.98063306827412
            ],
            [
              3.9750652775862156,
              49.98187415987245
            ],
            [
              3.974298196416455,
              49.98311525147078
            ],
            [
              3.973531115246694,
              49.984356343069116
            ],
            [
              3.9727640340769326,
              49.98559743466744
            ],
            [
              3.971996952907174,
              49.98683852626578
            ],
            [
              3.9712298717374144,
              49.98807961786411
            ],
            [
              3.970462790567655,
              49.98932070946243
            ],
            [
              3.969695709397897,
              49.99056180106077
            ],
            [
              3.969695709397897,
              49.99056180106077
            ],
            [
              3.9726488194460816,
              49.992424459868815
            ],
            [
              3.975601929494268,
              49.994287118676866
            ],
            [
              3.9785550395424534,
              49.9961497774849
            ],
            [
              3.981508149590638,
              49.998012436292946
            ],
            [
              3.984461259638826,
              49.999875095101
            ],
            [
              3.9874143696870106,
              50.00173775390904
            ],
            [
              3.990367479735197,
              50.00360041271709
            ],
            [
              3.993320589783385,
              50.00546307152513
            ],
            [
              3.9962736998315695,
              50.00732573033317
            ],
            [
              3.999226809879756,
              50.00918838914122
            ],
            [
              3.999226809879756,
              50.00918838914122
            ],
            [
              3.998331153504204,
              50.01025212719199
            ],
            [
              3.997435497128652,
              50.01131586524276
            ],
            [
              3.996539840753098,
              50.012379603293525
            ],
            [
              3.9956441843775488,
              50.0134433413443
            ],
            [
              3.994748528001995,
              50.01450707939506
            ],
            [
              3.993852871626443,
              50.015570817445834
            ],
            [
              3.992957215250891,
              50.01663455549659
            ],
            [
              3.99206155887534,
              50.01769829354736
            ],
            [
              3.9911659024997896,
              50.018762031598136
            ],
            [
              3.9902702461242376,
              50.0198257696489
            ],
            [
              3.9902702461242376,
              50.0198257696489
            ],
            [
              3.9787236836578566,
              50.017251653035565
            ],
            [
              3.9671771211914737,
              50.014677536422234
            ],
            [
              3.955630558725091,
              50.01210341980891
            ],
            [
              3.9440839962587106,
              50.00952930319558
            ],
            [
              3.9325374337923322,
              50.00695518658225
            ],
            [
              3.9209908713259485,
              50.00438106996892
            ],
            [
              3.9094443088595674,
              50.00180695335559
            ],
            [
              3.8978977463931845,
              49.999232836742266
            ],
            [
              3.8863511839268043,
              49.996658720128934
            ],
            [
              3.8748046214604215,
              49.9940846035156
            ],
            [
              3.8748046214604215,
              49.9940846035156
            ],
            [
              3.8732683136156774,
              49.99541416660693
            ],
            [
              3.8717320057709315,
              49.996743729698245
            ],
            [
              3.8701956979261873,
              49.99807329278957
            ],
            [
              3.8686593900814388,
              49.99940285588089
            ],
            [
              3.867123082236693,
              50.00073241897222
            ],
            [
              3.8655867743919488,
              50.00206198206354
            ],
            [
              3.864050466547202,
              50.003391545154855
            ],
            [
              3.862514158702458,
              50.00472110824618
            ],
            [
              3.860977850857712,
              50.0060506713375
            ],
            [
              3.859441543012965,
              50.00738023442882
            ],
            [
              3.859441543012965,
              50.00738023442882
            ],
            [
              3.855210815665861,
              50.007999822841946
            ],
            [
              3.850980088318757,
              50.00861941125506
            ],
            [
              3.8467493609716503,
              50.00923899966818
            ],
            [
              3.8425186336245463,
              50.00985858808129
            ],
            [
              3.8382879062774413,
              50.01047817649441
            ],
            [
              3.8340571789303373,
              50.011097764907525
            ],
            [
              3.829826451583234,
              50.01171735332064
            ],
            [
              3.8255957242361265,
              50.01233694173376
            ],
            [
              3.821364996889024,
              50.01295653014687
            ],
            [
              3.8171342695419175,
              50.013576118559996
            ],
            [
              3.8171342695419175,
              50.013576118559996
            ],
            [
              3.812130813925983,
              50.01251091377043
            ],
            [
              3.807127358310044,
              50.01144570898086
            ],
            [
              3.8021239026941065,
              50.01038050419131
            ],
            [
              3.797120447078171,
              50.00931529940174
            ],
            [
              3.792116991462232,
              50.00825009461218
            ],
            [
              3.7871135358462955,
              50.00718488982262
            ],
            [
              3.782110080230358,
              50.00611968503305
            ],
            [
              3.7771066246144227,
              50.0050544802435
            ],
            [
              3.7721031689984845,
              50.00398927545393
            ],
            [
              3.7670997133825463,
              50.00292407066436
            ],
            [
              3.7670997133825463,
              50.00292407066436
            ],
            [
              3.766205676227448,
              50.004785774830914
            ],
            [
              3.7653116390723453,
              50.00664747899745
            ],
            [
              3.7644176019172444,
              50.00850918316399
            ],
            [
              3.7635235647621452,
              50.010370887330524
            ],
            [
              3.7626295276070443,
              50.01223259149707
            ],
            [
              3.7617354904519433,
              50.014094295663604
            ],
            [
              3.760841453296845,
              50.01595599983015
            ],
            [
              3.7599474161417423,
              50.017817703996684
            ],
            [
              3.7590533789866414,
              50.01967940816322
            ],
            [
              3.758159341831542,
              50.02154111232976
            ],
            [
              3.758159341831542,
              50.02154111232976
            ],
            [
              3.7550823689239334,
              50.02198365628042
            ],
            [
              3.7520053960163255,
              50.02242620023108
            ],
            [
              3.748928423108715,
              50.02286874418172
            ],
            [
              3.745851450201109,
              50.02331128813238
            ],
            [
              3.7427744772934983,
              50.023753832083045
            ],
            [
              3.7396975043858913,
              50.02419637603371
            ],
            [
              3.7366205314782843,
              50.024638919984355
            ],
            [
              3.733543558570673,
              50.02508146393501
            ],
            [
              3.7304665856630668,
              50.02552400788567
            ],
            [
              3.727389612755458,
              50.025966551836326
            ],
            [
              3.727389612755458,
              50.025966551836326
            ],
            [
              3.7211033140985577,
              50.02463503650119
            ],
            [
              3.7148170154416573,
              50.02330352116605
            ],
            [
              3.708530716784757,
              50.021972005830904
            ],
            [
              3.7022444181278567,
              50.020640490495765
            ],
            [
              3.695958119470959,
              50.01930897516063
            ],
            [
              3.689671820814057,
              50.01797745982549
            ],
            [
              3.6833855221571583,
              50.01664594449034
            ],
            [
              3.677099223500259,
              50.01531442915521
            ],
            [
              3.6708129248433568,
              50.01398291382006
            ],
            [
              3.664526626186458,
              50.01265139848493
            ],
            [
              3.664526626186458,
              50.01265139848493
            ],
            [
              3.6632464420252835,
              50.01380369856648
            ],
            [
              3.661966257864109,
              50.01495599864803
            ],
            [
              3.660686073702934,
              50.01610829872958
            ],
            [
              3.659405889541763,
              50.017260598811134
            ],
            [
              3.6581257053805882,
              50.018412898892684
            ],
            [
              3.6568455212194135,
              50.019565198974234
            ],
            [
              3.6555653370582397,
              50.02071749905579
            ],
            [
              3.654285152897067,
              50.02186979913734
            ],
            [
              3.653004968735892,
              50.02302209921889
            ],
            [
              3.651724784574719,
              50.02417439930044
            ],
            [
              3.651724784574719,
              50.02417439930044
            ],
            [
              3.649161336026111,
              50.02488306727149
            ],
            [
              3.6465978874775,
              50.02559173524254
            ],
            [
              3.6440344389288906,
              50.02630040321359
            ],
            [
              3.6414709903802795,
              50.02700907118463
            ],
            [
              3.6389075418316703,
              50.02771773915568
            ],
            [
              3.6363440932830637,
              50.02842640712673
            ],
            [
              3.6337806447344527,
              50.02913507509778
            ],
            [
              3.6312171961858435,
              50.029843743068824
            ],
            [
              3.6286537476372325,
              50.030552411039864
            ],
            [
              3.626090299088624,
              50.03126107901091
            ]
          ]
        ]
      }
    },
    {
      "type": "Feature",
      "properties": {
        "diocese": "Noviomen",
        "province": "Remen",
        "start": 1592,
        "end": 1789
      },
      "geometry": {
        "type": "Polygon",
        "coordinates": [
          [
            [
              2.832301226456035,
              50.02485653502665
            ],
            [
              2.831317314571292,
              50.019417928198315
            ],
            [
              2.830333402686549,
              50.013979321369995
            ],
            [
              2.8293494908018073,
              50.00854071454167
            ],
            [
              2.8283655789170674,
              50.00310210771335
            ],
            [
              2.8273816670323244,
              49.997663500885025
            ],
            [
              2.8263977551475814,
              49.9922248940567
            ],
            [
              2.8254138432628397,
              49.98678628722838
            ],
            [
              2.824429931378098,
              49.98134768040005
            ],
            [
              2.8234460194933537,
              49.97590907357173
            ],
            [
              2.822462107608612,
              49.9704704667434
            ],
            [
              2.822462107608612,
              49.9704704667434
            ],
            [
              2.819919681747665,
              49.96846369488043
            ],
            [
              2.8173772558867163,
              49.96645692301747
            ],
            [
              2.81483483002577,
              49.964450151154495
            ],
            [
              2.812292404164823,
              49.96244337929152
            ],
            [
              2.809749978303875,
              49.96043660742855
            ],
            [
              2.8072075524429283,
              49.95842983556558
            ],
            [
              2.8046651265819817,
              49.95642306370261
            ],
            [
              2.8021227007210348,
              49.95441629183964
            ],
            [
              2.799580274860086,
              49.952409519976676
            ],
            [
              2.7970378489991394,
              49.950402748113696
            ],
            [
              2.7970378489991394,
              49.950402748113696
            ],
            [
              2.794493081775181,
              49.94714187796923
            ],
            [
              2.7919483145512234,
              49.94388100782475
            ],
            [
              2.789403547327265,
              49.940620137680284
            ],
            [
              2.7868587801033065,
              49.93735926753581
            ],
            [
              2.7843140128793498,
              49.934098397391345
            ],
            [
              2.7817692456553926,
              49.93083752724686
            ],
            [
              2.7792244784314337,
              49.92757665710239
            ],
            [
              2.7766797112074735,
              49.92431578695792
            ],
            [
              2.7741349439835163,
              49.92105491681344
            ],
            [
              2.7715901767595574,
              49.91779404666897
            ],
            [
              2.7715901767595574,
              49.91779404666897
            ],
            [
              2.773943052438419,
              49.91528749405107
            ],
            [
              2.776295928117276,
              49.912780941433184
            ],
            [
              2.7786488037961354,
              49.91027438881529
            ],
            [
              2.781001679474997,
              49.907767836197394
            ],
            [
              2.783354555153858,
              49.9052612835795
            ],
            [
              2.785707430832716,
              49.902754730961604
            ],
            [
              2.7880603065115754,
              49.90024817834371
            ],
            [
              2.7904131821904348,
              49.89774162572582
            ],
            [
              2.792766057869294,
              49.89523507310792
            ],
            [
              2.7951189335481534,
              49.89272852049003
            ],
            [
              2.7951189335481534,
              49.89272852049003
            ],
            [
              2.791845781857821,
              49.88833834527985
            ],
            [
              2.788572630167489,
              49.88394817006967
            ],
            [
              2.7852994784771568,
              49.8795579948595
            ],
            [
              2.782026326786826,
              49.87516781964932
            ],
            [
              2.778753175096492,
              49.870777644439144
            ],
            [
              2.77548002340616,
              49.86638746922897
            ],
            [
              2.7722068717158277,
              49.86199729401879
            ],
            [
              2.7689337200254953,
              49.857607118808616
            ],
            [
              2.765660568335163,
              49.85321694359844
            ],
            [
              2.762387416644831,
              49.84882676838826
            ],
            [
              2.762387416644831,
              49.84882676838826
            ],
            [
              2.7678169011589846,
              49.84331178027085
            ],
            [
              2.7732463856731386,
              49.83779679215344
            ],
            [
              2.7786758701872905,
              49.832281804036036
            ],
            [
              2.784105354701444,
              49.82676681591861
            ],
            [
              2.7895348392155985,
              49.821251827801206
            ],
            [
              2.7949643237297486,
              49.8157368396838
            ],
            [
              2.8003938082439026,
              49.81022185156639
            ],
            [
              2.805823292758058,
              49.804706863448985
            ],
            [
              2.811252777272212,
              49.79919187533156
            ],
            [
              2.816682261786362,
              49.793676887214154
            ],
            [
              2.816682261786362,
              49.793676887214154
            ],
            [
              2.81885566453233,
              49.79179627760291
            ],
            [
              2.8210290672782974,
              49.78991566799168
            ],
            [
              2.82320247002426,
              49.78803505838044
            ],
            [
              2.8253758727702287,
              49.7861544487692
            ],
            [
              2.8275492755161955,
              49.78427383915797
            ],
            [
              2.829722678262162,
              49.782393229546734
            ],
            [
              2.831896081008129,
              49.78051261993549
            ],
            [
              2.8340694837540936,
              49.77863201032425
            ],
            [
              2.83624288650006,
              49.77675140071301
            ],
            [
              2.838416289246027,
              49.774870791101776
            ],
            [
              2.838416289246027,
              49.774870791101776
            ],
            [
              2.8367768261880904,
              49.77161014141963
            ],
            [
              2.835137363130149,
              49.76834949173747
            ],
            [
              2.8334979000722105,
              49.76508884205531
            ],
            [
              2.8318584370142705,
              49.76182819237316
            ],
            [
              2.8302189739563324,
              49.758567542691004
            ],
            [
              2.828579510898394,
              49.75530689300885
            ],
            [
              2.8269400478404543,
              49.7520462433267
            ],
            [
              2.8253005847825174,
              49.74878559364454
            ],
            [
              2.823661121724578,
              49.745524943962394
            ],
            [
              2.8220216586666393,
              49.74226429428023
            ],
            [
              2.8220216586666393,
              49.74226429428023
            ],
            [
              2.8203835365377885,
              49.73887866505311
            ],
            [
              2.818745414408937,
              49.73549303582598
            ],
            [
              2.817107292280084,
              49.73210740659885
            ],
            [
              2.815469170151233,
              49.728721777371724
            ],
            [
              2.8138310480223816,
              49.72533614814459
            ],
            [
              2.8121929258935303,
              49.72195051891746
            ],
            [
              2.810554803764679,
              49.71856488969033
            ],
            [
              2.8089166816358264,
              49.715179260463195
            ],
            [
              2.8072785595069747,
              49.71179363123606
            ],
            [
              2.805640437378124,
              49.708408002008944
            ],
            [
              2.805640437378124,
              49.708408002008944
            ],
            [
              2.8074415421717713,
              49.70176299055969
            ],
            [
              2.809242646965419,
              49.69511797911045
            ],
            [
              2.8110437517590667,
              49.6884729676612
            ],
            [
              2.8128448565527147,
              49.681827956211954
            ],
            [
              2.8146459613463644,
              49.6751829447627
            ],
            [
              2.8164470661400114,
              49.66853793331346
            ],
            [
              2.8182481709336593,
              49.66189292186421
            ],
            [
              2.820049275727309,
              49.655247910414964
            ],
            [
              2.821850380520957,
              49.64860289896571
            ],
            [
              2.8236514853146044,
              49.64195788751647
            ],
            [
              2.8236514853146044,
              49.64195788751647
            ],
            [
              2.8207476516016166,
              49.64082911152672
            ],
            [
              2.817843817888629,
              49.63970033553698
            ],
            [
              2.814939984175641,
              49.63857155954723
            ],
            [
              2.8120361504626534,
              49.63744278355748
            ],
            [
              2.809132316749665,
              49.636314007567734
            ],
            [
              2.8062284830366795,
              49.63518523157799
            ],
            [
              2.803324649323691,
              49.63405645558824
            ],
            [
              2.8004208156107038,
              49.632927679598495
            ],
            [
              2.7975169818977155,
              49.63179890360875
            ],
            [
              2.794613148184728,
              49.630670127619005
            ],
            [
              2.794613148184728,
              49.630670127619005
            ],
            [
              2.7973235082062056,
              49.62603148045154
            ],
            [
              2.800033868227683,
              49.62139283328406
            ],
            [
              2.802744228249161,
              49.6167541861166
            ],
            [
              2.80545458827064,
              49.61211553894913
            ],
            [
              2.808164948292116,
              49.607476891781666
            ],
            [
              2.8108753083135936,
              49.6028382446142
            ],
            [
              2.813585668335073,
              49.59819959744673
            ],
            [
              2.816296028356548,
              49.593560950279254
            ],
            [
              2.819006388378028,
              49.58892230311179
            ],
            [
              2.821716748399506,
              49.584283655944326
            ],
            [
              2.821716748399506,
              49.584283655944326
            ],
            [
              2.821345417406589,
              49.58002025679538
            ],
            [
              2.8209740864136745,
              49.57575685764643
            ],
            [
              2.8206027554207598,
              49.57149345849748
            ],
            [
              2.820231424427845,
              49.56723005934853
            ],
            [
              2.819860093434929,
              49.562966660199585
            ],
            [
              2.8194887624420137,
              49.55870326105063
            ],
            [
              2.8191174314490977,
              49.554439861901685
            ],
            [
              2.8187461004561847,
              49.55017646275274
            ],
            [
              2.81837476946327,
              49.545913063603784
            ],
            [
              2.8180034384703534,
              49.54164966445483
            ],
            [
              2.8180034384703534,
              49.54164966445483
            ],
            [
              2.8219864176772407,
              49.53751339838738
            ],
            [
              2.8259693968841284,
              49.53337713231994
            ],
            [
              2.8299523760910157,
              49.5292408662525
            ],
            [
              2.833935355297903,
              49.52510460018506
            ],
            [
              2.8379183345047907,
              49.52096833411762
            ],
            [
              2.841901313711676,
              49.51683206805017
            ],
            [
              2.8458842929185635,
              49.51269580198273
            ],
            [
              2.849867272125453,
              49.50855953591529
            ],
            [
              2.8538502513323385,
              49.50442326984785
            ],
            [
              2.8578332305392258,
              49.5002870037804
            ],
            [
              2.8578332305392258,
              49.5002870037804
            ],
            [
              2.8618213233729635,
              49.49966095021767
            ],
            [
              2.8658094162066985,
              49.499034896654926
            ],
            [
              2.869797509040437,
              49.49840884309219
            ],
            [
              2.8737856018741725,
              49.49778278952945
            ],
            [
              2.87777369470791,
              49.49715673596671
            ],
            [
              2.8817617875416466,
              49.49653068240398
            ],
            [
              2.885749880375384,
              49.49590462884124
            ],
            [
              2.889737973209119,
              49.4952785752785
            ],
            [
              2.8937260660428556,
              49.49465252171576
            ],
            [
              2.897714158876593,
              49.494026468153024
            ],
            [
              2.897714158876593,
              49.494026468153024
            ],
            [
              2.8993430856545315,
              49.49264778615961
            ],
            [
              2.9009720124324683,
              49.49126910416621
            ],
            [
              2.902600939210408,
              49.48989042217279
            ],
            [
              2.9042298659883468,
              49.48851174017939
            ],
            [
              2.9058587927662853,
              49.487133058185975
            ],
            [
              2.9074877195442235,
              49.48575437619257
            ],
            [
              2.9091166463221603,
              49.48437569419916
            ],
            [
              2.9107455731001006,
              49.482997012205736
            ],
            [
              2.9123744998780405,
              49.481618330212335
            ],
            [
              2.914003426655979,
              49.48023964821892
            ],
            [
              2.914003426655979,
              49.48023964821892
            ],
            [
              2.92035258801657,
              49.480491203441275
            ],
            [
              2.9267017493771603,
              49.48074275866362
            ],
            [
              2.933050910737751,
              49.480994313885965
            ],
            [
              2.939400072098342,
              49.48124586910831
            ],
            [
              2.945749233458932,
              49.48149742433066
            ],
            [
              2.9520983948195245,
              49.481748979553
            ],
            [
              2.9584475561801153,
              49.48200053477535
            ],
            [
              2.964796717540706,
              49.482252089997694
            ],
            [
              2.9711458789012983,
              49.48250364522005
            ],
            [
              2.977495040261887,
              49.482755200442384
            ],
            [
              2.977495040261887,
              49.482755200442384
            ],
            [
              2.984381481281073,
              49.480374764589804
            ],
            [
              2.9912679223002576,
              49.47799432873723
            ],
            [
              2.998154363319444,
              49.47561389288465
            ],
            [
              3.00504080433863,
              49.47323345703207
            ],
            [
              3.011927245357816,
              49.470853021179494
            ],
            [
              3.018813686377,
              49.46847258532692
            ],
            [
              3.025700127396186,
              49.46609214947434
            ],
            [
              3.0325865684153723,
              49.46371171362176
            ],
            [
              3.039473009434557,
              49.461331277769176
            ],
            [
              3.046359450453743,
              49.4589508419166
            ],
            [
              3.046359450453743,
              49.4589508419166
            ],
            [
              3.047815766288372,
              49.46183542332362
            ],
            [
              3.049272082123005,
              49.46472000473064
            ],
            [
              3.050728397957634,
              49.467604586137654
            ],
            [
              3.0521847137922653,
              49.47048916754467
            ],
            [
              3.053641029626896,
              49.473373748951694
            ],
            [
              3.0550973454615273,
              49.476258330358704
            ],
            [
              3.056553661296159,
              49.47914291176572
            ],
            [
              3.0580099771307876,
              49.48202749317273
            ],
            [
              3.05946629296542,
              49.48491207457975
            ],
            [
              3.0609226088000496,
              49.48779665598677
            ],
            [
              3.0609226088000496,
              49.48779665598677
            ],
            [
              3.066184720716754,
              49.48917705773787
            ],
            [
              3.0714468326334576,
              49.49055745948897
            ],
            [
              3.0767089445501603,
              49.49193786124007
            ],
            [
              3.081971056466864,
              49.493318262991174
            ],
            [
              3.0872331683835683,
              49.49469866474227
            ],
            [
              3.09249528030027,
              49.49607906649338
            ],
            [
              3.0977573922169745,
              49.49745946824447
            ],
            [
              3.103019504133679,
              49.49883986999557
            ],
            [
              3.1082816160503826,
              49.50022027174668
            ],
            [
              3.1135437279670835,
              49.50160067349778
            ],
            [
              3.1135437279670835,
              49.50160067349778
            ],
            [
              3.1150047205844946,
              49.5068674105348
            ],
            [
              3.1164657132018996,
              49.512134147571835
            ],
            [
              3.117926705819308,
              49.51740088460886
            ],
            [
              3.1193876984367166,
              49.522667621645894
            ],
            [
              3.120848691054125,
              49.52793435868292
            ],
            [
              3.122309683671532,
              49.533201095719946
            ],
            [
              3.1237706762889412,
              49.53846783275697
            ],
            [
              3.125231668906349,
              49.543734569794
            ],
            [
              3.1266926615237582,
              49.54900130683103
            ],
            [
              3.128153654141166,
              49.554268043868056
            ],
            [
              3.128153654141166,
              49.554268043868056
            ],
            [
              3.132507754560836,
              49.55514721656411
            ],
            [
              3.1368618549805114,
              49.556026389260154
            ],
            [
              3.1412159554001824,
              49.5569055619562
            ],
            [
              3.1455700558198543,
              49.55778473465225
            ],
            [
              3.149924156239529,
              49.55866390734829
            ],
            [
              3.154278256659199,
              49.55954308004434
            ],
            [
              3.158632357078871,
              49.560422252740395
            ],
            [
              3.1629864574985436,
              49.56130142543643
            ],
            [
              3.1673405579182172,
              49.562180598132485
            ],
            [
              3.171694658337889,
              49.56305977082854
            ],
            [
              3.171694658337889,
              49.56305977082854
            ],
            [
              3.1716962404842994,
              49.56305977122339
            ],
            [
              3.1716978226307107,
              49.56305977161823
            ],
            [
              3.1716994047771236,
              49.56305977201308
            ],
            [
              3.171700986923535,
              49.56305977240792
            ],
            [
              3.171702569069945,
              49.56305977280277
            ],
            [
              3.1717041512163564,
              49.563059773197615
            ],
            [
              3.1717057333627676,
              49.563059773592464
            ],
            [
              3.1717073155091797,
              49.56305977398731
            ],
            [
              3.171708897655591,
              49.56305977438216
            ],
            [
              3.171710479802002,
              49.56305977477701
            ],
            [
              3.171710479802002,
              49.56305977477701
            ],
            [
              3.176063075124143,
              49.563937880576205
            ],
            [
              3.1804156704462856,
              49.564815986375415
            ],
            [
              3.1847682657684317,
              49.56569409217462
            ],
            [
              3.1891208610905735,
              49.56657219797382
            ],
            [
              3.193473456412717,
              49.56745030377302
            ],
            [
              3.1978260517348596,
              49.568328409572224
            ],
            [
              3.2021786470570013,
              49.569206515371434
            ],
            [
              3.2065312423791466,
              49.570084621170636
            ],
            [
              3.210883837701289,
              49.57096272696983
            ],
            [
              3.2152364330234326,
              49.57184083276904
            ],
            [
              3.2152364330234326,
              49.57184083276904
            ],
            [
              3.2188639228334153,
              49.572468786909816
            ],
            [
              3.2224914126434006,
              49.5730967410506
            ],
            [
              3.2261189024533823,
              49.57372469519138
            ],
            [
              3.229746392263365,
              49.574352649332155
            ],
            [
              3.233373882073352,
              49.57498060347294
            ],
            [
              3.2370013718833346,
              49.57560855761372
            ],
            [
              3.240628861693318,
              49.5762365117545
            ],
            [
              3.2442563515033034,
              49.57686446589528
            ],
            [
              3.247883841313286,
              49.57749242003606
            ],
            [
              3.2515113311232686,
              49.578120374176834
            ],
            [
              3.2515113311232686,
              49.578120374176834
            ],
            [
              3.2587716857368156,
              49.58138242663321
            ],
            [
              3.2660320403503653,
              49.5846444790896
            ],
            [
              3.2732923949639123,
              49.587906531545975
            ],
            [
              3.2805527495774602,
              49.59116858400236
            ],
            [
              3.287813104191008,
              49.59443063645874
            ],
            [
              3.2950734588045543,
              49.59769268891512
            ],
            [
              3.302333813418103,
              49.60095474137151
            ],
            [
              3.309594168031651,
              49.60421679382789
            ],
            [
              3.316854522645199,
              49.607478846284266
            ],
            [
              3.3241148772587477,
              49.610740898740644
            ],
            [
              3.3241148772587477,
              49.610740898740644
            ],
            [
              3.3253926100710065,
              49.61475349234538
            ],
            [
              3.3266703428832645,
              49.618766085950114
            ],
            [
              3.327948075695524,
              49.622778679554834
            ],
            [
              3.3292258085077813,
              49.62679127315957
            ],
            [
              3.330503541320041,
              49.630803866764296
            ],
            [
              3.3317812741323025,
              49.634816460369024
            ],
            [
              3.3330590069445596,
              49.63882905397376
            ],
            [
              3.3343367397568193,
              49.642841647578486
            ],
            [
              3.3356144725690773,
              49.64685424118321
            ],
            [
              3.336892205381336,
              49.65086683478795
            ],
            [
              3.336892205381336,
              49.65086683478795
            ],
            [
              3.341428837816196,
              49.65262306711466
            ],
            [
              3.345965470251056,
              49.65437929944137
            ],
            [
              3.3505021026859167,
              49.65613553176808
            ],
            [
              3.3550387351207758,
              49.65789176409479
            ],
            [
              3.3595753675556366,
              49.65964799642151
            ],
            [
              3.3641119999904956,
              49.66140422874822
            ],
            [
              3.3686486324253546,
              49.66316046107493
            ],
            [
              3.373185264860217,
              49.66491669340165
            ],
            [
              3.377721897295076,
              49.66667292572836
            ],
            [
              3.382258529729937,
              49.668429158055076
            ],
            [
              3.382258529729937,
              49.668429158055076
            ],
            [
              3.383360422383794,
              49.674949914109405
            ],
            [
              3.3844623150376516,
              49.68147067016374
            ],
            [
              3.3855642076915093,
              49.68799142621808
            ],
            [
              3.386666100345367,
              49.69451218227242
            ],
            [
              3.387767992999225,
              49.70103293832675
            ],
            [
              3.3888698856530843,
              49.70755369438108
            ],
            [
              3.3899717783069403,
              49.71407445043542
            ],
            [
              3.3910736709608,
              49.72059520648975
            ],
            [
              3.3921755636146576,
              49.72711596254409
            ],
            [
              3.3932774562685144,
              49.733636718598426
            ],
            [
              3.3932774562685144,
              49.733636718598426
            ],
            [
              3.3907409488627054,
              49.73551617107045
            ],
            [
              3.3882044414568937,
              49.737395623542476
            ],
            [
              3.385667934051084,
              49.73927507601451
            ],
            [
              3.383131426645274,
              49.74115452848654
            ],
            [
              3.3805949192394658,
              49.74303398095857
            ],
            [
              3.378058411833654,
              49.7449134334306
            ],
            [
              3.3755219044278424,
              49.74679288590262
            ],
            [
              3.3729853970220334,
              49.748672338374654
            ],
            [
              3.3704488896162244,
              49.75055179084668
            ],
            [
              3.3679123822104136,
              49.75243124331871
            ],
            [
              3.3679123822104136,
              49.75243124331871
            ],
            [
              3.365376007546405,
              49.753559728147536
            ],
            [
              3.3628396328824004,
              49.75468821297636
            ],
            [
              3.360303258218394,
              49.755816697805194
            ],
            [
              3.357766883554388,
              49.75694518263403
            ],
            [
              3.3552305088903824,
              49.758073667462845
            ],
            [
              3.352694134226374,
              49.75920215229168
            ],
            [
              3.3501577595623693,
              49.7603306371205
            ],
            [
              3.3476213848983627,
              49.76145912194933
            ],
            [
              3.3450850102343552,
              49.76258760677816
            ],
            [
              3.3425486355703495,
              49.76371609160698
            ],
            [
              3.3425486355703495,
              49.76371609160698
            ],
            [
              3.343094434376495,
              49.76471929923562
            ],
            [
              3.343640233182645,
              49.76572250686427
            ],
            [
              3.3441860319887904,
              49.76672571449291
            ],
            [
              3.3447318307949394,
              49.76772892212155
            ],
            [
              3.345277629601083,
              49.768732129750184
            ],
            [
              3.3458234284072312,
              49.76973533737882
            ],
            [
              3.3463692272133803,
              49.77073854500746
            ],
            [
              3.346915026019524,
              49.7717417526361
            ],
            [
              3.347460824825673,
              49.772744960264745
            ],
            [
              3.348006623631821,
              49.77374816789339
            ],
            [
              3.348006623631821,
              49.77374816789339
            ],
            [
              3.353087490806827,
              49.774877487193095
            ],
            [
              3.3581683579818358,
              49.776006806492816
            ],
            [
              3.3632492251568427,
              49.777136125792545
            ],
            [
              3.3683300923318495,
              49.77826544509226
            ],
            [
              3.373410959506858,
              49.77939476439198
            ],
            [
              3.378491826681866,
              49.7805240836917
            ],
            [
              3.383572693856873,
              49.78165340299142
            ],
            [
              3.388653561031879,
              49.78278272229113
            ],
            [
              3.3937344282068875,
              49.78391204159085
            ],
            [
              3.398815295381896,
              49.785041360890574
            ],
            [
              3.398815295381896,
              49.785041360890574
            ],
            [
              3.402634969540904,
              49.790809689018204
            ],
            [
              3.406454643699911,
              49.79657801714583
            ],
            [
              3.4102743178589194,
              49.80234634527346
            ],
            [
              3.414093992017927,
              49.80811467340109
            ],
            [
              3.4179136661769314,
              49.813883001528716
            ],
            [
              3.42173334033594,
              49.819651329656345
            ],
            [
              3.4255530144949478,
              49.825419657783975
            ],
            [
              3.4293726886539537,
              49.831187985911605
            ],
            [
              3.4331923628129624,
              49.836956314039234
            ],
            [
              3.4370120369719683,
              49.842724642166864
            ],
            [
              3.4370120369719683,
              49.842724642166864
            ],
            [
              3.4377441626883543,
              49.84661211425854
            ],
            [
              3.438476288404741,
              49.85049958635022
            ],
            [
              3.439208414121125,
              49.8543870584419
            ],
            [
              3.439940539837513,
              49.85827453053357
            ],
            [
              3.4406726655538997,
              49.86216200262525
            ],
            [
              3.4414047912702856,
              49.866049474716924
            ],
            [
              3.44213691698667,
              49.86993694680861
            ],
            [
              3.4428690427030557,
              49.87382441890029
            ],
            [
              3.4436011684194434,
              49.87771189099196
            ],
            [
              3.4443332941358284,
              49.881599363083645
            ],
            [
              3.4443332941358284,
              49.881599363083645
            ],
            [
              3.4439765630665637,
              49.88485951458688
            ],
            [
              3.443619831997301,
              49.88811966609011
            ],
            [
              3.443263100928038,
              49.891379817593354
            ],
            [
              3.442906369858775,
              49.89463996909659
            ],
            [
              3.4425496387895103,
              49.897900120599814
            ],
            [
              3.4421929077202473,
              49.901160272103056
            ],
            [
              3.441836176650986,
              49.90442042360628
            ],
            [
              3.4414794455817215,
              49.90768057510952
            ],
            [
              3.4411227145124568,
              49.91094072661276
            ],
            [
              3.440765983443194,
              49.91420087811599
            ],
            [
              3.440765983443194,
              49.91420087811599
            ],
            [
              3.447120632379207,
              49.91733665267033
            ],
            [
              3.4534752813152196,
              49.92047242722466
            ],
            [
              3.459829930251232,
              49.92360820177898
            ],
            [
              3.4661845791872445,
              49.92674397633332
            ],
            [
              3.472539228123255,
              49.92987975088764
            ],
            [
              3.4788938770592694,
              49.93301552544198
            ],
            [
              3.48524852599528,
              49.93615129999631
            ],
            [
              3.4916031749312944,
              49.939287074550634
            ],
            [
              3.497957823867306,
              49.94242284910497
            ],
            [
              3.5043124728033175,
              49.9455586236593
            ],
            [
              3.5043124728033175,
              49.9455586236593
            ],
            [
              3.5078908136859854,
              49.950314210512325
            ],
            [
              3.5114691545686507,
              49.95506979736535
            ],
            [
              3.5150474954513187,
              49.95982538421838
            ],
            [
              3.518625836333985,
              49.964580971071406
            ],
            [
              3.5222041772166492,
              49.96933655792443
            ],
            [
              3.525782518099317,
              49.97409214477746
            ],
            [
              3.5293608589819834,
              49.97884773163048
            ],
            [
              3.5329391998646487,
              49.98360331848351
            ],
            [
              3.5365175407473175,
              49.988358905336526
            ],
            [
              3.540095881629983,
              49.99311449218955
            ],
            [
              3.540095881629983,
              49.99311449218955
            ],
            [
              3.5353520142068686,
              49.992847317895624
            ],
            [
              3.530608146783751,
              49.9925801436017
            ],
            [
              3.5258642793606376,
              49.99231296930777
            ],
            [
              3.5211204119375235,
              49.992045795013844
            ],
            [
              3.5163765445144075,
              49.99177862071991
            ],
            [
              3.5116326770912916,
              49.99151144642599
            ],
            [
              3.5068888096681756,
              49.99124427213206
            ],
            [
              3.5021449422450623,
              49.990977097838126
            ],
            [
              3.497401074821948,
              49.9907099235442
            ],
            [
              3.492657207398834,
              49.99044274925027
            ],
            [
              3.492657207398834,
              49.99044274925027
            ],
            [
              3.4880428999079105,
              49.99168288071802
            ],
            [
              3.483428592416985,
              49.99292301218575
            ],
            [
              3.4788142849260653,
              49.99416314365349
            ],
            [
              3.4741999774351418,
              49.995403275121234
            ],
            [
              3.46958566994422,
              49.99664340658897
            ],
            [
              3.4649713624532965,
              49.997883538056705
            ],
            [
              3.460357054962373,
              49.99912366952445
            ],
            [
              3.4557427474714513,
              50.00036380099219
            ],
            [
              3.4511284399805278,
              50.001603932459936
            ],
            [
              3.446514132489605,
              50.002844063927675
            ],
            [
              3.446514132489605,
              50.002844063927675
            ],
            [
              3.444208597969873,
              50.00426209851199
            ],
            [
              3.4419030634501406,
              50.0056801330963
            ],
            [
              3.4395975289304075,
              50.00709816768061
            ],
            [
              3.437291994410677,
              50.00851620226493
            ],
            [
              3.4349864598909448,
              50.00993423684923
            ],
            [
              3.4326809253712143,
              50.01135227143355
            ],
            [
              3.430375390851481,
              50.012770306017856
            ],
            [
              3.4280698563317507,
              50.014188340602175
            ],
            [
              3.4257643218120166,
              50.015606375186486
            ],
            [
              3.4234587872922835,
              50.0170244097708
            ],
            [
              3.4234587872922835,
              50.0170244097708
            ],
            [
              3.4193521859258778,
              50.01551611148131
            ],
            [
              3.415245584559472,
              50.014007813191824
            ],
            [
              3.4111389831930645,
              50.01249951490234
            ],
            [
              3.407032381826657,
              50.01099121661286
            ],
            [
              3.4029257804602513,
              50.00948291832337
            ],
            [
              3.3988191790938456,
              50.007974620033885
            ],
            [
              3.39471257772744,
              50.0064663217444
            ],
            [
              3.3906059763610297,
              50.00495802345491
            ],
            [
              3.386499374994625,
              50.00344972516543
            ],
            [
              3.382392773628218,
              50.001941426875945
            ],
            [
              3.382392773628218,
              50.001941426875945
            ],
            [
              3.3816188474854063,
              49.999635989122424
            ],
            [
              3.380844921342596,
              49.9973305513689
            ],
            [
              3.3800709951997843,
              49.99502511361537
            ],
            [
              3.3792970690569732,
              49.992719675861856
            ],
            [
              3.3785231429141613,
              49.99041423810833
            ],
            [
              3.377749216771351,
              49.9881088003548
            ],
            [
              3.3769752906285384,
              49.98580336260128
            ],
            [
              3.3762013644857265,
              49.98349792484776
            ],
            [
              3.3754274383429164,
              49.98119248709423
            ],
            [
              3.3746535122001053,
              49.978887049340706
            ],
            [
              3.3746535122001053,
              49.978887049340706
            ],
            [
              3.3708052591403743,
              49.97835411363588
            ],
            [
              3.3669570060806433,
              49.97782117793105
            ],
            [
              3.3631087530209105,
              49.97728824222622
            ],
            [
              3.3592604999611777,
              49.97675530652139
            ],
            [
              3.3554122469014476,
              49.976222370816565
            ],
            [
              3.3515639938417165,
              49.97568943511173
            ],
            [
              3.3477157407819855,
              49.9751564994069
            ],
            [
              3.343867487722251,
              49.974623563702075
            ],
            [
              3.3400192346625217,
              49.97409062799724
            ],
            [
              3.3361709816027907,
              49.973557692292424
            ],
            [
              3.3361709816027907,
              49.973557692292424
            ],
            [
              3.334627315420985,
              49.97107474097943
            ],
            [
              3.333083649239183,
              49.968591789666455
            ],
            [
              3.3315399830573793,
              49.96610883835347
            ],
            [
              3.3299963168755755,
              49.96362588704049
            ],
            [
              3.3284526506937735,
              49.961142935727516
            ],
            [
              3.326908984511968,
              49.95865998441454
            ],
            [
              3.325365318330166,
              49.95617703310155
            ],
            [
              3.3238216521483595,
              49.95369408178857
            ],
            [
              3.3222779859665565,
              49.95121113047559
            ],
            [
              3.3207343197847536,
              49.948728179162615
            ],
            [
              3.3207343197847536,
              49.948728179162615
            ],
            [
              3.316373990472177,
              49.94863842751524
            ],
            [
              3.312013661159599,
              49.94854867586786
            ],
            [
              3.30765333184702,
              49.9484589242205
            ],
            [
              3.3032930025344434,
              49.94836917257313
            ],
            [
              3.298932673221867,
              49.94827942092576
            ],
            [
              3.2945723439092895,
              49.94818966927839
            ],
            [
              3.2902120145967113,
              49.94809991763102
            ],
            [
              3.285851685284133,
              49.948010165983646
            ],
            [
              3.2814913559715557,
              49.94792041433629
            ],
            [
              3.2771310266589793,
              49.94783066268891
            ],
            [
              3.2771310266589793,
              49.94783066268891
            ],
            [
              3.273287565063495,
              49.94978028877943
            ],
            [
              3.269444103468009,
              49.95172991486995
            ],
            [
              3.2656006418725227,
              49.95367954096048
            ],
            [
              3.2617571802770375,
              49.95562916705099
            ],
            [
              3.257913718681553,
              49.957578793141515
            ],
            [
              3.254070257086067,
              49.959528419232036
            ],
            [
              3.250226795490583,
              49.961478045322565
            ],
            [
              3.2463833338950967,
              49.96342767141308
            ],
            [
              3.2425398722996106,
              49.96537729750359
            ],
            [
              3.238696410704128,
              49.967326923594115
            ],
            [
              3.238696410704128,
              49.967326923594115
            ],
            [
              3.2361303952932627,
              49.96670564442555
            ],
            [
              3.2335643798823965,
              49.96608436525699
            ],
            [
              3.230998364471533,
              49.96546308608843
            ],
            [
              3.2284323490606694,
              49.96484180691987
            ],
            [
              3.225866333649806,
              49.9642205277513
            ],
            [
              3.223300318238939,
              49.96359924858274
            ],
            [
              3.2207343028280735,
              49.962977969414176
            ],
            [
              3.218168287417209,
              49.96235669024561
            ],
            [
              3.2156022720063455,
              49.96173541107705
            ],
            [
              3.21303625659548,
              49.96111413190848
            ],
            [
              3.21303625659548,
              49.96111413190848
            ],
            [
              3.210470925673478,
              49.96084750129964
            ],
            [
              3.207905594751472,
              49.960580870690784
            ],
            [
              3.205340263829467,
              49.960314240081935
            ],
            [
              3.2027749329074626,
              49.96004760947308
            ],
            [
              3.2002096019854585,
              49.95978097886423
            ],
            [
              3.1976442710634534,
              49.959514348255375
            ],
            [
              3.195078940141449,
              49.959247717646534
            ],
            [
              3.1925136092194433,
              49.95898108703768
            ],
            [
              3.189948278297441,
              49.95871445642883
            ],
            [
              3.1873829473754367,
              49.958447825819974
            ],
            [
              3.1873829473754367,
              49.958447825819974
            ],
            [
              3.1861058434510787,
              49.96119606356293
            ],
            [
              3.1848287395267243,
              49.96394430130589
            ],
            [
              3.183551635602367,
              49.96669253904883
            ],
            [
              3.182274531678011,
              49.969440776791785
            ],
            [
              3.180997427753655,
              49.97218901453474
            ],
            [
              3.179720323829297,
              49.9749372522777
            ],
            [
              3.178443219904939,
              49.97768549002065
            ],
            [
              3.1771661159805844,
              49.980433727763604
            ],
            [
              3.175889012056228,
              49.98318196550655
            ],
            [
              3.174611908131872,
              49.98593020324951
            ],
            [
              3.174611908131872,
              49.98593020324951
            ],
            [
              3.1728213589663947,
              49.98841232246115
            ],
            [
              3.171030809800914,
              49.9908944416728
            ],
            [
              3.1692402606354366,
              49.99337656088444
            ],
            [
              3.167449711469956,
              49.99585868009609
            ],
            [
              3.1656591623044785,
              49.99834079930774
            ],
            [
              3.1638686131389995,
              50.00082291851938
            ],
            [
              3.1620780639735204,
              50.00330503773103
            ],
            [
              3.1602875148080414,
              50.00578715694268
            ],
            [
              3.158496965642565,
              50.00826927615433
            ],
            [
              3.1567064164770833,
              50.01075139536598
            ],
            [
              3.1567064164770833,
              50.01075139536598
            ],
            [
              3.1475996108564126,
              50.009862493455586
            ],
            [
              3.138492805235741,
              50.00897359154521
            ],
            [
              3.129385999615066,
              50.00808468963483
            ],
            [
              3.120279193994396,
              50.007195787724434
            ],
            [
              3.111172388373723,
              50.006306885814055
            ],
            [
              3.102065582753051,
              50.00541798390367
            ],
            [
              3.092958777132378,
              50.00452908199329
            ],
            [
              3.0838519715117063,
              50.003640180082904
            ],
            [
              3.0747451658910347,
              50.00275127817252
            ],
            [
              3.065638360270363,
              50.00186237626214
            ],
            [
              3.065638360270363,
              50.00186237626214
            ],
            [
              3.062307054035044,
              50.00336881831494
            ],
            [
              3.0589757477997233,
              50.00487526036774
            ],
            [
              3.055644441564407,
              50.00638170242055
            ],
            [
              3.052313135329087,
              50.00788814447335
            ],
            [
              3.048981829093768,
              50.009394586526156
            ],
            [
              3.045650522858448,
              50.010901028578964
            ],
            [
              3.0423192166231297,
              50.01240747063176
            ],
            [
              3.0389879103878106,
              50.01391391268456
            ],
            [
              3.0356566041524924,
              50.015420354737365
            ],
            [
              3.0323252979171715,
              50.016926796790166
            ],
            [
              3.0323252979171715,
              50.016926796790166
            ],
            [
              3.0293769793332346,
              50.01754669977747
            ],
            [
              3.026428660749294,
              50.01816660276478
            ],
            [
              3.023480342165356,
              50.01878650575208
            ],
            [
              3.0205320235814166,
              50.01940640873938
            ],
            [
              3.0175837049974734,
              50.02002631172669
            ],
            [
              3.0146353864135347,
              50.02064621471399
            ],
            [
              3.0116870678295955,
              50.0212661177013
            ],
            [
              3.0087387492456554,
              50.021886020688605
            ],
            [
              3.0057904306617176,
              50.02250592367591
            ],
            [
              3.002842112077776,
              50.02312582666322
            ],
            [
              3.002842112077776,
              50.02312582666322
            ],
            [
              2.9982251086330263,
              50.0221493817829
            ],
            [
              2.993608105188274,
              50.02117293690259
            ],
            [
              2.988991101743522,
              50.02019649202227
            ],
            [
              2.9843740982987716,
              50.01922004714196
            ],
            [
              2.9797570948540177,
              50.01824360226164
            ],
            [
              2.9751400914092674,
              50.01726715738133
            ],
            [
              2.9705230879645153,
              50.01629071250101
            ],
            [
              2.965906084519765,
              50.015314267620695
            ],
            [
              2.9612890810750137,
              50.01433782274039
            ],
            [
              2.9566720776302593,
              50.013361377860065
            ],
            [
              2.9566720776302593,
              50.013361377860065
            ],
            [
              2.9501343676572724,
              50.01468969277965
            ],
            [
              2.94359665768428,
              50.01601800769922
            ],
            [
              2.937058947711291,
              50.017346322618806
            ],
            [
              2.9305212377383008,
              50.01867463753838
            ],
            [
              2.92398352776531,
              50.020002952457965
            ],
            [
              2.9174458177923213,
              50.02133126737754
            ],
            [
              2.910908107819331,
              50.022659582297116
            ],
            [
              2.904370397846344,
              50.023987897216706
            ],
            [
              2.897832687873352,
              50.02531621213628
            ],
            [
              2.891294977900361,
              50.02664452705586
            ],
            [
              2.891294977900361,
              50.02664452705586
            ],
            [
              2.888473009920223,
              50.02628916893499
            ],
            [
              2.8856510419400854,
              50.02593381081411
            ],
            [
              2.8828290739599436,
              50.025578452693246
            ],
            [
              2.880007105979806,
              50.02522309457237
            ],
            [
              2.8771851379996685,
              50.0248677364515
            ],
            [
              2.8743631700195302,
              50.02451237833063
            ],
            [
              2.8715412020393907,
              50.024157020209756
            ],
            [
              2.868719234059251,
              50.02380166208888
            ],
            [
              2.865897266079113,
              50.02344630396801
            ],
            [
              2.8630752980989738,
              50.02309094584713
            ],
            [
              2.8630752980989738,
              50.02309094584713
            ],
            [
              2.859997890934682,
              50.02326750476509
            ],
            [
              2.8569204837703883,
              50.02344406368304
            ],
            [
              2.8538430766060947,
              50.023620622600994
            ],
            [
              2.8507656694417993,
              50.023797181518944
            ],
            [
              2.8476882622775035,
              50.02397374043689
            ],
            [
              2.84461085511321,
              50.02415029935484
            ],
            [
              2.8415334479489145,
              50.02432685827279
            ],
            [
              2.8384560407846227,
              50.02450341719074
            ],
            [
              2.835378633620329,
              50.02467997610869
            ],
            [
              2.832301226456035,
              50.02485653502665
            ]
          ]
        ]
      }
    }
  ]
}