{
    "type": "FeatureCollection",
    "features": [
        {
            "type": "Feature",
            "properties": {
                "diocese": "Suessionen",
                "province": "Remen",
                "date": 1592
            },
            "geometry": {
                "type": "Polygon",
                "coordinates": [
                    [
                        [
                            3.6770469035389834,
                            48.85474621117681
                        ],
                        [
                            3.681329544155934,
                            48.8570055156064
                        ],
                        [
                            3.6856121847728844,
                            48.85926482003601
                        ],
                        [
                            3.689894825389836,
                            48.861524124465596
                        ],
                        [
                            3.6941774660067863,
                            48.863783428895196
                        ],
                        [
                            3.698460106623737,
                            48.8660427333248
                        ],
                        [
                            3.702742747240688,
                            48.86830203775439
                        ],
                        [
                            3.707025387857637,
                            48.87056134218399
                        ],
                        [
                            3.711308028474589,
                            48.87282064661359
                        ],
                        [
                            3.7155906690915397,
                            48.87507995104319
                        ],
                        [
                            3.71987330970849,
                            48.87733925547278
                        ],
                        [
                            3.71987330970849,
                            48.87733925547278
                        ],
                        [
                            3.7204215289955243,
                            48.87959656687202
                        ],
                        [
                            3.7209697482825583,
                            48.88185387827124
                        ],
                        [
                            3.7215179675695933,
                            48.88411118967048
                        ],
                        [
                            3.722066186856629,
                            48.8863685010697
                        ],
                        [
                            3.722614406143664,
                            48.88862581246893
                        ],
                        [
                            3.7231626254306964,
                            48.89088312386815
                        ],
                        [
                            3.7237108447177323,
                            48.89314043526738
                        ],
                        [
                            3.7242590640047673,
                            48.89539774666661
                        ],
                        [
                            3.7248072832918013,
                            48.89765505806584
                        ],
                        [
                            3.7253555025788354,
                            48.89991236946506
                        ],
                        [
                            3.7253555025788354,
                            48.89991236946506
                        ],
                        [
                            3.740773495312688,
                            48.90142028564173
                        ],
                        [
                            3.756191488046538,
                            48.90292820181839
                        ],
                        [
                            3.7716094807803935,
                            48.90443611799506
                        ],
                        [
                            3.7870274735142444,
                            48.905944034171725
                        ],
                        [
                            3.802445466248097,
                            48.90745195034838
                        ],
                        [
                            3.817863458981949,
                            48.90895986652506
                        ],
                        [
                            3.8332814517158016,
                            48.910467782701716
                        ],
                        [
                            3.8486994444496543,
                            48.91197569887838
                        ],
                        [
                            3.8641174371835043,
                            48.91348361505505
                        ],
                        [
                            3.879535429917358,
                            48.91499153123171
                        ],
                        [
                            3.879535429917358,
                            48.91499153123171
                        ],
                        [
                            3.885160998245189,
                            48.91737508416661
                        ],
                        [
                            3.8907865665730186,
                            48.91975863710151
                        ],
                        [
                            3.896412134900847,
                            48.9221421900364
                        ],
                        [
                            3.9020377032286784,
                            48.9245257429713
                        ],
                        [
                            3.9076632715565087,
                            48.9269092959062
                        ],
                        [
                            3.913288839884338,
                            48.9292928488411
                        ],
                        [
                            3.9189144082121685,
                            48.931676401775995
                        ],
                        [
                            3.924539976539998,
                            48.93405995471089
                        ],
                        [
                            3.93016554486783,
                            48.936443507645784
                        ],
                        [
                            3.9357911131956578,
                            48.938827060580685
                        ],
                        [
                            3.9357911131956578,
                            48.938827060580685
                        ],
                        [
                            3.9365250622863353,
                            48.94283951847638
                        ],
                        [
                            3.9372590113770127,
                            48.946851976372066
                        ],
                        [
                            3.93799296046769,
                            48.950864434267764
                        ],
                        [
                            3.9387269095583677,
                            48.954876892163455
                        ],
                        [
                            3.939460858649046,
                            48.958889350059145
                        ],
                        [
                            3.9401948077397226,
                            48.96290180795483
                        ],
                        [
                            3.9409287568303992,
                            48.96691426585052
                        ],
                        [
                            3.9416627059210767,
                            48.97092672374622
                        ],
                        [
                            3.942396655011756,
                            48.97493918164191
                        ],
                        [
                            3.9431306041024317,
                            48.97895163953759
                        ],
                        [
                            3.9431306041024317,
                            48.97895163953759
                        ],
                        [
                            3.9384239708464315,
                            48.9835897885064
                        ],
                        [
                            3.933717337590432,
                            48.98822793747521
                        ],
                        [
                            3.9290107043344302,
                            48.992866086444025
                        ],
                        [
                            3.92430407107843,
                            48.997504235412826
                        ],
                        [
                            3.919597437822429,
                            49.00214238438163
                        ],
                        [
                            3.914890804566429,
                            49.00678053335044
                        ],
                        [
                            3.910184171310426,
                            49.01141868231924
                        ],
                        [
                            3.9054775380544258,
                            49.01605683128806
                        ],
                        [
                            3.9007709047984265,
                            49.02069498025686
                        ],
                        [
                            3.8960642715424263,
                            49.025333129225665
                        ],
                        [
                            3.8960642715424263,
                            49.025333129225665
                        ],
                        [
                            3.8946211871710816,
                            49.02934504381139
                        ],
                        [
                            3.8931781027997405,
                            49.03335695839711
                        ],
                        [
                            3.8917350184283994,
                            49.037368872982825
                        ],
                        [
                            3.8902919340570556,
                            49.04138078756854
                        ],
                        [
                            3.8888488496857136,
                            49.04539270215426
                        ],
                        [
                            3.8874057653143717,
                            49.04940461673998
                        ],
                        [
                            3.8859626809430288,
                            49.053416531325695
                        ],
                        [
                            3.884519596571686,
                            49.05742844591142
                        ],
                        [
                            3.883076512200343,
                            49.06144036049714
                        ],
                        [
                            3.881633427829002,
                            49.065452275082855
                        ],
                        [
                            3.881633427829002,
                            49.065452275082855
                        ],
                        [
                            3.8834514739198682,
                            49.06758491803664
                        ],
                        [
                            3.8852695200107363,
                            49.06971756099042
                        ],
                        [
                            3.8870875661016044,
                            49.0718502039442
                        ],
                        [
                            3.8889056121924708,
                            49.07398284689799
                        ],
                        [
                            3.890723658283337,
                            49.07611548985177
                        ],
                        [
                            3.8925417043742034,
                            49.07824813280555
                        ],
                        [
                            3.8943597504650698,
                            49.08038077575934
                        ],
                        [
                            3.896177796555938,
                            49.08251341871312
                        ],
                        [
                            3.897995842646806,
                            49.084646061666895
                        ],
                        [
                            3.8998138887376705,
                            49.08677870462068
                        ],
                        [
                            3.8998138887376705,
                            49.08677870462068
                        ],
                        [
                            3.8941928664986976,
                            49.08752933601139
                        ],
                        [
                            3.888571844259722,
                            49.08827996740211
                        ],
                        [
                            3.882950822020749,
                            49.089030598792824
                        ],
                        [
                            3.8773297997817733,
                            49.08978123018353
                        ],
                        [
                            3.8717087775428003,
                            49.09053186157425
                        ],
                        [
                            3.8660877553038255,
                            49.09128249296496
                        ],
                        [
                            3.86046673306485,
                            49.09203312435567
                        ],
                        [
                            3.854845710825877,
                            49.09278375574639
                        ],
                        [
                            3.8492246885869013,
                            49.093534387137105
                        ],
                        [
                            3.8436036663479283,
                            49.09428501852781
                        ],
                        [
                            3.8436036663479283,
                            49.09428501852781
                        ],
                        [
                            3.8452423224980294,
                            49.09716857891925
                        ],
                        [
                            3.8468809786481297,
                            49.100052139310684
                        ],
                        [
                            3.8485196347982282,
                            49.10293569970212
                        ],
                        [
                            3.8501582909483294,
                            49.105819260093554
                        ],
                        [
                            3.8517969470984306,
                            49.10870282048499
                        ],
                        [
                            3.8534356032485335,
                            49.11158638087643
                        ],
                        [
                            3.855074259398632,
                            49.11446994126786
                        ],
                        [
                            3.856712915548733,
                            49.117353501659295
                        ],
                        [
                            3.8583515716988352,
                            49.12023706205074
                        ],
                        [
                            3.8599902278489346,
                            49.123120622442165
                        ],
                        [
                            3.8599902278489346,
                            49.123120622442165
                        ],
                        [
                            3.8592674912521745,
                            49.12487661420836
                        ],
                        [
                            3.858544754655416,
                            49.12663260597455
                        ],
                        [
                            3.8578220180586515,
                            49.12838859774073
                        ],
                        [
                            3.857099281461893,
                            49.13014458950692
                        ],
                        [
                            3.856376544865132,
                            49.13190058127311
                        ],
                        [
                            3.855653808268372,
                            49.13365657303931
                        ],
                        [
                            3.8549310716716136,
                            49.1354125648055
                        ],
                        [
                            3.85420833507485,
                            49.13716855657169
                        ],
                        [
                            3.8534855984780907,
                            49.13892454833787
                        ],
                        [
                            3.8527628618813288,
                            49.14068054010406
                        ],
                        [
                            3.8527628618813288,
                            49.14068054010406
                        ],
                        [
                            3.849316616802487,
                            49.14030366294533
                        ],
                        [
                            3.8458703717236404,
                            49.13992678578658
                        ],
                        [
                            3.8424241266447985,
                            49.13954990862784
                        ],
                        [
                            3.838977881565954,
                            49.1391730314691
                        ],
                        [
                            3.835531636487112,
                            49.13879615431036
                        ],
                        [
                            3.8320853914082655,
                            49.13841927715162
                        ],
                        [
                            3.828639146329422,
                            49.13804239999288
                        ],
                        [
                            3.82519290125058,
                            49.13766552283414
                        ],
                        [
                            3.8217466561717335,
                            49.137288645675405
                        ],
                        [
                            3.8183004110928924,
                            49.13691176851666
                        ],
                        [
                            3.8183004110928924,
                            49.13691176851666
                        ],
                        [
                            3.814673838724706,
                            49.13753791777137
                        ],
                        [
                            3.811047266356519,
                            49.13816406702607
                        ],
                        [
                            3.80742069398833,
                            49.13879021628077
                        ],
                        [
                            3.8037941216201445,
                            49.139416365535475
                        ],
                        [
                            3.8001675492519573,
                            49.14004251479018
                        ],
                        [
                            3.796540976883771,
                            49.14066866404488
                        ],
                        [
                            3.792914404515584,
                            49.14129481329959
                        ],
                        [
                            3.7892878321473966,
                            49.14192096255428
                        ],
                        [
                            3.7856612597792094,
                            49.14254711180899
                        ],
                        [
                            3.7820346874110222,
                            49.143173261063694
                        ],
                        [
                            3.7820346874110222,
                            49.143173261063694
                        ],
                        [
                            3.7778618812400944,
                            49.14179206464327
                        ],
                        [
                            3.77368907506917,
                            49.14041086822284
                        ],
                        [
                            3.769516268898244,
                            49.139029671802405
                        ],
                        [
                            3.765343462727318,
                            49.13764847538197
                        ],
                        [
                            3.76117065655639,
                            49.13626727896155
                        ],
                        [
                            3.7569978503854657,
                            49.134886082541115
                        ],
                        [
                            3.7528250442145397,
                            49.13350488612068
                        ],
                        [
                            3.7486522380436136,
                            49.13212368970025
                        ],
                        [
                            3.744479431872685,
                            49.130742493279826
                        ],
                        [
                            3.7403066257017588,
                            49.12936129685939
                        ],
                        [
                            3.7403066257017588,
                            49.12936129685939
                        ],
                        [
                            3.7397714757680105,
                            49.13387550153281
                        ],
                        [
                            3.7392363258342605,
                            49.13838970620624
                        ],
                        [
                            3.7387011759005095,
                            49.14290391087967
                        ],
                        [
                            3.7381660259667613,
                            49.1474181155531
                        ],
                        [
                            3.7376308760330113,
                            49.15193232022652
                        ],
                        [
                            3.737095726099263,
                            49.15644652489995
                        ],
                        [
                            3.736560576165513,
                            49.160960729573375
                        ],
                        [
                            3.7360254262317647,
                            49.1654749342468
                        ],
                        [
                            3.735490276298012,
                            49.169989138920236
                        ],
                        [
                            3.7349551263642655,
                            49.17450334359365
                        ],
                        [
                            3.7349551263642655,
                            49.17450334359365
                        ],
                        [
                            3.731507134970568,
                            49.174000419598244
                        ],
                        [
                            3.72805914357687,
                            49.17349749560284
                        ],
                        [
                            3.724611152183171,
                            49.172994571607425
                        ],
                        [
                            3.7211631607894753,
                            49.17249164761202
                        ],
                        [
                            3.717715169395777,
                            49.171988723616614
                        ],
                        [
                            3.7142671780020815,
                            49.17148579962121
                        ],
                        [
                            3.7108191866083824,
                            49.1709828756258
                        ],
                        [
                            3.707371195214686,
                            49.1704799516304
                        ],
                        [
                            3.7039232038209886,
                            49.16997702763499
                        ],
                        [
                            3.7004752124272913,
                            49.16947410363958
                        ],
                        [
                            3.7004752124272913,
                            49.16947410363958
                        ],
                        [
                            3.699030435365024,
                            49.17260899825635
                        ],
                        [
                            3.697585658302754,
                            49.175743892873115
                        ],
                        [
                            3.696140881240487,
                            49.17887878748988
                        ],
                        [
                            3.6946961041782163,
                            49.18201368210664
                        ],
                        [
                            3.693251327115949,
                            49.185148576723414
                        ],
                        [
                            3.691806550053681,
                            49.18828347134017
                        ],
                        [
                            3.690361772991412,
                            49.191418365956935
                        ],
                        [
                            3.688916995929145,
                            49.1945532605737
                        ],
                        [
                            3.687472218866875,
                            49.19768815519047
                        ],
                        [
                            3.6860274418046077,
                            49.200823049807234
                        ],
                        [
                            3.6860274418046077,
                            49.200823049807234
                        ],
                        [
                            3.682034913415975,
                            49.19919193314912
                        ],
                        [
                            3.67804238502734,
                            49.19756081649101
                        ],
                        [
                            3.674049856638709,
                            49.1959296998329
                        ],
                        [
                            3.6700573282500746,
                            49.194298583174806
                        ],
                        [
                            3.6660647998614393,
                            49.192667466516696
                        ],
                        [
                            3.662072271472804,
                            49.19103634985858
                        ],
                        [
                            3.6580797430841714,
                            49.189405233200475
                        ],
                        [
                            3.654087214695538,
                            49.187774116542364
                        ],
                        [
                            3.6500946863069035,
                            49.18614299988426
                        ],
                        [
                            3.64610215791827,
                            49.18451188322614
                        ],
                        [
                            3.64610215791827,
                            49.18451188322614
                        ],
                        [
                            3.645031856002888,
                            49.1935392315206
                        ],
                        [
                            3.643961554087507,
                            49.20256657981506
                        ],
                        [
                            3.6428912521721277,
                            49.211593928109515
                        ],
                        [
                            3.641820950256745,
                            49.22062127640398
                        ],
                        [
                            3.640750648341364,
                            49.229648624698434
                        ],
                        [
                            3.639680346425982,
                            49.238675972992894
                        ],
                        [
                            3.638610044510599,
                            49.24770332128735
                        ],
                        [
                            3.63753974259522,
                            49.256730669581806
                        ],
                        [
                            3.636469440679839,
                            49.26575801787626
                        ],
                        [
                            3.635399138764456,
                            49.27478536617071
                        ],
                        [
                            3.635399138764456,
                            49.27478536617071
                        ],
                        [
                            3.6361290852278363,
                            49.277543719900976
                        ],
                        [
                            3.636859031691212,
                            49.280302073631226
                        ],
                        [
                            3.6375889781545943,
                            49.283060427361484
                        ],
                        [
                            3.638318924617972,
                            49.28581878109174
                        ],
                        [
                            3.6390488710813496,
                            49.288577134822
                        ],
                        [
                            3.63977881754473,
                            49.29133548855225
                        ],
                        [
                            3.6405087640081057,
                            49.2940938422825
                        ],
                        [
                            3.641238710471487,
                            49.296852196012765
                        ],
                        [
                            3.6419686569348655,
                            49.29961054974302
                        ],
                        [
                            3.642698603398243,
                            49.30236890347328
                        ],
                        [
                            3.642698603398243,
                            49.30236890347328
                        ],
                        [
                            3.647778988128047,
                            49.303248257424
                        ],
                        [
                            3.6528593728578493,
                            49.30412761137474
                        ],
                        [
                            3.6579397575876533,
                            49.30500696532547
                        ],
                        [
                            3.6630201423174573,
                            49.3058863192762
                        ],
                        [
                            3.6681005270472578,
                            49.30676567322693
                        ],
                        [
                            3.6731809117770617,
                            49.30764502717766
                        ],
                        [
                            3.6782612965068657,
                            49.30852438112838
                        ],
                        [
                            3.6833416812366697,
                            49.309403735079115
                        ],
                        [
                            3.688422065966472,
                            49.31028308902984
                        ],
                        [
                            3.693502450696274,
                            49.311162442980574
                        ],
                        [
                            3.693502450696274,
                            49.311162442980574
                        ],
                        [
                            3.6942358361654333,
                            49.314923863516455
                        ],
                        [
                            3.6949692216345906,
                            49.31868528405233
                        ],
                        [
                            3.6957026071037506,
                            49.32244670458821
                        ],
                        [
                            3.696435992572907,
                            49.32620812512408
                        ],
                        [
                            3.697169378042068,
                            49.329969545659964
                        ],
                        [
                            3.6979027635112254,
                            49.33373096619584
                        ],
                        [
                            3.698636148980381,
                            49.33749238673172
                        ],
                        [
                            3.69936953444954,
                            49.34125380726759
                        ],
                        [
                            3.7001029199186983,
                            49.34501522780347
                        ],
                        [
                            3.7008363053878583,
                            49.34877664833935
                        ],
                        [
                            3.7008363053878583,
                            49.34877664833935
                        ],
                        [
                            3.696846871635588,
                            49.3495276869164
                        ],
                        [
                            3.692857437883321,
                            49.35027872549346
                        ],
                        [
                            3.6888680041310518,
                            49.35102976407052
                        ],
                        [
                            3.684878570378785,
                            49.35178080264758
                        ],
                        [
                            3.6808891366265155,
                            49.35253184122464
                        ],
                        [
                            3.6768997028742496,
                            49.35328287980169
                        ],
                        [
                            3.672910269121982,
                            49.35403391837875
                        ],
                        [
                            3.6689208353697134,
                            49.354784956955804
                        ],
                        [
                            3.6649314016174457,
                            49.35553599553286
                        ],
                        [
                            3.6609419678651762,
                            49.35628703410991
                        ],
                        [
                            3.6609419678651762,
                            49.35628703410991
                        ],
                        [
                            3.6576838730708645,
                            49.358919407218224
                        ],
                        [
                            3.65442577827655,
                            49.361551780326536
                        ],
                        [
                            3.6511676834822366,
                            49.36418415343485
                        ],
                        [
                            3.6479095886879223,
                            49.366816526543154
                        ],
                        [
                            3.6446514938936097,
                            49.36944889965147
                        ],
                        [
                            3.641393399099298,
                            49.372081272759786
                        ],
                        [
                            3.6381353043049836,
                            49.3747136458681
                        ],
                        [
                            3.634877209510672,
                            49.37734601897641
                        ],
                        [
                            3.6316191147163557,
                            49.37997839208472
                        ],
                        [
                            3.628361019922043,
                            49.38261076519303
                        ],
                        [
                            3.628361019922043,
                            49.38261076519303
                        ],
                        [
                            3.623282167831601,
                            49.38248451781291
                        ],
                        [
                            3.6182033157411593,
                            49.38235827043279
                        ],
                        [
                            3.6131244636507174,
                            49.38223202305267
                        ],
                        [
                            3.6080456115602737,
                            49.38210577567256
                        ],
                        [
                            3.6029667594698327,
                            49.38197952829244
                        ],
                        [
                            3.59788790737939,
                            49.381853280912324
                        ],
                        [
                            3.592809055288947,
                            49.38172703353221
                        ],
                        [
                            3.5877302031985026,
                            49.381600786152084
                        ],
                        [
                            3.5826513511080615,
                            49.381474538771975
                        ],
                        [
                            3.5775724990176205,
                            49.38134829139185
                        ],
                        [
                            3.5775724990176205,
                            49.38134829139185
                        ],
                        [
                            3.5764787242213125,
                            49.37821382976423
                        ],
                        [
                            3.5753849494250063,
                            49.37507936813661
                        ],
                        [
                            3.5742911746287,
                            49.37194490650899
                        ],
                        [
                            3.573197399832393,
                            49.368810444881376
                        ],
                        [
                            3.5721036250360867,
                            49.36567598325375
                        ],
                        [
                            3.5710098502397787,
                            49.362541521626135
                        ],
                        [
                            3.5699160754434733,
                            49.35940705999851
                        ],
                        [
                            3.568822300647169,
                            49.35627259837089
                        ],
                        [
                            3.567728525850859,
                            49.353138136743276
                        ],
                        [
                            3.566634751054553,
                            49.35000367511566
                        ],
                        [
                            3.566634751054553,
                            49.35000367511566
                        ],
                        [
                            3.5646448988592216,
                            49.35251031286193
                        ],
                        [
                            3.5626550466638913,
                            49.3550169506082
                        ],
                        [
                            3.560665194468562,
                            49.357523588354496
                        ],
                        [
                            3.5586753422732316,
                            49.36003022610077
                        ],
                        [
                            3.5566854900778995,
                            49.362536863847055
                        ],
                        [
                            3.5546956378825683,
                            49.365043501593334
                        ],
                        [
                            3.552705785687236,
                            49.367550139339606
                        ],
                        [
                            3.5507159334919085,
                            49.37005677708589
                        ],
                        [
                            3.5487260812965764,
                            49.372563414832165
                        ],
                        [
                            3.546736229101246,
                            49.37507005257845
                        ],
                        [
                            3.546736229101246,
                            49.37507005257845
                        ],
                        [
                            3.546921104558994,
                            49.377202287951036
                        ],
                        [
                            3.547105980016742,
                            49.379334523323635
                        ],
                        [
                            3.547290855474491,
                            49.38146675869622
                        ],
                        [
                            3.5474757309322427,
                            49.38359899406882
                        ],
                        [
                            3.5476606063899907,
                            49.38573122944141
                        ],
                        [
                            3.5478454818477396,
                            49.387863464814
                        ],
                        [
                            3.5480303573054894,
                            49.38999570018659
                        ],
                        [
                            3.5482152327632392,
                            49.392127935559174
                        ],
                        [
                            3.5484001082209873,
                            49.39426017093177
                        ],
                        [
                            3.5485849836787353,
                            49.39639240630437
                        ],
                        [
                            3.5485849836787353,
                            49.39639240630437
                        ],
                        [
                            3.552217120681782,
                            49.39864941534899
                        ],
                        [
                            3.555849257684828,
                            49.40090642439361
                        ],
                        [
                            3.5594813946878774,
                            49.403163433438245
                        ],
                        [
                            3.5631135316909224,
                            49.40542044248287
                        ],
                        [
                            3.56674566869397,
                            49.407677451527505
                        ],
                        [
                            3.570377805697016,
                            49.409934460572124
                        ],
                        [
                            3.574009942700062,
                            49.41219146961675
                        ],
                        [
                            3.5776420797031094,
                            49.41444847866138
                        ],
                        [
                            3.5812742167061553,
                            49.416705487706004
                        ],
                        [
                            3.584906353709203,
                            49.41896249675063
                        ],
                        [
                            3.584906353709203,
                            49.41896249675063
                        ],
                        [
                            3.5849114358883,
                            49.421595684231626
                        ],
                        [
                            3.5849165180674007,
                            49.42422887171263
                        ],
                        [
                            3.5849216002464996,
                            49.426862059193624
                        ],
                        [
                            3.5849266824255994,
                            49.42949524667463
                        ],
                        [
                            3.584931764604699,
                            49.43212843415562
                        ],
                        [
                            3.5849368467837963,
                            49.43476162163662
                        ],
                        [
                            3.584941928962897,
                            49.43739480911762
                        ],
                        [
                            3.584947011141996,
                            49.440027996598616
                        ],
                        [
                            3.5849520933210957,
                            49.44266118407961
                        ],
                        [
                            3.5849571755001954,
                            49.445294371560614
                        ],
                        [
                            3.5849571755001954,
                            49.445294371560614
                        ],
                        [
                            3.5800619865633414,
                            49.44667223841139
                        ],
                        [
                            3.5751667976264874,
                            49.448050105262155
                        ],
                        [
                            3.5702716086896342,
                            49.44942797211292
                        ],
                        [
                            3.56537641975278,
                            49.450805838963696
                        ],
                        [
                            3.560481230815928,
                            49.45218370581447
                        ],
                        [
                            3.555586041879075,
                            49.45356157266524
                        ],
                        [
                            3.55069085294222,
                            49.454939439516
                        ],
                        [
                            3.5457956640053667,
                            49.45631730636677
                        ],
                        [
                            3.5409004750685127,
                            49.457695173217544
                        ],
                        [
                            3.5360052861316604,
                            49.45907304006831
                        ],
                        [
                            3.5360052861316604,
                            49.45907304006831
                        ],
                        [
                            3.534560588176714,
                            49.46220793470482
                        ],
                        [
                            3.5331158902217648,
                            49.465342829341324
                        ],
                        [
                            3.5316711922668174,
                            49.468477723977834
                        ],
                        [
                            3.530226494311869,
                            49.471612618614344
                        ],
                        [
                            3.5287817963569226,
                            49.474747513250854
                        ],
                        [
                            3.5273370984019734,
                            49.477882407887364
                        ],
                        [
                            3.525892400447026,
                            49.48101730252386
                        ],
                        [
                            3.5244477024920786,
                            49.48415219716037
                        ],
                        [
                            3.5230030045371294,
                            49.48728709179689
                        ],
                        [
                            3.521558306582182,
                            49.49042198643339
                        ],
                        [
                            3.521558306582182,
                            49.49042198643339
                        ],
                        [
                            3.51557495904937,
                            49.49079651030185
                        ],
                        [
                            3.509591611516559,
                            49.49117103417029
                        ],
                        [
                            3.503608263983747,
                            49.491545558038744
                        ],
                        [
                            3.497624916450936,
                            49.49192008190721
                        ],
                        [
                            3.4916415689181233,
                            49.492294605775655
                        ],
                        [
                            3.485658221385313,
                            49.49266912964411
                        ],
                        [
                            3.479674873852501,
                            49.493043653512565
                        ],
                        [
                            3.47369152631969,
                            49.493418177381024
                        ],
                        [
                            3.4677081787868773,
                            49.493792701249475
                        ],
                        [
                            3.461724831254067,
                            49.49416722511793
                        ],
                        [
                            3.461724831254067,
                            49.49416722511793
                        ],
                        [
                            3.459184341359807,
                            49.493163519685474
                        ],
                        [
                            3.4566438514655498,
                            49.49215981425302
                        ],
                        [
                            3.4541033615712897,
                            49.49115610882057
                        ],
                        [
                            3.4515628716770324,
                            49.490152403388116
                        ],
                        [
                            3.4490223817827723,
                            49.48914869795566
                        ],
                        [
                            3.446481891888515,
                            49.4881449925232
                        ],
                        [
                            3.443941401994256,
                            49.48714128709076
                        ],
                        [
                            3.4414009120999975,
                            49.4861375816583
                        ],
                        [
                            3.4388604222057384,
                            49.48513387622585
                        ],
                        [
                            3.43631993231148,
                            49.4841301707934
                        ],
                        [
                            3.43631993231148,
                            49.4841301707934
                        ],
                        [
                            3.4305159726504404,
                            49.483752705233115
                        ],
                        [
                            3.4247120129893998,
                            49.48337523967283
                        ],
                        [
                            3.418908053328361,
                            49.482997774112555
                        ],
                        [
                            3.4131040936673203,
                            49.48262030855227
                        ],
                        [
                            3.4073001340062796,
                            49.482242842991994
                        ],
                        [
                            3.40149617434524,
                            49.48186537743171
                        ],
                        [
                            3.3956922146841992,
                            49.481487911871426
                        ],
                        [
                            3.3898882550231604,
                            49.48111044631115
                        ],
                        [
                            3.3840842953621206,
                            49.480732980750865
                        ],
                        [
                            3.37828033570108,
                            49.48035551519059
                        ],
                        [
                            3.37828033570108,
                            49.48035551519059
                        ],
                        [
                            3.3686711415316037,
                            49.48173220559364
                        ],
                        [
                            3.3590619473621266,
                            49.483108895996686
                        ],
                        [
                            3.349452753192653,
                            49.48448558639974
                        ],
                        [
                            3.3398435590231785,
                            49.48586227680279
                        ],
                        [
                            3.3302343648537023,
                            49.48723896720584
                        ],
                        [
                            3.320625170684225,
                            49.48861565760889
                        ],
                        [
                            3.3110159765147498,
                            49.489992348011945
                        ],
                        [
                            3.3014067823452753,
                            49.491369038414994
                        ],
                        [
                            3.2917975881758017,
                            49.49274572881805
                        ],
                        [
                            3.2821883940063246,
                            49.4941224192211
                        ],
                        [
                            3.2821883940063246,
                            49.4941224192211
                        ],
                        [
                            3.2792944813757727,
                            49.49813397173178
                        ],
                        [
                            3.276400568745222,
                            49.50214552424247
                        ],
                        [
                            3.273506656114668,
                            49.506157076753155
                        ],
                        [
                            3.2706127434841172,
                            49.510168629263845
                        ],
                        [
                            3.267718830853568,
                            49.514180181774535
                        ],
                        [
                            3.2648249182230145,
                            49.518191734285224
                        ],
                        [
                            3.2619310055924635,
                            49.5222032867959
                        ],
                        [
                            3.2590370929619117,
                            49.52621483930659
                        ],
                        [
                            3.256143180331359,
                            49.53022639181728
                        ],
                        [
                            3.253249267700808,
                            49.53423794432796
                        ],
                        [
                            3.253249267700808,
                            49.53423794432796
                        ],
                        [
                            3.245095388910926,
                            49.537120127372866
                        ],
                        [
                            3.236941510121047,
                            49.540002310417776
                        ],
                        [
                            3.228787631331166,
                            49.54288449346267
                        ],
                        [
                            3.220633752541285,
                            49.54576667650758
                        ],
                        [
                            3.212479873751406,
                            49.548648859552486
                        ],
                        [
                            3.204325994961524,
                            49.55153104259739
                        ],
                        [
                            3.196172116171645,
                            49.55441322564229
                        ],
                        [
                            3.1880182373817623,
                            49.557295408687196
                        ],
                        [
                            3.1798643585918813,
                            49.5601775917321
                        ],
                        [
                            3.171710479802002,
                            49.56305977477701
                        ],
                        [
                            3.171710479802002,
                            49.56305977477701
                        ],
                        [
                            3.171708897655591,
                            49.56305977438216
                        ],
                        [
                            3.1717073155091797,
                            49.56305977398731
                        ],
                        [
                            3.1717057333627676,
                            49.563059773592464
                        ],
                        [
                            3.1717041512163564,
                            49.563059773197615
                        ],
                        [
                            3.171702569069945,
                            49.56305977280277
                        ],
                        [
                            3.171700986923535,
                            49.56305977240792
                        ],
                        [
                            3.1716994047771236,
                            49.56305977201308
                        ],
                        [
                            3.1716978226307107,
                            49.56305977161823
                        ],
                        [
                            3.1716962404842994,
                            49.56305977122339
                        ],
                        [
                            3.171694658337889,
                            49.56305977082854
                        ],
                        [
                            3.171694658337889,
                            49.56305977082854
                        ],
                        [
                            3.1673405579182172,
                            49.562180598132485
                        ],
                        [
                            3.1629864574985436,
                            49.56130142543643
                        ],
                        [
                            3.158632357078871,
                            49.560422252740395
                        ],
                        [
                            3.154278256659199,
                            49.55954308004434
                        ],
                        [
                            3.149924156239529,
                            49.55866390734829
                        ],
                        [
                            3.1455700558198543,
                            49.55778473465225
                        ],
                        [
                            3.1412159554001824,
                            49.5569055619562
                        ],
                        [
                            3.1368618549805114,
                            49.556026389260154
                        ],
                        [
                            3.132507754560836,
                            49.55514721656411
                        ],
                        [
                            3.128153654141166,
                            49.554268043868056
                        ],
                        [
                            3.128153654141166,
                            49.554268043868056
                        ],
                        [
                            3.1266926615237582,
                            49.54900130683103
                        ],
                        [
                            3.125231668906349,
                            49.543734569794
                        ],
                        [
                            3.1237706762889412,
                            49.53846783275697
                        ],
                        [
                            3.122309683671532,
                            49.533201095719946
                        ],
                        [
                            3.120848691054125,
                            49.52793435868292
                        ],
                        [
                            3.1193876984367166,
                            49.522667621645894
                        ],
                        [
                            3.117926705819308,
                            49.51740088460886
                        ],
                        [
                            3.1164657132018996,
                            49.512134147571835
                        ],
                        [
                            3.1150047205844946,
                            49.5068674105348
                        ],
                        [
                            3.1135437279670835,
                            49.50160067349778
                        ],
                        [
                            3.1135437279670835,
                            49.50160067349778
                        ],
                        [
                            3.1082816160503826,
                            49.50022027174668
                        ],
                        [
                            3.103019504133679,
                            49.49883986999557
                        ],
                        [
                            3.0977573922169745,
                            49.49745946824447
                        ],
                        [
                            3.09249528030027,
                            49.49607906649338
                        ],
                        [
                            3.0872331683835683,
                            49.49469866474227
                        ],
                        [
                            3.081971056466864,
                            49.493318262991174
                        ],
                        [
                            3.0767089445501603,
                            49.49193786124007
                        ],
                        [
                            3.0714468326334576,
                            49.49055745948897
                        ],
                        [
                            3.066184720716754,
                            49.48917705773787
                        ],
                        [
                            3.0609226088000496,
                            49.48779665598677
                        ],
                        [
                            3.0609226088000496,
                            49.48779665598677
                        ],
                        [
                            3.05946629296542,
                            49.48491207457975
                        ],
                        [
                            3.0580099771307876,
                            49.48202749317273
                        ],
                        [
                            3.056553661296159,
                            49.47914291176572
                        ],
                        [
                            3.0550973454615273,
                            49.476258330358704
                        ],
                        [
                            3.053641029626896,
                            49.473373748951694
                        ],
                        [
                            3.0521847137922653,
                            49.47048916754467
                        ],
                        [
                            3.050728397957634,
                            49.467604586137654
                        ],
                        [
                            3.049272082123005,
                            49.46472000473064
                        ],
                        [
                            3.047815766288372,
                            49.46183542332362
                        ],
                        [
                            3.046359450453743,
                            49.4589508419166
                        ],
                        [
                            3.046359450453743,
                            49.4589508419166
                        ],
                        [
                            3.039473009434557,
                            49.461331277769176
                        ],
                        [
                            3.0325865684153723,
                            49.46371171362176
                        ],
                        [
                            3.025700127396186,
                            49.46609214947434
                        ],
                        [
                            3.018813686377,
                            49.46847258532692
                        ],
                        [
                            3.011927245357816,
                            49.470853021179494
                        ],
                        [
                            3.00504080433863,
                            49.47323345703207
                        ],
                        [
                            2.998154363319444,
                            49.47561389288465
                        ],
                        [
                            2.9912679223002576,
                            49.47799432873723
                        ],
                        [
                            2.984381481281073,
                            49.480374764589804
                        ],
                        [
                            2.977495040261887,
                            49.482755200442384
                        ],
                        [
                            2.977495040261887,
                            49.482755200442384
                        ],
                        [
                            2.9711458789012983,
                            49.48250364522005
                        ],
                        [
                            2.964796717540706,
                            49.482252089997694
                        ],
                        [
                            2.9584475561801153,
                            49.48200053477535
                        ],
                        [
                            2.9520983948195245,
                            49.481748979553
                        ],
                        [
                            2.945749233458932,
                            49.48149742433066
                        ],
                        [
                            2.939400072098342,
                            49.48124586910831
                        ],
                        [
                            2.933050910737751,
                            49.480994313885965
                        ],
                        [
                            2.9267017493771603,
                            49.48074275866362
                        ],
                        [
                            2.92035258801657,
                            49.480491203441275
                        ],
                        [
                            2.914003426655979,
                            49.48023964821892
                        ],
                        [
                            2.914003426655979,
                            49.48023964821892
                        ],
                        [
                            2.9107332315367773,
                            49.47660257993473
                        ],
                        [
                            2.907463036417577,
                            49.47296551165052
                        ],
                        [
                            2.9041928412983764,
                            49.46932844336632
                        ],
                        [
                            2.900922646179174,
                            49.46569137508212
                        ],
                        [
                            2.8976524510599737,
                            49.46205430679792
                        ],
                        [
                            2.894382255940775,
                            49.45841723851372
                        ],
                        [
                            2.8911120608215732,
                            49.45478017022952
                        ],
                        [
                            2.8878418657023723,
                            49.45114310194531
                        ],
                        [
                            2.8845716705831723,
                            49.447506033661114
                        ],
                        [
                            2.881301475463972,
                            49.44386896537691
                        ],
                        [
                            2.881301475463972,
                            49.44386896537691
                        ],
                        [
                            2.8783919108786873,
                            49.439729912654926
                        ],
                        [
                            2.8754823462934023,
                            49.43559085993295
                        ],
                        [
                            2.87257278170812,
                            49.431451807210976
                        ],
                        [
                            2.869663217122835,
                            49.427312754488995
                        ],
                        [
                            2.8667536525375517,
                            49.42317370176701
                        ],
                        [
                            2.8638440879522675,
                            49.41903464904504
                        ],
                        [
                            2.860934523366983,
                            49.41489559632306
                        ],
                        [
                            2.8580249587817,
                            49.41075654360108
                        ],
                        [
                            2.855115394196415,
                            49.40661749087911
                        ],
                        [
                            2.85220582961113,
                            49.40247843815713
                        ],
                        [
                            2.85220582961113,
                            49.40247843815713
                        ],
                        [
                            2.8436732297713023,
                            49.39808801689735
                        ],
                        [
                            2.835140629931472,
                            49.393697595637555
                        ],
                        [
                            2.826608030091644,
                            49.38930717437778
                        ],
                        [
                            2.8180754302518154,
                            49.38491675311799
                        ],
                        [
                            2.8095428304119836,
                            49.380526331858206
                        ],
                        [
                            2.8010102305721554,
                            49.37613591059842
                        ],
                        [
                            2.7924776307323254,
                            49.371745489338636
                        ],
                        [
                            2.783945030892497,
                            49.36735506807885
                        ],
                        [
                            2.775412431052667,
                            49.36296464681907
                        ],
                        [
                            2.766879831212839,
                            49.35857422555929
                        ],
                        [
                            2.766879831212839,
                            49.35857422555929
                        ],
                        [
                            2.7646921509474143,
                            49.353057341938324
                        ],
                        [
                            2.7625044706819923,
                            49.34754045831737
                        ],
                        [
                            2.760316790416571,
                            49.342023574696405
                        ],
                        [
                            2.7581291101511467,
                            49.336506691075456
                        ],
                        [
                            2.755941429885726,
                            49.330989807454486
                        ],
                        [
                            2.753753749620302,
                            49.32547292383354
                        ],
                        [
                            2.7515660693548796,
                            49.31995604021259
                        ],
                        [
                            2.749378389089457,
                            49.31443915659162
                        ],
                        [
                            2.747190708824036,
                            49.30892227297067
                        ],
                        [
                            2.7450030285586116,
                            49.303405389349706
                        ],
                        [
                            2.7450030285586116,
                            49.303405389349706
                        ],
                        [
                            2.7379279192450636,
                            49.30164745151907
                        ],
                        [
                            2.7308528099315157,
                            49.29988951368842
                        ],
                        [
                            2.7237777006179686,
                            49.29813157585777
                        ],
                        [
                            2.7167025913044225,
                            49.29637363802713
                        ],
                        [
                            2.7096274819908746,
                            49.29461570019648
                        ],
                        [
                            2.702552372677326,
                            49.29285776236583
                        ],
                        [
                            2.6954772633637796,
                            49.29109982453518
                        ],
                        [
                            2.6884021540502316,
                            49.28934188670453
                        ],
                        [
                            2.6813270447366833,
                            49.28758394887389
                        ],
                        [
                            2.6742519354231367,
                            49.28582601104324
                        ],
                        [
                            2.6742519354231367,
                            49.28582601104324
                        ],
                        [
                            2.679687106210029,
                            49.28325720445594
                        ],
                        [
                            2.6851222769969234,
                            49.280688397868644
                        ],
                        [
                            2.6905574477838186,
                            49.27811959128134
                        ],
                        [
                            2.695992618570711,
                            49.27555078469404
                        ],
                        [
                            2.701427789357607,
                            49.27298197810674
                        ],
                        [
                            2.7068629601445013,
                            49.27041317151944
                        ],
                        [
                            2.7122981309313934,
                            49.26784436493214
                        ],
                        [
                            2.717733301718287,
                            49.26527555834484
                        ],
                        [
                            2.7231684725051815,
                            49.26270675175754
                        ],
                        [
                            2.7286036432920757,
                            49.26013794517024
                        ],
                        [
                            2.7286036432920757,
                            49.26013794517024
                        ],
                        [
                            2.7313280486611684,
                            49.26195675389942
                        ],
                        [
                            2.734052454030262,
                            49.2637755626286
                        ],
                        [
                            2.736776859399359,
                            49.265594371357786
                        ],
                        [
                            2.739501264768451,
                            49.267413180086976
                        ],
                        [
                            2.7422256701375463,
                            49.26923198881615
                        ],
                        [
                            2.744950075506639,
                            49.27105079754533
                        ],
                        [
                            2.7476744808757325,
                            49.27286960627451
                        ],
                        [
                            2.750398886244828,
                            49.274688415003695
                        ],
                        [
                            2.753123291613921,
                            49.27650722373288
                        ],
                        [
                            2.755847696983016,
                            49.278326032462054
                        ],
                        [
                            2.755847696983016,
                            49.278326032462054
                        ],
                        [
                            2.7585653184365997,
                            49.277449691137015
                        ],
                        [
                            2.7612829398901835,
                            49.27657334981196
                        ],
                        [
                            2.764000561343769,
                            49.275697008486915
                        ],
                        [
                            2.766718182797353,
                            49.27482066716186
                        ],
                        [
                            2.769435804250938,
                            49.27394432583682
                        ],
                        [
                            2.7721534257045213,
                            49.27306798451177
                        ],
                        [
                            2.774871047158105,
                            49.27219164318672
                        ],
                        [
                            2.7775886686116906,
                            49.27131530186168
                        ],
                        [
                            2.780306290065274,
                            49.27043896053663
                        ],
                        [
                            2.78302391151886,
                            49.26956261921158
                        ],
                        [
                            2.78302391151886,
                            49.26956261921158
                        ],
                        [
                            2.786102749124767,
                            49.26693020136706
                        ],
                        [
                            2.7891815867306757,
                            49.264297783522544
                        ],
                        [
                            2.792260424336581,
                            49.261665365678034
                        ],
                        [
                            2.7953392619424884,
                            49.259032947833504
                        ],
                        [
                            2.7984180995483956,
                            49.25640052998899
                        ],
                        [
                            2.801496937154303,
                            49.25376811214447
                        ],
                        [
                            2.80457577476021,
                            49.251135694299954
                        ],
                        [
                            2.8076546123661177,
                            49.248503276455445
                        ],
                        [
                            2.8107334499720245,
                            49.24587085861092
                        ],
                        [
                            2.813812287577932,
                            49.2432384407664
                        ],
                        [
                            2.813812287577932,
                            49.2432384407664
                        ],
                        [
                            2.8165313584361242,
                            49.2431130674794
                        ],
                        [
                            2.8192504292943164,
                            49.24298769419241
                        ],
                        [
                            2.821969500152509,
                            49.24286232090541
                        ],
                        [
                            2.824688571010699,
                            49.242736947618404
                        ],
                        [
                            2.827407641868892,
                            49.242611574331406
                        ],
                        [
                            2.830126712727084,
                            49.24248620104441
                        ],
                        [
                            2.8328457835852743,
                            49.24236082775741
                        ],
                        [
                            2.835564854443469,
                            49.24223545447041
                        ],
                        [
                            2.8382839253016594,
                            49.24211008118341
                        ],
                        [
                            2.8410029961598497,
                            49.241984707896414
                        ],
                        [
                            2.8410029961598497,
                            49.241984707896414
                        ],
                        [
                            2.8437258284174614,
                            49.24298845336568
                        ],
                        [
                            2.846448660675073,
                            49.24399219883495
                        ],
                        [
                            2.849171492932684,
                            49.244995944304215
                        ],
                        [
                            2.8518943251902944,
                            49.24599968977349
                        ],
                        [
                            2.8546171574479033,
                            49.24700343524276
                        ],
                        [
                            2.857339989705517,
                            49.24800718071203
                        ],
                        [
                            2.8600628219631266,
                            49.2490109261813
                        ],
                        [
                            2.8627856542207364,
                            49.25001467165057
                        ],
                        [
                            2.865508486478348,
                            49.25101841711983
                        ],
                        [
                            2.8682313187359596,
                            49.25202216258911
                        ],
                        [
                            2.8682313187359596,
                            49.25202216258911
                        ],
                        [
                            2.874577689762856,
                            49.251647729318385
                        ],
                        [
                            2.880924060789751,
                            49.25127329604765
                        ],
                        [
                            2.8872704318166478,
                            49.25089886277693
                        ],
                        [
                            2.893616802843543,
                            49.25052442950621
                        ],
                        [
                            2.8999631738704394,
                            49.25014999623547
                        ],
                        [
                            2.906309544897336,
                            49.24977556296475
                        ],
                        [
                            2.9126559159242325,
                            49.24940112969402
                        ],
                        [
                            2.91900228695113,
                            49.24902669642329
                        ],
                        [
                            2.9253486579780246,
                            49.24865226315257
                        ],
                        [
                            2.931695029004921,
                            49.24827782988184
                        ],
                        [
                            2.931695029004921,
                            49.24827782988184
                        ],
                        [
                            2.930779231100019,
                            49.24370130642434
                        ],
                        [
                            2.929863433195114,
                            49.23912478296684
                        ],
                        [
                            2.9289476352902137,
                            49.23454825950934
                        ],
                        [
                            2.92803183738531,
                            49.22997173605184
                        ],
                        [
                            2.9271160394804068,
                            49.225395212594336
                        ],
                        [
                            2.9262002415755046,
                            49.22081868913684
                        ],
                        [
                            2.925284443670602,
                            49.21624216567934
                        ],
                        [
                            2.9243686457656994,
                            49.21166564222183
                        ],
                        [
                            2.9234528478607973,
                            49.20708911876434
                        ],
                        [
                            2.9225370499558934,
                            49.202512595306835
                        ],
                        [
                            2.9225370499558934,
                            49.202512595306835
                        ],
                        [
                            2.927698996998392,
                            49.199253643014266
                        ],
                        [
                            2.9328609440408946,
                            49.1959946907217
                        ],
                        [
                            2.938022891083394,
                            49.192735738429135
                        ],
                        [
                            2.943184838125895,
                            49.189476786136574
                        ],
                        [
                            2.9483467851683938,
                            49.18621783384401
                        ],
                        [
                            2.953508732210893,
                            49.182958881551436
                        ],
                        [
                            2.9586706792533937,
                            49.17969992925887
                        ],
                        [
                            2.963832626295893,
                            49.176440976966305
                        ],
                        [
                            2.9689945733383936,
                            49.17318202467374
                        ],
                        [
                            2.974156520380893,
                            49.169923072381174
                        ],
                        [
                            2.974156520380893,
                            49.169923072381174
                        ],
                        [
                            2.976607381670392,
                            49.17092674997619
                        ],
                        [
                            2.97905824295989,
                            49.17193042757119
                        ],
                        [
                            2.98150910424939,
                            49.1729341051662
                        ],
                        [
                            2.9839599655388893,
                            49.17393778276121
                        ],
                        [
                            2.986410826828391,
                            49.174941460356216
                        ],
                        [
                            2.9888616881178884,
                            49.17594513795123
                        ],
                        [
                            2.991312549407388,
                            49.17694881554623
                        ],
                        [
                            2.993763410696888,
                            49.17795249314124
                        ],
                        [
                            2.996214271986389,
                            49.17895617073625
                        ],
                        [
                            2.998665133275885,
                            49.17995984833126
                        ],
                        [
                            2.998665133275885,
                            49.17995984833126
                        ],
                        [
                            3.0016574369239577,
                            49.1797095633538
                        ],
                        [
                            3.0046497405720274,
                            49.17945927837634
                        ],
                        [
                            3.007642044220097,
                            49.17920899339889
                        ],
                        [
                            3.0106343478681663,
                            49.17895870842144
                        ],
                        [
                            3.0136266515162355,
                            49.17870842344397
                        ],
                        [
                            3.0166189551643066,
                            49.17845813846652
                        ],
                        [
                            3.019611258812376,
                            49.17820785348906
                        ],
                        [
                            3.022603562460445,
                            49.17795756851161
                        ],
                        [
                            3.025595866108517,
                            49.177707283534154
                        ],
                        [
                            3.028588169756586,
                            49.1774569985567
                        ],
                        [
                            3.028588169756586,
                            49.1774569985567
                        ],
                        [
                            3.029400374895985,
                            49.17557711576027
                        ],
                        [
                            3.0302125800353834,
                            49.17369723296384
                        ],
                        [
                            3.0310247851747802,
                            49.17181735016742
                        ],
                        [
                            3.0318369903141815,
                            49.169937467370985
                        ],
                        [
                            3.03264919545358,
                            49.168057584574555
                        ],
                        [
                            3.0334614005929788,
                            49.166177701778125
                        ],
                        [
                            3.0342736057323774,
                            49.16429781898171
                        ],
                        [
                            3.035085810871774,
                            49.16241793618528
                        ],
                        [
                            3.035898016011173,
                            49.16053805338885
                        ],
                        [
                            3.0367102211505714,
                            49.158658170592425
                        ],
                        [
                            3.0367102211505714,
                            49.158658170592425
                        ],
                        [
                            3.0411512954427242,
                            49.15734215255936
                        ],
                        [
                            3.045592369734879,
                            49.15602613452629
                        ],
                        [
                            3.0500334440270316,
                            49.15471011649323
                        ],
                        [
                            3.0544745183191853,
                            49.15339409846016
                        ],
                        [
                            3.058915592611338,
                            49.1520780804271
                        ],
                        [
                            3.063356666903491,
                            49.15076206239403
                        ],
                        [
                            3.0677977411956454,
                            49.14944604436097
                        ],
                        [
                            3.0722388154877973,
                            49.148130026327905
                        ],
                        [
                            3.076679889779952,
                            49.14681400829485
                        ],
                        [
                            3.0811209640721047,
                            49.14549799026178
                        ],
                        [
                            3.0811209640721047,
                            49.14549799026178
                        ],
                        [
                            3.085285703961525,
                            49.142740858070816
                        ],
                        [
                            3.089450443850946,
                            49.13998372587985
                        ],
                        [
                            3.0936151837403636,
                            49.13722659368887
                        ],
                        [
                            3.097779923629784,
                            49.134469461497915
                        ],
                        [
                            3.101944663519203,
                            49.131712329306936
                        ],
                        [
                            3.1061094034086234,
                            49.12895519711598
                        ],
                        [
                            3.1102741432980445,
                            49.126198064925
                        ],
                        [
                            3.114438883187463,
                            49.123440932734034
                        ],
                        [
                            3.1186036230768823,
                            49.12068380054307
                        ],
                        [
                            3.1227683629663034,
                            49.1179266683521
                        ],
                        [
                            3.1227683629663034,
                            49.1179266683521
                        ],
                        [
                            3.1290161087348447,
                            49.112849858221516
                        ],
                        [
                            3.1352638545033904,
                            49.107773048090934
                        ],
                        [
                            3.141511600271935,
                            49.10269623796035
                        ],
                        [
                            3.1477593460404782,
                            49.09761942782976
                        ],
                        [
                            3.1540070918090195,
                            49.09254261769918
                        ],
                        [
                            3.160254837577565,
                            49.08746580756859
                        ],
                        [
                            3.16650258334611,
                            49.08238899743801
                        ],
                        [
                            3.1727503291146513,
                            49.077312187307434
                        ],
                        [
                            3.1789980748831943,
                            49.07223537717684
                        ],
                        [
                            3.185245820651739,
                            49.067158567046256
                        ],
                        [
                            3.185245820651739,
                            49.067158567046256
                        ],
                        [
                            3.1830628596996546,
                            49.06408686226634
                        ],
                        [
                            3.1808798987475684,
                            49.061015157486445
                        ],
                        [
                            3.178696937795485,
                            49.05794345270654
                        ],
                        [
                            3.1765139768434003,
                            49.05487174792663
                        ],
                        [
                            3.174331015891314,
                            49.05180004314672
                        ],
                        [
                            3.1721480549392287,
                            49.04872833836682
                        ],
                        [
                            3.169965093987144,
                            49.04565663358691
                        ],
                        [
                            3.1677821330350615,
                            49.042584928807
                        ],
                        [
                            3.1655991720829753,
                            49.0395132240271
                        ],
                        [
                            3.1634162111308908,
                            49.0364415192472
                        ],
                        [
                            3.1634162111308908,
                            49.0364415192472
                        ],
                        [
                            3.1625965824388262,
                            49.03443411081177
                        ],
                        [
                            3.161776953746759,
                            49.03242670237636
                        ],
                        [
                            3.1609573250546963,
                            49.03041929394095
                        ],
                        [
                            3.1601376963626326,
                            49.028411885505534
                        ],
                        [
                            3.1593180676705637,
                            49.026404477070116
                        ],
                        [
                            3.1584984389785,
                            49.0243970686347
                        ],
                        [
                            3.157678810286433,
                            49.02238966019929
                        ],
                        [
                            3.15685918159437,
                            49.02038225176387
                        ],
                        [
                            3.1560395529023046,
                            49.01837484332845
                        ],
                        [
                            3.15521992421024,
                            49.01636743489304
                        ],
                        [
                            3.15521992421024,
                            49.01636743489304
                        ],
                        [
                            3.159113387425878,
                            49.01310923255333
                        ],
                        [
                            3.1630068506415143,
                            49.00985103021364
                        ],
                        [
                            3.1669003138571523,
                            49.006592827873945
                        ],
                        [
                            3.1707937770727885,
                            49.00333462553424
                        ],
                        [
                            3.1746872402884265,
                            49.00007642319454
                        ],
                        [
                            3.1785807035040645,
                            48.996818220854834
                        ],
                        [
                            3.1824741667197007,
                            48.99356001851514
                        ],
                        [
                            3.1863676299353387,
                            48.990301816175446
                        ],
                        [
                            3.1902610931509767,
                            48.98704361383574
                        ],
                        [
                            3.194154556366614,
                            48.983785411496044
                        ],
                        [
                            3.194154556366614,
                            48.983785411496044
                        ],
                        [
                            3.193604159895568,
                            48.98040005372647
                        ],
                        [
                            3.1930537634245186,
                            48.9770146959569
                        ],
                        [
                            3.192503366953471,
                            48.97362933818734
                        ],
                        [
                            3.1919529704824243,
                            48.97024398041777
                        ],
                        [
                            3.1914025740113776,
                            48.9668586226482
                        ],
                        [
                            3.190852177540329,
                            48.96347326487864
                        ],
                        [
                            3.190301781069284,
                            48.96008790710907
                        ],
                        [
                            3.1897513845982375,
                            48.956702549339504
                        ],
                        [
                            3.189200988127188,
                            48.95331719156994
                        ],
                        [
                            3.1886505916561423,
                            48.94993183380036
                        ],
                        [
                            3.1886505916561423,
                            48.94993183380036
                        ],
                        [
                            3.189643070450398,
                            48.94779989225344
                        ],
                        [
                            3.1906355492446576,
                            48.94566795070651
                        ],
                        [
                            3.191628028038916,
                            48.94353600915959
                        ],
                        [
                            3.1926205068331757,
                            48.94140406761266
                        ],
                        [
                            3.1936129856274333,
                            48.93927212606573
                        ],
                        [
                            3.194605464421691,
                            48.9371401845188
                        ],
                        [
                            3.1955979432159487,
                            48.93500824297188
                        ],
                        [
                            3.1965904220102064,
                            48.932876301424955
                        ],
                        [
                            3.197582900804464,
                            48.930744359878034
                        ],
                        [
                            3.1985753795987235,
                            48.9286124183311
                        ],
                        [
                            3.1985753795987235,
                            48.9286124183311
                        ],
                        [
                            3.2024761426707067,
                            48.929177417470726
                        ],
                        [
                            3.2063769057426925,
                            48.929742416610345
                        ],
                        [
                            3.210277668814674,
                            48.930307415749965
                        ],
                        [
                            3.214178431886658,
                            48.9308724148896
                        ],
                        [
                            3.218079194958643,
                            48.93143741402921
                        ],
                        [
                            3.221979958030627,
                            48.93200241316883
                        ],
                        [
                            3.2258807211026093,
                            48.932567412308465
                        ],
                        [
                            3.229781484174594,
                            48.93313241144808
                        ],
                        [
                            3.2336822472465765,
                            48.933697410587705
                        ],
                        [
                            3.237583010318563,
                            48.934262409727324
                        ],
                        [
                            3.237583010318563,
                            48.934262409727324
                        ],
                        [
                            3.240439979547625,
                            48.93193117679988
                        ],
                        [
                            3.2432969487766923,
                            48.92959994387244
                        ],
                        [
                            3.2461539180057577,
                            48.927268710944986
                        ],
                        [
                            3.2490108872348213,
                            48.92493747801754
                        ],
                        [
                            3.251867856463885,
                            48.9226062450901
                        ],
                        [
                            3.2547248256929504,
                            48.92027501216265
                        ],
                        [
                            3.2575817949220176,
                            48.91794377923521
                        ],
                        [
                            3.2604387641510812,
                            48.915612546307756
                        ],
                        [
                            3.263295733380145,
                            48.91328131338031
                        ],
                        [
                            3.2661527026092103,
                            48.910950080452864
                        ],
                        [
                            3.2661527026092103,
                            48.910950080452864
                        ],
                        [
                            3.2683903679965796,
                            48.907936092038156
                        ],
                        [
                            3.2706280333839497,
                            48.90492210362345
                        ],
                        [
                            3.27286569877132,
                            48.90190811520873
                        ],
                        [
                            3.275103364158688,
                            48.89889412679402
                        ],
                        [
                            3.277341029546059,
                            48.895880138379304
                        ],
                        [
                            3.2795786949334294,
                            48.8928661499646
                        ],
                        [
                            3.2818163603207995,
                            48.88985216154988
                        ],
                        [
                            3.284054025708168,
                            48.88683817313517
                        ],
                        [
                            3.286291691095539,
                            48.88382418472046
                        ],
                        [
                            3.2885293564829072,
                            48.880810196305745
                        ],
                        [
                            3.2885293564829072,
                            48.880810196305745
                        ],
                        [
                            3.2912208668838594,
                            48.880012902299164
                        ],
                        [
                            3.2939123772848107,
                            48.879215608292576
                        ],
                        [
                            3.296603887685763,
                            48.87841831428598
                        ],
                        [
                            3.2992953980867132,
                            48.87762102027939
                        ],
                        [
                            3.3019869084876654,
                            48.876823726272804
                        ],
                        [
                            3.304678418888616,
                            48.87602643226621
                        ],
                        [
                            3.307369929289566,
                            48.87522913825963
                        ],
                        [
                            3.310061439690521,
                            48.87443184425303
                        ],
                        [
                            3.3127529500914705,
                            48.87363455024644
                        ],
                        [
                            3.315444460492422,
                            48.872837256239855
                        ],
                        [
                            3.315444460492422,
                            48.872837256239855
                        ],
                        [
                            3.314738140339586,
                            48.87195044532195
                        ],
                        [
                            3.314031820186749,
                            48.87106363440404
                        ],
                        [
                            3.3133255000339132,
                            48.870176823486126
                        ],
                        [
                            3.3126191798810773,
                            48.86929001256822
                        ],
                        [
                            3.3119128597282397,
                            48.86840320165032
                        ],
                        [
                            3.311206539575403,
                            48.867516390732405
                        ],
                        [
                            3.3105002194225652,
                            48.8666295798145
                        ],
                        [
                            3.3097938992697293,
                            48.86574276889659
                        ],
                        [
                            3.3090875791168934,
                            48.864855957978676
                        ],
                        [
                            3.3083812589640567,
                            48.86396914706077
                        ],
                        [
                            3.3083812589640567,
                            48.86396914706077
                        ],
                        [
                            3.306520108104993,
                            48.86348050026817
                        ],
                        [
                            3.304658957245931,
                            48.86299185347556
                        ],
                        [
                            3.302797806386869,
                            48.86250320668295
                        ],
                        [
                            3.3009366555278032,
                            48.86201455989035
                        ],
                        [
                            3.2990755046687394,
                            48.86152591309774
                        ],
                        [
                            3.2972143538096765,
                            48.86103726630513
                        ],
                        [
                            3.2953532029506127,
                            48.860548619512535
                        ],
                        [
                            3.293492052091549,
                            48.860059972719924
                        ],
                        [
                            3.291630901232487,
                            48.85957132592732
                        ],
                        [
                            3.2897697503734222,
                            48.859082679134715
                        ],
                        [
                            3.2897697503734222,
                            48.859082679134715
                        ],
                        [
                            3.2895109752943887,
                            48.85788619651211
                        ],
                        [
                            3.2892522002153535,
                            48.85668971388951
                        ],
                        [
                            3.2889934251363173,
                            48.855493231266905
                        ],
                        [
                            3.288734650057284,
                            48.8542967486443
                        ],
                        [
                            3.2884758749782486,
                            48.8531002660217
                        ],
                        [
                            3.2882170998992124,
                            48.851903783399095
                        ],
                        [
                            3.287958324820179,
                            48.8507073007765
                        ],
                        [
                            3.2876995497411436,
                            48.84951081815389
                        ],
                        [
                            3.2874407746621075,
                            48.84831433553129
                        ],
                        [
                            3.287181999583074,
                            48.84711785290869
                        ],
                        [
                            3.287181999583074,
                            48.84711785290869
                        ],
                        [
                            3.289488987634846,
                            48.84645292487525
                        ],
                        [
                            3.2917959756866177,
                            48.8457879968418
                        ],
                        [
                            3.2941029637383914,
                            48.84512306880836
                        ],
                        [
                            3.2964099517901624,
                            48.84445814077491
                        ],
                        [
                            3.298716939841937,
                            48.843793212741474
                        ],
                        [
                            3.301023927893708,
                            48.84312828470803
                        ],
                        [
                            3.3033309159454842,
                            48.842463356674585
                        ],
                        [
                            3.305637903997256,
                            48.84179842864115
                        ],
                        [
                            3.307944892049027,
                            48.841133500607704
                        ],
                        [
                            3.310251880100799,
                            48.84046857257426
                        ],
                        [
                            3.310251880100799,
                            48.84046857257426
                        ],
                        [
                            3.3118533061805846,
                            48.83922768919869
                        ],
                        [
                            3.313454732260371,
                            48.837986805823114
                        ],
                        [
                            3.3150561583401577,
                            48.83674592244754
                        ],
                        [
                            3.3166575844199433,
                            48.83550503907196
                        ],
                        [
                            3.318259010499729,
                            48.83426415569639
                        ],
                        [
                            3.319860436579513,
                            48.833023272320816
                        ],
                        [
                            3.3214618626592993,
                            48.831782388945236
                        ],
                        [
                            3.3230632887390885,
                            48.83054150556967
                        ],
                        [
                            3.324664714818874,
                            48.8293006221941
                        ],
                        [
                            3.326266140898659,
                            48.828059738818524
                        ],
                        [
                            3.326266140898659,
                            48.828059738818524
                        ],
                        [
                            3.329666032413908,
                            48.82925807187308
                        ],
                        [
                            3.3330659239291607,
                            48.830456404927624
                        ],
                        [
                            3.33646581544441,
                            48.831654737982184
                        ],
                        [
                            3.3398657069596607,
                            48.83285307103674
                        ],
                        [
                            3.34326559847491,
                            48.8340514040913
                        ],
                        [
                            3.34666548999016,
                            48.835249737145844
                        ],
                        [
                            3.3500653815054116,
                            48.836448070200404
                        ],
                        [
                            3.3534652730206616,
                            48.83764640325496
                        ],
                        [
                            3.3568651645359107,
                            48.83884473630951
                        ],
                        [
                            3.3602650560511615,
                            48.84004306936407
                        ],
                        [
                            3.3602650560511615,
                            48.84004306936407
                        ],
                        [
                            3.3643694328050224,
                            48.84039874752847
                        ],
                        [
                            3.3684738095588798,
                            48.84075442569287
                        ],
                        [
                            3.3725781863127406,
                            48.841110103857275
                        ],
                        [
                            3.3766825630665998,
                            48.84146578202168
                        ],
                        [
                            3.3807869398204606,
                            48.84182146018608
                        ],
                        [
                            3.3848913165743197,
                            48.84217713835048
                        ],
                        [
                            3.388995693328177,
                            48.84253281651488
                        ],
                        [
                            3.3931000700820397,
                            48.842888494679286
                        ],
                        [
                            3.397204446835899,
                            48.84324417284369
                        ],
                        [
                            3.401308823589759,
                            48.843599851008086
                        ],
                        [
                            3.401308823589759,
                            48.843599851008086
                        ],
                        [
                            3.403552954615875,
                            48.843157093740444
                        ],
                        [
                            3.4057970856419897,
                            48.84271433647279
                        ],
                        [
                            3.4080412166681096,
                            48.84227157920514
                        ],
                        [
                            3.410285347694226,
                            48.84182882193749
                        ],
                        [
                            3.412529478720343,
                            48.841386064669834
                        ],
                        [
                            3.4147736097464585,
                            48.840943307402185
                        ],
                        [
                            3.4170177407725757,
                            48.84050055013453
                        ],
                        [
                            3.419261871798694,
                            48.84005779286688
                        ],
                        [
                            3.42150600282481,
                            48.83961503559923
                        ],
                        [
                            3.4237501338509264,
                            48.83917227833158
                        ],
                        [
                            3.4237501338509264,
                            48.83917227833158
                        ],
                        [
                            3.4259926827306324,
                            48.83872952066908
                        ],
                        [
                            3.4282352316103375,
                            48.83828676300658
                        ],
                        [
                            3.4304777804900435,
                            48.83784400534409
                        ],
                        [
                            3.4327203293697495,
                            48.83740124768159
                        ],
                        [
                            3.4349628782494546,
                            48.836958490019086
                        ],
                        [
                            3.4372054271291597,
                            48.83651573235659
                        ],
                        [
                            3.4394479760088656,
                            48.83607297469409
                        ],
                        [
                            3.4416905248885734,
                            48.83563021703159
                        ],
                        [
                            3.4439330737682767,
                            48.835187459369095
                        ],
                        [
                            3.4461756226479827,
                            48.8347447017066
                        ],
                        [
                            3.4461756226479827,
                            48.8347447017066
                        ],
                        [
                            3.4506022680695767,
                            48.83554377762056
                        ],
                        [
                            3.455028913491175,
                            48.83634285353452
                        ],
                        [
                            3.459455558912771,
                            48.837141929448485
                        ],
                        [
                            3.4638822043343667,
                            48.837941005362445
                        ],
                        [
                            3.4683088497559624,
                            48.838740081276406
                        ],
                        [
                            3.472735495177559,
                            48.839539157190366
                        ],
                        [
                            3.477162140599155,
                            48.84033823310433
                        ],
                        [
                            3.4815887860207533,
                            48.84113730901829
                        ],
                        [
                            3.486015431442351,
                            48.841936384932254
                        ],
                        [
                            3.490442076863945,
                            48.842735460846214
                        ],
                        [
                            3.490442076863945,
                            48.842735460846214
                        ],
                        [
                            3.4967872912489697,
                            48.84176174627549
                        ],
                        [
                            3.5031325056339937,
                            48.84078803170476
                        ],
                        [
                            3.5094777200190186,
                            48.83981431713403
                        ],
                        [
                            3.5158229344040417,
                            48.8388406025633
                        ],
                        [
                            3.522168148789065,
                            48.83786688799257
                        ],
                        [
                            3.5285133631740906,
                            48.836893173421835
                        ],
                        [
                            3.5348585775591155,
                            48.83591945885111
                        ],
                        [
                            3.5412037919441404,
                            48.834945744280375
                        ],
                        [
                            3.5475490063291635,
                            48.83397202970964
                        ],
                        [
                            3.5538942207141866,
                            48.83299831513891
                        ],
                        [
                            3.5538942207141866,
                            48.83299831513891
                        ],
                        [
                            3.561077115914673,
                            48.8337532139217
                        ],
                        [
                            3.5682600111151603,
                            48.834508112704505
                        ],
                        [
                            3.575442906315645,
                            48.8352630114873
                        ],
                        [
                            3.5826258015161305,
                            48.83601791027009
                        ],
                        [
                            3.589808696716618,
                            48.83677280905288
                        ],
                        [
                            3.5969915919171043,
                            48.83752770783568
                        ],
                        [
                            3.604174487117588,
                            48.83828260661847
                        ],
                        [
                            3.6113573823180762,
                            48.839037505401265
                        ],
                        [
                            3.6185402775185636,
                            48.83979240418406
                        ],
                        [
                            3.6257231727190473,
                            48.840547302966854
                        ],
                        [
                            3.6257231727190473,
                            48.840547302966854
                        ],
                        [
                            3.62944285056243,
                            48.84090287965478
                        ],
                        [
                            3.6331625284058124,
                            48.84125845634271
                        ],
                        [
                            3.6368822062491986,
                            48.84161403303063
                        ],
                        [
                            3.640601884092582,
                            48.841969609718554
                        ],
                        [
                            3.6443215619359646,
                            48.84232518640647
                        ],
                        [
                            3.648041239779347,
                            48.84268076309439
                        ],
                        [
                            3.6517609176227297,
                            48.843036339782316
                        ],
                        [
                            3.655480595466115,
                            48.843391916470246
                        ],
                        [
                            3.6592002733094984,
                            48.84374749315817
                        ],
                        [
                            3.66291995115288,
                            48.84410306984609
                        ],
                        [
                            3.66291995115288,
                            48.84410306984609
                        ],
                        [
                            3.664332646391492,
                            48.84516738397917
                        ],
                        [
                            3.665745341630101,
                            48.846231698112234
                        ],
                        [
                            3.667158036868712,
                            48.84729601224531
                        ],
                        [
                            3.6685707321073218,
                            48.848360326378376
                        ],
                        [
                            3.6699834273459335,
                            48.84942464051145
                        ],
                        [
                            3.6713961225845426,
                            48.85048895464452
                        ],
                        [
                            3.6728088178231535,
                            48.85155326877759
                        ],
                        [
                            3.6742215130617626,
                            48.85261758291065
                        ],
                        [
                            3.6756342083003744,
                            48.85368189704373
                        ],
                        [
                            3.6770469035389834,
                            48.85474621117681
                        ]
                    ]
                ]
            }
        }
    ]
}