{"type": "FeatureCollection", "features": [{"type": "Feature", "properties": {"source": "0_Province_Rouen.txt"}, "geometry": {"type": "Polygon", "coordinates": [[[-0.14139805160150165, 49.292718432992295], [-0.1403931917261816, 49.28901299287367], [-0.13938833185086053, 49.28530755275506], [-0.13838347197554068, 49.281602112636435], [-0.13737861210021973, 49.27789667251782], [-0.13637375222489878, 49.274191232399204], [-0.13536889234957872, 49.27048579228059], [-0.13436403247425888, 49.26678035216197], [-0.1333591725989386, 49.26307491204336], [-0.13235431272361686, 49.259369471924735], [-0.1313494528482968, 49.25566403180613], [-0.1313494528482968, 49.25566403180613], [-0.12981022996224656, 49.25503736709271], [-0.1282710070761962, 49.254410702379296], [-0.12673178419014586, 49.253784037665895], [-0.12519256130409573, 49.25315737295248], [-0.1236533384180436, 49.252530708239064], [-0.12211411553199414, 49.25190404352566], [-0.12057489264594379, 49.251277378812254], [-0.11903566975989255, 49.25065071409884], [-0.11749644687384131, 49.25002404938543], [-0.11595722398779196, 49.24939738467202], [-0.11595722398779196, 49.24939738467202], [-0.1129644358360784, 49.24939813156529], [-0.10997164768436696, 49.249398878458564], [-0.10697885953265429, 49.249399625351835], [-0.10398607138094085, 49.24940037224511], [-0.10099328322922818, 49.24940111913838], [-0.09800049507751651, 49.249401866031654], [-0.09500770692580274, 49.24940261292493], [-0.09201491877409018, 49.2494033598182], [-0.0890221306223784, 49.249404106711474], [-0.08602934247066496, 49.249404853604744], [-0.08602934247066496, 49.249404853604744], [-0.08503410200351502, 49.24871609098417], [-0.08403886153636564, 49.2480273283636], [-0.0830436210692167, 49.24733856574302], [-0.08204838060206665, 49.246649803122445], [-0.08105314013491649, 49.245961040501875], [-0.0800578996677681, 49.24527227788129], [-0.07906265920061817, 49.244583515260715], [-0.07806741873346823, 49.24389475264014], [-0.07707217826631896, 49.24320599001957], [-0.07607693779916902, 49.24251722739899], [-0.07607693779916902, 49.24251722739899], [-0.07771203536404647, 49.24069869052222], [-0.07934713292892659, 49.238880153645454], [-0.08098223049380437, 49.23706161676868], [-0.08261732805868383, 49.2352430798919], [-0.08425242562356106, 49.23342454301513], [-0.08588752318843973, 49.231606006138364], [-0.08752262075331829, 49.22978746926159], [-0.08915771831819663, 49.227968932384826], [-0.09079281588307508, 49.22615039550805], [-0.09242791344795276, 49.22433185863127], [-0.09242791344795276, 49.22433185863127], [-0.09134200417739435, 49.22339102036736], [-0.09025609490683661, 49.222450182103444], [-0.08917018563627821, 49.221509343839536], [-0.0880842763657198, 49.22056850557562], [-0.08699836709516195, 49.21962766731171], [-0.08591245782460355, 49.2186868290478], [-0.08482654855404514, 49.21774599078389], [-0.08374063928348652, 49.21680515251998], [-0.08265473001292922, 49.21586431425606], [-0.0815688207423706, 49.21492347599215], [-0.0815688207423706, 49.21492347599215], [-0.08111711865727012, 49.21360752887517], [-0.08066541657216963, 49.212291581758194], [-0.08021371448706827, 49.210975634641215], [-0.07976201240196756, 49.20965968752424], [-0.07931031031686708, 49.208343740407265], [-0.0788586082317666, 49.20702779329029], [-0.07840690614666612, 49.205711846173315], [-0.07795520406156364, 49.20439589905633], [-0.07750350197646316, 49.20307995193936], [-0.07705179989136268, 49.20176400482238], [-0.07705179989136268, 49.20176400482238], [-0.07786758622398415, 49.20176380123118], [-0.07868337255660462, 49.20176359763999], [-0.07949915888922632, 49.20176339404878], [-0.08031494522184779, 49.201763190457584], [-0.08113073155446826, 49.20176298686639], [-0.08194651788708973, 49.20176278327519], [-0.08276230421971031, 49.201762579684], [-0.08357809055233267, 49.2017623760928], [-0.08439387688495337, 49.201762172501596], [-0.08520966321757395, 49.201761968910404], [-0.08520966321757395, 49.201761968910404], [-0.08838407479820876, 49.20132213092186], [-0.09155848637884179, 49.20088229293331], [-0.0947328979594777, 49.200442454944756], [-0.09790730954011162, 49.200002616956205], [-0.10108172112074443, 49.19956277896766], [-0.10425613270137946, 49.1991229409791], [-0.10743054428201249, 49.19868310299055], [-0.11060495586264818, 49.198243265002], [-0.11377936744328121, 49.197803427013454], [-0.11695377902391524, 49.1973635890249], [-0.11695377902391524, 49.1973635890249], [-0.11822612215588135, 49.196172196996635], [-0.11949846528784858, 49.19498080496838], [-0.1207708084198148, 49.19378941294011], [-0.12204315155178169, 49.19259802091186], [-0.12331549468374792, 49.19140662888359], [-0.12458783781571414, 49.19021523685533], [-0.12586018094768114, 49.18902384482707], [-0.12713252407964726, 49.18783245279881], [-0.12840486721161448, 49.18664106077055], [-0.1296772103435807, 49.18544966874229], [-0.1296772103435807, 49.18544966874229], [-0.13022470388853558, 49.1835683800923], [-0.13077219743349233, 49.181687091442306], [-0.13131969097844653, 49.179805802792316], [-0.13186718452340251, 49.17792451414232], [-0.13241467806835827, 49.176043225492336], [-0.13296217161331314, 49.17416193684234], [-0.13350966515826923, 49.17228064819234], [-0.1340571587032241, 49.17039935954236], [-0.1346046522481792, 49.16851807089236], [-0.13515214579313584, 49.16663678224237], [-0.13515214579313584, 49.16663678224237], [-0.1328879575344859, 49.16538431065778], [-0.13062376927583663, 49.164131839073185], [-0.12835958101718736, 49.1628793674886], [-0.1260953927585381, 49.16162689590401], [-0.12383120449988794, 49.160374424319414], [-0.12156701624123867, 49.159121952734814], [-0.1193028279825894, 49.15786948115023], [-0.11703863972394013, 49.156617009565636], [-0.11477445146529086, 49.15536453798104], [-0.11251026320664159, 49.15411206639645], [-0.11251026320664159, 49.15411206639645], [-0.10879489379219165, 49.15304689900312], [-0.10507952437774248, 49.1519817316098], [-0.10136415496329243, 49.150916564216466], [-0.09764878554884338, 49.14985139682314], [-0.09393341613439321, 49.14878622942982], [-0.09021804671994316, 49.14772106203649], [-0.0865026773054931, 49.14665589464316], [-0.08278730789104383, 49.14559072724984], [-0.07907193847659477, 49.14452555985651], [-0.07535656906214472, 49.143460392463176], [-0.07535656906214472, 49.143460392463176], [-0.0740920914559261, 49.14057648459991], [-0.07282761384970837, 49.13769257673664], [-0.07156313624349053, 49.13480866887337], [-0.07029865863727103, 49.1319247610101], [-0.06903418103105441, 49.129040853146826], [-0.06776970342483568, 49.126156945283554], [-0.06650522581861706, 49.12327303742028], [-0.06524074821240022, 49.12038912955702], [-0.06397627060618061, 49.11750522169374], [-0.06271179299996288, 49.114621313830476], [-0.06271179299996288, 49.114621313830476], [-0.06389321408358772, 49.11330495914415], [-0.06507463516721246, 49.11198860445783], [-0.06625605625083808, 49.110672249771504], [-0.06743747733446193, 49.10935589508519], [-0.0686188984180861, 49.10803954039886], [-0.06980031950171173, 49.106723185712546], [-0.07098174058533657, 49.105406831026215], [-0.07216316166896042, 49.10409047633989], [-0.07334458275258515, 49.102774121653574], [-0.07452600383620989, 49.10145776696725], [-0.07452600383620989, 49.10145776696725], [-0.07779399916339713, 49.09976380792635], [-0.08106199449058504, 49.09806984888545], [-0.08432998981777218, 49.096375889844545], [-0.08759798514495998, 49.09468193080365], [-0.09086598047214811, 49.09298797176275], [-0.09413397579933536, 49.091294012721846], [-0.09740197112652338, 49.08960005368095], [-0.10066996645371151, 49.08790609464005], [-0.10393796178089842, 49.08621213559915], [-0.10720595710808634, 49.084518176558255], [-0.10720595710808634, 49.084518176558255], [-0.10915588577808566, 49.084486711585946], [-0.1111058144480851, 49.08445524661363], [-0.11305574311808453, 49.08442378164132], [-0.11500567178808363, 49.08439231666901], [-0.11695560045808284, 49.08436085169671], [-0.11890552912808217, 49.0843293867244], [-0.12085545779808138, 49.08429792175209], [-0.1228053864680817, 49.08426645677978], [-0.12475531513808102, 49.08423499180746], [-0.12670524380808024, 49.08420352683517], [-0.12670524380808024, 49.08420352683517], [-0.12324733827691725, 49.07942833273795], [-0.11978943274575327, 49.07465313864074], [-0.11633152721459117, 49.06987794454353], [-0.11287362168342718, 49.065102750446314], [-0.1094157161522642, 49.0603275563491], [-0.1059578106211011, 49.055552362251895], [-0.10249990508993811, 49.050777168154674], [-0.09904199955877502, 49.04600197405747], [-0.09558409402761114, 49.04122677996025], [-0.09212618849644827, 49.03645158586304], [-0.09212618849644827, 49.03645158586304], [-0.08532961685277662, 49.03636461858057], [-0.07853304520910687, 49.03627765129809], [-0.07173647356543522, 49.036190684015615], [-0.06493990192176358, 49.03610371673314], [-0.05814333027809104, 49.03601674945066], [-0.051346758634420286, 49.03592978216819], [-0.04455018699074875, 49.03584281488571], [-0.03775361534707733, 49.03575584760324], [-0.03095704370340746, 49.03566888032076], [-0.024160472059735927, 49.035581913038286], [-0.024160472059735927, 49.035581913038286], [-0.021729379274616822, 49.03274529982527], [-0.01929828648949683, 49.02990868661226], [-0.016867193704377725, 49.02707207339925], [-0.014436100919258621, 49.02423546018624], [-0.012005008134139294, 49.02139884697323], [-0.0095739153490213, 49.01856223376021], [-0.007142822563902196, 49.0157256205472], [-0.004711729778781315, 49.01288900733418], [-0.002280636993663099, 49.01005239412117], [0.00015045579145600563, 49.007215780908155], [0.00015045579145600563, 49.007215780908155], [0.0014231025694301236, 49.002162297443725], [0.0026957493474040195, 48.99710881397928], [0.003968396125377804, 48.99205533051485], [0.005241042903351034, 48.98700184705042], [0.00651368968132493, 48.98194836358598], [0.007786336459299714, 48.97689488012155], [0.009058983237273832, 48.97184139665711], [0.010331630015247728, 48.966787913192675], [0.011604276793221624, 48.96173442972824], [0.012876923571195742, 48.95668094626381], [0.012876923571195742, 48.95668094626381], [0.010945104360017721, 48.95242463425986], [0.009013285148839922, 48.948168322255924], [0.007081465937662124, 48.943912010251985], [0.00514964672648488, 48.939655698248046], [0.003217827515306859, 48.9353993862441], [0.0012860083041290604, 48.93114307424017], [-0.0006458109070487383, 48.92688676223622], [-0.002577630118226759, 48.922630450232276], [-0.004509449329403781, 48.918374138228344], [-0.0064412685405815795, 48.9141178262244], [-0.0064412685405815795, 48.9141178262244], [-0.004906492898233861, 48.91199029703902], [-0.00337171725588703, 48.909862767853646], [-0.0018369416135403105, 48.90773523866827], [-0.0003021659711925917, 48.905607709482894], [0.001232609671154128, 48.90348018029752], [0.0027673853135009585, 48.90135265111215], [0.004302160955848677, 48.89922512192676], [0.005836936598196285, 48.89709759274139], [0.007371712240543116, 48.894970063556016], [0.008906487882890723, 48.89284253437064], [0.008906487882890723, 48.89284253437064], [0.015313203169935008, 48.89009557679588], [0.021719918456978293, 48.887348619221136], [0.028126633744024243, 48.88460166164638], [0.03453334903106775, 48.88185470407162], [0.0409400643181117, 48.879107746496864], [0.0473467796051561, 48.87636078892211], [0.05375349489220116, 48.87361383134736], [0.06016021017924533, 48.870866873772606], [0.06656692546628884, 48.868119916197855], [0.0729736407533339, 48.8653729586231], [0.0729736407533339, 48.8653729586231], [0.07746496475185682, 48.866881352925645], [0.08195628875037997, 48.86838974722818], [0.08644761274890311, 48.86989814153073], [0.09093893674742604, 48.87140653583328], [0.0954302607459494, 48.87291493013582], [0.09992158474447144, 48.87442332443837], [0.10441290874299436, 48.87593171874091], [0.1089042327415175, 48.877440113043455], [0.11339555674004087, 48.878948507346], [0.11788688073856357, 48.88045690164854], [0.11788688073856357, 48.88045690164854], [0.1232729738559959, 48.88045824582545], [0.12865906697342822, 48.88045959000235], [0.1340451600908601, 48.88046093417926], [0.13943125320829242, 48.88046227835617], [0.14481734632572452, 48.88046362253307], [0.15020343944315773, 48.88046496670997], [0.15558953256058983, 48.880466310886874], [0.16097562567802193, 48.88046765506378], [0.16636171879545403, 48.880468999240684], [0.17174781191288635, 48.880470343417585], [0.17174781191288635, 48.880470343417585], [0.17341048617234156, 48.878165513752705], [0.175073160431797, 48.875860684087804], [0.17673583469125131, 48.87355585442291], [0.17839850895070652, 48.871251024758024], [0.18006118321016107, 48.86894619509312], [0.18172385746961628, 48.86664136542824], [0.1833865317290715, 48.864336535763336], [0.18504920598852626, 48.86203170609845], [0.18671188024798147, 48.85972687643356], [0.188374554507436, 48.85742204676866], [0.188374554507436, 48.85742204676866], [0.18503397592929227, 48.85414068129871], [0.18169339735114787, 48.85085931582876], [0.17835281877300502, 48.847577950358804], [0.1750122401948615, 48.84429658488885], [0.1716716616167182, 48.84101521941891], [0.16833108303857358, 48.83773385394895], [0.16499050446043007, 48.834452488479], [0.16164992588228633, 48.83117112300904], [0.15830934730414192, 48.8278897575391], [0.15496876872599818, 48.82460839206914], [0.15496876872599818, 48.82460839206914], [0.15817272135114413, 48.82354523555621], [0.16137667397628985, 48.82248207904326], [0.16458062660143535, 48.82141892253032], [0.16778457922658108, 48.82035576601738], [0.1709885318517248, 48.81929260950443], [0.17419248447687163, 48.818229452991496], [0.17739643710201713, 48.817166296478554], [0.18060038972716197, 48.81610313996561], [0.18380434235230858, 48.815039983452664], [0.1870082949774532, 48.81397682693972], [0.1870082949774532, 48.81397682693972], [0.1905892775481255, 48.80892391955364], [0.194170260118798, 48.80387101216757], [0.1977512426894683, 48.79881810478148], [0.20133222526014127, 48.79376519739541], [0.20491320783081268, 48.78871229000932], [0.20849419040148387, 48.78365938262325], [0.21207517297215728, 48.77860647523717], [0.21565615554282846, 48.77355356785108], [0.21923713811350076, 48.768500660465], [0.22281812068417306, 48.76344775307893], [0.22281812068417306, 48.76344775307893], [0.2235825954380164, 48.76087671433111], [0.22434707019186062, 48.75830567558331], [0.22511154494570484, 48.75573463683549], [0.22587601969954818, 48.753163598087674], [0.2266404944533924, 48.750592559339864], [0.22740496920723574, 48.748021520592054], [0.22816944396108085, 48.74545048184424], [0.22893391871492508, 48.74287944309643], [0.2296983934687684, 48.74030840434862], [0.23046286822261264, 48.7377373656008], [0.23046286822261264, 48.7377373656008], [0.22648177180490658, 48.73481155519053], [0.2225006753872012, 48.73188574478028], [0.21851957896949603, 48.72895993437001], [0.21453848255179064, 48.726034123959735], [0.2105573861340846, 48.723108313549474], [0.2065762897163801, 48.72018250313921], [0.20259519329867404, 48.71725669272894], [0.19861409688096776, 48.71433088231868], [0.1946330004632626, 48.71140507190841], [0.1906519040455572, 48.708479261498134], [0.1906519040455572, 48.708479261498134], [0.19077432669900252, 48.70546474519422], [0.19089674935244694, 48.7024502288903], [0.19101917200589247, 48.699435712586386], [0.19114159465933755, 48.69642119628246], [0.19126401731278286, 48.69340667997854], [0.19138643996622906, 48.69039216367462], [0.19150886261967415, 48.6873776473707], [0.19163128527311946, 48.684363131066775], [0.1917537079265641, 48.68134861476286], [0.19187613058000919, 48.67833409845894], [0.19187613058000919, 48.67833409845894], [0.1963621497291672, 48.677093934975], [0.20084816887832635, 48.67585377149106], [0.2053341880274835, 48.67461360800712], [0.20982020717664351, 48.673373444523186], [0.21430622632580065, 48.67213328103925], [0.2187922454749589, 48.67089311755531], [0.22327826462411782, 48.66965295407137], [0.22776428377327496, 48.66841279058743], [0.23225030292243498, 48.6671726271035], [0.23673632207159212, 48.665932463619555], [0.23673632207159212, 48.665932463619555], [0.24186577022015765, 48.665845080282466], [0.24699521836872473, 48.66575769694537], [0.25212466651729115, 48.66567031360829], [0.25725411466585557, 48.665582930271185], [0.2623835628144211, 48.6654955469341], [0.2675130109629884, 48.66540816359701], [0.2726424591115546, 48.665320780259925], [0.27777190726012013, 48.66523339692284], [0.28290135540868544, 48.66514601358573], [0.28803080355725275, 48.66505863024865], [0.28803080355725275, 48.66505863024865], [0.2930292624615398, 48.66435057543875], [0.298027721365828, 48.663642520628855], [0.30302618027011685, 48.662934465818964], [0.3080246391744057, 48.662226411009065], [0.3130230980786939, 48.66151835619917], [0.31802155698298096, 48.660810301389276], [0.3230200158872689, 48.66010224657938], [0.3280184747915589, 48.659394191769486], [0.33301693369584684, 48.65868613695959], [0.3380153926001339, 48.65797808214969], [0.3380153926001339, 48.65797808214969], [0.33814996506543915, 48.661258647514764], [0.3382845375307453, 48.66453921287984], [0.3384191099960505, 48.66781977824491], [0.33855368246135553, 48.671100343609986], [0.33868825492666077, 48.67438090897506], [0.338822827391966, 48.67766147434014], [0.338957399857271, 48.680942039705215], [0.33909197232257604, 48.68422260507028], [0.3392265447878813, 48.68750317043536], [0.3393611172531876, 48.69078373580044], [0.3393611172531876, 48.69078373580044], [0.35308660049311147, 48.69273775194285], [0.3668120837330364, 48.69469176808526], [0.38053756697296137, 48.69664578422766], [0.39426305021288566, 48.698599800370076], [0.4079885334528115, 48.70055381651249], [0.4217140166927358, 48.7025078326549], [0.4354394999326596, 48.704461848797294], [0.44916498317258435, 48.70641586493971], [0.4628904664125095, 48.70836988108212], [0.4766159496524347, 48.710323897224534], [0.4766159496524347, 48.710323897224534], [0.47801169963538226, 48.71221180763513], [0.47940744961833204, 48.714099718045745], [0.4808031996012798, 48.71598762845634], [0.4821989495842285, 48.71787553886694], [0.48359469956717804, 48.71976344927754], [0.4849904495501267, 48.721651359688146], [0.4863861995330754, 48.72353927009875], [0.4877819495160234, 48.72542718050936], [0.4891776994989727, 48.72731509091995], [0.4905734494819207, 48.72920300133056], [0.4905734494819207, 48.72920300133056], [0.49030660025712614, 48.73183612641651], [0.49003975103232955, 48.73446925150246], [0.48977290180753386, 48.73710237658841], [0.48950605258273816, 48.73973550167435], [0.48923920335794246, 48.74236862676031], [0.48897235413314766, 48.74500175184626], [0.4887055049083511, 48.74763487693221], [0.48843865568355627, 48.75026800201816], [0.4881718064587597, 48.7529011271041], [0.4879049572339642, 48.75553425219006], [0.4879049572339642, 48.75553425219006], [0.48528070090705344, 48.758354792031255], [0.482656444580142, 48.761175331872444], [0.48003218825323213, 48.76399587171364], [0.4774079319263207, 48.766816411554835], [0.47478367559941015, 48.76963695139602], [0.4721594192724996, 48.77245749123722], [0.46953516294558817, 48.775278031078415], [0.4669109066186783, 48.77809857091961], [0.46428665029176686, 48.7809191107608], [0.4616623939648561, 48.78373965060199], [0.4616623939648561, 48.78373965060199], [0.4607597928928582, 48.78599659445882], [0.45985719182085827, 48.78825353831565], [0.45895459074885925, 48.79051048217248], [0.4580519896768602, 48.79276742602931], [0.45714938860486143, 48.79502436988613], [0.45624678753286263, 48.797281313742964], [0.4553441864608643, 48.799538257599785], [0.4544415853888637, 48.80179520145661], [0.45353898431686535, 48.80405214531344], [0.45263638324486655, 48.80630908917026], [0.45263638324486655, 48.80630908917026], [0.45573001452735706, 48.81132520190591], [0.4588236458098476, 48.816341314641555], [0.4619172770923379, 48.8213574273772], [0.4650109083748284, 48.82637354011285], [0.4681045396573198, 48.83138965284849], [0.47119817093981053, 48.83640576558414], [0.47429180222230105, 48.841421878319785], [0.47738543350479157, 48.84643799105543], [0.4804790647872821, 48.85145410379108], [0.4835726960697726, 48.85647021652672], [0.4835726960697726, 48.85647021652672], [0.4834898886857917, 48.86079546448746], [0.48340708130180987, 48.86512071244819], [0.48332427391782806, 48.86944596040892], [0.48324146653384803, 48.87377120836966], [0.4831586591498669, 48.87809645633038], [0.4830758517658851, 48.88242170429111], [0.4829930443819044, 48.886746952251855], [0.48291023699792324, 48.891072200212584], [0.4828274296139412, 48.89539744817331], [0.4827446222299603, 48.899722696134056], [0.4827446222299603, 48.899722696134056], [0.48184674047130005, 48.90442481883193], [0.48094885871263804, 48.90912694152981], [0.4800509769539776, 48.913829064227684], [0.47915309519531624, 48.91853118692556], [0.4782552134366549, 48.92323330962344], [0.4773573316779931, 48.92793543232132], [0.47645944991933287, 48.9326375550192], [0.4755615681606713, 48.93733967771708], [0.4746636864020104, 48.94204180041495], [0.47376580464334994, 48.946743923112834], [0.47376580464334994, 48.946743923112834], [0.4809433371756473, 48.95351616065896], [0.48812086970794555, 48.96028839820509], [0.4952984022402447, 48.96706063575122], [0.5024759347725429, 48.97383287329734], [0.5096534673048403, 48.98060511084347], [0.516830999837139, 48.98737734838959], [0.5240085323694379, 48.99414958593572], [0.5311860649017361, 49.000921823481846], [0.5383635974340337, 49.00769406102798], [0.5455411299663329, 49.014466298574106], [0.5455411299663329, 49.014466298574106], [0.5476311121891912, 49.01741300027021], [0.5497210944120519, 49.02035970196632], [0.5518110766349114, 49.023306403662424], [0.5539010588577697, 49.02625310535853], [0.5559910410806301, 49.02919980705463], [0.5580810233034896, 49.032146508750735], [0.5601710055263482, 49.03509321044684], [0.5622609877492077, 49.03803991214294], [0.564350969972067, 49.040986613839046], [0.5664409521949265, 49.04393331553515], [0.5664409521949265, 49.04393331553515], [0.5699854687012904, 49.048009498048735], [0.5735299852076534, 49.05208568056232], [0.5770745017140158, 49.056161863075914], [0.5806190182203796, 49.0602380455895], [0.5841635347267435, 49.06431422810308], [0.5877080512331065, 49.06839041061667], [0.5912525677394687, 49.07246659313026], [0.5947970842458317, 49.076542775643844], [0.5983416007521956, 49.08061895815743], [0.6018861172585577, 49.084695140671016], [0.6018861172585577, 49.084695140671016], [0.6039701414726211, 49.083755618022245], [0.6060541656866829, 49.08281609537348], [0.6081381899007452, 49.08187657272471], [0.6102222141148061, 49.08093705007595], [0.6123062383288684, 49.07999752742719], [0.6143902625429312, 49.079058004778425], [0.6164742867569921, 49.07811848212966], [0.6185583109710553, 49.07717895948089], [0.6206423351851171, 49.07623943683213], [0.6227263593991785, 49.07529991418336], [0.6227263593991785, 49.07529991418336], [0.6287107559756149, 49.075489416224876], [0.6346951525520503, 49.0756789182664], [0.6406795491284862, 49.07586842030791], [0.6466639457049217, 49.07605792234942], [0.6526483422813578, 49.076247424390935], [0.6586327388577944, 49.07643692643246], [0.6646171354342294, 49.07662642847397], [0.6706015320106657, 49.07681593051549], [0.6765859285871012, 49.07700543255701], [0.6825703251635371, 49.07719493459852], [0.6825703251635371, 49.07719493459852], [0.6836708542908632, 49.08302561279421], [0.6847713834181901, 49.0888562909899], [0.685871912545517, 49.0946869691856], [0.6869724416728427, 49.10051764738129], [0.6880729708001696, 49.10634832557698], [0.6891734999274957, 49.112179003772674], [0.6902740290548235, 49.11800968196837], [0.6913745581821493, 49.12384036016405], [0.692475087309476, 49.12967103835975], [0.6935756164368021, 49.135501716555446], [0.6935756164368021, 49.135501716555446], [0.6934443660875484, 49.13794686146331], [0.6933131157382952, 49.14039200637118], [0.6931818653890407, 49.142837151279046], [0.6930506150397873, 49.14528229618691], [0.692919364690533, 49.147727441094794], [0.6927881143412804, 49.150172586002654], [0.692656863992027, 49.15261773091053], [0.6925256136427724, 49.15506287581839], [0.692394363293519, 49.15750802072627], [0.6922631129442656, 49.15995316563413], [0.6922631129442656, 49.15995316563413], [0.6921318705057433, 49.16239831054397], [0.6920006280672224, 49.16484345545381], [0.6918693856287002, 49.16728860036366], [0.6917381431901783, 49.1697337452735], [0.6916069007516565, 49.172178890183346], [0.6914756583131352, 49.17462403509318], [0.6913444158746131, 49.17706918000303], [0.6912131734360911, 49.17951432491287], [0.6910819309975702, 49.181959469822715], [0.6909506885590488, 49.18440461473256], [0.6909506885590488, 49.18440461473256], [0.6892341075830593, 49.18760140366529], [0.6875175266070706, 49.190798192598024], [0.6858009456310821, 49.19399498153076], [0.6840843646550943, 49.19719177046348], [0.6823677836791064, 49.200388559396224], [0.680651202703116, 49.20358534832896], [0.6789346217271284, 49.20678213726169], [0.6772180407511406, 49.209978926194424], [0.675501459775151, 49.21317571512716], [0.6737848787991632, 49.21637250405989], [0.6737848787991632, 49.21637250405989], [0.6709784234099827, 49.21925495510988], [0.6681719680208014, 49.22213740615989], [0.665365512631622, 49.22501985720989], [0.6625590572424418, 49.227902308259885], [0.6597526018532625, 49.230784759309884], [0.6569461464640809, 49.23366721035988], [0.6541396910749018, 49.23654966140989], [0.6513332356857213, 49.239432112459895], [0.6485267802965411, 49.242314563509886], [0.6457203249073606, 49.24519701455989], [0.6457203249073606, 49.24519701455989], [0.645184449252644, 49.24933520742276], [0.6446485735979284, 49.253473400285635], [0.6441126979432119, 49.25761159314852], [0.6435768222884954, 49.26174978601139], [0.643040946633779, 49.26588797887427], [0.6425050709790625, 49.270026171737136], [0.641969195324346, 49.27416436460001], [0.6414333196696305, 49.27830255746289], [0.640897444014914, 49.28244075032576], [0.6403615683601975, 49.286578943188644], [0.6403615683601975, 49.286578943188644], [0.6360152939126134, 49.289775070374255], [0.6316690194650294, 49.29297119755986], [0.6273227450174441, 49.296167324745475], [0.6229764705698613, 49.29936345193109], [0.6186301961222762, 49.30255957911671], [0.614283921674692, 49.30575570630232], [0.6099376472271079, 49.30895183348793], [0.6055913727795228, 49.31214796067355], [0.6012450983319408, 49.31534408785917], [0.5968988238843558, 49.31854021504478], [0.5968988238843558, 49.31854021504478], [0.591190593532066, 49.32054492783798], [0.5854823631797772, 49.32254964063117], [0.5797741328274864, 49.32455435342437], [0.5740659024751964, 49.32655906621756], [0.5683576721229076, 49.328563779010764], [0.5626494417706178, 49.33056849180396], [0.5569412114183279, 49.33257320459716], [0.5512329810660372, 49.334577917390355], [0.5455247507137484, 49.33658263018355], [0.5398165203614584, 49.338587342976744], [0.5398165203614584, 49.338587342976744], [0.5330176819642785, 49.339901706074684], [0.5262188435670985, 49.341216069172624], [0.519420005169918, 49.34253043227057], [0.5126211667727372, 49.343844795368504], [0.505822328375557, 49.345159158466444], [0.49902348997837787, 49.34647352156438], [0.49222465158119677, 49.34778788466232], [0.4854258131840168, 49.34910224776025], [0.4786269747868366, 49.35041661085819], [0.47182813638965637, 49.35173097395614], [0.47182813638965637, 49.35173097395614], [0.4694211960930368, 49.35267041601655], [0.4670142557964181, 49.35360985807697], [0.4646073154997985, 49.354549300137386], [0.4622003752031798, 49.35548874219781], [0.4597934349065609, 49.35642818425823], [0.4573864946099424, 49.35736762631865], [0.4549795543133235, 49.35830706837906], [0.45257261401670323, 49.35924651043948], [0.4501656737200852, 49.3601859524999], [0.4477587334234665, 49.36112539456032], [0.4477587334234665, 49.36112539456032], [0.44101497437508197, 49.363757964292276], [0.434271215326699, 49.36639053402422], [0.42752745627831445, 49.36902310375617], [0.4207836972299299, 49.37165567348813], [0.41403993818154694, 49.37428824322008], [0.4072961791331633, 49.37692081295203], [0.40055242008477876, 49.379553382683994], [0.3938086610363951, 49.382185952415945], [0.3870649019880106, 49.384818522147896], [0.3803211429396267, 49.387451091879846], [0.3803211429396267, 49.387451091879846], [0.37618614546074713, 49.39204345199446], [0.37205114798186845, 49.39663581210906], [0.36791615050298776, 49.401228172223675], [0.36378115302410907, 49.40582053233828], [0.3596461555452304, 49.4104128924529], [0.3555111580663508, 49.415005252567504], [0.3513761605874721, 49.41959761268211], [0.34724116310859166, 49.424189972796725], [0.3431061656297121, 49.42878233291133], [0.3389711681508334, 49.43337469302595], [0.3389711681508334, 49.43337469302595], [0.33168425496128195, 49.43252733666319], [0.3243940958059839, 49.43170537385297], [0.3171001776015938, 49.430923809272336], [0.3098019872647635, 49.43019764759833], [0.302499011712144, 49.42954189350796], [0.2951907378603891, 49.428971551678295], [0.28787665262615025, 49.428501626786336], [0.28055624292608083, 49.428147123509156], [0.27322899567683434, 49.427923046523766], [0.2658943977950594, 49.4278444005072], [0.26589439779505675, 49.4278444005072], [0.26080024833998516, 49.4262523309597], [0.25546458131602856, 49.42550925507596], [0.2500068234569994, 49.42536812874377], [0.2445464014967087, 49.425581907850884], [0.2392027421689722, 49.42590354828507], [0.23409527220759996, 49.426086005934096], [0.22934341834640493, 49.425882236685716], [0.2250666073191998, 49.425045196427696], [0.22138426585979865, 49.42332784104781], [0.2184158207020115, 49.42048312643382], [0.21841582070201415, 49.42048312643382], [0.2095103445217661, 49.41814224385786], [0.20032583910855672, 49.41618649285999], [0.190969107538292, 49.4144669349729], [0.1815469528868805, 49.412834631729226], [0.1721661782302284, 49.41114064466162], [0.16293358664424784, 49.40923603530275], [0.15395598120484388, 49.40697186518526], [0.14534016498792313, 49.40419919584182], [0.13719294106939683, 49.40076908880505], [0.12962111252517095, 49.39653260560763], [0.12962111252516095, 49.39653260560764], [0.12302593732634626, 49.393136307728696], [0.11713023543503409, 49.38929533545672], [0.11178594230052386, 49.3851061296783], [0.10684499337211406, 49.380665131280026], [0.1021593240991081, 49.3760687811485], [0.0975808699308025, 49.3714135201703], [0.09296156631649843, 49.36679578923206], [0.08815334870549707, 49.36231202922032], [0.08300815254709426, 49.358058681021724], [0.07737791329059474, 49.35413218552284], [0.07737791329059629, 49.354132185522836], [0.0644951555103388, 49.34988203025541], [0.05182954181686528, 49.34530814547725], [0.039315656233755325, 49.34050982833489], [0.026888082784591427, 49.335586375974906], [0.014481405492951405, 49.33063708554383], [0.0020302083824162986, 49.32576125418823], [-0.010530924523432739, 49.32105817905465], [-0.023267409201014777, 49.31662715728965], [-0.03624466162675144, 49.312567486039775], [-0.0495280977770608, 49.30897846245158], [-0.049528097777062574, 49.30897846245158], [-0.05818904834453986, 49.30601958463071], [-0.06701557388544177, 49.303472735817444], [-0.07598942085264548, 49.301294478040184], [-0.08509233569903119, 49.29944137332732], [-0.09430606487748205, 49.29786998370723], [-0.10361235484087516, 49.29653687120833], [-0.11299295204209381, 49.29539859785899], [-0.12242960293401595, 49.2944117256876], [-0.13190405396952376, 49.293532816722575], [-0.14139805160149443, 49.292718432992295], [-0.14139805160150165, 49.292718432992295]]]}}, {"type": "Feature", "properties": {"source": "0_Province_Rouen.txt"}, "geometry": {"type": "Polygon", "coordinates": [[[0.10968853106537724, 49.17171852074652], [0.11104492028734003, 49.17002571578721], [0.1124013095093046, 49.1683329108279], [0.11375769873126762, 49.16664010586859], [0.1151140879532313, 49.16494730090928], [0.1164704771751941, 49.163254495949964], [0.11782686639715712, 49.16156169099066], [0.11918325561912169, 49.15986888603135], [0.12053964484108448, 49.158176081072035], [0.12189603406304839, 49.15648327611272], [0.12325242328501118, 49.15479047115342], [0.12325242328501118, 49.15479047115342], [0.12189046738030629, 49.153599056761], [0.12052851147560073, 49.152407642368594], [0.11916655557089495, 49.15121622797617], [0.11780459966618917, 49.150024813583755], [0.11644264376148428, 49.14883339919134], [0.11508068785677872, 49.14764198479892], [0.11371873195207294, 49.14645057040651], [0.11235677604736716, 49.14525915601409], [0.1109948201426616, 49.144067741621676], [0.1096328642379567, 49.14287632722926], [0.1096328642379567, 49.14287632722926], [0.10455265652115875, 49.14205999652312], [0.09947244880436079, 49.141243665816994], [0.09439224108756394, 49.140427335110864], [0.08931203337076532, 49.13961100440474], [0.08423182565396758, 49.13879467369861], [0.0791516179371714, 49.13797834299248], [0.07407141022037256, 49.13716201228635], [0.06899120250357571, 49.136345681580224], [0.06391099478677775, 49.1355293508741], [0.05883078706998002, 49.13471302016797], [0.05883078706998002, 49.13471302016797], [0.05628813581317238, 49.13258126836912], [0.05374548455636563, 49.13044951657028], [0.05120283329955955, 49.12831776477143], [0.04866018204275124, 49.12618601297259], [0.046117530785943384, 49.12405426117375], [0.043574879529136634, 49.12192250937489], [0.04103222827233077, 49.11979075757605], [0.038489577015523135, 49.11765900577721], [0.0359469257587155, 49.11552725397837], [0.03340427450190764, 49.113395502179515], [0.03340427450190764, 49.113395502179515], [0.028869267349909578, 49.11326831853315], [0.024334260197911295, 49.11314113488679], [0.019799253045911236, 49.11301395124042], [0.015264245893912842, 49.11288676759405], [0.010729238741914782, 49.112759583947685], [0.006194231589914501, 49.112632400301315], [0.001659224437916329, 49.11250521665495], [-0.0028757827140819536, 49.11237803300858], [-0.0074107898660811244, 49.11225084936222], [-0.011945797018080295, 49.11212366571585], [-0.011945797018080295, 49.11212366571585], [-0.01339310828838447, 49.113941433333224], [-0.014840419558690532, 49.11575920095059], [-0.016287730828996705, 49.11757696856797], [-0.01773504209930077, 49.119394736185335], [-0.01918235336960694, 49.12121250380271], [-0.020629664639911005, 49.12303027142008], [-0.02207697591021629, 49.12484803903745], [-0.023524287180521464, 49.12666580665481], [-0.024971598450827415, 49.128483574272195], [-0.026418909721133477, 49.130301341889556], [-0.026418909721133477, 49.130301341889556], [-0.024965306026006107, 49.13174381637315], [-0.023511702330879514, 49.13318629085675], [-0.022058098635753032, 49.13462876534034], [-0.02060449494062644, 49.13607123982393], [-0.019150891245500845, 49.137513714307524], [-0.017697287550374252, 49.13895618879111], [-0.01624368385524777, 49.14039866327471], [-0.014790080160121288, 49.1418411377583], [-0.013336476464994695, 49.143283612241895], [-0.011882872769869102, 49.144726086725484], [-0.011882872769869102, 49.144726086725484], [-0.005623791951063883, 49.145542706166985], [0.0006352888677392254, 49.14635932560849], [0.0068943696865435555, 49.14717594505], [0.013153450505346664, 49.1479925644915], [0.01941253132415066, 49.148809183933004], [0.025671612142954103, 49.14962580337451], [0.031930692961757545, 49.15044242281602], [0.03818977378056143, 49.15125904225753], [0.04444885459936465, 49.15207566169902], [0.05070793541816987, 49.15289228114054], [0.05070793541816987, 49.15289228114054], [0.056605994982890095, 49.154774905101135], [0.0625040545476101, 49.15665752906173], [0.0684021141123321, 49.15854015302233], [0.07430017367705233, 49.160422776982934], [0.08019823324177255, 49.162305400943524], [0.08609629280649433, 49.16418802490413], [0.09199435237121478, 49.166070648864725], [0.09789241193593501, 49.16795327282532], [0.10379047150065612, 49.16983589678592], [0.10968853106537724, 49.17171852074652]]]}}, {"type": "Feature", "properties": {"source": "0_Province_Rouen.txt"}, "geometry": {"type": "Polygon", "coordinates": [[[1.1112183690596664, 49.41145219835339], [1.1074978267916022, 49.41000934408026], [1.103777284523538, 49.40856648980712], [1.1000567422554743, 49.40712363553399], [1.0963361999874102, 49.40568078126087], [1.092615657719346, 49.40423792698773], [1.0888951154512814, 49.40279507271461], [1.0851745731832172, 49.40135221844148], [1.081454030915154, 49.39990936416835], [1.0777334886470897, 49.39846650989522], [1.0740129463790247, 49.39702365562209], [1.0740129463790247, 49.39702365562209], [1.0709299284174731, 49.39702288621068], [1.0678469104559212, 49.397022116799256], [1.0647638924943696, 49.39702134738784], [1.0616808745328168, 49.39702057797642], [1.0585978565712648, 49.397019808565], [1.0555148386097133, 49.397019039153584], [1.0524318206481604, 49.39701826974217], [1.0493488026866085, 49.39701750033075], [1.046265784725057, 49.39701673091933], [1.043182766763505, 49.39701596150792], [1.043182766763505, 49.39701596150792], [1.0408222589392984, 49.395510751610864], [1.0384617511150949, 49.39400554171382], [1.0361012432908896, 49.39250033181678], [1.0337407354666852, 49.39099512191973], [1.03138022764248, 49.38948991202269], [1.0290197198182751, 49.38798470212564], [1.0266592119940712, 49.386479492228595], [1.024298704169866, 49.38497428233155], [1.021938196345661, 49.3834690724345], [1.0195776885214554, 49.38196386253746], [1.0195776885214554, 49.38196386253746], [1.0193017901920616, 49.37995763444163], [1.0190258918626687, 49.3779514063458], [1.0187499935332753, 49.37594517824998], [1.0184740952038807, 49.373938950154155], [1.0181981968744869, 49.371932722058325], [1.017922298545094, 49.3699264939625], [1.0176464002157002, 49.36792026586668], [1.017370501886305, 49.36591403777084], [1.017094603556913, 49.36390780967502], [1.0168187052275193, 49.3619015815792], [1.0168187052275193, 49.3619015815792], [1.0199915489999651, 49.36146352453562], [1.0231643927724106, 49.36102546749204], [1.0263372365448555, 49.36058741044847], [1.0295100803173014, 49.36014935340489], [1.0326829240897468, 49.35971129636131], [1.035855767862194, 49.35927323931774], [1.0390286116346386, 49.35883518227416], [1.0422014554070853, 49.35839712523059], [1.0453742991795294, 49.357959068187014], [1.0485471429519762, 49.35752101114344], [1.0485471429519762, 49.35752101114344], [1.0547102748828223, 49.35601792844312], [1.0608734068136694, 49.35451484574282], [1.0670365387445155, 49.3530117630425], [1.0731996706753621, 49.3515086803422], [1.0793628026062105, 49.35000559764189], [1.0855259345370558, 49.34850251494158], [1.0916890664679033, 49.34699943224127], [1.0978521983987495, 49.345496349540966], [1.1040153303295965, 49.343993266840656], [1.110178462260444, 49.342490184140345], [1.110178462260444, 49.342490184140345], [1.1113577481733672, 49.34274124766959], [1.1125370340862921, 49.34299231119885], [1.1137163199992157, 49.3432433747281], [1.1148956059121389, 49.34349443825735], [1.1160748918250634, 49.3437455017866], [1.1172541777379874, 49.343996565315855], [1.1184334636509106, 49.3442476288451], [1.1196127495638346, 49.34449869237436], [1.1207920354767595, 49.34474975590361], [1.1219713213896818, 49.34500081943286], [1.1219713213896818, 49.34500081943286], [1.1222530356143232, 49.35001629057694], [1.1225347498389637, 49.35503176172104], [1.1228164640636051, 49.36004723286512], [1.1230981782882457, 49.36506270400921], [1.1233798925128866, 49.370078175153296], [1.1236616067375258, 49.37509364629738], [1.1239433209621672, 49.38010911744148], [1.1242250351868086, 49.38512458858556], [1.1245067494114482, 49.39014005972965], [1.1247884636360892, 49.39515553087374], [1.1247884636360892, 49.39515553087374], [1.1234314541784474, 49.3967851976217], [1.122074444720805, 49.39841486436967], [1.1207174352631628, 49.40004453111763], [1.1193604258055196, 49.4016741978656], [1.1180034163478778, 49.403303864613555], [1.116646406890236, 49.40493353136152], [1.1152893974325928, 49.40656319810949], [1.1139323879749514, 49.408192864857455], [1.1125753785173083, 49.40982253160542], [1.1112183690596664, 49.41145219835339]]]}}, {"type": "Feature", "properties": {"source": "0_Province_Rouen.txt"}, "geometry": {"type": "Polygon", "coordinates": [[[-0.6493065705345643, 48.69255600629763], [-0.6481246570365647, 48.69412339285665], [-0.6469427435385651, 48.695690779415685], [-0.6457608300405664, 48.69725816597471], [-0.6445789165425662, 48.698825552533734], [-0.6433970030445667, 48.70039293909276], [-0.6422150895465671, 48.70196032565178], [-0.6410331760485686, 48.70352771221081], [-0.6398512625505681, 48.70509509876983], [-0.6386693490525689, 48.706662485328856], [-0.6374874355545693, 48.70822987188788], [-0.6374874355545693, 48.70822987188788], [-0.6332236340854991, 48.70873300494976], [-0.6289598326164288, 48.70923613801163], [-0.6246960311473571, 48.709739271073495], [-0.620432229678287, 48.71024240413537], [-0.616168428209216, 48.71074553719723], [-0.6119046267401458, 48.71124867025911], [-0.6076408252710747, 48.71175180332098], [-0.6033770238020038, 48.71225493638284], [-0.5991132223329326, 48.71275806944472], [-0.5948494208638626, 48.71326120250659], [-0.5948494208638626, 48.71326120250659], [-0.5911281218903529, 48.71526826857428], [-0.5874068229168433, 48.71727533464197], [-0.5836855239433346, 48.71928240070965], [-0.5799642249698252, 48.721289466777336], [-0.5762429259963157, 48.72329653284503], [-0.5725216270228061, 48.72530359891272], [-0.5688003280492973, 48.72731066498041], [-0.5650790290757879, 48.7293177310481], [-0.5613577301022781, 48.73132479711579], [-0.5576364311287687, 48.73333186318348], [-0.5576364311287687, 48.73333186318348], [-0.5515584587059559, 48.73477549174471], [-0.5454804862831414, 48.73621912030595], [-0.5394025138603288, 48.73766274886718], [-0.533324541437515, 48.73910637742841], [-0.5272465690147017, 48.74055000598965], [-0.5211685965918879, 48.74199363455088], [-0.5150906241690753, 48.743437263112114], [-0.5090126517462608, 48.74488089167335], [-0.5029346793234479, 48.74632452023459], [-0.49685670690063466, 48.747768148795814], [-0.49685670690063466, 48.747768148795814], [-0.49585808106218854, 48.74883342064381], [-0.4948594552237434, 48.7498986924918], [-0.49386082938529763, 48.75096396433978], [-0.49286220354685173, 48.75202923618778], [-0.4918635777084066, 48.75309450803577], [-0.4908649518699608, 48.75415977988376], [-0.4898663260315149, 48.75522505173175], [-0.4888677001930689, 48.75629032357974], [-0.4878690743546229, 48.75735559542773], [-0.4868704485161771, 48.75842086727572], [-0.4868704485161771, 48.75842086727572], [-0.48822671608970314, 48.760176700935155], [-0.4895829836632287, 48.761932534594585], [-0.4909392512367554, 48.763688368254016], [-0.49229551881028144, 48.76544420191345], [-0.493651786383807, 48.767200035572884], [-0.49500805395733305, 48.76895586923232], [-0.49636432153085863, 48.77071170289176], [-0.49772058910438566, 48.77246753655118], [-0.49907685667791146, 48.77422337021062], [-0.5004331242514373, 48.77597920387006], [-0.5004331242514373, 48.77597920387006], [-0.501608617844997, 48.77773401065366], [-0.5027841114385568, 48.779488817437276], [-0.5039596050321172, 48.78124362422089], [-0.5051350986256763, 48.7829984310045], [-0.5063105922192341, 48.78475323778812], [-0.5074860858127948, 48.786508044571725], [-0.5086615794063545, 48.788262851355334], [-0.5098370729999134, 48.79001765813895], [-0.5110125665934732, 48.79177246492256], [-0.5121880601870329, 48.793527271706175], [-0.5121880601870329, 48.793527271706175], [-0.5090091804901118, 48.796286236602896], [-0.5058303007931919, 48.799045201499624], [-0.5026514210962693, 48.80180416639633], [-0.49947254139934816, 48.80456313129306], [-0.4962936617024273, 48.807322096189786], [-0.4931147820055064, 48.8100810610865], [-0.4899359023085853, 48.81284002598323], [-0.48675702261166354, 48.81559899087995], [-0.48357814291474266, 48.81835795577667], [-0.48039926321782167, 48.82111692067338], [-0.48039926321782167, 48.82111692067338], [-0.4769537676026965, 48.82111778054632], [-0.4735082719875724, 48.821118640419236], [-0.47006277637244753, 48.821119500292156], [-0.4666172807573232, 48.82112036016508], [-0.46317178514219837, 48.821121220038], [-0.4597262895270732, 48.82112207991093], [-0.456280793911949, 48.821122939783855], [-0.452835298296824, 48.82112379965677], [-0.44938980268169904, 48.821124659529694], [-0.44594430706657395, 48.821125519402614], [-0.44594430706657395, 48.821125519402614], [-0.4439467494128393, 48.82181609544018], [-0.4419491917591065, 48.82250667147774], [-0.43995163410537275, 48.823197247515296], [-0.4379540764516391, 48.823887823552866], [-0.43595651879790465, 48.82457839959043], [-0.433958961144171, 48.825268975627985], [-0.4319614034904372, 48.82595955166555], [-0.42996384583670355, 48.82665012770311], [-0.4279662881829699, 48.82734070374067], [-0.4259687305292361, 48.82803127977823], [-0.4259687305292361, 48.82803127977823], [-0.42514870147618866, 48.83022563034173], [-0.4243286724231403, 48.83241998090522], [-0.423508643370092, 48.834614331468714], [-0.4226886143170434, 48.83680868203221], [-0.4218685852639953, 48.839003032595706], [-0.4210485562109476, 48.8411973831592], [-0.42022852715789927, 48.84339173372269], [-0.4194084981048509, 48.84558608428619], [-0.41858846905180247, 48.84778043484968], [-0.417768439998755, 48.849974785413174], [-0.417768439998755, 48.849974785413174], [-0.4201222163742604, 48.85204335855897], [-0.42247599274976566, 48.85411193170477], [-0.4248297691252718, 48.85618050485056], [-0.4271835455007772, 48.858249077996355], [-0.42953732187628335, 48.860317651142154], [-0.4318910982517886, 48.86238622428795], [-0.434244874627294, 48.86445479743375], [-0.43659865100280015, 48.86652337057954], [-0.4389524273783054, 48.86859194372534], [-0.4413062037538108, 48.87066051687114], [-0.4413062037538108, 48.87066051687114], [-0.4414850153757893, 48.87247753453959], [-0.44166382699776885, 48.87429455220804], [-0.4418426386197474, 48.8761115698765], [-0.4420214502417258, 48.87792858754496], [-0.44220026186370354, 48.87974560521341], [-0.44237907348568295, 48.881562622881866], [-0.4425578851076616, 48.88337964055031], [-0.4427366967296401, 48.88519665821877], [-0.4429155083516185, 48.88701367588722], [-0.44309431997359805, 48.88883069355567], [-0.44309431997359805, 48.88883069355567], [-0.4415511340244639, 48.889458127528485], [-0.4400079480753306, 48.890085561501294], [-0.438464762126198, 48.890712995474104], [-0.43692157617706384, 48.89134042944692], [-0.43537839022793146, 48.89196786341973], [-0.43383520427879885, 48.892595297392546], [-0.4322920183296649, 48.89322273136535], [-0.4307488323805323, 48.89385016533816], [-0.4292056464313988, 48.89447759931098], [-0.42766246048226486, 48.895105033283784], [-0.42766246048226486, 48.895105033283784], [-0.42194904889988305, 48.89498147926809], [-0.41623563731750124, 48.894857925252396], [-0.41052222573511865, 48.8947343712367], [-0.40480881415273684, 48.89461081722101], [-0.39909540257035414, 48.89448726320531], [-0.39338199098797055, 48.89436370918962], [-0.38766857940558874, 48.894240155173925], [-0.38195516782320693, 48.89411660115823], [-0.37624175624082434, 48.89399304714254], [-0.37052834465844164, 48.89386949312684], [-0.37052834465844164, 48.89386949312684], [-0.3692579148957197, 48.894872876128204], [-0.3679874851329987, 48.89587625912957], [-0.36671705537027677, 48.89687964213093], [-0.3654466256075548, 48.8978830251323], [-0.36417619584483285, 48.89888640813366], [-0.3629057660821109, 48.89988979113503], [-0.36163533631938893, 48.90089317413639], [-0.360364906556667, 48.90189655713776], [-0.359094476793945, 48.902899940139115], [-0.35782404703122306, 48.90390332314048], [-0.35782404703122306, 48.90390332314048], [-0.35646366422744524, 48.904279679742324], [-0.35510328142366654, 48.90465603634417], [-0.3537428986198887, 48.905032392946026], [-0.35238251581611024, 48.905408749547874], [-0.3510221330123321, 48.90578510614972], [-0.3496617502085544, 48.90616146275157], [-0.3483013674047748, 48.90653781935342], [-0.3469409846009972, 48.906914175955265], [-0.3455806017972184, 48.907290532557106], [-0.3442202189934407, 48.90766688915895], [-0.3442202189934407, 48.90766688915895], [-0.34375640866216395, 48.91262038890581], [-0.3432925983308881, 48.91757388865266], [-0.34282878799961136, 48.92252738839951], [-0.3423649776683364, 48.92748088814636], [-0.34190116733705866, 48.93243438789322], [-0.3414373570057828, 48.937387887640064], [-0.34097354667450697, 48.942341387386925], [-0.340509736343231, 48.94729488713377], [-0.3400459260119544, 48.952248386880626], [-0.33958211568067864, 48.95720188662747], [-0.33958211568067864, 48.95720188662747], [-0.33667733874048267, 48.95883166530036], [-0.33377256180028847, 48.960461443973244], [-0.3308677848600944, 48.96209122264613], [-0.3279630079198995, 48.96372100131901], [-0.32505823097970465, 48.965350779991894], [-0.32215345403951046, 48.96698055866478], [-0.3192486770993146, 48.96861033733766], [-0.3163439001591204, 48.97024011601055], [-0.31343912321892553, 48.97186989468344], [-0.31053434627873133, 48.97349967335631], [-0.31053434627873133, 48.97349967335631], [-0.30998406938712564, 48.97682307441684], [-0.30943379249552194, 48.98014647547736], [-0.308883515603918, 48.983469876537896], [-0.30833323871231255, 48.986793277598416], [-0.30778296182070863, 48.990116678658936], [-0.3072326849291038, 48.99344007971947], [-0.30668240803749836, 48.99676348077999], [-0.3061321311458953, 49.00008688184052], [-0.30558185425428985, 49.003410282901044], [-0.30503157736268527, 49.00673368396156], [-0.30503157736268527, 49.00673368396156], [-0.30375923423071893, 49.00792507598983], [-0.30248689109875193, 49.00911646801809], [-0.3012145479667856, 49.01030786004635], [-0.29994220483481937, 49.011499252074614], [-0.2986698617028525, 49.012690644102875], [-0.29739751857088625, 49.013882036131136], [-0.29612517543892003, 49.015073428159404], [-0.294852832306953, 49.01626482018766], [-0.293580489174986, 49.017456212215926], [-0.2923081460430206, 49.01864760424419], [-0.2923081460430206, 49.01864760424419], [-0.2879518288751187, 49.02065482878978], [-0.28359551170721775, 49.02266205333538], [-0.2792391945393158, 49.02466927788099], [-0.2748828773714145, 49.0266765024266], [-0.2705265602035133, 49.0286837269722], [-0.26617024303561165, 49.03069095151779], [-0.26181392586770946, 49.0326981760634], [-0.2574576086998075, 49.034705400609], [-0.2531012915319072, 49.0367126251546], [-0.24874497436400533, 49.0387198497002], [-0.24874497436400533, 49.0387198497002], [-0.24465876637101525, 49.04166704958312], [-0.24057255837802438, 49.044614249466036], [-0.23648635038503518, 49.047561449348954], [-0.23240014239204432, 49.05050864923187], [-0.22831393439905523, 49.05345584911479], [-0.22422772640606614, 49.056403048997716], [-0.22014151841307505, 49.05935024888064], [-0.2160553104200852, 49.06229744876355], [-0.211969102427094, 49.06524464864648], [-0.20788289443410513, 49.068191848529395], [-0.20788289443410513, 49.068191848529395], [-0.20171351544875127, 49.06976155177264], [-0.1955441364633963, 49.071331255015885], [-0.18937475747804144, 49.072900958259126], [-0.1832053784926877, 49.07447066150237], [-0.17703599950733373, 49.07604036474562], [-0.17086662052197998, 49.077610067988864], [-0.16469724153662513, 49.079179771232106], [-0.15852786255127027, 49.080749474475354], [-0.1523584835659174, 49.08231917771859], [-0.14618910458056256, 49.08388888096184], [-0.14618910458056256, 49.08388888096184], [-0.144240718503314, 49.083920345549174], [-0.14229233242606565, 49.083951810136504], [-0.14034394634881808, 49.08398327472384], [-0.13839556027156985, 49.084014739311165], [-0.1364471741943205, 49.084046203898495], [-0.13449878811707305, 49.08407766848583], [-0.13255040203982538, 49.08410913307316], [-0.13060201596257714, 49.0841405976605], [-0.12865362988532758, 49.08417206224783], [-0.12670524380808024, 49.08420352683517], [-0.12670524380808024, 49.08420352683517], [-0.12475531513808102, 49.08423499180746], [-0.1228053864680817, 49.08426645677978], [-0.12085545779808138, 49.08429792175209], [-0.11890552912808217, 49.0843293867244], [-0.11695560045808284, 49.08436085169671], [-0.11500567178808363, 49.08439231666901], [-0.11305574311808453, 49.08442378164132], [-0.1111058144480851, 49.08445524661363], [-0.10915588577808566, 49.084486711585946], [-0.10720595710808634, 49.084518176558255], [-0.10720595710808634, 49.084518176558255], [-0.10393796178089842, 49.08621213559915], [-0.10066996645371151, 49.08790609464005], [-0.09740197112652338, 49.08960005368095], [-0.09413397579933536, 49.091294012721846], [-0.09086598047214811, 49.09298797176275], [-0.08759798514495998, 49.09468193080365], [-0.08432998981777218, 49.096375889844545], [-0.08106199449058504, 49.09806984888545], [-0.07779399916339713, 49.09976380792635], [-0.07452600383620989, 49.10145776696725], [-0.07452600383620989, 49.10145776696725], [-0.07334458275258515, 49.102774121653574], [-0.07216316166896042, 49.10409047633989], [-0.07098174058533657, 49.105406831026215], [-0.06980031950171173, 49.106723185712546], [-0.0686188984180861, 49.10803954039886], [-0.06743747733446193, 49.10935589508519], [-0.06625605625083808, 49.110672249771504], [-0.06507463516721246, 49.11198860445783], [-0.06389321408358772, 49.11330495914415], [-0.06271179299996288, 49.114621313830476], [-0.06271179299996288, 49.114621313830476], [-0.06397627060618061, 49.11750522169374], [-0.06524074821240022, 49.12038912955702], [-0.06650522581861706, 49.12327303742028], [-0.06776970342483568, 49.126156945283554], [-0.06903418103105441, 49.129040853146826], [-0.07029865863727103, 49.1319247610101], [-0.07156313624349053, 49.13480866887337], [-0.07282761384970837, 49.13769257673664], [-0.0740920914559261, 49.14057648459991], [-0.07535656906214472, 49.143460392463176], [-0.07535656906214472, 49.143460392463176], [-0.07907193847659477, 49.14452555985651], [-0.08278730789104383, 49.14559072724984], [-0.0865026773054931, 49.14665589464316], [-0.09021804671994316, 49.14772106203649], [-0.09393341613439321, 49.14878622942982], [-0.09764878554884338, 49.14985139682314], [-0.10136415496329243, 49.150916564216466], [-0.10507952437774248, 49.1519817316098], [-0.10879489379219165, 49.15304689900312], [-0.11251026320664159, 49.15411206639645], [-0.11251026320664159, 49.15411206639645], [-0.11477445146529086, 49.15536453798104], [-0.11703863972394013, 49.156617009565636], [-0.1193028279825894, 49.15786948115023], [-0.12156701624123867, 49.159121952734814], [-0.12383120449988794, 49.160374424319414], [-0.1260953927585381, 49.16162689590401], [-0.12835958101718736, 49.1628793674886], [-0.13062376927583663, 49.164131839073185], [-0.1328879575344859, 49.16538431065778], [-0.13515214579313584, 49.16663678224237], [-0.13515214579313584, 49.16663678224237], [-0.1346046522481792, 49.16851807089236], [-0.1340571587032241, 49.17039935954236], [-0.13350966515826923, 49.17228064819234], [-0.13296217161331314, 49.17416193684234], [-0.13241467806835827, 49.176043225492336], [-0.13186718452340251, 49.17792451414232], [-0.13131969097844653, 49.179805802792316], [-0.13077219743349233, 49.181687091442306], [-0.13022470388853558, 49.1835683800923], [-0.1296772103435807, 49.18544966874229], [-0.1296772103435807, 49.18544966874229], [-0.12840486721161448, 49.18664106077055], [-0.12713252407964726, 49.18783245279881], [-0.12586018094768114, 49.18902384482707], [-0.12458783781571414, 49.19021523685533], [-0.12331549468374792, 49.19140662888359], [-0.12204315155178169, 49.19259802091186], [-0.1207708084198148, 49.19378941294011], [-0.11949846528784858, 49.19498080496838], [-0.11822612215588135, 49.196172196996635], [-0.11695377902391524, 49.1973635890249], [-0.11695377902391524, 49.1973635890249], [-0.11377936744328121, 49.197803427013454], [-0.11060495586264818, 49.198243265002], [-0.10743054428201249, 49.19868310299055], [-0.10425613270137946, 49.1991229409791], [-0.10108172112074443, 49.19956277896766], [-0.09790730954011162, 49.200002616956205], [-0.0947328979594777, 49.200442454944756], [-0.09155848637884179, 49.20088229293331], [-0.08838407479820876, 49.20132213092186], [-0.08520966321757395, 49.201761968910404], [-0.08520966321757395, 49.201761968910404], [-0.08439387688495337, 49.201762172501596], [-0.08357809055233267, 49.2017623760928], [-0.08276230421971031, 49.201762579684], [-0.08194651788708973, 49.20176278327519], [-0.08113073155446826, 49.20176298686639], [-0.08031494522184779, 49.201763190457584], [-0.07949915888922632, 49.20176339404878], [-0.07868337255660462, 49.20176359763999], [-0.07786758622398415, 49.20176380123118], [-0.07705179989136268, 49.20176400482238], [-0.07705179989136268, 49.20176400482238], [-0.07750350197646316, 49.20307995193936], [-0.07795520406156364, 49.20439589905633], [-0.07840690614666612, 49.205711846173315], [-0.0788586082317666, 49.20702779329029], [-0.07931031031686708, 49.208343740407265], [-0.07976201240196756, 49.20965968752424], [-0.08021371448706827, 49.210975634641215], [-0.08066541657216963, 49.212291581758194], [-0.08111711865727012, 49.21360752887517], [-0.0815688207423706, 49.21492347599215], [-0.0815688207423706, 49.21492347599215], [-0.08265473001292922, 49.21586431425606], [-0.08374063928348652, 49.21680515251998], [-0.08482654855404514, 49.21774599078389], [-0.08591245782460355, 49.2186868290478], [-0.08699836709516195, 49.21962766731171], [-0.0880842763657198, 49.22056850557562], [-0.08917018563627821, 49.221509343839536], [-0.09025609490683661, 49.222450182103444], [-0.09134200417739435, 49.22339102036736], [-0.09242791344795276, 49.22433185863127], [-0.09242791344795276, 49.22433185863127], [-0.09079281588307508, 49.22615039550805], [-0.08915771831819663, 49.227968932384826], [-0.08752262075331829, 49.22978746926159], [-0.08588752318843973, 49.231606006138364], [-0.08425242562356106, 49.23342454301513], [-0.08261732805868383, 49.2352430798919], [-0.08098223049380437, 49.23706161676868], [-0.07934713292892659, 49.238880153645454], [-0.07771203536404647, 49.24069869052222], [-0.07607693779916902, 49.24251722739899], [-0.07607693779916902, 49.24251722739899], [-0.07707217826631896, 49.24320599001957], [-0.07806741873346823, 49.24389475264014], [-0.07906265920061817, 49.244583515260715], [-0.0800578996677681, 49.24527227788129], [-0.08105314013491649, 49.245961040501875], [-0.08204838060206665, 49.246649803122445], [-0.0830436210692167, 49.24733856574302], [-0.08403886153636564, 49.2480273283636], [-0.08503410200351502, 49.24871609098417], [-0.08602934247066496, 49.249404853604744], [-0.08602934247066496, 49.249404853604744], [-0.0890221306223784, 49.249404106711474], [-0.09201491877409018, 49.2494033598182], [-0.09500770692580274, 49.24940261292493], [-0.09800049507751651, 49.249401866031654], [-0.10099328322922818, 49.24940111913838], [-0.10398607138094085, 49.24940037224511], [-0.10697885953265429, 49.249399625351835], [-0.10997164768436696, 49.249398878458564], [-0.1129644358360784, 49.24939813156529], [-0.11595722398779196, 49.24939738467202], [-0.11595722398779196, 49.24939738467202], [-0.11749644687384131, 49.25002404938543], [-0.11903566975989255, 49.25065071409884], [-0.12057489264594379, 49.251277378812254], [-0.12211411553199414, 49.25190404352566], [-0.1236533384180436, 49.252530708239064], [-0.12519256130409573, 49.25315737295248], [-0.12673178419014586, 49.253784037665895], [-0.1282710070761962, 49.254410702379296], [-0.12981022996224656, 49.25503736709271], [-0.1313494528482968, 49.25566403180613], [-0.1313494528482968, 49.25566403180613], [-0.13235431272361686, 49.259369471924735], [-0.1333591725989386, 49.26307491204336], [-0.13436403247425888, 49.26678035216197], [-0.13536889234957872, 49.27048579228059], [-0.13637375222489878, 49.274191232399204], [-0.13737861210021973, 49.27789667251782], [-0.13838347197554068, 49.281602112636435], [-0.13938833185086053, 49.28530755275506], [-0.1403931917261816, 49.28901299287367], [-0.14139805160150165, 49.292718432992295], [-0.14139805160150165, 49.292718432992295], [-0.14528653896738464, 49.2923924692631], [-0.14917601340109976, 49.29206512898294], [-0.1530645257296881, 49.291734101076585], [-0.1569501267801856, 49.29139707446876], [-0.16083086737963437, 49.29105173808422], [-0.16470479835507346, 49.29069578084771], [-0.16856997053354195, 49.29032689168399], [-0.17242443474207825, 49.28994275951778], [-0.1762662418077212, 49.28954107327386], [-0.18009344255751147, 49.289119521876955], [-0.1800934425575088, 49.289119521876955], [-0.18490554188294173, 49.28843408736478], [-0.1900985212157824, 49.28773006563312], [-0.19542958705053204, 49.28693046488986], [-0.20065594588168345, 49.28595829334292], [-0.2055348042037397, 49.2847365592002], [-0.2098233685111962, 49.283188270669584], [-0.21327884529855334, 49.28123643595898], [-0.21565844106030718, 49.27880406327629], [-0.21671936229095878, 49.275814160829405], [-0.2162188154850041, 49.27218973682624], [-0.21621881548500144, 49.27218973682624], [-0.21964310795999908, 49.27219921360863], [-0.22241586535137725, 49.27273606757698], [-0.2246997512636444, 49.27373272798121], [-0.22665742930130395, 49.275121624071254], [-0.2284515630688635, 49.27683518509699], [-0.23024481617082415, 49.278805840308365], [-0.2321998522116957, 49.280966018955276], [-0.23447933479598115, 49.28324815028766], [-0.2372459275281863, 49.285584663555426], [-0.24066229401281714, 49.28790798800848], [-0.24066229401281802, 49.28790798800848], [-0.2509257837679928, 49.289483566760985], [-0.261016378845046, 49.2913850023641], [-0.2709548856582905, 49.29357224388631], [-0.2807621106220427, 49.296005240396084], [-0.29045886015061884, 49.29864394096192], [-0.3000659406583339, 49.301448294652275], [-0.3096041585595031, 49.30437825053564], [-0.319094320268444, 49.30739375768051], [-0.32855723219947197, 49.310454765155335], [-0.33801370076689996, 49.31352122202863], [-0.3380137007669026, 49.31352122202863], [-0.34781907248141175, 49.31574518532555], [-0.35732539858390955, 49.3187527373292], [-0.36663280757576955, 49.32226817700385], [-0.37584142795836795, 49.32601580331383], [-0.38505138823307916, 49.32971991522341], [-0.39436281690127606, 49.333104811696884], [-0.40387584246433494, 49.33589479169855], [-0.41369059342363046, 49.337814154192706], [-0.423907198280536, 49.33858719814365], [-0.4346257855364267, 49.337938222515646], [-0.4346257855364223, 49.337938222515646], [-0.44845957857528607, 49.3364402382581], [-0.4621466924265223, 49.33678842375263], [-0.47571196111439384, 49.33846771655751], [-0.48918021866316275, 49.34096305423096], [-0.502576299097094, 49.34375937433129], [-0.5159250364404497, 49.34634161441673], [-0.5292512647174924, 49.34819471204555], [-0.5425798179524867, 49.348803604776016], [-0.5559355301696953, 49.34765323016637], [-0.5693432353933803, 49.344228525774895], [-0.5693432353933776, 49.344228525774895], [-0.5776793858476952, 49.3419820921209], [-0.5860492751397574, 49.340679400568554], [-0.5944438945825585, 49.34017778958007], [-0.6028542354890929, 49.34033459761766], [-0.6112712891723506, 49.34100716314357], [-0.6196860469453257, 49.342052824620026], [-0.6280895001210104, 49.343328920509215], [-0.6364726400123983, 49.34469278927338], [-0.6448264579324814, 49.34600176937475], [-0.6531419451942523, 49.34711319927553], [-0.6531419451942541, 49.347113199275526], [-0.6715298410591295, 49.34663298494375], [-0.6898379086411638, 49.34687251449864], [-0.7080797818594647, 49.347705497923414], [-0.7262690946331419, 49.34900564520128], [-0.7444194808813056, 49.35064666631545], [-0.7625445745230637, 49.35250227124914], [-0.7806580094775275, 49.35444616998557], [-0.798773419663805, 49.35635207250795], [-0.816904439001006, 49.35809368879949], [-0.8350647014082415, 49.35954472884341], [-0.8350647014082442, 49.35954472884341], [-0.8445565088482674, 49.36115176046438], [-0.8541722937482024, 49.36289303912074], [-0.8637868702120312, 49.36484334901938], [-0.8732750523437349, 49.367077474367186], [-0.882511654247295, 49.36967019937103], [-0.8913714900266949, 49.37269630823779], [-0.8997293737859138, 49.37623058517438], [-0.9074601196289351, 49.38034781438765], [-0.9144385416597405, 49.38512278008449], [-0.9205394539823106, 49.390630266471796], [-0.9205394539823133, 49.390630266471796], [-0.9302620945181987, 49.39127023394848], [-0.9400403867932559, 49.391929504697075], [-0.949856981015486, 49.39254445767275], [-0.9596945273928885, 49.39305147183068], [-0.9695356761334613, 49.393386926126034], [-0.9793630774452047, 49.39348719951399], [-0.989159381536115, 49.39328867094972], [-0.9989072386141933, 49.3927277193884], [-1.0085892988874388, 49.39174072378518], [-1.0181882125638486, 49.39026406309527], [-1.0181882125638504, 49.39026406309527], [-1.024579104981836, 49.388653050435295], [-1.0311094640376897, 49.38808539545166], [-1.0377198061492663, 49.38826835127211], [-1.0443506477344213, 49.388909171024395], [-1.0509425052110057, 49.38971510783627], [-1.0574358949968745, 49.390393414835465], [-1.0637713335098813, 49.39065134514974], [-1.0698893371678813, 49.39019615190683], [-1.0757304223887252, 49.3887350882345], [-1.0812351055902678, 49.385975407260474], [-1.0812351055902651, 49.385975407260474], [-1.0846498446838724, 49.38314749897405], [-1.0887816499669445, 49.38039453190985], [-1.0933268225585087, 49.37766904881416], [-1.097981663577594, 49.37492359243326], [-1.102442474143229, 49.37211070551343], [-1.1064055553744399, 49.36918293080093], [-1.1095672083902561, 49.36609281104204], [-1.1116237343097033, 49.36279288898303], [-1.1122714342518136, 49.35923570737018], [-1.111206609335612, 49.355373808949764], [-1.1112066093356148, 49.355373808949764], [-1.1071749285310803, 49.35179418504364], [-1.1056066861638447, 49.34844121710184], [-1.1061368359556643, 49.34538287620092], [-1.1084003316282969, 49.34268713341743], [-1.1120321269035012, 49.34042195982789], [-1.1166671755030335, 49.338655326508885], [-1.1219404311486527, 49.33745520453695], [-1.1274868475621154, 49.33688956498864], [-1.132941378465181, 49.337026378940486], [-1.1379389775796063, 49.33793361746905], [-1.1379389775796016, 49.337933617469055], [-1.140278986512955, 49.34030205622872], [-1.1415172325959626, 49.3433843950529], [-1.1420384627611075, 49.346860789280285], [-1.1422274239408792, 49.350411394249605], [-1.1424688630677622, 49.353716365299555], [-1.1431475270742415, 49.35645585776884], [-1.1446481628928027, 49.35831002699618], [-1.1473555174559338, 49.35895902832027], [-1.15165433769612, 49.35808301707983], [-1.157929370545846, 49.35536214861357], [-1.1579293705458413, 49.35536214861357], [-1.1582580006991052, 49.355159143762286], [-1.158594782305262, 49.354967737674194], [-1.1589385277312443, 49.35478624751109], [-1.159288049343976, 49.3546129904348], [-1.1596421595103894, 49.354446283607146], [-1.159999670597413, 49.35428444418993], [-1.1603593949719746, 49.35412578934498], [-1.1607201450010034, 49.35396863623411], [-1.161080733051429, 49.35381130201913], [-1.1614399714901782, 49.35365210386187], [-1.1614399714901755, 49.35365210386187], [-1.1633349934911954, 49.349250524442255], [-1.165230015492215, 49.34484894502263], [-1.1671250374932358, 49.34044736560302], [-1.1690200594942557, 49.3360457861834], [-1.1709150814952756, 49.33164420676378], [-1.1728101034962952, 49.32724262734416], [-1.174705125497315, 49.32284104792455], [-1.1766001474983352, 49.31843946850493], [-1.1784951694993548, 49.314037889085306], [-1.1803901915003738, 49.30963630966569], [-1.1803901915003738, 49.30963630966569], [-1.1788496461457265, 49.307292994594924], [-1.1773091007910785, 49.30494967952414], [-1.17576855543643, 49.30260636445337], [-1.1742280100817821, 49.3002630493826], [-1.1726874647271337, 49.297919734311826], [-1.1711469193724857, 49.29557641924106], [-1.1696063740178373, 49.29323310417028], [-1.16806582866319, 49.2908897890995], [-1.166525283308541, 49.288546474028735], [-1.164984737953893, 49.28620315895795], [-1.164984737953893, 49.28620315895795], [-1.1606296976692172, 49.283544352822794], [-1.1562746573845388, 49.28088554668763], [-1.1519196170998631, 49.27822674055246], [-1.147564576815185, 49.2755679344173], [-1.1432095365305093, 49.27290912828214], [-1.1388544962458318, 49.27025032214697], [-1.1344994559611552, 49.267591516011805], [-1.1301444156764786, 49.264932709876646], [-1.1257893753918016, 49.26227390374147], [-1.121434335107125, 49.25961509760631], [-1.121434335107125, 49.25961509760631], [-1.1209242807096005, 49.25810795146958], [-1.1204142263120755, 49.256600805332866], [-1.1199041719145504, 49.255093659196135], [-1.1193941175170254, 49.25358651305941], [-1.1188840631195003, 49.25207936692269], [-1.1183740087219745, 49.25057222078597], [-1.1178639543244493, 49.24906507464924], [-1.117353899926925, 49.24755792851252], [-1.1168438455293999, 49.2460507823758], [-1.1163337911318747, 49.244543636239065], [-1.1163337911318747, 49.244543636239065], [-1.1183890597456227, 49.24276985949547], [-1.1204443283593688, 49.24099608275186], [-1.1224995969731175, 49.239222306008266], [-1.1245548655868645, 49.237448529264654], [-1.1266101342006123, 49.235674752521064], [-1.1286654028143592, 49.23390097577746], [-1.1307206714281062, 49.23212719903386], [-1.132775940041854, 49.23035342229025], [-1.1348312086556018, 49.22857964554666], [-1.1368864772693488, 49.226805868803055], [-1.1368864772693488, 49.226805868803055], [-1.1344577881323636, 49.22272797195572], [-1.1320290989953774, 49.218650075108386], [-1.1296004098583914, 49.21457217826105], [-1.1271717207214047, 49.210494281413716], [-1.1247430315844194, 49.20641638456638], [-1.1223143424474333, 49.202338487719054], [-1.1198856533104482, 49.19826059087172], [-1.117456964173461, 49.19418269402439], [-1.1150282750364757, 49.19010479717706], [-1.1125995858994897, 49.18602690032972], [-1.1125995858994897, 49.18602690032972], [-1.1115808460927175, 49.1823033054675], [-1.1105621062859443, 49.17857971060529], [-1.109543366479171, 49.17485611574307], [-1.1085246266723974, 49.17113252088086], [-1.1075058868656245, 49.167408926018645], [-1.1064871470588502, 49.16368533115643], [-1.1054684072520768, 49.159961736294214], [-1.1044496674453044, 49.156238141432], [-1.1034309276385315, 49.15251454656978], [-1.1024121878317579, 49.148790951707575], [-1.1024121878317579, 49.148790951707575], [-1.097158271452787, 49.1467530086824], [-1.0919043550738141, 49.144715065657245], [-1.0866504386948421, 49.14267712263208], [-1.08139652231587, 49.140639179606914], [-1.0761426059368981, 49.13860123658174], [-1.0708886895579264, 49.13656329355657], [-1.0656347731789533, 49.13452535053142], [-1.0603808567999822, 49.132487407506254], [-1.0551269404210102, 49.13044946448108], [-1.0498730240420375, 49.12841152145591], [-1.0498730240420375, 49.12841152145591], [-1.0505220901713472, 49.12433392303177], [-1.0511711563006572, 49.12025632460763], [-1.0518202224299673, 49.116178726183485], [-1.052469288559277, 49.11210112775934], [-1.0531183546885863, 49.10802352933519], [-1.053767420817897, 49.103945930911046], [-1.054416486947207, 49.099868332486906], [-1.055065553076517, 49.09579073406277], [-1.055714619205827, 49.09171313563862], [-1.056363685335136, 49.087635537214474], [-1.056363685335136, 49.087635537214474], [-1.0577799820853024, 49.08470930036558], [-1.0591962788354676, 49.08178306351668], [-1.0606125755856348, 49.07885682666779], [-1.0620288723358011, 49.0759305898189], [-1.0634451690859663, 49.07300435297001], [-1.0648614658361326, 49.07007811612111], [-1.0662777625862983, 49.06715187927222], [-1.0676940593364652, 49.064225642423324], [-1.0691103560866317, 49.06129940557443], [-1.070526652836797, 49.05837316872553], [-1.070526652836797, 49.05837316872553], [-1.0675844789050288, 49.05456139041939], [-1.064642304973259, 49.05074961211323], [-1.0617001310414913, 49.04693783380707], [-1.0587579571097223, 49.04312605550091], [-1.0558157831779544, 49.039314277194755], [-1.0528736092461848, 49.035502498888604], [-1.049931435314417, 49.031690720582446], [-1.046989261382648, 49.02787894227629], [-1.0440470874508794, 49.02406716397013], [-1.0411049135191104, 49.020255385663965], [-1.0411049135191104, 49.020255385663965], [-1.04098266199052, 49.01715220585279], [-1.0408604104619288, 49.014049026041604], [-1.0407381589333373, 49.01094584623042], [-1.0406159074047467, 49.00784266641924], [-1.0404936558761555, 49.00473948660805], [-1.0403714043475643, 49.00163630679687], [-1.0402491528189728, 48.99853312698569], [-1.0401269012903824, 48.9954299471745], [-1.040004649761791, 48.992326767363316], [-1.0398823982332, 48.98922358755214], [-1.0398823982332, 48.98922358755214], [-1.0415543132031082, 48.98674060423282], [-1.0432262281730156, 48.98425762091352], [-1.0448981431429232, 48.981774637594214], [-1.0465700581128305, 48.9792916542749], [-1.048241973082739, 48.97680867095559], [-1.0499138880526473, 48.97432568763629], [-1.0515858030225549, 48.97184270431698], [-1.0532577179924623, 48.96935972099767], [-1.0549296329623696, 48.96687673767836], [-1.056601547932277, 48.96439375435906], [-1.056601547932277, 48.96439375435906], [-1.0559661696800757, 48.96137936607057], [-1.0553307914278742, 48.95836497778209], [-1.0546954131756727, 48.95535058949361], [-1.0540600349234714, 48.95233620120513], [-1.053424656671269, 48.949321812916644], [-1.0527892784190687, 48.94630742462816], [-1.0521539001668672, 48.94329303633968], [-1.0515185219146659, 48.9402786480512], [-1.0508831436624642, 48.93726425976271], [-1.050247765410262, 48.93424987147423], [-1.050247765410262, 48.93424987147423], [-1.0476853515109543, 48.933009227926966], [-1.0451229376116438, 48.93176858437972], [-1.042560523712336, 48.93052794083245], [-1.0399981098130275, 48.92928729728519], [-1.0374356959137172, 48.92804665373794], [-1.0348732820144095, 48.92680601019067], [-1.032310868115101, 48.92556536664341], [-1.0297484542157913, 48.924324723096156], [-1.0271860403164828, 48.92308407954889], [-1.0246236264171733, 48.92184343600164], [-1.0246236264171733, 48.92184343600164], [-1.013336928648959, 48.92264421847086], [-1.002050230880743, 48.92344500094008], [-0.9907635331125277, 48.92424578340931], [-0.9794768353443117, 48.92504656587853], [-0.9681901375760957, 48.92584734834776], [-0.9569034398078795, 48.926648130816986], [-0.9456167420396637, 48.927448913286206], [-0.9343300442714484, 48.92824969575544], [-0.9230433465032333, 48.92905047822466], [-0.9117566487350182, 48.92985126069389], [-0.9117566487350182, 48.92985126069389], [-0.9107355211015757, 48.92736894946204], [-0.9097143934681322, 48.9248866382302], [-0.9086932658346898, 48.92240432699836], [-0.9076721382012483, 48.91992201576652], [-0.9066510105678058, 48.917439704534665], [-0.9056298829343626, 48.91495739330283], [-0.90460875530092, 48.91247508207099], [-0.9035876276674786, 48.90999277083914], [-0.9025665000340362, 48.9075104596073], [-0.9015453724005934, 48.905028148375465], [-0.9015453724005934, 48.905028148375465], [-0.9018100681166664, 48.90077225242613], [-0.902074763832739, 48.8965163564768], [-0.9023394595488108, 48.89226046052748], [-0.9026041552648834, 48.888004564578154], [-0.9028688509809549, 48.88374866862883], [-0.9031335466970286, 48.8794927726795], [-0.9033982424131003, 48.87523687673018], [-0.903662938129173, 48.87098098078086], [-0.9039276338452455, 48.86672508483153], [-0.9041923295613182, 48.8624691888822], [-0.9041923295613182, 48.8624691888822], [-0.9058649290306423, 48.859631551533845], [-0.9075375284999655, 48.85679391418548], [-0.9092101279692899, 48.85395627683711], [-0.9108827274386142, 48.85111863948875], [-0.9125553269079392, 48.848281002140396], [-0.9142279263772626, 48.84544336479203], [-0.9159005258465867, 48.84260572744367], [-0.9175731253159107, 48.83976809009531], [-0.9192457247852341, 48.83693045274695], [-0.9209183242545584, 48.834092815398584], [-0.9209183242545584, 48.834092815398584], [-0.92092071999196, 48.83285153176624], [-0.9209231157293605, 48.83161024813389], [-0.920925511466762, 48.830368964501545], [-0.9209279072041636, 48.8291276808692], [-0.9209303029415643, 48.82788639723685], [-0.9209326986789659, 48.826645113604506], [-0.9209350944163675, 48.82540382997216], [-0.9209374901537679, 48.82416254633982], [-0.9209398858911695, 48.82292126270747], [-0.9209422816285702, 48.82167997907513], [-0.9209422816285702, 48.82167997907513], [-0.9186392585959691, 48.81893199736503], [-0.9163362355633693, 48.81618401565492], [-0.9140332125307673, 48.81343603394481], [-0.9117301894981655, 48.81068805223471], [-0.9094271664655647, 48.80794007052461], [-0.9071241434329645, 48.80519208881451], [-0.9048211204003629, 48.8024441071044], [-0.9025180973677609, 48.7996961253943], [-0.900215074335161, 48.7969481436842], [-0.897912051302559, 48.7942001619741], [-0.897912051302559, 48.7942001619741], [-0.8968905814299654, 48.79189517228744], [-0.8958691115573706, 48.789590182600776], [-0.8948476416847768, 48.787285192914126], [-0.8938261718121823, 48.78498020322746], [-0.8928047019395866, 48.78267521354081], [-0.8917832320669927, 48.780370223854156], [-0.8907617621943973, 48.778065234167485], [-0.8897402923218034, 48.775760244480836], [-0.8887188224492086, 48.77345525479418], [-0.8876973525766139, 48.77115026510753], [-0.8876973525766139, 48.77115026510753], [-0.8886913014169209, 48.76930304841082], [-0.8896852502572278, 48.7674558317141], [-0.8906791990975336, 48.7656086150174], [-0.8916731479378385, 48.76376139832069], [-0.892667096778146, 48.761914181623986], [-0.8936610456184522, 48.760066964927276], [-0.8946549944587582, 48.758219748230566], [-0.8956489432990631, 48.75637253153386], [-0.8966428921393707, 48.75452531483715], [-0.8976368409796764, 48.75267809814045], [-0.8976368409796764, 48.75267809814045], [-0.8952814915032433, 48.75142458278522], [-0.89292614202681, 48.750171067429996], [-0.8905707925503777, 48.748917552074765], [-0.8882154430739453, 48.74766403671954], [-0.8858600935975112, 48.74641052136431], [-0.8835047441210787, 48.745157006009094], [-0.8811493946446456, 48.743903490653864], [-0.8787940451682131, 48.74264997529864], [-0.87643869569178, 48.74139645994341], [-0.8740833462153466, 48.740142944588186], [-0.8740833462153466, 48.740142944588186], [-0.8734551940206854, 48.737384929790956], [-0.872827041826024, 48.734626914993726], [-0.8721988896313625, 48.7318689001965], [-0.8715707374367002, 48.729110885399265], [-0.8709425852420387, 48.72635287060204], [-0.8703144330473784, 48.72359485580481], [-0.8696862808527152, 48.72083684100758], [-0.8690581286580538, 48.718078826210366], [-0.8684299764633916, 48.71532081141313], [-0.8678018242687311, 48.712562796615906], [-0.8678018242687311, 48.712562796615906], [-0.8618198707706274, 48.710683137483215], [-0.8558379172725218, 48.70880347835052], [-0.8498559637744181, 48.706923819217835], [-0.8438740102763145, 48.705044160085144], [-0.8378920567782109, 48.703164500952454], [-0.8319101032801065, 48.701284841819756], [-0.825928149782001, 48.699405182687066], [-0.8199461962838981, 48.697525523554376], [-0.8139642427857945, 48.69564586442169], [-0.807982289287689, 48.693766205289], [-0.807982289287689, 48.693766205289], [-0.804543084028391, 48.690507895052036], [-0.8011038787690936, 48.68724958481508], [-0.7976646735097945, 48.683991274578126], [-0.7942254682504974, 48.68073296434116], [-0.7907862629911983, 48.67747465410421], [-0.7873470577319003, 48.67421634386725], [-0.7839078524726032, 48.67095803363029], [-0.780468647213304, 48.667699723393326], [-0.777029441954006, 48.66444141315637], [-0.773590236694707, 48.661183102919416], [-0.773590236694707, 48.661183102919416], [-0.7706864346246476, 48.662311878901264], [-0.7677826325545882, 48.66344065488311], [-0.7648788304845291, 48.664569430864965], [-0.7619750284144698, 48.66569820684681], [-0.7590712263444096, 48.66682698282866], [-0.7561674242743505, 48.667955758810514], [-0.7532636222042902, 48.66908453479237], [-0.7503598201342317, 48.67021331077421], [-0.7474560180641727, 48.67134208675606], [-0.7445522159941116, 48.67247086273792], [-0.7445522159941116, 48.67247086273792], [-0.7416530036887773, 48.67121748311147], [-0.738753791383442, 48.669964103485015], [-0.7358545790781069, 48.668710723858574], [-0.7329553667727724, 48.667457344232126], [-0.7300561544674371, 48.666203964605685], [-0.7271569421621021, 48.66495058497924], [-0.724257729856766, 48.66369720535279], [-0.7213585175514324, 48.66244382572635], [-0.7184593052460972, 48.6611904460999], [-0.715560092940762, 48.659937066473454], [-0.715560092940762, 48.659937066473454], [-0.7143774516422451, 48.661881542303455], [-0.7131948103437276, 48.663826018133456], [-0.7120121690452098, 48.66577049396346], [-0.7108295277466937, 48.667714969793465], [-0.7096468864481771, 48.66965944562346], [-0.7084642451496593, 48.67160392145346], [-0.7072816038511416, 48.67354839728346], [-0.7060989625526249, 48.675492873113456], [-0.7049163212541089, 48.677437348943464], [-0.7037336799555911, 48.679381824773465], [-0.7037336799555911, 48.679381824773465], [-0.7023728126481702, 48.68000921324604], [-0.7010119453407492, 48.68063660171862], [-0.6996510780333283, 48.68126399019119], [-0.6982902107259071, 48.681891378663764], [-0.6969293434184861, 48.682518767136344], [-0.6955684761110652, 48.68314615560892], [-0.6942076088036443, 48.68377354408149], [-0.692846741496223, 48.68440093255407], [-0.6914858741888021, 48.68502832102664], [-0.6901250068813812, 48.685655709499216], [-0.6901250068813812, 48.685655709499216], [-0.688040500222114, 48.684966152199436], [-0.6859559935628491, 48.684276594899664], [-0.6838714869035818, 48.68358703759989], [-0.681786980244315, 48.68289748030011], [-0.6797024735850496, 48.68220792300034], [-0.6776179669257828, 48.681518365700555], [-0.6755334602665156, 48.68082880840079], [-0.6734489536072497, 48.68013925110101], [-0.6713644469479834, 48.67944969380124], [-0.6692799402887166, 48.67876013650145], [-0.6692799402887166, 48.67876013650145], [-0.6672826033133018, 48.68013972348107], [-0.6652852663378861, 48.68151931046069], [-0.6632879293624714, 48.68289889744031], [-0.6612905923870555, 48.68427848441993], [-0.65929325541164, 48.685658071399544], [-0.6572959184362258, 48.68703765837917], [-0.6552985814608095, 48.688417245358785], [-0.6533012444853947, 48.6897968323384], [-0.6513039075099806, 48.69117641931802], [-0.6493065705345643, 48.69255600629763]]]}}, {"type": "Feature", "properties": {"source": "0_Province_Rouen.txt"}, "geometry": {"type": "Polygon", "coordinates": [[[-0.773590236694707, 48.661183102919416], [-0.777029441954006, 48.66444141315637], [-0.780468647213304, 48.667699723393326], [-0.7839078524726032, 48.67095803363029], [-0.7873470577319003, 48.67421634386725], [-0.7907862629911983, 48.67747465410421], [-0.7942254682504974, 48.68073296434116], [-0.7976646735097945, 48.683991274578126], [-0.8011038787690936, 48.68724958481508], [-0.804543084028391, 48.690507895052036], [-0.807982289287689, 48.693766205289], [-0.807982289287689, 48.693766205289], [-0.8139642427857945, 48.69564586442169], [-0.8199461962838981, 48.697525523554376], [-0.825928149782001, 48.699405182687066], [-0.8319101032801065, 48.701284841819756], [-0.8378920567782109, 48.703164500952454], [-0.8438740102763145, 48.705044160085144], [-0.8498559637744181, 48.706923819217835], [-0.8558379172725218, 48.70880347835052], [-0.8618198707706274, 48.710683137483215], [-0.8678018242687311, 48.712562796615906], [-0.8678018242687311, 48.712562796615906], [-0.8684299764633916, 48.71532081141313], [-0.8690581286580538, 48.718078826210366], [-0.8696862808527152, 48.72083684100758], [-0.8703144330473784, 48.72359485580481], [-0.8709425852420387, 48.72635287060204], [-0.8715707374367002, 48.729110885399265], [-0.8721988896313625, 48.7318689001965], [-0.872827041826024, 48.734626914993726], [-0.8734551940206854, 48.737384929790956], [-0.8740833462153466, 48.740142944588186], [-0.8740833462153466, 48.740142944588186], [-0.87643869569178, 48.74139645994341], [-0.8787940451682131, 48.74264997529864], [-0.8811493946446456, 48.743903490653864], [-0.8835047441210787, 48.745157006009094], [-0.8858600935975112, 48.74641052136431], [-0.8882154430739453, 48.74766403671954], [-0.8905707925503777, 48.748917552074765], [-0.89292614202681, 48.750171067429996], [-0.8952814915032433, 48.75142458278522], [-0.8976368409796764, 48.75267809814045], [-0.8976368409796764, 48.75267809814045], [-0.900810526818231, 48.75261428290114], [-0.9039842126567874, 48.75255046766183], [-0.9071578984953411, 48.75248665242251], [-0.9103315843338966, 48.7524228371832], [-0.9135052701724509, 48.75235902194388], [-0.9166789560110065, 48.75229520670457], [-0.9198526418495618, 48.75223139146525], [-0.9230263276881163, 48.752167576225936], [-0.9262000135266728, 48.75210376098663], [-0.9293736993652271, 48.75203994574731], [-0.9293736993652271, 48.75203994574731], [-0.9354429668036195, 48.755110657586314], [-0.941512234242013, 48.758181369425316], [-0.9475815016804061, 48.76125208126431], [-0.9536507691187985, 48.76432279310332], [-0.9597200365571912, 48.76739350494231], [-0.9657893039955843, 48.77046421678131], [-0.9718585714339767, 48.773534928620315], [-0.9779278388723693, 48.776605640459316], [-0.9839971063107624, 48.7796763522983], [-0.9900663737491548, 48.78274706413731], [-0.9900663737491548, 48.78274706413731], [-0.991973613437632, 48.78161853686192], [-0.9938808531261103, 48.78049000958653], [-0.9957880928145866, 48.77936148231114], [-0.9976953325030646, 48.77823295503574], [-0.9996025721915429, 48.77710442776035], [-1.0015098118800192, 48.77597590048495], [-1.0034170515684973, 48.77484737320956], [-1.0053242912569744, 48.77371884593417], [-1.0072315309454518, 48.77259031865877], [-1.009138770633929, 48.77146179138338], [-1.009138770633929, 48.77146179138338], [-1.0130392420367402, 48.771084800865935], [-1.0169397134395504, 48.7707078103485], [-1.0208401848423616, 48.77033081983105], [-1.0247406562451737, 48.769953829313614], [-1.028641127647983, 48.76957683879616], [-1.0325415990507942, 48.769199848278724], [-1.0364420704536055, 48.768822857761286], [-1.0403425418564167, 48.768445867243834], [-1.044243013259227, 48.768068876726396], [-1.0481434846620383, 48.767691886208944], [-1.0481434846620383, 48.767691886208944], [-1.054941376638821, 48.76869326111407], [-1.0617392686156044, 48.76969463601919], [-1.0685371605923875, 48.7706960109243], [-1.075335052569169, 48.77169738582943], [-1.0821329445459518, 48.772698760734535], [-1.0889308365227344, 48.77370013563966], [-1.0957287284995172, 48.77470151054478], [-1.1025266204762991, 48.77570288544989], [-1.1093245124530824, 48.77670426035501], [-1.1161224044298652, 48.77770563526013], [-1.1161224044298652, 48.77770563526013], [-1.1182951635285294, 48.779899238930355], [-1.1204679226271945, 48.782092842600576], [-1.1226406817258587, 48.78428644627079], [-1.124813440824523, 48.78648004994103], [-1.1269861999231883, 48.78867365361124], [-1.1291589590218534, 48.790867257281455], [-1.1313317181205165, 48.793060860951684], [-1.1335044772191818, 48.795254464621905], [-1.135677236317846, 48.79744806829213], [-1.1378499954165102, 48.79964167196235], [-1.1378499954165102, 48.79964167196235], [-1.1419329297069145, 48.79838654984093], [-1.14601586399732, 48.797131427719506], [-1.1500987982877253, 48.79587630559808], [-1.1541817325781287, 48.79462118347666], [-1.158264666868533, 48.79336606135524], [-1.1623476011589382, 48.792110939233815], [-1.1664305354493418, 48.790855817112394], [-1.1705134697397463, 48.78960069499097], [-1.1745964040301518, 48.78834557286955], [-1.178679338320556, 48.787090450748124], [-1.178679338320556, 48.787090450748124], [-1.183303118786621, 48.78740228524631], [-1.1879268992526861, 48.787714119744486], [-1.1925506797187522, 48.78802595424266], [-1.197174460184818, 48.78833778874085], [-1.2017982406508831, 48.788649623239024], [-1.2064220211169492, 48.78896145773721], [-1.2110458015830141, 48.789273292235386], [-1.2156695820490802, 48.78958512673357], [-1.2202933625151453, 48.78989696123175], [-1.2249171429812105, 48.790208795729924], [-1.2249171429812105, 48.790208795729924], [-1.230534700413215, 48.791963565923275], [-1.2361522578452189, 48.79371833611661], [-1.2417698152772236, 48.79547310630995], [-1.2473873727092266, 48.797227876503285], [-1.2530049301412305, 48.79898264669662], [-1.2586224875732344, 48.80073741688996], [-1.2642400450052391, 48.8024921870833], [-1.2698576024372428, 48.804246957276646], [-1.2754751598692466, 48.80600172746998], [-1.2810927173012514, 48.80775649766332], [-1.2810927173012514, 48.80775649766332], [-1.2845401183748892, 48.807567628765476], [-1.287987519448525, 48.807378759867625], [-1.2914349205221631, 48.80718989096978], [-1.2948823215958007, 48.80700102207193], [-1.2983297226694377, 48.806812153174086], [-1.3017771237430746, 48.806623284276235], [-1.3052245248167116, 48.80643441537839], [-1.3086719258903492, 48.806245546480554], [-1.3121193269639861, 48.80605667758271], [-1.315566728037624, 48.805867808684866], [-1.315566728037624, 48.805867808684866], [-1.3254577688516935, 48.80210303620332], [-1.3353488096657615, 48.79833826372179], [-1.3452398504798313, 48.79457349124024], [-1.3551308912939009, 48.790808718758704], [-1.3650219321079695, 48.78704394627717], [-1.3749129729220384, 48.78327917379563], [-1.384804013736107, 48.779514401314096], [-1.3946950545501766, 48.77574962883255], [-1.4045860953642455, 48.77198485635101], [-1.4144771361783142, 48.76822008386948], [-1.4144771361783142, 48.76822008386948], [-1.425538858084462, 48.76790432935953], [-1.4366005799906088, 48.76758857484959], [-1.4476623018967565, 48.76727282033964], [-1.4587240238029031, 48.766957065829686], [-1.46978574570905, 48.76664131131974], [-1.4808474676151977, 48.76632555680979], [-1.4919091895213445, 48.76600980229984], [-1.5029709114274923, 48.76569404778989], [-1.514032633333639, 48.765378293279944], [-1.5250943552397858, 48.76506253877], [-1.5250943552397858, 48.76506253877], [-1.5289616898512193, 48.76424223919953], [-1.5328290244626537, 48.76342193962907], [-1.5366963590740872, 48.762601640058605], [-1.5405636936855205, 48.761781340488135], [-1.5444310282969538, 48.76096104091767], [-1.5482983629083873, 48.76014074134721], [-1.5521656975198208, 48.75932044177674], [-1.5560330321312532, 48.75850014220628], [-1.5599003667426876, 48.75767984263581], [-1.5637677013541211, 48.756859543065346], [-1.5637677013541211, 48.756859543065346], [-1.5637689431915422, 48.7568446998428], [-1.5637693763775902, 48.75682978331414], [-1.5637692030751122, 48.756814811805896], [-1.5637686254469467, 48.75679980364458], [-1.5637678456559385, 48.756784777156746], [-1.56376706586493, 48.756769750668916], [-1.5637664882367657, 48.75675474250761], [-1.5637663149342866, 48.75673977099936], [-1.5637667481203357, 48.756724854470704], [-1.563767989957757, 48.75671001124815], [-1.5637679899577552, 48.75671001124815], [-1.5652099832462611, 48.75255799003743], [-1.5652858241126009, 48.74875380240278], [-1.5641552981755678, 48.74528802997195], [-1.5619781910539594, 48.74215125437276], [-1.5589142883665708, 48.73933405723298], [-1.5551233757321994, 48.73682702018038], [-1.5507652387696398, 48.73462072484277], [-1.5459996630976893, 48.732705752847934], [-1.5409864343351416, 48.73107268582364], [-1.5358853381007966, 48.7297121053977], [-1.5358853381007969, 48.729712105397695], [-1.5282452863120188, 48.72676940172651], [-1.522589527339642, 48.722884199122575], [-1.5184735159017115, 48.71826783256505], [-1.5154527067162697, 48.71313163703309], [-1.5130825545013606, 48.70768694750585], [-1.5109185139750325, 48.70214509896248], [-1.5085160398553261, 48.69671742638214], [-1.5054305868602864, 48.69161526474399], [-1.5012176097079588, 48.68704994902717], [-1.4954325631163878, 48.68323281421084], [-1.4954325631163878, 48.68323281421084], [-1.4901561780313664, 48.682427040305335], [-1.4848557267581461, 48.681551840561454], [-1.479570217576745, 48.68057516071147], [-1.4743386587671794, 48.67946494648764], [-1.46920005860947, 48.67818914362221], [-1.4641934253836302, 48.676715697847456], [-1.4593577673696805, 48.67501255489563], [-1.4547320928476377, 48.67304766049898], [-1.4503554100975196, 48.67078896038978], [-1.446266727399344, 48.668204400300276], [-1.4462667273993421, 48.668204400300276], [-1.4457589007265488, 48.663133178955164], [-1.444360818045093, 48.66018553330235], [-1.4421828875946285, 48.65899063917374], [-1.4393355176148033, 48.65917767240126], [-1.4359291163452654, 48.66037580881686], [-1.4320740920256643, 48.66221422425245], [-1.427880852895648, 48.664322094539955], [-1.4234598071948688, 48.6663285955113], [-1.4189213631629718, 48.667862902998436], [-1.4143759290396083, 48.66855419283325], [-1.4143759290396072, 48.668554192833255], [-1.4114247587070177, 48.66638001942234], [-1.4085797850311566, 48.664119836895466], [-1.405726016535299, 48.66184472920425], [-1.402748461742717, 48.65962578030024], [-1.3995321291766882, 48.657534074135064], [-1.395962027360483, 48.65564069466029], [-1.3919231648173784, 48.65401672582752], [-1.3873005500706481, 48.65273325158834], [-1.3819791916435669, 48.65186135589433], [-1.3758440980594075, 48.6514721226971], [-1.3758440980594102, 48.6514721226971], [-1.3707379481316742, 48.65113851957298], [-1.3663188557092374, 48.64949767137245], [-1.3627054370750475, 48.646967906046996], [-1.3600163085120545, 48.64396755154812], [-1.3583700863032075, 48.6409149358273], [-1.3578853867314569, 48.63822838683603], [-1.35868082607975, 48.6363262325258], [-1.3608750206310365, 48.63562680084811], [-1.364586586668267, 48.63654841975443], [-1.36993414047439, 48.639509417196265], [-1.36993414047439, 48.639509417196265], [-1.375758766380503, 48.639744904229815], [-1.3816154448747977, 48.64012012773548], [-1.3874949947447601, 48.640571486616615], [-1.3933882347778768, 48.64103537977654], [-1.3992859837616307, 48.64144820611859], [-1.405179060483509, 48.64174636454608], [-1.4110582837309955, 48.64186625396237], [-1.4169144722915785, 48.64174427327078], [-1.4227384449527396, 48.64131682137464], [-1.428521020501965, 48.640520297177275], [-1.428521020501965, 48.640520297177275], [-1.4330229048701175, 48.638914095976766], [-1.4377001219197036, 48.637703701693894], [-1.4424745462575024, 48.636767623257846], [-1.447268052490294, 48.63598436959782], [-1.4520025152248566, 48.635232449643034], [-1.4565998090679704, 48.634390372322656], [-1.4609818086264135, 48.633336646565894], [-1.4650703885069642, 48.631949781301955], [-1.4687874233164036, 48.630108285460025], [-1.4720547876615095, 48.627690667969304], [-1.472054787661508, 48.6276906679693], [-1.4772203941256705, 48.62865745302437], [-1.4823756422874794, 48.62909754982243], [-1.487485305257233, 48.62915913812835], [-1.4925141561452342, 48.628990397706964], [-1.4974269680617829, 48.62873950832315], [-1.502188514117181, 48.62855464974173], [-1.5067635674217283, 48.62858400172756], [-1.5111169010857257, 48.62897574404552], [-1.515213288219475, 48.62987805646043], [-1.519017501933277, 48.63143911873714], [-1.5190175019332797, 48.63143911873714], [-1.522073367475477, 48.6314712782449], [-1.5251619103954301, 48.631582595006925], [-1.5282788384143, 48.631763517345846], [-1.5314198592532497, 48.63200449358426], [-1.534580680633443, 48.63229597204482], [-1.5377570102760418, 48.632628401050134], [-1.540944555902212, 48.63299222892282], [-1.544139025233113, 48.633377903985505], [-1.5473361259899088, 48.63377587456081], [-1.550531565893763, 48.63417658897136], [-1.5505315658937604, 48.63417658897135], [-1.5498327274976926, 48.63121563009098], [-1.549133889101626, 48.6282546712106], [-1.5484350507055602, 48.62529371233022], [-1.5477362123094927, 48.62233275344985], [-1.5470373739134258, 48.61937179456947], [-1.546338535517361, 48.61641083568909], [-1.5456396971212931, 48.613449876808716], [-1.5449408587252265, 48.610488917928336], [-1.5442420203291607, 48.607527959047964], [-1.5435431819330931, 48.604567000167584], [-1.5435431819330931, 48.604567000167584], [-1.5426432504805947, 48.60093096712903], [-1.5417433190280958, 48.59729493409047], [-1.5408433875755967, 48.59365890105192], [-1.5399434561230982, 48.590022868013364], [-1.539043524670598, 48.58638683497481], [-1.5381435932180982, 48.582750801936264], [-1.5372436617655991, 48.579114768897696], [-1.5363437303131007, 48.57547873585915], [-1.5354437988606018, 48.5718427028206], [-1.5345438674081024, 48.56820666978204], [-1.5345438674081024, 48.56820666978204], [-1.5357343642526418, 48.562187966053564], [-1.5369248610971804, 48.556169262325085], [-1.5381153579417186, 48.550150558596606], [-1.539305854786258, 48.54413185486813], [-1.5404963516307975, 48.53811315113965], [-1.5416868484753357, 48.532094447411176], [-1.5428773453198743, 48.526075743682696], [-1.5440678421644125, 48.52005703995422], [-1.5452583390089527, 48.514038336225745], [-1.5464488358534905, 48.508019632497266], [-1.5464488358534905, 48.508019632497266], [-1.5417446479453252, 48.50294243714964], [-1.537040460037162, 48.49786524180202], [-1.5323362721289961, 48.49278804645441], [-1.5276320842208309, 48.48771085110678], [-1.522927896312667, 48.482633655759166], [-1.518223708404502, 48.47755646041154], [-1.5135195204963376, 48.47247926506392], [-1.508815332588172, 48.4674020697163], [-1.504111144680008, 48.462324874368676], [-1.4994069567718427, 48.45724767902106], [-1.4994069567718427, 48.45724767902106], [-1.4962311163361626, 48.45762448869643], [-1.4930552759004834, 48.45800129837181], [-1.4898794354648033, 48.45837810804719], [-1.486703595029123, 48.458754917722565], [-1.4835277545934429, 48.459131727397946], [-1.4803519141577628, 48.45950853707332], [-1.4771760737220836, 48.45988534674869], [-1.4740002332864044, 48.46026215642408], [-1.470824392850725, 48.46063896609945], [-1.4676485524150447, 48.461015775774825], [-1.4676485524150447, 48.461015775774825], [-1.4648417115626577, 48.45913639076839], [-1.4620348707102728, 48.45725700576196], [-1.4592280298578868, 48.45537762075552], [-1.4564211890055008, 48.453498235749095], [-1.4536143481531147, 48.451618850742655], [-1.4508075073007303, 48.449739465736215], [-1.4480006664483436, 48.44786008072979], [-1.4451938255959584, 48.44598069572335], [-1.4423869847435733, 48.444101310716924], [-1.4395801438911862, 48.44222192571049], [-1.4395801438911862, 48.44222192571049], [-1.4370424452543098, 48.441783518730425], [-1.4345047466174323, 48.44134511175038], [-1.4319670479805555, 48.44090670477032], [-1.4294293493436783, 48.44046829779026], [-1.4268916507068, 48.440029890810216], [-1.424353952069923, 48.43959148383016], [-1.421816253433046, 48.439153076850104], [-1.4192785547961684, 48.438714669870045], [-1.41674085615929, 48.438276262889985], [-1.4142031575224134, 48.43783785590994], [-1.4142031575224134, 48.43783785590994], [-1.4092153312382925, 48.438027109243016], [-1.4042275049541708, 48.43821636257611], [-1.399239678670049, 48.43840561590919], [-1.3942518523859273, 48.43859486924227], [-1.3892640261018054, 48.43878412257535], [-1.3842761998176845, 48.43897337590844], [-1.3792883735335626, 48.43916262924152], [-1.3743005472494418, 48.43935188257461], [-1.369312720965319, 48.4395411359077], [-1.3643248946811972, 48.43973038924078], [-1.3643248946811972, 48.43973038924078], [-1.3635024451578184, 48.44317883810552], [-1.3626799956344386, 48.44662728697026], [-1.3618575461110582, 48.45007573583499], [-1.3610350965876787, 48.45352418469974], [-1.3602126470642992, 48.456972633564476], [-1.3593901975409195, 48.46042108242922], [-1.3585677480175409, 48.46386953129396], [-1.35774529849416, 48.4673179801587], [-1.3569228489707805, 48.470766429023435], [-1.3561003994474008, 48.47421487788817], [-1.3561003994474008, 48.47421487788817], [-1.3516566713572113, 48.47427794903288], [-1.3472129432670237, 48.474341020177604], [-1.342769215176834, 48.47440409132232], [-1.3383254870866446, 48.474467162467036], [-1.333881758996456, 48.474530233611745], [-1.3294380309062666, 48.47459330475646], [-1.324994302816077, 48.474656375901176], [-1.3205505747258877, 48.47471944704589], [-1.3161068466356998, 48.47478251819061], [-1.3116631185455105, 48.47484558933532], [-1.3116631185455105, 48.47484558933532], [-1.3048527859649668, 48.47948661252839], [-1.298042453384424, 48.48412763572145], [-1.2912321208038802, 48.488768658914516], [-1.2844217882233366, 48.49340968210758], [-1.2776114556427938, 48.49805070530064], [-1.27080112306225, 48.50269172849371], [-1.2639907904817063, 48.507332751686775], [-1.2571804579011625, 48.51197377487984], [-1.250370125320619, 48.51661479807291], [-1.243559792740076, 48.52125582126597], [-1.243559792740076, 48.52125582126597], [-1.2383936088294418, 48.52019208246547], [-1.2332274249188087, 48.51912834366496], [-1.2280612410081753, 48.518064604864456], [-1.2228950570975412, 48.51700086606395], [-1.2177288731869078, 48.51593712726345], [-1.2125626892762744, 48.51487338846295], [-1.2073965053656412, 48.51380964966245], [-1.202230321455007, 48.51274591086194], [-1.1970641375443745, 48.511682172061434], [-1.1918979536337404, 48.51061843326093], [-1.1918979536337404, 48.51061843326093], [-1.189995281101987, 48.510179867800986], [-1.188092608570233, 48.509741302341055], [-1.1861899360384824, 48.50930273688111], [-1.1842872635067285, 48.508864171421166], [-1.182384590974975, 48.50842560596122], [-1.1804819184432216, 48.507987040501284], [-1.178579245911468, 48.50754847504135], [-1.1766765733797162, 48.5071099095814], [-1.1747739008479625, 48.50667134412146], [-1.172871228316209, 48.50623277866151], [-1.172871228316209, 48.50623277866151], [-1.167702506403683, 48.50648403381891], [-1.162533784491158, 48.50673528897629], [-1.1573650625786334, 48.506986544133674], [-1.1521963406661073, 48.50723779929106], [-1.1470276187535824, 48.50748905444845], [-1.1418588968410566, 48.507740309605836], [-1.1366901749285307, 48.507991564763216], [-1.1315214530160058, 48.5082428199206], [-1.1263527311034809, 48.508494075078], [-1.121184009190955, 48.50874533023538], [-1.121184009190955, 48.50874533023538], [-1.1181948417861254, 48.50686599073116], [-1.1152056743812946, 48.50498665122693], [-1.1122165069764656, 48.50310731172271], [-1.1092273395716357, 48.50122797221849], [-1.106238172166805, 48.499348632714266], [-1.1032490047619752, 48.49746929321004], [-1.1002598373571455, 48.49558995370581], [-1.0972706699523156, 48.49371061420158], [-1.094281502547486, 48.49183127469736], [-1.0912923351426558, 48.48995193519315], [-1.0912923351426558, 48.48995193519315], [-1.0885690579245064, 48.49120671799261], [-1.0858457807063568, 48.49246150079208], [-1.0831225034882075, 48.49371628359155], [-1.0803992262700588, 48.494971066391024], [-1.0776759490519086, 48.49622584919048], [-1.0749526718337599, 48.49748063198996], [-1.0722293946156114, 48.49873541478942], [-1.0695061173974618, 48.49999019758889], [-1.0667828401793125, 48.50124498038837], [-1.064059562961163, 48.502499763187835], [-1.064059562961163, 48.502499763187835], [-1.0606189083078135, 48.499992415519586], [-1.0571782536544643, 48.49748506785133], [-1.053737599001115, 48.49497772018308], [-1.0502969443477645, 48.49247037251482], [-1.0468562896944162, 48.489963024846574], [-1.0434156350410653, 48.48745567717832], [-1.0399749803877156, 48.48494832951007], [-1.0365343257343655, 48.48244098184182], [-1.033093671081017, 48.47993363417357], [-1.0296530164276665, 48.47742628650532], [-1.0296530164276665, 48.47742628650532], [-1.0272956093361083, 48.47723886628073], [-1.0249382022445481, 48.477051446056144], [-1.0225807951529897, 48.47686402583156], [-1.0202233880614309, 48.47667660560697], [-1.0178659809698716, 48.476489185382384], [-1.0155085738783123, 48.4763017651578], [-1.013151166786754, 48.47611434493321], [-1.0107937596951948, 48.475926924708624], [-1.0084363526036355, 48.47573950448404], [-1.0060789455120762, 48.47555208425945], [-1.0060789455120762, 48.47555208425945], [-1.0022663695351957, 48.47762219630705], [-0.9984537935583153, 48.47969230835466], [-0.9946412175814339, 48.48176242040226], [-0.9908286416045535, 48.48383253244985], [-0.9870160656276719, 48.48590264449746], [-0.9832034896507924, 48.48797275654506], [-0.9793909136739118, 48.49004286859266], [-0.9755783376970306, 48.49211298064026], [-0.9717657617201503, 48.494183092687855], [-0.9679531857432688, 48.49625320473546], [-0.9679531857432688, 48.49625320473546], [-0.963785964145544, 48.494749109809135], [-0.9596187425478186, 48.49324501488281], [-0.9554515209500929, 48.491740919956484], [-0.9512842993523669, 48.49023682503016], [-0.9471170777546416, 48.488732730103834], [-0.942949856156917, 48.4872286351775], [-0.9387826345591908, 48.48572454025118], [-0.934615412961465, 48.48422044532485], [-0.9304481913637399, 48.48271635039853], [-0.9262809697660148, 48.48121225547221], [-0.9262809697660148, 48.48121225547221], [-0.9197506753535512, 48.48165292550017], [-0.9132203809410855, 48.482093595528156], [-0.9066900865286218, 48.482534265556126], [-0.9001597921161589, 48.48297493558411], [-0.8936294977036944, 48.48341560561207], [-0.8870992032912306, 48.48385627564006], [-0.8805689088787678, 48.48429694566803], [-0.8740386144663039, 48.48473761569601], [-0.8675083200538393, 48.48517828572398], [-0.8609780256413756, 48.48561895575196], [-0.8609780256413756, 48.48561895575196], [-0.8567971532047244, 48.49038430807444], [-0.8526162807680712, 48.49514966039692], [-0.8484354083314193, 48.49991501271939], [-0.8442545358947678, 48.50468036504188], [-0.8400736634581156, 48.509445717364365], [-0.8358927910214626, 48.51421106968684], [-0.8317119185848114, 48.51897642200932], [-0.8275310461481593, 48.523741774331796], [-0.8233501737115063, 48.528507126654276], [-0.8191693012748551, 48.533272478976755], [-0.8191693012748551, 48.533272478976755], [-0.8139005589345163, 48.53891618886054], [-0.8086318165941786, 48.544559898744325], [-0.8033630742538425, 48.55020360862811], [-0.7980943319135035, 48.555847318511894], [-0.7928255895731658, 48.56149102839567], [-0.7875568472328281, 48.56713473827946], [-0.7822881048924902, 48.57277844816324], [-0.7770193625521523, 48.578422158047026], [-0.7717506202118137, 48.58406586793082], [-0.7664818778714767, 48.5897095778146], [-0.7664818778714767, 48.5897095778146], [-0.7658393491063654, 48.59359702754607], [-0.765196820341255, 48.59748447727754], [-0.7645542915761437, 48.60137192700901], [-0.7639117628110322, 48.605259376740484], [-0.7632692340459218, 48.60914682647195], [-0.7626267052808106, 48.61303427620343], [-0.7619841765156993, 48.6169217259349], [-0.761341647750588, 48.620809175666366], [-0.7606991189854776, 48.62469662539784], [-0.7600565902203661, 48.62858407512931], [-0.7600565902203661, 48.62858407512931], [-0.7599621690630233, 48.63027617563797], [-0.7598677479056786, 48.63196827614662], [-0.7597733267483351, 48.63366037665528], [-0.7596789055909922, 48.63535247716393], [-0.7595844844336485, 48.63704457767258], [-0.7594900632763059, 48.63873667818124], [-0.7593956421189629, 48.640428778689895], [-0.7593012209616192, 48.64212087919855], [-0.7592067998042763, 48.64381297970721], [-0.7591123786469326, 48.64550508021586], [-0.7591123786469326, 48.64550508021586], [-0.7605601644517099, 48.647072882486206], [-0.7620079502564872, 48.648640684756565], [-0.7634557360612652, 48.65020848702693], [-0.7649035218660426, 48.65177628929728], [-0.7663513076708188, 48.65334409156764], [-0.7677990934755972, 48.65491189383798], [-0.7692468792803743, 48.65647969610834], [-0.7706946650851524, 48.65804749837871], [-0.7721424508899295, 48.65961530064906], [-0.773590236694707, 48.661183102919416]]]}}, {"type": "Feature", "properties": {"source": "0_Province_Rouen.txt"}, "geometry": {"type": "Polygon", "coordinates": [[[0.10968188309474325, 49.171716987672326], [0.10378424352719162, 49.16983474120098], [0.09788660395964022, 49.16795249472964], [0.09198896439208948, 49.166070248258286], [0.08609132482453719, 49.16418800178693], [0.08019368525698667, 49.16230575531559], [0.07429604568943593, 49.16042350884424], [0.06839840612188364, 49.158541262372886], [0.06250076655433312, 49.156659015901546], [0.056603126986781716, 49.1547767694302], [0.05070548741923009, 49.152894522958846], [0.05070548741923009, 49.152894522958846], [0.04444720568992411, 49.15207795841016], [0.03818892396062079, 49.151261393861475], [0.03193064223131503, 49.15044482931279], [0.02567236050201016, 49.14962826476411], [0.01941407877270529, 49.148811700215425], [0.013155797043400308, 49.14799513566674], [0.006897515314095326, 49.147178571118054], [0.0006392335847902331, 49.14636200656937], [-0.005619048144514749, 49.14554544202068], [-0.011877329873820508, 49.144728877472], [-0.011877329873820508, 49.144728877472], [-0.013330949031503114, 49.1432865889421], [-0.014784568189185943, 49.14184430041219], [-0.016238187346869437, 49.14040201188228], [-0.017691806504553043, 49.138959723352386], [-0.01914542566223676, 49.13751743482248], [-0.020599044819920254, 49.136075146292576], [-0.02205266397760286, 49.13463285776267], [-0.023506283135286465, 49.13319056923277], [-0.02495990229296996, 49.13174828070286], [-0.026413521450653454, 49.13030599217296], [-0.026413521450653454, 49.13030599217296], [-0.02496619427443547, 49.12848826831427], [-0.023518867098217378, 49.126670544455585], [-0.022071539921998506, 49.12485282059691], [-0.020624212745780524, 49.12303509673822], [-0.01917688556956243, 49.121217372879535], [-0.017729558393344114, 49.119399649020856], [-0.01628223121712613, 49.11758192516216], [-0.01483490404090726, 49.115764201303485], [-0.013387576864690054, 49.113946477444806], [-0.011940249688472071, 49.11212875358611], [-0.011940249688472071, 49.11212875358611], [-0.007406161469234895, 49.11225526974371], [-0.0028720732499976087, 49.11238178590131], [0.0016620149692386788, 49.11250830205892], [0.006196103188474966, 49.11263481821652], [0.010730191407711032, 49.11276133437412], [0.015264279626948207, 49.11288785053171], [0.019798367846185272, 49.11301436668931], [0.02433245606542167, 49.11314088284691], [0.028866544284658957, 49.11326739900451], [0.033400632503894245, 49.11339391516211], [0.033400632503894245, 49.11339391516211], [0.03594370385287715, 49.1155260936743], [0.03848677520185806, 49.11765827218647], [0.04102984655083941, 49.119790450698645], [0.04357291789982143, 49.121922629210815], [0.046115989248803446, 49.12405480772299], [0.04865906059778369, 49.12618698623517], [0.051202131946766594, 49.128319164747346], [0.05374520329574861, 49.130451343259516], [0.05628827464472885, 49.13258352177169], [0.05883134599371087, 49.13471570028387], [0.05883134599371087, 49.13471570028387], [0.06391083371777406, 49.13553197064758], [0.0689903214418377, 49.136348241011284], [0.07406980916590089, 49.13716451137499], [0.07914929688996586, 49.1379807817387], [0.08422878461402794, 49.138797052102404], [0.08930827233809113, 49.13961332246612], [0.09438776006215588, 49.140429592829825], [0.09946724778621818, 49.14124586319354], [0.10454673551028226, 49.142062133557246], [0.10962622323434612, 49.14287840392095], [0.10962622323434612, 49.14287840392095], [0.11098867767351206, 49.14406990047788], [0.11235113211267866, 49.14526139703481], [0.11371358655184483, 49.146452893591736], [0.11507604099101143, 49.147644390148656], [0.11643849543017737, 49.14883588670559], [0.1178009498693442, 49.15002738326252], [0.11916340430851102, 49.15121887981944], [0.12052585874767674, 49.15241037637637], [0.12188831318684445, 49.153601872933294], [0.1232507676260104, 49.15479336949022], [0.1232507676260104, 49.15479336949022], [0.12189387917288341, 49.15648573130843], [0.12053699071975643, 49.158178093126644], [0.11918010226663012, 49.15987045494486], [0.11782321381350314, 49.161562816763066], [0.11646632536037571, 49.163255178581274], [0.11510943690724962, 49.16494754039949], [0.11375254845412353, 49.166639902217696], [0.11239566000099632, 49.168332264035904], [0.11103877154786934, 49.17002462585412], [0.10968188309474325, 49.171716987672326]]]}}, {"type": "Feature", "properties": {"source": "0_Province_Rouen.txt"}, "geometry": {"type": "Polygon", "coordinates": [[[-1.464671462825029, 49.48428472994799], [-1.4673653753920974, 49.4837964222617], [-1.4700592879591667, 49.4833081145754], [-1.4727532005262354, 49.48281980688911], [-1.4754471130933045, 49.48233149920282], [-1.4781410256603729, 49.48184319151653], [-1.4808349382274413, 49.481354883830235], [-1.4835288507945106, 49.48086657614395], [-1.4862227633615799, 49.480378268457656], [-1.488916675928648, 49.479889960771374], [-1.4916105884957167, 49.47940165308507], [-1.4916105884957167, 49.47940165308507], [-1.4924443831825203, 49.479268458006814], [-1.4932781778693232, 49.47913526292855], [-1.4941119725561272, 49.479002067850274], [-1.4949457672429312, 49.47886887277201], [-1.495779561929734, 49.47873567769374], [-1.4966133566165378, 49.47860248261548], [-1.4974471513033407, 49.478469287537216], [-1.4982809459901447, 49.47833609245894], [-1.4991147406769474, 49.478202897380676], [-1.4999485353637514, 49.478069702302406], [-1.4999485353637514, 49.478069702302406], [-1.5007863513632307, 49.47585297770089], [-1.5016241673627106, 49.473636253099365], [-1.5024619833621908, 49.47141952849785], [-1.50329979936167, 49.46920280389632], [-1.5041376153611494, 49.466986079294806], [-1.5049754313606285, 49.464769354693274], [-1.5058132473601087, 49.46255263009176], [-1.506651063359588, 49.46033590549023], [-1.5074888793590682, 49.45811918088871], [-1.5083266953585464, 49.45590245628719], [-1.5083266953585464, 49.45590245628719], [-1.5061461582863604, 49.456168979926524], [-1.5039656212141723, 49.456435503565864], [-1.5017850841419853, 49.4567020272052], [-1.4996045470697978, 49.45696855084455], [-1.4974240099976108, 49.45723507448389], [-1.4952434729254227, 49.45750159812322], [-1.4930629358532366, 49.45776812176256], [-1.4908823987810484, 49.458034645401895], [-1.4887018617088617, 49.45830116904124], [-1.4865213246366735, 49.45856769268058], [-1.4865213246366735, 49.45856769268058], [-1.4845955502127381, 49.45972076003911], [-1.4826697757888034, 49.46087382739764], [-1.4807440013648672, 49.46202689475617], [-1.4788182269409316, 49.46317996211471], [-1.476892452516995, 49.46433302947323], [-1.4749666780930606, 49.46548609683177], [-1.473040903669125, 49.46663916419029], [-1.4711151292451887, 49.46779223154883], [-1.469189354821253, 49.468945298907364], [-1.4672635803973184, 49.47009836626589], [-1.4672635803973184, 49.47009836626589], [-1.4670043686400887, 49.4715170026341], [-1.46674515688286, 49.47293563900231], [-1.466485945125631, 49.47435427537052], [-1.4662267333684023, 49.47577291173873], [-1.4659675216111734, 49.47719154810694], [-1.4657083098539445, 49.478610184475144], [-1.4654490980967148, 49.48002882084336], [-1.4651898863394868, 49.481447457211566], [-1.4649306745822581, 49.482866093579766], [-1.464671462825029, 49.48428472994799]]]}}, {"type": "Feature", "properties": {"source": "0_Province_Rouen.txt"}, "geometry": {"type": "Polygon", "coordinates": [[[-1.4865683824409153, 49.43418602123776], [-1.489390535874801, 49.433697687016455], [-1.4922126893086851, 49.43320935279515], [-1.4950348427425697, 49.43272101857386], [-1.4978569961764547, 49.43223268435255], [-1.5006791496103413, 49.43174435013125], [-1.5035013030442255, 49.431256015909945], [-1.5063234564781098, 49.43076768168865], [-1.5091456099119949, 49.43027934746734], [-1.5119677633458797, 49.42979101324604], [-1.5147899167797647, 49.42930267902474], [-1.5147899167797647, 49.42930267902474], [-1.5156928759800201, 49.42655397378647], [-1.5165958351802762, 49.42380526854821], [-1.5174987943805325, 49.42105656330994], [-1.5184017535807879, 49.41830785807167], [-1.5193047127810442, 49.41555915283341], [-1.5202076719812996, 49.41281044759514], [-1.521110631181555, 49.41006174235688], [-1.5220135903818122, 49.40731303711861], [-1.5229165495820673, 49.404564331880344], [-1.5238195087823228, 49.401815626642076], [-1.5238195087823228, 49.401815626642076], [-1.5208701491414796, 49.401772006352836], [-1.517920789500635, 49.4017283860636], [-1.51497142985979, 49.401684765774355], [-1.5120220702189466, 49.401641145485115], [-1.5090727105781025, 49.40159752519587], [-1.5061233509372571, 49.40155390490663], [-1.503173991296413, 49.40151028461738], [-1.500224631655569, 49.40146666432813], [-1.4972752720147247, 49.4014230440389], [-1.4943259123738801, 49.40137942374965], [-1.4943259123738801, 49.40137942374965], [-1.4918883880936744, 49.40191199644817], [-1.489450863813469, 49.402444569146695], [-1.487013339533263, 49.40297714184521], [-1.4845758152530577, 49.40350971454373], [-1.4821382909728518, 49.404042287242255], [-1.4797007666926456, 49.40457485994077], [-1.4772632424124403, 49.40510743263929], [-1.4748257181322342, 49.40564000533781], [-1.4723881938520291, 49.40617257803633], [-1.469950669571823, 49.406705150734844], [-1.469950669571823, 49.406705150734844], [-1.469692227860604, 49.40772480952438], [-1.4694337861493847, 49.40874446831393], [-1.4691753444381657, 49.40976412710346], [-1.4689169027269449, 49.410783785892995], [-1.4686584610157258, 49.41180344468253], [-1.4684000193045066, 49.412823103472064], [-1.4681415775932865, 49.41384276226161], [-1.4678831358820665, 49.41486242105115], [-1.4676246941708475, 49.41588207984068], [-1.4673662524596283, 49.41690173863022], [-1.4673662524596283, 49.41690173863022], [-1.4692864654577567, 49.41863016689096], [-1.4712066784558853, 49.42035859515172], [-1.4731268914540143, 49.42208702341247], [-1.4750471044521425, 49.42381545167323], [-1.476967317450271, 49.42554387993399], [-1.4788875304484002, 49.427272308194745], [-1.4808077434465294, 49.42900073645549], [-1.4827279564446587, 49.43072916471625], [-1.4846481694427869, 49.432457592977], [-1.4865683824409153, 49.43418602123776]]]}}, {"type": "Feature", "properties": {"source": "0_Province_Rouen.txt"}, "geometry": {"type": "Polygon", "coordinates": [[[-1.304429568887659, 49.456396631720025], [-1.3072535967314265, 49.45493302626751], [-1.310077624575194, 49.45346942081499], [-1.312901652418961, 49.452005815362476], [-1.3157256802627284, 49.45054220990997], [-1.318549708106495, 49.449078604457455], [-1.3213737359502629, 49.447614999004934], [-1.324197763794031, 49.44615139355243], [-1.3270217916377978, 49.444687788099905], [-1.3298458194815654, 49.4432241826474], [-1.332669847325333, 49.441760577194884], [-1.332669847325333, 49.441760577194884], [-1.3356205759650088, 49.44109488942602], [-1.3385713046046865, 49.44042920165715], [-1.3415220332443625, 49.43976351388829], [-1.3444727618840404, 49.439097826119415], [-1.347423490523717, 49.43843213835056], [-1.3503742191633947, 49.4377664505817], [-1.3533249478030724, 49.437100762812825], [-1.3562756764427484, 49.43643507504396], [-1.359226405082426, 49.435769387275094], [-1.362177133722102, 49.435103699506236], [-1.362177133722102, 49.435103699506236], [-1.3623716300748565, 49.433995393210616], [-1.3625661264276103, 49.43288708691501], [-1.362760622780364, 49.4317787806194], [-1.3629551191331175, 49.43067047432379], [-1.363149615485871, 49.42956216802818], [-1.3633441118386247, 49.428453861732564], [-1.3635386081913785, 49.42734555543695], [-1.363733104544132, 49.426237249141344], [-1.3639276008968857, 49.42512894284573], [-1.3641220972496393, 49.42402063655012], [-1.3641220972496393, 49.42402063655012], [-1.3629056412658083, 49.42309000383771], [-1.3616891852819775, 49.42215937112529], [-1.3604727292981453, 49.42122873841288], [-1.359256273314314, 49.42029810570047], [-1.3580398173304835, 49.41936747298805], [-1.3568233613466523, 49.41843684027564], [-1.3556069053628201, 49.41750620756322], [-1.3543904493789893, 49.4165755748508], [-1.3531739933951574, 49.41564494213839], [-1.3519575374113273, 49.414714309425975], [-1.3519575374113273, 49.414714309425975], [-1.3513190946593232, 49.413295902549685], [-1.35068065190732, 49.411877495673394], [-1.350042209155316, 49.410459088797104], [-1.349403766403312, 49.4090406819208], [-1.348765323651308, 49.40762227504452], [-1.3481268808993048, 49.40620386816823], [-1.3474884381473007, 49.40478546129193], [-1.3468499953952968, 49.40336705441563], [-1.3462115526432936, 49.40194864753934], [-1.3455731098912895, 49.40053024066305], [-1.3455731098912895, 49.40053024066305], [-1.3426863266100781, 49.40128457593799], [-1.3397995433288679, 49.40203891121293], [-1.3369127600476571, 49.40279324648787], [-1.334025976766446, 49.40354758176281], [-1.3311391934852348, 49.40430191703774], [-1.3282524102040232, 49.40505625231269], [-1.3253656269228118, 49.405810587587624], [-1.3224788436416004, 49.40656492286257], [-1.319592060360389, 49.4073192581375], [-1.3167052770791787, 49.408073593412446], [-1.3167052770791787, 49.408073593412446], [-1.3142018395733, 49.40953711338769], [-1.3116984020674205, 49.411000633362946], [-1.3091949645615415, 49.41246415333819], [-1.3066915270556627, 49.41392767331344], [-1.304188089549784, 49.41539119328869], [-1.301684652043904, 49.416854713263945], [-1.2991812145380255, 49.41831823323919], [-1.2966777770321467, 49.419781753214444], [-1.2941743395262668, 49.4212452731897], [-1.2916709020203883, 49.422708793164944], [-1.2916709020203883, 49.422708793164944], [-1.2925011887690776, 49.42439313708814], [-1.293331475517768, 49.42607748101134], [-1.2941617622664574, 49.42776182493454], [-1.2949920490151468, 49.42944616885774], [-1.295822335763836, 49.43113051278094], [-1.2966526225125266, 49.432814856704134], [-1.297482909261216, 49.434499200627336], [-1.2983131960099052, 49.43618354455054], [-1.2991434827585955, 49.43786788847373], [-1.2999737695072848, 49.439552232396935], [-1.2999737695072848, 49.439552232396935], [-1.3004193494453218, 49.44123667232924], [-1.3008649293833596, 49.44292111226155], [-1.3013105093213975, 49.444605552193856], [-1.301756089259435, 49.44628999212617], [-1.3022016691974718, 49.44797443205848], [-1.3026472491355097, 49.44965887199079], [-1.3030928290735473, 49.4513433119231], [-1.3035384090115842, 49.45302775185541], [-1.3039839889496214, 49.45471219178771], [-1.304429568887659, 49.456396631720025]]]}}, {"type": "Feature", "properties": {"source": "0_Province_Rouen.txt"}, "geometry": {"type": "Polygon", "coordinates": [[[1.5230542191235004, 49.0291313681659], [1.517715860390347, 49.03464744554628], [1.5123775016571939, 49.04016352292666], [1.5070391429240417, 49.04567960030704], [1.5017007841908883, 49.05119567768743], [1.4963624254577361, 49.05671175506781], [1.491024066724584, 49.062227832448194], [1.4856857079914305, 49.06774390982858], [1.480347349258278, 49.073259987208964], [1.4750089905251258, 49.07877606458935], [1.4696706317919728, 49.08429214196973], [1.4696706317919728, 49.08429214196973], [1.463606081619035, 49.08980697159739], [1.4575415314460982, 49.09532180122504], [1.4514769812731614, 49.1008366308527], [1.4454124311002237, 49.10635146048035], [1.439347880927286, 49.111866290108], [1.4332833307543482, 49.117381119735654], [1.4272187805814105, 49.122895949363304], [1.4211542304084723, 49.12841077899097], [1.4150896802355355, 49.13392560861862], [1.4090251300625978, 49.13944043824627], [1.4090251300625978, 49.13944043824627], [1.405851565861925, 49.13943964623774], [1.4026780016612506, 49.139438854229205], [1.399504437460577, 49.13943806222068], [1.3963308732599025, 49.13943727021214], [1.3931573090592297, 49.13943647820361], [1.3899837448585552, 49.13943568619507], [1.386810180657882, 49.13943489418654], [1.383636616457208, 49.13943410217801], [1.380463052256534, 49.13943331016948], [1.3772894880558608, 49.139432518160945], [1.3772894880558608, 49.139432518160945], [1.375843032065692, 49.141689326290965], [1.3743965760755228, 49.143946134420986], [1.372950120085354, 49.146202942551014], [1.3715036640951843, 49.14845975068103], [1.3700572081050169, 49.15071655881104], [1.3686107521148476, 49.15297336694107], [1.3671642961246788, 49.15523017507108], [1.3657178401345083, 49.1574869832011], [1.36427138414434, 49.15974379133113], [1.3628249281541707, 49.16200059946115], [1.3628249281541707, 49.16200059946115], [1.3646417608061259, 49.16432017867093], [1.3664585934580802, 49.1666397578807], [1.3682754261100354, 49.16895933709047], [1.3700922587619888, 49.171278916300245], [1.371909091413944, 49.17359849551002], [1.3737259240658974, 49.175918074719796], [1.3755427567178526, 49.17823765392957], [1.377359589369807, 49.180557233139346], [1.3791764220217613, 49.18287681234912], [1.3809932546737156, 49.1851963915589], [1.3809932546737156, 49.1851963915589], [1.3826301381176642, 49.18714098075155], [1.384267021561612, 49.189085569944204], [1.3859039050055597, 49.191030159136865], [1.3875407884495083, 49.19297474832951], [1.389177671893456, 49.194919337522165], [1.3908145553374047, 49.19686392671481], [1.3924514387813525, 49.19880851590747], [1.394088322225301, 49.20075310510013], [1.3957252056692493, 49.20269769429278], [1.3973620891131975, 49.204642283485434], [1.3973620891131975, 49.204642283485434], [1.3968227023218707, 49.206961280136134], [1.396283315530543, 49.20928027678684], [1.395743928739217, 49.21159927343755], [1.3952045419478902, 49.21391827008826], [1.3946651551565634, 49.216237266738965], [1.3941257683652362, 49.21855626338968], [1.393586381573908, 49.22087526004038], [1.393046994782582, 49.22319425669109], [1.3925076079912553, 49.22551325334179], [1.3919682211999285, 49.2278322499925], [1.3919682211999285, 49.2278322499925], [1.385342899467485, 49.22538541341568], [1.3787175777350424, 49.22293857683885], [1.3720922560025972, 49.22049174026203], [1.3654669342701546, 49.218044903685204], [1.3588416125377107, 49.215598067108374], [1.3522162908052668, 49.21315123053156], [1.3455909690728247, 49.210704393954735], [1.338965647340379, 49.208257557377905], [1.332340325607937, 49.205810720801075], [1.3257150038754921, 49.20336388422425], [1.3257150038754921, 49.20336388422425], [1.3219932203983418, 49.201105786285844], [1.3182714369211888, 49.19884768834742], [1.3145496534440366, 49.196589590409005], [1.3108278699668836, 49.19433149247058], [1.3071060864897328, 49.19207339453217], [1.3033843030125802, 49.18981529659375], [1.299662519535428, 49.187557198655334], [1.295940736058275, 49.18529910071691], [1.2922189525811247, 49.1830410027785], [1.2884971691039717, 49.18078290484008], [1.2884971691039717, 49.18078290484008], [1.283692024327323, 49.18078170564718], [1.2788868795506754, 49.180780506454276], [1.2740817347740268, 49.18077930726138], [1.2692765899973795, 49.18077810806847], [1.2644714452207308, 49.18077690887557], [1.2596663004440836, 49.18077570968267], [1.2548611556674358, 49.180774510489776], [1.2500560108907872, 49.18077331129687], [1.2452508661141395, 49.180772112103966], [1.2404457213374909, 49.180770912911065], [1.2404457213374909, 49.180770912911065], [1.239816383563546, 49.18371800248303], [1.2391870457896021, 49.186665092054994], [1.2385577080156573, 49.18961218162695], [1.2379283702417125, 49.192559271198924], [1.2372990324677686, 49.195506360770885], [1.236669694693823, 49.198453450342846], [1.2360403569198786, 49.20140053991481], [1.2354110191459338, 49.204347629486776], [1.234781681371989, 49.20729471905874], [1.2341523435980446, 49.2102418086307], [1.2341523435980446, 49.2102418086307], [1.2356975851038654, 49.211934271212414], [1.2372428266096862, 49.21362673379413], [1.2387880681155066, 49.215319196375845], [1.240333309621327, 49.21701165895755], [1.2418785511271477, 49.21870412153927], [1.2434237926329685, 49.220396584120984], [1.2449690341387893, 49.22208904670269], [1.2465142756446101, 49.2237815092844], [1.2480595171504318, 49.225473971866116], [1.2496047586562518, 49.22716643444783], [1.2496047586562518, 49.22716643444783], [1.2524192217480672, 49.22923629740202], [1.2552336848398835, 49.23130616035622], [1.2580481479316985, 49.23337602331041], [1.2608626110235135, 49.2354458862646], [1.263677074115328, 49.237515749218794], [1.266491537207144, 49.23958561217299], [1.269306000298959, 49.24165547512718], [1.2721204633907752, 49.243725338081376], [1.2749349264825907, 49.24579520103558], [1.2777493895744065, 49.24786506398977], [1.2777493895744065, 49.24786506398977], [1.2763035376778782, 49.250434866168895], [1.2748576857813512, 49.25300466834803], [1.2734118338848233, 49.255574470527165], [1.2719659819882962, 49.258144272706296], [1.2705201300917692, 49.26071407488543], [1.2690742781952422, 49.26328387706456], [1.2676284262987152, 49.26585367924369], [1.2661825744021882, 49.26842348142282], [1.2647367225056603, 49.27099328360196], [1.2632908706091333, 49.2735630857811], [1.2632908706091333, 49.2735630857811], [1.2602113746797685, 49.27506745763432], [1.2571318787504029, 49.27657182948755], [1.2540523828210377, 49.27807620134079], [1.2509728868916734, 49.27958057319402], [1.2478933909623078, 49.28108494504725], [1.2448138950329413, 49.28258931690048], [1.241734399103577, 49.28409368875371], [1.2386549031742122, 49.28559806060694], [1.2355754072448462, 49.287102432460166], [1.2324959113154814, 49.2886068043134], [1.2324959113154814, 49.2886068043134], [1.2249710130855687, 49.289984009413104], [1.2174461148556546, 49.291361214512804], [1.2099212166257423, 49.29273841961251], [1.2023963183958295, 49.29411562471221], [1.1948714201659154, 49.29549282981191], [1.1873465219360022, 49.29687003491162], [1.1798216237060895, 49.298247240011314], [1.1722967254761758, 49.29962444511102], [1.1647718272462622, 49.30100165021072], [1.1572469290163498, 49.30237885531042], [1.1572469290163498, 49.30237885531042], [1.1457280520695097, 49.30055785179454], [1.1342091751226677, 49.298736848278644], [1.122690298175828, 49.29691584476276], [1.111171421228986, 49.295094841246865], [1.0996525442821459, 49.29327383773097], [1.0881336673353066, 49.291452834215086], [1.0766147903884646, 49.289631830699186], [1.065095913441625, 49.2878108271833], [1.053577036494783, 49.285989823667414], [1.0420581595479428, 49.28416882015152], [1.0420581595479428, 49.28416882015152], [1.0302636008911552, 49.280404639141], [1.0184690422343672, 49.27664045813045], [1.0066744835775792, 49.27287627711992], [0.9948799249207916, 49.269112096109396], [0.983085366264004, 49.26534791509886], [0.9712908076072151, 49.26158373408833], [0.9594962489504266, 49.257819553077795], [0.9477016902936395, 49.25405537206726], [0.935907131636851, 49.25029119105673], [0.9241125729800634, 49.2465270100462], [0.9241125729800634, 49.2465270100462], [0.9194867654176049, 49.24658781228867], [0.9148609578551448, 49.246648614531146], [0.9102351502926846, 49.246709416773626], [0.9056093427302256, 49.2467702190161], [0.9009835351677671, 49.24683102125857], [0.8963577276053072, 49.24689182350105], [0.8917319200428471, 49.246952625743525], [0.8871061124803878, 49.247013427986005], [0.8824803049179297, 49.247074230228485], [0.8778544973554694, 49.24713503247095], [0.8778544973554694, 49.24713503247095], [0.8753183797408073, 49.2483885027129], [0.8727822621261458, 49.249641972954834], [0.8702461445114844, 49.25089544319678], [0.8677100268968219, 49.25214891343872], [0.8651739092821589, 49.25340238368066], [0.8626377916674981, 49.2546558539226], [0.8601016740528367, 49.25590932416454], [0.8575655564381743, 49.25716279440648], [0.8550294388235111, 49.258416264648424], [0.8524933212088506, 49.259669734890366], [0.8524933212088506, 49.259669734890366], [0.8489471120115613, 49.254716532407826], [0.845400902814271, 49.24976332992529], [0.8418546936169822, 49.24481012744275], [0.8383084844196937, 49.23985692496021], [0.8347622752224044, 49.23490372247767], [0.8312160660251142, 49.22995051999513], [0.827669856827824, 49.22499731751259], [0.8241236476305356, 49.22004411503004], [0.8205774384332467, 49.21509091254751], [0.8170312292359574, 49.21013771006497], [0.8170312292359574, 49.21013771006497], [0.8102283688072247, 49.208568920717894], [0.8034255083784916, 49.20700013137081], [0.7966226479497591, 49.20543134202375], [0.7898197875210258, 49.203862552676675], [0.7830169270922933, 49.2022937633296], [0.7762140666635611, 49.20072497398253], [0.7694112062348268, 49.199156184635456], [0.762608345806095, 49.19758739528838], [0.755805485377361, 49.19601860594131], [0.7490026249486295, 49.194449816594236], [0.7490026249486295, 49.194449816594236], [0.743328673748193, 49.19100015149823], [0.7376547225477557, 49.187550486402216], [0.7319807713473194, 49.1841008213062], [0.7263068201468839, 49.180651156210196], [0.7206328689464476, 49.17720149111419], [0.714958917746011, 49.17375182601817], [0.7092849665455745, 49.170302160922155], [0.7036110153451371, 49.16685249582615], [0.697937064144702, 49.16340283073014], [0.6922631129442656, 49.15995316563413], [0.6922631129442656, 49.15995316563413], [0.692394363293519, 49.15750802072627], [0.6925256136427724, 49.15506287581839], [0.692656863992027, 49.15261773091053], [0.6927881143412804, 49.150172586002654], [0.692919364690533, 49.147727441094794], [0.6930506150397873, 49.14528229618691], [0.6931818653890407, 49.142837151279046], [0.6933131157382952, 49.14039200637118], [0.6934443660875484, 49.13794686146331], [0.6935756164368021, 49.135501716555446], [0.6935756164368021, 49.135501716555446], [0.692475087309476, 49.12967103835975], [0.6913745581821493, 49.12384036016405], [0.6902740290548235, 49.11800968196837], [0.6891734999274957, 49.112179003772674], [0.6880729708001696, 49.10634832557698], [0.6869724416728427, 49.10051764738129], [0.685871912545517, 49.0946869691856], [0.6847713834181901, 49.0888562909899], [0.6836708542908632, 49.08302561279421], [0.6825703251635371, 49.07719493459852], [0.6825703251635371, 49.07719493459852], [0.6765859285871012, 49.07700543255701], [0.6706015320106657, 49.07681593051549], [0.6646171354342294, 49.07662642847397], [0.6586327388577944, 49.07643692643246], [0.6526483422813578, 49.076247424390935], [0.6466639457049217, 49.07605792234942], [0.6406795491284862, 49.07586842030791], [0.6346951525520503, 49.0756789182664], [0.6287107559756149, 49.075489416224876], [0.6227263593991785, 49.07529991418336], [0.6227263593991785, 49.07529991418336], [0.6206423351851171, 49.07623943683213], [0.6185583109710553, 49.07717895948089], [0.6164742867569921, 49.07811848212966], [0.6143902625429312, 49.079058004778425], [0.6123062383288684, 49.07999752742719], [0.6102222141148061, 49.08093705007595], [0.6081381899007452, 49.08187657272471], [0.6060541656866829, 49.08281609537348], [0.6039701414726211, 49.083755618022245], [0.6018861172585577, 49.084695140671016], [0.6018861172585577, 49.084695140671016], [0.5983416007521956, 49.08061895815743], [0.5947970842458317, 49.076542775643844], [0.5912525677394687, 49.07246659313026], [0.5877080512331065, 49.06839041061667], [0.5841635347267435, 49.06431422810308], [0.5806190182203796, 49.0602380455895], [0.5770745017140158, 49.056161863075914], [0.5735299852076534, 49.05208568056232], [0.5699854687012904, 49.048009498048735], [0.5664409521949265, 49.04393331553515], [0.5664409521949265, 49.04393331553515], [0.564350969972067, 49.040986613839046], [0.5622609877492077, 49.03803991214294], [0.5601710055263482, 49.03509321044684], [0.5580810233034896, 49.032146508750735], [0.5559910410806301, 49.02919980705463], [0.5539010588577697, 49.02625310535853], [0.5518110766349114, 49.023306403662424], [0.5497210944120519, 49.02035970196632], [0.5476311121891912, 49.01741300027021], [0.5455411299663329, 49.014466298574106], [0.5455411299663329, 49.014466298574106], [0.5383635974340337, 49.00769406102798], [0.5311860649017361, 49.000921823481846], [0.5240085323694379, 48.99414958593572], [0.516830999837139, 48.98737734838959], [0.5096534673048403, 48.98060511084347], [0.5024759347725429, 48.97383287329734], [0.4952984022402447, 48.96706063575122], [0.48812086970794555, 48.96028839820509], [0.4809433371756473, 48.95351616065896], [0.47376580464334994, 48.946743923112834], [0.47376580464334994, 48.946743923112834], [0.4746636864020104, 48.94204180041495], [0.4755615681606713, 48.93733967771708], [0.47645944991933287, 48.9326375550192], [0.4773573316779931, 48.92793543232132], [0.4782552134366549, 48.92323330962344], [0.47915309519531624, 48.91853118692556], [0.4800509769539776, 48.913829064227684], [0.48094885871263804, 48.90912694152981], [0.48184674047130005, 48.90442481883193], [0.4827446222299603, 48.899722696134056], [0.4827446222299603, 48.899722696134056], [0.4828274296139412, 48.89539744817331], [0.48291023699792324, 48.891072200212584], [0.4829930443819044, 48.886746952251855], [0.4830758517658851, 48.88242170429111], [0.4831586591498669, 48.87809645633038], [0.48324146653384803, 48.87377120836966], [0.48332427391782806, 48.86944596040892], [0.48340708130180987, 48.86512071244819], [0.4834898886857917, 48.86079546448746], [0.4835726960697726, 48.85647021652672], [0.4835726960697726, 48.85647021652672], [0.4804790647872821, 48.85145410379108], [0.47738543350479157, 48.84643799105543], [0.47429180222230105, 48.841421878319785], [0.47119817093981053, 48.83640576558414], [0.4681045396573198, 48.83138965284849], [0.4650109083748284, 48.82637354011285], [0.4619172770923379, 48.8213574273772], [0.4588236458098476, 48.816341314641555], [0.45573001452735706, 48.81132520190591], [0.45263638324486655, 48.80630908917026], [0.45263638324486655, 48.80630908917026], [0.45353898431686535, 48.80405214531344], [0.4544415853888637, 48.80179520145661], [0.4553441864608643, 48.799538257599785], [0.45624678753286263, 48.797281313742964], [0.45714938860486143, 48.79502436988613], [0.4580519896768602, 48.79276742602931], [0.45895459074885925, 48.79051048217248], [0.45985719182085827, 48.78825353831565], [0.4607597928928582, 48.78599659445882], [0.4616623939648561, 48.78373965060199], [0.4616623939648561, 48.78373965060199], [0.46428665029176686, 48.7809191107608], [0.4669109066186783, 48.77809857091961], [0.46953516294558817, 48.775278031078415], [0.4721594192724996, 48.77245749123722], [0.47478367559941015, 48.76963695139602], [0.4774079319263207, 48.766816411554835], [0.48003218825323213, 48.76399587171364], [0.482656444580142, 48.761175331872444], [0.48528070090705344, 48.758354792031255], [0.4879049572339642, 48.75553425219006], [0.4879049572339642, 48.75553425219006], [0.4881718064587597, 48.7529011271041], [0.48843865568355627, 48.75026800201816], [0.4887055049083511, 48.74763487693221], [0.48897235413314766, 48.74500175184626], [0.48923920335794246, 48.74236862676031], [0.48950605258273816, 48.73973550167435], [0.48977290180753386, 48.73710237658841], [0.49003975103232955, 48.73446925150246], [0.49030660025712614, 48.73183612641651], [0.4905734494819207, 48.72920300133056], [0.4905734494819207, 48.72920300133056], [0.494194963413761, 48.72594367007012], [0.4978164773456002, 48.722684338809685], [0.5014379912774396, 48.719425007549255], [0.5050595052092808, 48.71616567628881], [0.50868101914112, 48.71290634502838], [0.5123025330729594, 48.70964701376794], [0.5159240470047997, 48.70638768250751], [0.5195455609366388, 48.703128351247074], [0.5231670748684791, 48.69986901998663], [0.5267885888003183, 48.6966096887262], [0.5267885888003183, 48.6966096887262], [0.5294133296308721, 48.694040180755735], [0.532038070461426, 48.691470672785265], [0.5346628112919789, 48.6889011648148], [0.5372875521225329, 48.68633165684434], [0.5399122929530875, 48.68376214887387], [0.5425370337836404, 48.681192640903404], [0.5451617746141932, 48.67862313293294], [0.5477865154447472, 48.67605362496248], [0.5504112562753027, 48.67348411699201], [0.5530359971058558, 48.670914609021544], [0.5530359971058558, 48.670914609021544], [0.5535763508565861, 48.66909661505989], [0.5541167046073154, 48.66727862109825], [0.5546570583580457, 48.665460627136596], [0.555197412108775, 48.66364263317495], [0.5557377658595053, 48.6618246392133], [0.5562781196102355, 48.660006645251656], [0.556818473360966, 48.65818865129001], [0.5573588271116956, 48.65637065732837], [0.5578991808624256, 48.654552663366715], [0.5584395346131559, 48.65273466940507], [0.5584395346131559, 48.65273466940507], [0.5614311125191478, 48.65210836167837], [0.5644226904251377, 48.65148205395169], [0.5674142683311276, 48.65085574622499], [0.5704058462371195, 48.65022943849829], [0.5733974241431092, 48.64960313077161], [0.5763890020491003, 48.64897682304491], [0.5793805799550917, 48.64835051531822], [0.5823721578610828, 48.64772420759153], [0.5853637357670733, 48.64709789986483], [0.5883553136730644, 48.64647159213814], [0.5883553136730644, 48.64647159213814], [0.5910066373756844, 48.64406339803519], [0.5936579610783053, 48.64165520393223], [0.5963092847809262, 48.639247009829276], [0.5989606084835459, 48.636838815726314], [0.6016119321861659, 48.63443062162336], [0.6042632558887859, 48.6320224275204], [0.6069145795914066, 48.62961423341744], [0.6095659032940277, 48.627206039314494], [0.6122172269966477, 48.62479784521153], [0.6148685506992684, 48.62238965110858], [0.6148685506992684, 48.62238965110858], [0.6162958127502083, 48.623795797133816], [0.6177230748011484, 48.62520194315908], [0.6191503368520868, 48.62660808918432], [0.6205775989030267, 48.62801423520957], [0.6220048609539668, 48.62942038123482], [0.6234321230049078, 48.63082652726007], [0.6248593850558479, 48.63223267328532], [0.6262866471067872, 48.63363881931057], [0.627713909157726, 48.63504496533582], [0.6291411712086661, 48.63645111136106], [0.6291411712086661, 48.63645111136106], [0.6337668797306888, 48.63714234329144], [0.6383925882527102, 48.6378335752218], [0.6430182967747338, 48.63852480715216], [0.6476440052967556, 48.63921603908252], [0.652269713818777, 48.63990727101288], [0.6568954223407997, 48.64059850294324], [0.661521130862821, 48.6412897348736], [0.6661468393848446, 48.64198096680396], [0.6707725479068662, 48.642672198734324], [0.6753982564288887, 48.64336343066469], [0.6753982564288887, 48.64336343066469], [0.6781227723319416, 48.646059253498635], [0.6808472882349939, 48.648755076332584], [0.6835718041380467, 48.65145089916653], [0.6862963200410999, 48.654146722000476], [0.6890208359441528, 48.656842544834426], [0.6917453518472056, 48.65953836766837], [0.6944698677502577, 48.66223419050231], [0.6971943836533097, 48.66493001333626], [0.6999188995563626, 48.66762583617021], [0.7026434154594157, 48.67032165900415], [0.7026434154594157, 48.67032165900415], [0.7062688113043596, 48.66906953259781], [0.7098942071493037, 48.66781740619146], [0.7135196029942468, 48.66656527978511], [0.7171449988391916, 48.66531315337876], [0.7207703946841346, 48.66406102697242], [0.7243957905290788, 48.66280890056608], [0.7280211863740227, 48.66155677415972], [0.731646582218966, 48.66030464775338], [0.7352719780639108, 48.65905252134703], [0.7388973739088538, 48.657800394940686], [0.7388973739088538, 48.657800394940686], [0.7426164936188004, 48.65867833717761], [0.746335613328746, 48.65955627941453], [0.7500547330386915, 48.66043422165146], [0.7537738527486373, 48.66131216388838], [0.7574929724585839, 48.66219010612531], [0.7612120921685304, 48.663068048362234], [0.7649312118784752, 48.66394599059915], [0.7686503315884219, 48.66482393283608], [0.7723694512983674, 48.665701875073005], [0.7760885710083141, 48.66657981730993], [0.7760885710083141, 48.66657981730993], [0.7783580826844991, 48.668085524084844], [0.7806275943606833, 48.66959123085976], [0.7828971060368684, 48.67109693763467], [0.7851666177130534, 48.67260264440959], [0.7874361293892385, 48.6741083511845], [0.7897056410654235, 48.675614057959415], [0.7919751527416088, 48.67711976473433], [0.794244664417793, 48.67862547150924], [0.7965141760939787, 48.68013117828415], [0.7987836877701637, 48.68163688505906], [0.7987836877701637, 48.68163688505906], [0.8011415773069266, 48.68169943018347], [0.8034994668436894, 48.68176197530788], [0.805857356380453, 48.68182452043227], [0.8082152459172169, 48.68188706555668], [0.8105731354539796, 48.68194961068107], [0.8129310249907431, 48.68201215580548], [0.8152889145275062, 48.68207470092989], [0.8176468040642706, 48.68213724605428], [0.8200046936010335, 48.6821997911787], [0.8223625831377963, 48.6822623363031], [0.8223625831377963, 48.6822623363031], [0.8249944637625748, 48.68339211094427], [0.8276263443873542, 48.68452188558544], [0.8302582250121326, 48.68565166022661], [0.8328901056369129, 48.68678143486779], [0.8355219862616923, 48.687911209508954], [0.8381538668864712, 48.68904098415013], [0.8407857475112506, 48.690170758791304], [0.8434176281360288, 48.69130053343247], [0.8460495087608082, 48.69243030807365], [0.8486813893855867, 48.69356008271482], [0.8486813893855867, 48.69356008271482], [0.8531257236172998, 48.69393720896104], [0.8575700578490122, 48.694314335207274], [0.8620143920807264, 48.6946914614535], [0.8664587263124397, 48.69506858769972], [0.8709030605441517, 48.695445713945944], [0.875347394775865, 48.695822840192164], [0.8797917290075783, 48.69619996643839], [0.8842360632392914, 48.69657709268462], [0.8886803974710036, 48.69695421893084], [0.8931247317027167, 48.69733134517706], [0.8931247317027167, 48.69733134517706], [0.8978436511363612, 48.69908762299612], [0.902562570570006, 48.70084390081517], [0.9072814900036494, 48.70260017863422], [0.9120004094372929, 48.704356456453276], [0.9167193288709363, 48.706112734272324], [0.9214382483045802, 48.70786901209138], [0.9261571677382237, 48.709625289910434], [0.9308760871718671, 48.71138156772948], [0.935595006605511, 48.71313784554854], [0.9403139260391544, 48.71489412336759], [0.9403139260391544, 48.71489412336759], [0.941495235454068, 48.71614852134684], [0.9426765448689816, 48.71740291932609], [0.9438578542838965, 48.71865731730535], [0.94503916369881, 48.7199117152846], [0.9462204731137236, 48.721166113263855], [0.9474017825286374, 48.722420511243115], [0.9485830919435518, 48.72367490922237], [0.9497644013584656, 48.72492930720162], [0.9509457107733794, 48.72618370518088], [0.952127020188293, 48.727438103160125], [0.952127020188293, 48.727438103160125], [0.9559268006169406, 48.723677813940924], [0.9597265810455862, 48.71991752472171], [0.9635263614742335, 48.71615723550249], [0.9673261419028791, 48.712396946283285], [0.9711259223315265, 48.70863665706406], [0.9749257027601741, 48.70487636784486], [0.9787254831888195, 48.701116078625645], [0.9825252636174668, 48.69735578940643], [0.9863250440461129, 48.69359550018722], [0.9901248244747598, 48.689835210968006], [0.9901248244747598, 48.689835210968006], [0.992483683029364, 48.69039982530321], [0.994842541583969, 48.690964439638414], [0.997201400138575, 48.69152905397362], [0.99956025869318, 48.692093668308814], [1.0019191172477837, 48.69265828264401], [1.0042779758023905, 48.693222896979215], [1.0066368343569956, 48.69378751131442], [1.0089956929116006, 48.69435212564963], [1.0113545514662055, 48.694916739984826], [1.0137134100208103, 48.69548135432002], [1.0137134100208103, 48.69548135432002], [1.0157102624820271, 48.69660990395957], [1.017707114943243, 48.69773845359913], [1.01970396740446, 48.69886700323867], [1.0217008198656754, 48.699995552878214], [1.0236976723268922, 48.70112410251777], [1.0256945247881082, 48.702252652157306], [1.027691377249325, 48.70338120179686], [1.0296882297105419, 48.704509751436404], [1.0316850821717565, 48.70563830107594], [1.0336819346329733, 48.706766850715496], [1.0336819346329733, 48.706766850715496], [1.03413751657274, 48.70745704193087], [1.0345930985125062, 48.70814723314624], [1.035048680452273, 48.70883742436162], [1.0355042623920392, 48.70952761557699], [1.0359598443318045, 48.710217806792365], [1.0364154262715712, 48.710907998007734], [1.0368710082113375, 48.7115981892231], [1.0373265901511042, 48.71228838043848], [1.0377821720908704, 48.71297857165385], [1.0382377540306362, 48.71366876286922], [1.0382377540306362, 48.71366876286922], [1.0370617759334348, 48.71517253778211], [1.0358857978362317, 48.71667631269499], [1.034709819739029, 48.71818008760788], [1.0335338416418267, 48.71968386252076], [1.0323578635446258, 48.721187637433644], [1.0311818854474217, 48.72269141234652], [1.0300059073502195, 48.724195187259404], [1.0288299292530176, 48.725698962172295], [1.0276539511558158, 48.72720273708518], [1.0264779730586135, 48.728706511998055], [1.0264779730586135, 48.728706511998055], [1.0292006461831193, 48.72964830074841], [1.0319233193076287, 48.730590089498776], [1.0346459924321354, 48.73153187824913], [1.0373686655566439, 48.73247366699949], [1.0400913386811506, 48.73341545574984], [1.0428140118056586, 48.734357244500195], [1.0455366849301657, 48.73529903325055], [1.0482593580546729, 48.7362408220009], [1.0509820311791809, 48.73718261075127], [1.053704704303689, 48.73812439950163], [1.053704704303689, 48.73812439950163], [1.0566047639889837, 48.7373100658552], [1.059504823674279, 48.736495732208766], [1.0624048833595743, 48.73568139856234], [1.06530494304487, 48.73486706491592], [1.0682050027301653, 48.734052731269486], [1.0711050624154614, 48.73323839762306], [1.0740051221007567, 48.73242406397663], [1.0769051817860515, 48.731609730330206], [1.0798052414713468, 48.730795396683774], [1.0827053011566425, 48.72998106303734], [1.0827053011566425, 48.72998106303734], [1.0843394297036792, 48.731297530703316], [1.0859735582507164, 48.732613998369295], [1.0876076867977527, 48.73393046603526], [1.0892418153447898, 48.735246933701234], [1.090875943891826, 48.736563401367206], [1.0925100724388623, 48.73787986903318], [1.0941442009859004, 48.73919633669915], [1.0957783295329366, 48.740512804365125], [1.0974124580799742, 48.741829272031104], [1.0990465866270105, 48.74314573969708], [1.0990465866270105, 48.74314573969708], [1.1012223702896478, 48.74251922837721], [1.1033981539522855, 48.74189271705735], [1.1055739376149236, 48.741266205737475], [1.10774972127756, 48.74063969441762], [1.109925504940199, 48.74001318309775], [1.1121012886028367, 48.739386671777886], [1.1142770722654736, 48.73876016045803], [1.1164528559281126, 48.738133649138156], [1.1186286395907499, 48.73750713781829], [1.1208044232533876, 48.73688062649844], [1.1208044232533876, 48.73688062649844], [1.1231588362891505, 48.73594117132909], [1.1255132493249111, 48.73500171615973], [1.127867662360674, 48.734062260990385], [1.1302220753964356, 48.733122805821026], [1.1325764884321985, 48.732183350651674], [1.13493090146796, 48.73124389548233], [1.1372853145037225, 48.73030444031298], [1.139639727539484, 48.729364985143626], [1.1419941405752456, 48.728425529974274], [1.144348553611008, 48.72748607480492], [1.144348553611008, 48.72748607480492], [1.149700200317326, 48.7280514360334], [1.155051847023643, 48.72861679726188], [1.1604034937299605, 48.729182158490346], [1.165755140436279, 48.72974751971882], [1.1711067871425977, 48.730312880947295], [1.176458433848913, 48.73087824217577], [1.1818100805552318, 48.731443603404244], [1.1871617272615502, 48.73200896463272], [1.1925133739678677, 48.732574325861194], [1.1978650206741839, 48.73313968708966], [1.1978650206741839, 48.73313968708966], [1.202398120309232, 48.73307779518937], [1.20693121994428, 48.73301590328907], [1.2114643195793282, 48.73295401138878], [1.2159974192143768, 48.732892119488476], [1.2205305188494235, 48.73283022758819], [1.2250636184844717, 48.73276833568789], [1.2295967181195198, 48.73270644378759], [1.234129817754567, 48.7326445518873], [1.2386629173896155, 48.732582659987], [1.2431960170246632, 48.7325207680867], [1.2431960170246632, 48.7325207680867], [1.2460065776643687, 48.731769435304926], [1.2488171383040734, 48.73101810252315], [1.2516276989437807, 48.73026676974138], [1.2544382595834862, 48.7295154369596], [1.2572488202231917, 48.72876410417783], [1.2600593808628973, 48.72801277139605], [1.2628699415026023, 48.72726143861428], [1.2656805021423088, 48.7265101058325], [1.2684910627820147, 48.72575877305073], [1.2713016234217198, 48.72500744026895], [1.2713016234217198, 48.72500744026895], [1.2761985455374014, 48.72532272278579], [1.281095467653084, 48.72563800530262], [1.2859923897687668, 48.72595328781945], [1.2908893118844493, 48.72626857033629], [1.2957862340001314, 48.72658385285312], [1.3006831561158143, 48.72689913536995], [1.3055800782314955, 48.72721441788678], [1.3104770003471775, 48.727529700403615], [1.3153739224628596, 48.727844982920445], [1.3202708445785425, 48.728160265437275], [1.3202708445785425, 48.728160265437275], [1.3236269912462526, 48.72910114575883], [1.3269831379139627, 48.73004202608038], [1.3303392845816733, 48.730982906401934], [1.3336954312493838, 48.73192378672349], [1.337051577917093, 48.73286466704504], [1.3404077245848036, 48.7338055473666], [1.3437638712525133, 48.73474642768815], [1.3471200179202243, 48.73568730800971], [1.350476164587934, 48.73662818833126], [1.3538323112556445, 48.73756906865281], [1.3538323112556445, 48.73756906865281], [1.3545606699208275, 48.73869730172151], [1.3552890285860095, 48.739825534790214], [1.3560173872511938, 48.74095376785891], [1.3567457459163768, 48.7420820009276], [1.3574741045815606, 48.74321023399631], [1.358202463246743, 48.744338467065006], [1.3589308219119265, 48.745466700133704], [1.3596591805771103, 48.74659493320241], [1.3603875392422924, 48.74772316627111], [1.3611158979074767, 48.748851399339806], [1.3611158979074767, 48.748851399339806], [1.361849975412015, 48.75374193786595], [1.3625840529165534, 48.75863247639209], [1.3633181304210926, 48.763523014918235], [1.364052207925631, 48.76841355344438], [1.3647862854301702, 48.77330409197052], [1.3655203629347095, 48.778194630496664], [1.3662544404392478, 48.783085169022804], [1.3669885179437862, 48.787975707548945], [1.3677225954483254, 48.792866246075086], [1.3684566729528642, 48.797756784601226], [1.3684566729528642, 48.797756784601226], [1.3723639133839636, 48.80164505455773], [1.3762711538150625, 48.805533324514236], [1.3801783942461605, 48.80942159447074], [1.384085634677259, 48.81330986442725], [1.3879928751083583, 48.81719813438375], [1.3919001155394572, 48.82108640434025], [1.3958073559705566, 48.824974674296755], [1.399714596401655, 48.82886294425326], [1.403621836832754, 48.832751214209765], [1.407529077263852, 48.83663948416626], [1.407529077263852, 48.83663948416626], [1.4110658557346434, 48.83670232349933], [1.414602634205432, 48.8367651628324], [1.4181394126762217, 48.836828002165475], [1.4216761911470113, 48.836890841498544], [1.4252129696178018, 48.83695368083161], [1.4287497480885913, 48.83701652016468], [1.432286526559381, 48.83707935949775], [1.4358233050301705, 48.837142198830826], [1.4393600835009597, 48.83720503816389], [1.4428968619717502, 48.83726787749696], [1.4428968619717502, 48.83726787749696], [1.4445279680132512, 48.83701831933431], [1.4461590740547536, 48.83676876117167], [1.4477901800962552, 48.83651920300902], [1.4494212861377584, 48.836269644846375], [1.45105239217926, 48.83602008668373], [1.4526834982207615, 48.83577052852108], [1.4543146042622639, 48.83552097035844], [1.4559457103037663, 48.835271412195794], [1.4575768163452696, 48.83502185403315], [1.459207922386771, 48.83477229587051], [1.459207922386771, 48.83477229587051], [1.4601183810632299, 48.8365906464339], [1.4610288397396887, 48.83840899699728], [1.4619392984161483, 48.84022734756067], [1.4628497570926067, 48.84204569812406], [1.4637602157690668, 48.84386404868745], [1.4646706744455265, 48.84568239925084], [1.4655811331219852, 48.84750074981423], [1.466491591798444, 48.84931910037762], [1.4674020504749037, 48.851137450941], [1.468312509151363, 48.85295580150439], [1.468312509151363, 48.85295580150439], [1.4674106396631794, 48.855587696121354], [1.4665087701749968, 48.8582195907383], [1.4656069006868155, 48.86085148535526], [1.4647050311986325, 48.863483379972216], [1.4638031617104503, 48.86611527458918], [1.4629012922222668, 48.868747169206124], [1.4619994227340851, 48.871379063823085], [1.4610975532459025, 48.87401095844004], [1.46019568375772, 48.876642853057], [1.4592938142695382, 48.87927474767396], [1.4592938142695382, 48.87927474767396], [1.4640091050561232, 48.87915094456288], [1.4687243958427083, 48.8790271414518], [1.4734396866292925, 48.87890333834073], [1.4781549774158775, 48.878779535229654], [1.4828702682024626, 48.878655732118574], [1.4875855589890477, 48.8785319290075], [1.4923008497756327, 48.87840812589642], [1.4970161405622182, 48.87828432278534], [1.5017314313488028, 48.87816051967427], [1.5064467221353879, 48.87803671656319], [1.5064467221353879, 48.87803671656319], [1.5088968656040955, 48.87866437688028], [1.511347009072804, 48.87929203719736], [1.513797152541513, 48.87991969751445], [1.5162472960102211, 48.880547357831546], [1.5186974394789288, 48.881175018148625], [1.5211475829476377, 48.88180267846572], [1.5235977264163458, 48.88243033878281], [1.526047869885054, 48.8830579990999], [1.528498013353763, 48.88368565941698], [1.5309481568224714, 48.88431331973407], [1.5309481568224714, 48.88431331973407], [1.5308647374341162, 48.88832557364372], [1.530781318045762, 48.89233782755336], [1.5306978986574058, 48.89635008146301], [1.530614479269051, 48.900362335372655], [1.5305310598806963, 48.9043745892823], [1.530447640492342, 48.90838684319195], [1.5303642211039867, 48.91239909710159], [1.530280801715632, 48.91641135101124], [1.5301973823272772, 48.920423604920884], [1.530113962938921, 48.924435858830535], [1.530113962938921, 48.924435858830535], [1.5278471150299424, 48.92431030775711], [1.5255802671209637, 48.92418475668369], [1.5233134192119855, 48.92405920561027], [1.5210465713030072, 48.923933654536846], [1.5187797233940272, 48.92380810346343], [1.5165128754850494, 48.923682552390005], [1.5142460275760707, 48.92355700131659], [1.5119791796670925, 48.923431450243164], [1.5097123317581138, 48.92330589916974], [1.5074454838491351, 48.923180348096324], [1.5074454838491351, 48.923180348096324], [1.505453107425493, 48.92437093083626], [1.5034607310018533, 48.925561513576206], [1.5014683545782117, 48.926752096316136], [1.4994759781545706, 48.92794267905608], [1.4974836017309285, 48.92913326179602], [1.4954912253072883, 48.93032384453596], [1.4934988488836471, 48.931514427275914], [1.4915064724600056, 48.93270501001585], [1.4895140960363658, 48.93389559275579], [1.4875217196127228, 48.93508617549573], [1.4875217196127228, 48.93508617549573], [1.489430070495931, 48.93759378609458], [1.4913384213791363, 48.940101396693436], [1.4932467722623408, 48.94260900729229], [1.4951551231455475, 48.945116617891145], [1.4970634740287534, 48.94762422848999], [1.4989718249119592, 48.95013183908885], [1.500880175795166, 48.9526394496877], [1.5027885266783705, 48.95514706028655], [1.5046968775615777, 48.957654670885404], [1.506605228444783, 48.960162281484266], [1.506605228444783, 48.960162281484266], [1.5036144979081967, 48.96122762972163], [1.5006237673716107, 48.962292977959], [1.497633036835024, 48.963358326196364], [1.4946423062984366, 48.96442367443373], [1.4916515757618503, 48.96548902267109], [1.4886608452252639, 48.96655437090847], [1.4856701146886775, 48.96761971914583], [1.482679384152091, 48.9686850673832], [1.4796886536155043, 48.96975041562056], [1.4766979230789175, 48.970815763857935], [1.4766979230789175, 48.970815763857935], [1.47498352720823, 48.97514060463233], [1.4732691313375432, 48.97946544540672], [1.4715547354668552, 48.983790286181105], [1.4698403395961672, 48.98811512695549], [1.4681259437254797, 48.99243996772988], [1.466411547854792, 48.996764808504274], [1.464697151984105, 49.00108964927866], [1.462982756113417, 49.00541449005305], [1.461268360242729, 49.00973933082744], [1.4595539643720419, 49.01406417160183], [1.4595539643720419, 49.01406417160183], [1.4613690817356262, 49.01469167343903], [1.4631841990992096, 49.01531917527623], [1.4649993164627948, 49.01594667711344], [1.466814433826379, 49.016574178950634], [1.4686295511899625, 49.017201680787835], [1.4704446685535468, 49.01782918262505], [1.4722597859171311, 49.018456684462244], [1.4740749032807154, 49.019084186299445], [1.4758900206442997, 49.019711688136645], [1.477705138007884, 49.02033918997385], [1.477705138007884, 49.02033918997385], [1.4822400461194447, 49.02121840779306], [1.4867749542310063, 49.02209762561226], [1.4913098623425682, 49.022976843431465], [1.4958447704541298, 49.02385606125067], [1.5003796785656922, 49.02473527906987], [1.5049145866772529, 49.02561449688907], [1.5094494947888144, 49.02649371470828], [1.5139844029003764, 49.027372932527484], [1.518519311011938, 49.02825215034669], [1.5230542191235004, 49.0291313681659]]]}}]}