{
    "type": "FeatureCollection",
    "features": [
        {
            "type": "Feature",
            "properties": {
                "diocese": "Tullen",
                "province": "Treviren",
                "date": 1592
            },
            "geometry": {
                "type": "Polygon",
                "coordinates": [
                    [
                        [
                            7.175564790649407,
                            48.50179576972824
                        ],
                        [
                            7.175919786497184,
                            48.497595575045011
                        ],
                        [
                            7.176274782344962,
                            48.49339538036179
                        ],
                        [
                            7.176629778192735,
                            48.489195185678554
                        ],
                        [
                            7.176984774040513,
                            48.484994990995318
                        ],
                        [
                            7.17733976988829,
                            48.480794796312097
                        ],
                        [
                            7.177694765736067,
                            48.476594601628861
                        ],
                        [
                            7.178049761583843,
                            48.472394406945639
                        ],
                        [
                            7.178404757431618,
                            48.468194212262411
                        ],
                        [
                            7.183114293613713,
                            48.465060132413186
                        ],
                        [
                            7.187823829795805,
                            48.461926052563953
                        ],
                        [
                            7.192533365977896,
                            48.458791972714721
                        ],
                        [
                            7.197242902159989,
                            48.455657892865496
                        ],
                        [
                            7.201952438342083,
                            48.452523813016263
                        ],
                        [
                            7.206661974524176,
                            48.449389733167024
                        ],
                        [
                            7.211371510706268,
                            48.446255653317799
                        ],
                        [
                            7.216081046888361,
                            48.443121573468567
                        ],
                        [
                            7.220790583070453,
                            48.439987493619334
                        ],
                        [
                            7.225500119252546,
                            48.436853413770109
                        ],
                        [
                            7.220316513657927,
                            48.428890599340328
                        ],
                        [
                            7.215132908063309,
                            48.420927784910553
                        ],
                        [
                            7.209949302468692,
                            48.412964970480779
                        ],
                        [
                            7.204765696874073,
                            48.405002156050998
                        ],
                        [
                            7.199582091279453,
                            48.397039341621223
                        ],
                        [
                            7.194398485684836,
                            48.389076527191449
                        ],
                        [
                            7.189214880090221,
                            48.381113712761675
                        ],
                        [
                            7.184031274495602,
                            48.373150898331907
                        ],
                        [
                            7.178847668900982,
                            48.365188083902126
                        ],
                        [
                            7.173664063306365,
                            48.357225269472352
                        ],
                        [
                            7.167223213678009,
                            48.355906530229525
                        ],
                        [
                            7.160782364049648,
                            48.354587790986685
                        ],
                        [
                            7.154341514421288,
                            48.353269051743858
                        ],
                        [
                            7.14790066479293,
                            48.351950312501032
                        ],
                        [
                            7.141459815164573,
                            48.350631573258198
                        ],
                        [
                            7.135018965536213,
                            48.349312834015379
                        ],
                        [
                            7.128578115907855,
                            48.347994094772545
                        ],
                        [
                            7.122137266279493,
                            48.346675355529712
                        ],
                        [
                            7.115696416651137,
                            48.345356616286885
                        ],
                        [
                            7.109255567022778,
                            48.344037877044059
                        ],
                        [
                            7.106442822412525,
                            48.342846100586485
                        ],
                        [
                            7.103630077802269,
                            48.341654324128903
                        ],
                        [
                            7.100817333192014,
                            48.340462547671329
                        ],
                        [
                            7.098004588581761,
                            48.339270771213748
                        ],
                        [
                            7.095191843971506,
                            48.338078994756167
                        ],
                        [
                            7.092379099361251,
                            48.336887218298585
                        ],
                        [
                            7.089566354750998,
                            48.335695441841011
                        ],
                        [
                            7.086753610140743,
                            48.334503665383437
                        ],
                        [
                            7.083940865530488,
                            48.333311888925863
                        ],
                        [
                            7.081128120920233,
                            48.332120112468282
                        ],
                        [
                            7.080397318041966,
                            48.329737775623073
                        ],
                        [
                            7.079666515163698,
                            48.327355438777857
                        ],
                        [
                            7.07893571228543,
                            48.324973101932649
                        ],
                        [
                            7.078204909407164,
                            48.322590765087448
                        ],
                        [
                            7.077474106528896,
                            48.320208428242232
                        ],
                        [
                            7.076743303650632,
                            48.317826091397023
                        ],
                        [
                            7.076012500772363,
                            48.315443754551815
                        ],
                        [
                            7.075281697894098,
                            48.313061417706599
                        ],
                        [
                            7.074550895015829,
                            48.310679080861398
                        ],
                        [
                            7.073820092137563,
                            48.308296744016189
                        ],
                        [
                            7.076085101985539,
                            48.307482251883947
                        ],
                        [
                            7.078350111833515,
                            48.306667759751718
                        ],
                        [
                            7.08061512168149,
                            48.305853267619476
                        ],
                        [
                            7.082880131529462,
                            48.30503877548724
                        ],
                        [
                            7.085145141377437,
                            48.304224283354998
                        ],
                        [
                            7.087410151225415,
                            48.303409791222762
                        ],
                        [
                            7.089675161073389,
                            48.302595299090527
                        ],
                        [
                            7.091940170921363,
                            48.301780806958291
                        ],
                        [
                            7.09420518076934,
                            48.300966314826063
                        ],
                        [
                            7.096470190617314,
                            48.30015182269382
                        ],
                        [
                            7.106540395949951,
                            48.302286519623138
                        ],
                        [
                            7.116610601282591,
                            48.304421216552456
                        ],
                        [
                            7.12668080661523,
                            48.306555913481773
                        ],
                        [
                            7.136751011947871,
                            48.308690610411091
                        ],
                        [
                            7.146821217280507,
                            48.310825307340409
                        ],
                        [
                            7.156891422613144,
                            48.312960004269726
                        ],
                        [
                            7.166961627945785,
                            48.315094701199051
                        ],
                        [
                            7.177031833278422,
                            48.317229398128362
                        ],
                        [
                            7.187102038611064,
                            48.319364095057686
                        ],
                        [
                            7.197172243943701,
                            48.321498791987004
                        ],
                        [
                            7.197893962015568,
                            48.319993837185784
                        ],
                        [
                            7.198615680087437,
                            48.31848888238455
                        ],
                        [
                            7.199337398159305,
                            48.31698392758333
                        ],
                        [
                            7.200059116231175,
                            48.31547897278211
                        ],
                        [
                            7.200780834303041,
                            48.313974017980883
                        ],
                        [
                            7.201502552374912,
                            48.312469063179655
                        ],
                        [
                            7.202224270446781,
                            48.310964108378442
                        ],
                        [
                            7.202945988518648,
                            48.309459153577215
                        ],
                        [
                            7.203667706590517,
                            48.307954198775995
                        ],
                        [
                            7.204389424662384,
                            48.306449243974768
                        ],
                        [
                            7.199391134429604,
                            48.300805601586191
                        ],
                        [
                            7.194392844196825,
                            48.295161959197614
                        ],
                        [
                            7.189394553964043,
                            48.289518316809044
                        ],
                        [
                            7.18439626373126,
                            48.283874674420467
                        ],
                        [
                            7.179397973498478,
                            48.278231032031883
                        ],
                        [
                            7.174399683265696,
                            48.27258738964332
                        ],
                        [
                            7.169401393032915,
                            48.266943747254736
                        ],
                        [
                            7.164403102800133,
                            48.261300104866159
                        ],
                        [
                            7.159404812567356,
                            48.255656462477575
                        ],
                        [
                            7.154406522334574,
                            48.250012820089012
                        ],
                        [
                            7.149953034358822,
                            48.244118281913842
                        ],
                        [
                            7.14549954638307,
                            48.238223743738686
                        ],
                        [
                            7.141046058407317,
                            48.232329205563524
                        ],
                        [
                            7.136592570431567,
                            48.226434667388361
                        ],
                        [
                            7.132139082455812,
                            48.220540129213198
                        ],
                        [
                            7.127685594480063,
                            48.21464559103805
                        ],
                        [
                            7.123232106504309,
                            48.208751052862887
                        ],
                        [
                            7.118778618528559,
                            48.202856514687724
                        ],
                        [
                            7.114325130552803,
                            48.196961976512561
                        ],
                        [
                            7.109871642577055,
                            48.191067438337406
                        ],
                        [
                            7.10787085078495,
                            48.188684790017547
                        ],
                        [
                            7.105870058992847,
                            48.186302141697709
                        ],
                        [
                            7.103869267200746,
                            48.183919493377864
                        ],
                        [
                            7.101868475408642,
                            48.181536845058019
                        ],
                        [
                            7.099867683616539,
                            48.179154196738168
                        ],
                        [
                            7.097866891824438,
                            48.17677154841833
                        ],
                        [
                            7.095866100032334,
                            48.174388900098478
                        ],
                        [
                            7.093865308240231,
                            48.172006251778633
                        ],
                        [
                            7.091864516448128,
                            48.169623603458788
                        ],
                        [
                            7.089863724656025,
                            48.167240955138936
                        ],
                        [
                            7.088763172920698,
                            48.160595214070291
                        ],
                        [
                            7.087662621185371,
                            48.153949473001632
                        ],
                        [
                            7.086562069450048,
                            48.147303731932986
                        ],
                        [
                            7.08546151771472,
                            48.140657990864327
                        ],
                        [
                            7.084360965979393,
                            48.134012249795674
                        ],
                        [
                            7.083260414244066,
                            48.127366508727015
                        ],
                        [
                            7.082159862508737,
                            48.120720767658362
                        ],
                        [
                            7.081059310773412,
                            48.11407502658971
                        ],
                        [
                            7.079958759038085,
                            48.107429285521057
                        ],
                        [
                            7.078858207302758,
                            48.100783544452405
                        ],
                        [
                            7.072502561828186,
                            48.096393671952185
                        ],
                        [
                            7.066146916353611,
                            48.092003799451973
                        ],
                        [
                            7.059791270879035,
                            48.087613926951768
                        ],
                        [
                            7.053435625404463,
                            48.083224054451549
                        ],
                        [
                            7.047079979929892,
                            48.078834181951343
                        ],
                        [
                            7.040724334455316,
                            48.074444309451131
                        ],
                        [
                            7.034368688980742,
                            48.070054436950919
                        ],
                        [
                            7.028013043506169,
                            48.065664564450699
                        ],
                        [
                            7.021657398031593,
                            48.061274691950487
                        ],
                        [
                            7.01530175255702,
                            48.056884819450275
                        ],
                        [
                            7.016928337961392,
                            48.054252033706021
                        ],
                        [
                            7.018554923365766,
                            48.051619247961767
                        ],
                        [
                            7.020181508770136,
                            48.048986462217513
                        ],
                        [
                            7.021808094174508,
                            48.046353676473259
                        ],
                        [
                            7.02343467957888,
                            48.043720890728999
                        ],
                        [
                            7.025061264983249,
                            48.041088104984745
                        ],
                        [
                            7.026687850387624,
                            48.038455319240498
                        ],
                        [
                            7.028314435791994,
                            48.035822533496244
                        ],
                        [
                            7.029941021196366,
                            48.033189747751983
                        ],
                        [
                            7.031567606600737,
                            48.030556962007729
                        ],
                        [
                            7.028845551650695,
                            48.029177199633672
                        ],
                        [
                            7.026123496700652,
                            48.027797437259615
                        ],
                        [
                            7.023401441750607,
                            48.02641767488555
                        ],
                        [
                            7.020679386800566,
                            48.025037912511486
                        ],
                        [
                            7.017957331850523,
                            48.023658150137436
                        ],
                        [
                            7.01523527690048,
                            48.022278387763379
                        ],
                        [
                            7.012513221950437,
                            48.020898625389314
                        ],
                        [
                            7.009791167000394,
                            48.019518863015257
                        ],
                        [
                            7.007069112050351,
                            48.0181391006412
                        ],
                        [
                            7.004347057100308,
                            48.016759338267143
                        ],
                        [
                            7.001245229069236,
                            48.007479917007913
                        ],
                        [
                            6.998143401038163,
                            47.998200495748684
                        ],
                        [
                            6.995041573007091,
                            47.988921074489454
                        ],
                        [
                            6.991939744976019,
                            47.979641653230232
                        ],
                        [
                            6.988837916944945,
                            47.970362231971002
                        ],
                        [
                            6.985736088913875,
                            47.961082810711773
                        ],
                        [
                            6.982634260882802,
                            47.951803389452543
                        ],
                        [
                            6.97953243285173,
                            47.942523968193321
                        ],
                        [
                            6.97643060482066,
                            47.933244546934091
                        ],
                        [
                            6.973328776789588,
                            47.923965125674862
                        ],
                        [
                            6.972961448413415,
                            47.920955825222009
                        ],
                        [
                            6.972594120037241,
                            47.91794652476915
                        ],
                        [
                            6.97222679166107,
                            47.91493722431629
                        ],
                        [
                            6.971859463284897,
                            47.911927923863438
                        ],
                        [
                            6.971492134908726,
                            47.908918623410578
                        ],
                        [
                            6.971124806532552,
                            47.905909322957726
                        ],
                        [
                            6.970757478156379,
                            47.902900022504859
                        ],
                        [
                            6.97039014978021,
                            47.899890722052007
                        ],
                        [
                            6.970022821404038,
                            47.896881421599154
                        ],
                        [
                            6.969655493027863,
                            47.893872121146295
                        ],
                        [
                            6.966570768404013,
                            47.893495334210172
                        ],
                        [
                            6.963486043780163,
                            47.893118547274057
                        ],
                        [
                            6.960401319156313,
                            47.892741760337941
                        ],
                        [
                            6.957316594532461,
                            47.892364973401826
                        ],
                        [
                            6.954231869908613,
                            47.89198818646571
                        ],
                        [
                            6.951147145284763,
                            47.891611399529587
                        ],
                        [
                            6.948062420660914,
                            47.891234612593472
                        ],
                        [
                            6.944977696037062,
                            47.890857825657356
                        ],
                        [
                            6.941892971413212,
                            47.890481038721234
                        ],
                        [
                            6.938808246789362,
                            47.890104251785118
                        ],
                        [
                            6.935180110355175,
                            47.889100280384184
                        ],
                        [
                            6.931551973920991,
                            47.888096308983258
                        ],
                        [
                            6.927923837486803,
                            47.887092337582324
                        ],
                        [
                            6.924295701052619,
                            47.886088366181397
                        ],
                        [
                            6.920667564618432,
                            47.885084394780463
                        ],
                        [
                            6.91703942818425,
                            47.88408042337953
                        ],
                        [
                            6.913411291750062,
                            47.883076451978603
                        ],
                        [
                            6.909783155315875,
                            47.882072480577669
                        ],
                        [
                            6.906155018881689,
                            47.881068509176743
                        ],
                        [
                            6.902526882447503,
                            47.880064537775816
                        ],
                        [
                            6.90198011669251,
                            47.878560332927449
                        ],
                        [
                            6.901433350937515,
                            47.87705612807909
                        ],
                        [
                            6.900886585182521,
                            47.875551923230738
                        ],
                        [
                            6.900339819427526,
                            47.874047718382378
                        ],
                        [
                            6.899793053672534,
                            47.872543513534019
                        ],
                        [
                            6.899246287917542,
                            47.871039308685667
                        ],
                        [
                            6.898699522162545,
                            47.8695351038373
                        ],
                        [
                            6.898152756407551,
                            47.868030898988948
                        ],
                        [
                            6.897605990652558,
                            47.866526694140596
                        ],
                        [
                            6.897059224897562,
                            47.86502248929223
                        ],
                        [
                            6.897780701741551,
                            47.863392549081844
                        ],
                        [
                            6.89850217858554,
                            47.861762608871459
                        ],
                        [
                            6.899223655429529,
                            47.860132668661066
                        ],
                        [
                            6.899945132273517,
                            47.858502728450674
                        ],
                        [
                            6.900666609117508,
                            47.856872788240288
                        ],
                        [
                            6.901388085961495,
                            47.855242848029896
                        ],
                        [
                            6.902109562805483,
                            47.85361290781951
                        ],
                        [
                            6.90283103964947,
                            47.851982967609125
                        ],
                        [
                            6.903552516493459,
                            47.850353027398732
                        ],
                        [
                            6.904273993337448,
                            47.848723087188347
                        ],
                        [
                            6.900825812291917,
                            47.847343143599083
                        ],
                        [
                            6.897377631246382,
                            47.845963200009834
                        ],
                        [
                            6.893929450200851,
                            47.84458325642057
                        ],
                        [
                            6.890481269155316,
                            47.843203312831321
                        ],
                        [
                            6.887033088109785,
                            47.841823369242057
                        ],
                        [
                            6.883584907064252,
                            47.840443425652808
                        ],
                        [
                            6.880136726018719,
                            47.839063482063551
                        ],
                        [
                            6.876688544973184,
                            47.837683538474295
                        ],
                        [
                            6.873240363927653,
                            47.836303594885031
                        ],
                        [
                            6.86979218288212,
                            47.834923651295782
                        ],
                        [
                            6.86489446085087,
                            47.834169322810773
                        ],
                        [
                            6.859996738819621,
                            47.833414994325771
                        ],
                        [
                            6.855099016788369,
                            47.832660665840763
                        ],
                        [
                            6.850201294757118,
                            47.831906337355761
                        ],
                        [
                            6.84530357272587,
                            47.831152008870752
                        ],
                        [
                            6.840405850694617,
                            47.830397680385751
                        ],
                        [
                            6.835508128663369,
                            47.829643351900742
                        ],
                        [
                            6.830610406632116,
                            47.828889023415741
                        ],
                        [
                            6.825712684600868,
                            47.828134694930732
                        ],
                        [
                            6.820814962569616,
                            47.82738036644573
                        ],
                        [
                            6.82171822023499,
                            47.825500506372769
                        ],
                        [
                            6.822621477900361,
                            47.823620646299801
                        ],
                        [
                            6.823524735565732,
                            47.82174078622684
                        ],
                        [
                            6.824427993231104,
                            47.819860926153886
                        ],
                        [
                            6.825331250896475,
                            47.817981066080918
                        ],
                        [
                            6.826234508561848,
                            47.816101206007957
                        ],
                        [
                            6.827137766227221,
                            47.814221345934996
                        ],
                        [
                            6.828041023892592,
                            47.812341485862042
                        ],
                        [
                            6.828944281557964,
                            47.810461625789067
                        ],
                        [
                            6.829847539223335,
                            47.808581765716106
                        ],
                        [
                            6.823613385988041,
                            47.811847927011478
                        ],
                        [
                            6.817379232752755,
                            47.815114088306842
                        ],
                        [
                            6.811145079517463,
                            47.818380249602214
                        ],
                        [
                            6.804910926282171,
                            47.821646410897579
                        ],
                        [
                            6.79867677304688,
                            47.82491257219295
                        ],
                        [
                            6.79244261981159,
                            47.828178733488315
                        ],
                        [
                            6.786208466576298,
                            47.831444894783679
                        ],
                        [
                            6.779974313341004,
                            47.834711056079051
                        ],
                        [
                            6.773740160105714,
                            47.837977217374409
                        ],
                        [
                            6.767506006870422,
                            47.841243378669787
                        ],
                        [
                            6.758409510732053,
                            47.844876299616658
                        ],
                        [
                            6.749313014593682,
                            47.848509220563528
                        ],
                        [
                            6.740216518455311,
                            47.852142141510406
                        ],
                        [
                            6.731120022316942,
                            47.855775062457276
                        ],
                        [
                            6.722023526178569,
                            47.859407983404147
                        ],
                        [
                            6.7129270300402,
                            47.863040904351024
                        ],
                        [
                            6.703830533901831,
                            47.866673825297902
                        ],
                        [
                            6.694734037763459,
                            47.870306746244765
                        ],
                        [
                            6.685637541625088,
                            47.873939667191642
                        ],
                        [
                            6.676541045486719,
                            47.87757258813852
                        ],
                        [
                            6.672950798462843,
                            47.877837677065131
                        ],
                        [
                            6.669360551438963,
                            47.878102765991748
                        ],
                        [
                            6.665770304415087,
                            47.878367854918366
                        ],
                        [
                            6.662180057391209,
                            47.878632943844977
                        ],
                        [
                            6.658589810367335,
                            47.878898032771588
                        ],
                        [
                            6.654999563343457,
                            47.879163121698213
                        ],
                        [
                            6.651409316319581,
                            47.879428210624816
                        ],
                        [
                            6.647819069295702,
                            47.879693299551441
                        ],
                        [
                            6.644228822271828,
                            47.879958388478052
                        ],
                        [
                            6.64063857524795,
                            47.880223477404662
                        ],
                        [
                            6.635384471922659,
                            47.882172756918621
                        ],
                        [
                            6.630130368597369,
                            47.884122036432572
                        ],
                        [
                            6.624876265272079,
                            47.886071315946531
                        ],
                        [
                            6.61962216194679,
                            47.888020595460482
                        ],
                        [
                            6.614368058621499,
                            47.889969874974433
                        ],
                        [
                            6.609113955296207,
                            47.891919154488384
                        ],
                        [
                            6.603859851970919,
                            47.893868434002343
                        ],
                        [
                            6.598605748645628,
                            47.895817713516294
                        ],
                        [
                            6.593351645320334,
                            47.897766993030253
                        ],
                        [
                            6.588097541995046,
                            47.899716272544211
                        ],
                        [
                            6.585539227170949,
                            47.90308483479447
                        ],
                        [
                            6.58298091234685,
                            47.906453397044736
                        ],
                        [
                            6.580422597522752,
                            47.909821959295009
                        ],
                        [
                            6.577864282698654,
                            47.913190521545268
                        ],
                        [
                            6.575305967874552,
                            47.916559083795534
                        ],
                        [
                            6.572747653050454,
                            47.919927646045807
                        ],
                        [
                            6.570189338226356,
                            47.923296208296065
                        ],
                        [
                            6.567631023402255,
                            47.926664770546331
                        ],
                        [
                            6.565072708578159,
                            47.930033332796604
                        ],
                        [
                            6.562514393754059,
                            47.933401895046863
                        ],
                        [
                            6.559309780361694,
                            47.934110397536678
                        ],
                        [
                            6.556105166969328,
                            47.934818900026485
                        ],
                        [
                            6.552900553576963,
                            47.9355274025163
                        ],
                        [
                            6.549695940184598,
                            47.936235905006107
                        ],
                        [
                            6.54649132679223,
                            47.936944407495915
                        ],
                        [
                            6.543286713399864,
                            47.937652909985729
                        ],
                        [
                            6.540082100007499,
                            47.938361412475537
                        ],
                        [
                            6.536877486615133,
                            47.939069914965351
                        ],
                        [
                            6.533672873222768,
                            47.939778417455159
                        ],
                        [
                            6.530468259830405,
                            47.940486919944973
                        ],
                        [
                            6.526366621063655,
                            47.941549852427443
                        ],
                        [
                            6.522264982296903,
                            47.942612784909912
                        ],
                        [
                            6.518163343530151,
                            47.943675717392381
                        ],
                        [
                            6.5140617047634,
                            47.944738649874857
                        ],
                        [
                            6.509960065996653,
                            47.945801582357326
                        ],
                        [
                            6.505858427229903,
                            47.946864514839795
                        ],
                        [
                            6.501756788463153,
                            47.947927447322272
                        ],
                        [
                            6.497655149696399,
                            47.948990379804741
                        ],
                        [
                            6.493553510929651,
                            47.95005331228721
                        ],
                        [
                            6.489451872162901,
                            47.951116244769686
                        ],
                        [
                            6.487659611759437,
                            47.952711734378042
                        ],
                        [
                            6.485867351355976,
                            47.95430722398639
                        ],
                        [
                            6.48407509095251,
                            47.955902713594746
                        ],
                        [
                            6.482282830549048,
                            47.957498203203095
                        ],
                        [
                            6.480490570145582,
                            47.95909369281145
                        ],
                        [
                            6.478698309742118,
                            47.960689182419806
                        ],
                        [
                            6.476906049338654,
                            47.962284672028161
                        ],
                        [
                            6.475113788935191,
                            47.963880161636524
                        ],
                        [
                            6.473321528531729,
                            47.96547565124488
                        ],
                        [
                            6.471529268128263,
                            47.967071140853221
                        ],
                        [
                            6.463834986610793,
                            47.967157884099308
                        ],
                        [
                            6.45614070509332,
                            47.967244627345387
                        ],
                        [
                            6.448446423575847,
                            47.967331370591467
                        ],
                        [
                            6.440752142058376,
                            47.967418113837546
                        ],
                        [
                            6.433057860540904,
                            47.967504857083632
                        ],
                        [
                            6.425363579023433,
                            47.967591600329712
                        ],
                        [
                            6.417669297505959,
                            47.967678343575791
                        ],
                        [
                            6.409975015988486,
                            47.967765086821871
                        ],
                        [
                            6.402280734471013,
                            47.967851830067957
                        ],
                        [
                            6.394586452953542,
                            47.967938573314036
                        ],
                        [
                            6.388039331155801,
                            47.96439041721149
                        ],
                        [
                            6.381492209358061,
                            47.960842261108951
                        ],
                        [
                            6.37494508756032,
                            47.957294105006412
                        ],
                        [
                            6.368397965762579,
                            47.953745948903865
                        ],
                        [
                            6.361850843964838,
                            47.950197792801319
                        ],
                        [
                            6.355303722167097,
                            47.946649636698773
                        ],
                        [
                            6.348756600369358,
                            47.943101480596248
                        ],
                        [
                            6.342209478571617,
                            47.939553324493701
                        ],
                        [
                            6.335662356773877,
                            47.936005168391155
                        ],
                        [
                            6.329115234976136,
                            47.932457012288609
                        ],
                        [
                            6.326293609245706,
                            47.932278981182272
                        ],
                        [
                            6.323471983515276,
                            47.93210095007592
                        ],
                        [
                            6.320650357784844,
                            47.931922918969576
                        ],
                        [
                            6.317828732054414,
                            47.931744887863232
                        ],
                        [
                            6.315007106323984,
                            47.931566856756881
                        ],
                        [
                            6.312185480593552,
                            47.931388825650536
                        ],
                        [
                            6.309363854863122,
                            47.931210794544199
                        ],
                        [
                            6.30654222913269,
                            47.931032763437855
                        ],
                        [
                            6.30372060340226,
                            47.930854732331504
                        ],
                        [
                            6.300898977671832,
                            47.93067670122516
                        ],
                        [
                            6.294362465562266,
                            47.932625655226239
                        ],
                        [
                            6.287825953452694,
                            47.934574609227319
                        ],
                        [
                            6.281289441343128,
                            47.936523563228398
                        ],
                        [
                            6.274752929233562,
                            47.938472517229485
                        ],
                        [
                            6.268216417123996,
                            47.940421471230565
                        ],
                        [
                            6.261679905014427,
                            47.942370425231651
                        ],
                        [
                            6.255143392904859,
                            47.944319379232724
                        ],
                        [
                            6.248606880795291,
                            47.946268333233803
                        ],
                        [
                            6.242070368685724,
                            47.94821728723489
                        ],
                        [
                            6.235533856576158,
                            47.950166241235969
                        ],
                        [
                            6.234770619249952,
                            47.953357924544498
                        ],
                        [
                            6.234007381923748,
                            47.956549607853027
                        ],
                        [
                            6.233244144597542,
                            47.959741291161556
                        ],
                        [
                            6.232480907271338,
                            47.962932974470078
                        ],
                        [
                            6.231717669945132,
                            47.966124657778607
                        ],
                        [
                            6.230954432618926,
                            47.969316341087136
                        ],
                        [
                            6.23019119529272,
                            47.972508024395665
                        ],
                        [
                            6.229427957966516,
                            47.975699707704194
                        ],
                        [
                            6.228664720640312,
                            47.978891391012716
                        ],
                        [
                            6.227901483314106,
                            47.982083074321245
                        ],
                        [
                            6.230599836619113,
                            47.984831237675429
                        ],
                        [
                            6.233298189924122,
                            47.987579401029606
                        ],
                        [
                            6.235996543229131,
                            47.990327564383797
                        ],
                        [
                            6.238694896534138,
                            47.993075727737974
                        ],
                        [
                            6.241393249839147,
                            47.995823891092165
                        ],
                        [
                            6.244091603144156,
                            47.998572054446342
                        ],
                        [
                            6.246789956449165,
                            48.001320217800526
                        ],
                        [
                            6.249488309754172,
                            48.00406838115471
                        ],
                        [
                            6.252186663059181,
                            48.006816544508894
                        ],
                        [
                            6.254885016364188,
                            48.009564707863085
                        ],
                        [
                            6.255275191238328,
                            48.012402025163951
                        ],
                        [
                            6.255665366112467,
                            48.015239342464838
                        ],
                        [
                            6.256055540986607,
                            48.018076659765725
                        ],
                        [
                            6.256445715860744,
                            48.020913977066613
                        ],
                        [
                            6.256835890734882,
                            48.023751294367493
                        ],
                        [
                            6.257226065609022,
                            48.026588611668373
                        ],
                        [
                            6.257616240483161,
                            48.02942592896926
                        ],
                        [
                            6.258006415357301,
                            48.032263246270141
                        ],
                        [
                            6.258396590231438,
                            48.035100563571021
                        ],
                        [
                            6.258786765105578,
                            48.037937880871908
                        ],
                        [
                            6.250712447071415,
                            48.039620466167101
                        ],
                        [
                            6.242638129037251,
                            48.041303051462286
                        ],
                        [
                            6.234563811003088,
                            48.042985636757486
                        ],
                        [
                            6.226489492968925,
                            48.044668222052671
                        ],
                        [
                            6.218415174934762,
                            48.046350807347871
                        ],
                        [
                            6.210340856900599,
                            48.048033392643056
                        ],
                        [
                            6.202266538866436,
                            48.049715977938249
                        ],
                        [
                            6.194192220832273,
                            48.051398563233448
                        ],
                        [
                            6.186117902798108,
                            48.053081148528634
                        ],
                        [
                            6.178043584763945,
                            48.054763733823833
                        ],
                        [
                            6.168809915164909,
                            48.054584102499838
                        ],
                        [
                            6.159576245565875,
                            48.054404471175836
                        ],
                        [
                            6.150342575966839,
                            48.054224839851834
                        ],
                        [
                            6.141108906367801,
                            48.054045208527832
                        ],
                        [
                            6.131875236768765,
                            48.053865577203837
                        ],
                        [
                            6.122641567169731,
                            48.053685945879849
                        ],
                        [
                            6.113407897570697,
                            48.053506314555847
                        ],
                        [
                            6.10417422797166,
                            48.053326683231852
                        ],
                        [
                            6.094940558372624,
                            48.05314705190785
                        ],
                        [
                            6.085706888773588,
                            48.052967420583855
                        ],
                        [
                            6.081737589959422,
                            48.056158303773685
                        ],
                        [
                            6.077768291145254,
                            48.059349186963516
                        ],
                        [
                            6.073798992331085,
                            48.062540070153347
                        ],
                        [
                            6.069829693516917,
                            48.065730953343177
                        ],
                        [
                            6.065860394702749,
                            48.068921836533008
                        ],
                        [
                            6.06189109588858,
                            48.072112719722831
                        ],
                        [
                            6.057921797074414,
                            48.075303602912669
                        ],
                        [
                            6.053952498260243,
                            48.0784944861025
                        ],
                        [
                            6.049983199446075,
                            48.08168536929233
                        ],
                        [
                            6.046013900631909,
                            48.084876252482161
                        ],
                        [
                            6.044025337404317,
                            48.084033986554964
                        ],
                        [
                            6.042036774176728,
                            48.083191720627774
                        ],
                        [
                            6.040048210949136,
                            48.082349454700584
                        ],
                        [
                            6.038059647721546,
                            48.081507188773386
                        ],
                        [
                            6.036071084493956,
                            48.080664922846189
                        ],
                        [
                            6.034082521266367,
                            48.079822656918992
                        ],
                        [
                            6.032093958038775,
                            48.078980390991802
                        ],
                        [
                            6.030105394811184,
                            48.078138125064598
                        ],
                        [
                            6.028116831583596,
                            48.077295859137415
                        ],
                        [
                            6.026128268356004,
                            48.076453593210218
                        ],
                        [
                            6.024138120934118,
                            48.075610265835785
                        ],
                        [
                            6.022147973512235,
                            48.07476693846133
                        ],
                        [
                            6.020157826090347,
                            48.073923611086897
                        ],
                        [
                            6.018167678668464,
                            48.073080283712457
                        ],
                        [
                            6.01617753124658,
                            48.072236956338024
                        ],
                        [
                            6.014187383824696,
                            48.071393628963577
                        ],
                        [
                            6.012197236402812,
                            48.070550301589144
                        ],
                        [
                            6.010207088980929,
                            48.069706974214704
                        ],
                        [
                            6.008216941559045,
                            48.068863646840263
                        ],
                        [
                            6.006226794137161,
                            48.068020319465823
                        ],
                        [
                            6.007757112633124,
                            48.063587544558963
                        ],
                        [
                            6.00928743112909,
                            48.059154769652103
                        ],
                        [
                            6.010817749625053,
                            48.05472199474525
                        ],
                        [
                            6.012348068121019,
                            48.05028921983839
                        ],
                        [
                            6.013878386616984,
                            48.045856444931538
                        ],
                        [
                            6.015408705112948,
                            48.04142367002467
                        ],
                        [
                            6.016939023608913,
                            48.03699089511781
                        ],
                        [
                            6.018469342104877,
                            48.032558120210957
                        ],
                        [
                            6.019999660600842,
                            48.028125345304097
                        ],
                        [
                            6.021529979096806,
                            48.023692570397245
                        ],
                        [
                            6.020113350066103,
                            48.020590073057541
                        ],
                        [
                            6.018696721035399,
                            48.017487575717823
                        ],
                        [
                            6.017280092004697,
                            48.014385078378112
                        ],
                        [
                            6.015863462973991,
                            48.011282581038408
                        ],
                        [
                            6.014446833943289,
                            48.008180083698704
                        ],
                        [
                            6.013030204912585,
                            48.005077586359
                        ],
                        [
                            6.011613575881881,
                            48.001975089019297
                        ],
                        [
                            6.010196946851179,
                            47.998872591679586
                        ],
                        [
                            6.008780317820476,
                            47.995770094339882
                        ],
                        [
                            6.007363688789772,
                            47.992667597000171
                        ],
                        [
                            6.000949591433471,
                            47.9916020401647
                        ],
                        [
                            5.994535494077173,
                            47.99053648332923
                        ],
                        [
                            5.988121396720876,
                            47.989470926493759
                        ],
                        [
                            5.981707299364578,
                            47.988405369658281
                        ],
                        [
                            5.975293202008279,
                            47.987339812822817
                        ],
                        [
                            5.968879104651981,
                            47.986274255987347
                        ],
                        [
                            5.962465007295682,
                            47.985208699151876
                        ],
                        [
                            5.956050909939385,
                            47.984143142316405
                        ],
                        [
                            5.949636812583085,
                            47.983077585480927
                        ],
                        [
                            5.943222715226788,
                            47.982012028645457
                        ],
                        [
                            5.936171217773524,
                            47.982896903488552
                        ],
                        [
                            5.929119720320257,
                            47.983781778331632
                        ],
                        [
                            5.922068222866995,
                            47.984666653174727
                        ],
                        [
                            5.91501672541373,
                            47.985551528017815
                        ],
                        [
                            5.907965227960467,
                            47.986436402860903
                        ],
                        [
                            5.900913730507199,
                            47.987321277703991
                        ],
                        [
                            5.893862233053936,
                            47.988206152547086
                        ],
                        [
                            5.886810735600674,
                            47.989091027390167
                        ],
                        [
                            5.879759238147408,
                            47.989975902233262
                        ],
                        [
                            5.872707740694143,
                            47.990860777076342
                        ],
                        [
                            5.864630982820303,
                            47.992098972449298
                        ],
                        [
                            5.856554224946462,
                            47.99333716782224
                        ],
                        [
                            5.848477467072623,
                            47.994575363195189
                        ],
                        [
                            5.840400709198782,
                            47.99581355856813
                        ],
                        [
                            5.832323951324943,
                            47.997051753941079
                        ],
                        [
                            5.824247193451106,
                            47.998289949314021
                        ],
                        [
                            5.816170435577265,
                            47.999528144686963
                        ],
                        [
                            5.808093677703425,
                            48.000766340059918
                        ],
                        [
                            5.800016919829584,
                            48.00200453543286
                        ],
                        [
                            5.791940161955745,
                            48.003242730805809
                        ],
                        [
                            5.787320459666921,
                            48.00164671299062
                        ],
                        [
                            5.782700757378093,
                            48.000050695175446
                        ],
                        [
                            5.778081055089267,
                            47.998454677360264
                        ],
                        [
                            5.773461352800439,
                            47.996858659545069
                        ],
                        [
                            5.768841650511613,
                            47.995262641729894
                        ],
                        [
                            5.764221948222785,
                            47.993666623914713
                        ],
                        [
                            5.75960224593396,
                            47.992070606099539
                        ],
                        [
                            5.754982543645133,
                            47.990474588284343
                        ],
                        [
                            5.750362841356306,
                            47.988878570469161
                        ],
                        [
                            5.74574313906748,
                            47.987282552653987
                        ],
                        [
                            5.742157339220816,
                            47.989851820778362
                        ],
                        [
                            5.738571539374151,
                            47.992421088902745
                        ],
                        [
                            5.734985739527485,
                            47.994990357027135
                        ],
                        [
                            5.73139993968082,
                            47.997559625151517
                        ],
                        [
                            5.727814139834155,
                            48.0001288932759
                        ],
                        [
                            5.724228339987491,
                            48.002698161400282
                        ],
                        [
                            5.720642540140826,
                            48.005267429524672
                        ],
                        [
                            5.71705674029416,
                            48.007836697649047
                        ],
                        [
                            5.713470940447495,
                            48.01040596577343
                        ],
                        [
                            5.709885140600832,
                            48.012975233897812
                        ],
                        [
                            5.707311735902501,
                            48.016517908808943
                        ],
                        [
                            5.704738331204172,
                            48.020060583720074
                        ],
                        [
                            5.702164926505843,
                            48.023603258631205
                        ],
                        [
                            5.699591521807514,
                            48.027145933542329
                        ],
                        [
                            5.697018117109184,
                            48.03068860845346
                        ],
                        [
                            5.694444712410856,
                            48.034231283364591
                        ],
                        [
                            5.691871307712526,
                            48.037773958275714
                        ],
                        [
                            5.689297903014198,
                            48.041316633186845
                        ],
                        [
                            5.68672449831587,
                            48.044859308097976
                        ],
                        [
                            5.68415109361754,
                            48.048401983009107
                        ],
                        [
                            5.681069715961858,
                            48.049718345843338
                        ],
                        [
                            5.677988338306177,
                            48.05103470867757
                        ],
                        [
                            5.674906960650496,
                            48.052351071511801
                        ],
                        [
                            5.671825582994815,
                            48.053667434346025
                        ],
                        [
                            5.668744205339133,
                            48.054983797180249
                        ],
                        [
                            5.66566282768345,
                            48.056300160014487
                        ],
                        [
                            5.662581450027769,
                            48.057616522848718
                        ],
                        [
                            5.65950007237209,
                            48.05893288568295
                        ],
                        [
                            5.656418694716407,
                            48.060249248517181
                        ],
                        [
                            5.653337317060725,
                            48.061565611351405
                        ],
                        [
                            5.648261539041306,
                            48.06225335014588
                        ],
                        [
                            5.643185761021888,
                            48.062941088940356
                        ],
                        [
                            5.638109983002469,
                            48.063628827734831
                        ],
                        [
                            5.63303420498305,
                            48.064316566529307
                        ],
                        [
                            5.627958426963632,
                            48.065004305323782
                        ],
                        [
                            5.622882648944213,
                            48.065692044118258
                        ],
                        [
                            5.617806870924793,
                            48.06637978291274
                        ],
                        [
                            5.612731092905374,
                            48.067067521707209
                        ],
                        [
                            5.607655314885958,
                            48.067755260501684
                        ],
                        [
                            5.602579536866537,
                            48.06844299929616
                        ],
                        [
                            5.598956958080167,
                            48.071138310112026
                        ],
                        [
                            5.595334379293796,
                            48.073833620927886
                        ],
                        [
                            5.591711800507422,
                            48.076528931743738
                        ],
                        [
                            5.588089221721049,
                            48.079224242559597
                        ],
                        [
                            5.584466642934677,
                            48.081919553375464
                        ],
                        [
                            5.580844064148307,
                            48.084614864191323
                        ],
                        [
                            5.577221485361935,
                            48.08731017500719
                        ],
                        [
                            5.573598906575562,
                            48.090005485823042
                        ],
                        [
                            5.56997632778919,
                            48.092700796638901
                        ],
                        [
                            5.566353749002818,
                            48.095396107454761
                        ],
                        [
                            5.562000175627906,
                            48.09483099530982
                        ],
                        [
                            5.557646602252994,
                            48.094265883164887
                        ],
                        [
                            5.55329302887808,
                            48.093700771019947
                        ],
                        [
                            5.548939455503167,
                            48.093135658875013
                        ],
                        [
                            5.544585882128253,
                            48.092570546730066
                        ],
                        [
                            5.540232308753342,
                            48.092005434585133
                        ],
                        [
                            5.535878735378429,
                            48.091440322440199
                        ],
                        [
                            5.531525162003517,
                            48.090875210295266
                        ],
                        [
                            5.527171588628603,
                            48.090310098150326
                        ],
                        [
                            5.522818015253691,
                            48.089744986005392
                        ],
                        [
                            5.517287398916487,
                            48.090119622859412
                        ],
                        [
                            5.511756782579285,
                            48.090494259713438
                        ],
                        [
                            5.50622616624208,
                            48.090868896567464
                        ],
                        [
                            5.500695549904878,
                            48.091243533421498
                        ],
                        [
                            5.495164933567674,
                            48.091618170275524
                        ],
                        [
                            5.489634317230472,
                            48.091992807129543
                        ],
                        [
                            5.484103700893268,
                            48.092367443983576
                        ],
                        [
                            5.478573084556063,
                            48.092742080837603
                        ],
                        [
                            5.473042468218861,
                            48.093116717691629
                        ],
                        [
                            5.467511851881657,
                            48.093491354545655
                        ],
                        [
                            5.463529929834857,
                            48.097314626978573
                        ],
                        [
                            5.459548007788063,
                            48.101137899411498
                        ],
                        [
                            5.455566085741264,
                            48.104961171844415
                        ],
                        [
                            5.45158416369447,
                            48.108784444277333
                        ],
                        [
                            5.447602241647671,
                            48.112607716710251
                        ],
                        [
                            5.443620319600875,
                            48.116430989143169
                        ],
                        [
                            5.439638397554079,
                            48.120254261576093
                        ],
                        [
                            5.435656475507281,
                            48.124077534009018
                        ],
                        [
                            5.431674553460484,
                            48.127900806441929
                        ],
                        [
                            5.42769263141369,
                            48.131724078874853
                        ],
                        [
                            5.425435649212019,
                            48.136738856288048
                        ],
                        [
                            5.423178667010353,
                            48.141753633701235
                        ],
                        [
                            5.420921684808686,
                            48.146768411114429
                        ],
                        [
                            5.418664702607021,
                            48.151783188527624
                        ],
                        [
                            5.416407720405353,
                            48.156797965940811
                        ],
                        [
                            5.414150738203684,
                            48.161812743354005
                        ],
                        [
                            5.411893756002019,
                            48.1668275207672
                        ],
                        [
                            5.409636773800353,
                            48.171842298180387
                        ],
                        [
                            5.407379791598686,
                            48.176857075593581
                        ],
                        [
                            5.405122809397017,
                            48.181871853006776
                        ],
                        [
                            5.396427961669398,
                            48.187073032307538
                        ],
                        [
                            5.387733113941781,
                            48.192274211608307
                        ],
                        [
                            5.379038266214163,
                            48.197475390909069
                        ],
                        [
                            5.370343418486542,
                            48.202676570209839
                        ],
                        [
                            5.361648570758923,
                            48.207877749510594
                        ],
                        [
                            5.352953723031307,
                            48.213078928811363
                        ],
                        [
                            5.344258875303685,
                            48.218280108112126
                        ],
                        [
                            5.335564027576067,
                            48.223481287412888
                        ],
                        [
                            5.326869179848449,
                            48.228682466713657
                        ],
                        [
                            5.318174332120829,
                            48.233883646014412
                        ],
                        [
                            5.316458024005094,
                            48.237205414894866
                        ],
                        [
                            5.314741715889358,
                            48.24052718377532
                        ],
                        [
                            5.313025407773623,
                            48.243848952655775
                        ],
                        [
                            5.311309099657887,
                            48.247170721536229
                        ],
                        [
                            5.309592791542149,
                            48.25049249041669
                        ],
                        [
                            5.307876483426412,
                            48.253814259297137
                        ],
                        [
                            5.306160175310676,
                            48.257136028177591
                        ],
                        [
                            5.304443867194939,
                            48.260457797058045
                        ],
                        [
                            5.302727559079203,
                            48.263779565938499
                        ],
                        [
                            5.301011250963468,
                            48.267101334818953
                        ],
                        [
                            5.298386406374936,
                            48.269608886084328
                        ],
                        [
                            5.295761561786403,
                            48.272116437349688
                        ],
                        [
                            5.29313671719787,
                            48.274623988615069
                        ],
                        [
                            5.290511872609338,
                            48.277131539880436
                        ],
                        [
                            5.287887028020807,
                            48.27963909114581
                        ],
                        [
                            5.285262183432275,
                            48.282146642411178
                        ],
                        [
                            5.282637338843742,
                            48.284654193676552
                        ],
                        [
                            5.280012494255208,
                            48.287161744941933
                        ],
                        [
                            5.277387649666677,
                            48.2896692962073
                        ],
                        [
                            5.274762805078144,
                            48.292176847472668
                        ],
                        [
                            5.269410949520609,
                            48.293933817018171
                        ],
                        [
                            5.264059093963072,
                            48.295690786563689
                        ],
                        [
                            5.258707238405533,
                            48.2974477561092
                        ],
                        [
                            5.253355382847998,
                            48.299204725654704
                        ],
                        [
                            5.248003527290461,
                            48.300961695200215
                        ],
                        [
                            5.242651671732924,
                            48.302718664745726
                        ],
                        [
                            5.237299816175385,
                            48.304475634291229
                        ],
                        [
                            5.231947960617852,
                            48.306232603836747
                        ],
                        [
                            5.226596105060315,
                            48.307989573382251
                        ],
                        [
                            5.221244249502776,
                            48.309746542927762
                        ],
                        [
                            5.221826810657555,
                            48.312951382231702
                        ],
                        [
                            5.222409371812331,
                            48.316156221535643
                        ],
                        [
                            5.222991932967107,
                            48.319361060839576
                        ],
                        [
                            5.223574494121884,
                            48.322565900143509
                        ],
                        [
                            5.224157055276665,
                            48.325770739447442
                        ],
                        [
                            5.224739616431439,
                            48.32897557875139
                        ],
                        [
                            5.225322177586216,
                            48.332180418055316
                        ],
                        [
                            5.225904738740994,
                            48.335385257359256
                        ],
                        [
                            5.226487299895771,
                            48.338590096663182
                        ],
                        [
                            5.227069861050547,
                            48.34179493596713
                        ],
                        [
                            5.22553364521278,
                            48.343213157076633
                        ],
                        [
                            5.223997429375011,
                            48.344631378186122
                        ],
                        [
                            5.22246121353724,
                            48.346049599295625
                        ],
                        [
                            5.220924997699473,
                            48.347467820405129
                        ],
                        [
                            5.219388781861706,
                            48.348886041514632
                        ],
                        [
                            5.217852566023936,
                            48.350304262624128
                        ],
                        [
                            5.216316350186169,
                            48.351722483733624
                        ],
                        [
                            5.2147801343484,
                            48.353140704843128
                        ],
                        [
                            5.213243918510633,
                            48.354558925952631
                        ],
                        [
                            5.211707702672863,
                            48.355977147062127
                        ],
                        [
                            5.207479197879866,
                            48.357748289078586
                        ],
                        [
                            5.20325069308687,
                            48.359519431095045
                        ],
                        [
                            5.199022188293874,
                            48.361290573111511
                        ],
                        [
                            5.19479368350088,
                            48.363061715127969
                        ],
                        [
                            5.190565178707883,
                            48.364832857144428
                        ],
                        [
                            5.186336673914887,
                            48.366603999160894
                        ],
                        [
                            5.182108169121891,
                            48.368375141177353
                        ],
                        [
                            5.177879664328895,
                            48.370146283193812
                        ],
                        [
                            5.173651159535899,
                            48.37191742521027
                        ],
                        [
                            5.169422654742903,
                            48.373688567226729
                        ],
                        [
                            5.168528104213239,
                            48.375284280871483
                        ],
                        [
                            5.167633553683578,
                            48.376879994516223
                        ],
                        [
                            5.166739003153914,
                            48.378475708160977
                        ],
                        [
                            5.165844452624251,
                            48.380071421805724
                        ],
                        [
                            5.164949902094591,
                            48.381667135450478
                        ],
                        [
                            5.164055351564926,
                            48.383262849095217
                        ],
                        [
                            5.163160801035263,
                            48.384858562739971
                        ],
                        [
                            5.162266250505601,
                            48.386454276384718
                        ],
                        [
                            5.161371699975938,
                            48.388049990029465
                        ],
                        [
                            5.160477149446274,
                            48.389645703674212
                        ],
                        [
                            5.163172082323197,
                            48.390621668874211
                        ],
                        [
                            5.165867015200117,
                            48.391597634074209
                        ],
                        [
                            5.16856194807704,
                            48.392573599274208
                        ],
                        [
                            5.17125688095396,
                            48.393549564474199
                        ],
                        [
                            5.173951813830881,
                            48.394525529674191
                        ],
                        [
                            5.176646746707801,
                            48.395501494874189
                        ],
                        [
                            5.179341679584722,
                            48.396477460074188
                        ],
                        [
                            5.182036612461644,
                            48.397453425274186
                        ],
                        [
                            5.184731545338567,
                            48.398429390474178
                        ],
                        [
                            5.187426478215485,
                            48.399405355674169
                        ],
                        [
                            5.189096323876237,
                            48.400824382371717
                        ],
                        [
                            5.190766169536987,
                            48.40224340906925
                        ],
                        [
                            5.192436015197739,
                            48.40366243576679
                        ],
                        [
                            5.194105860858487,
                            48.405081462464338
                        ],
                        [
                            5.195775706519239,
                            48.406500489161871
                        ],
                        [
                            5.197445552179989,
                            48.407919515859412
                        ],
                        [
                            5.199115397840741,
                            48.409338542556952
                        ],
                        [
                            5.200785243501491,
                            48.410757569254493
                        ],
                        [
                            5.202455089162241,
                            48.412176595952033
                        ],
                        [
                            5.204124934822991,
                            48.413595622649574
                        ],
                        [
                            5.203494985080617,
                            48.419447232219959
                        ],
                        [
                            5.202865035338242,
                            48.425298841790337
                        ],
                        [
                            5.202235085595866,
                            48.431150451360722
                        ],
                        [
                            5.201605135853491,
                            48.437002060931107
                        ],
                        [
                            5.200975186111116,
                            48.442853670501492
                        ],
                        [
                            5.20034523636874,
                            48.44870528007187
                        ],
                        [
                            5.199715286626365,
                            48.454556889642248
                        ],
                        [
                            5.199085336883989,
                            48.460408499212647
                        ],
                        [
                            5.198455387141616,
                            48.466260108783025
                        ],
                        [
                            5.19782543739924,
                            48.472111718353403
                        ],
                        [
                            5.198085747176075,
                            48.47406237406836
                        ],
                        [
                            5.198346056952909,
                            48.47601302978331
                        ],
                        [
                            5.198606366729747,
                            48.477963685498267
                        ],
                        [
                            5.198866676506579,
                            48.479914341213231
                        ],
                        [
                            5.199126986283416,
                            48.481864996928174
                        ],
                        [
                            5.199387296060248,
                            48.483815652643131
                        ],
                        [
                            5.199647605837084,
                            48.485766308358087
                        ],
                        [
                            5.199907915613919,
                            48.487716964073037
                        ],
                        [
                            5.200168225390755,
                            48.489667619787994
                        ],
                        [
                            5.200428535167589,
                            48.491618275502951
                        ],
                        [
                            5.197867140096117,
                            48.493390894622472
                        ],
                        [
                            5.195305745024644,
                            48.495163513741993
                        ],
                        [
                            5.19274434995317,
                            48.496936132861521
                        ],
                        [
                            5.190182954881697,
                            48.498708751981049
                        ],
                        [
                            5.187621559810225,
                            48.500481371100562
                        ],
                        [
                            5.185060164738754,
                            48.50225399022009
                        ],
                        [
                            5.182498769667282,
                            48.504026609339618
                        ],
                        [
                            5.179937374595806,
                            48.505799228459139
                        ],
                        [
                            5.177375979524335,
                            48.507571847578667
                        ],
                        [
                            5.174814584452863,
                            48.509344466698181
                        ],
                        [
                            5.175589287102067,
                            48.512093216498947
                        ],
                        [
                            5.176363989751273,
                            48.514841966299706
                        ],
                        [
                            5.177138692400478,
                            48.517590716100457
                        ],
                        [
                            5.177913395049684,
                            48.520339465901209
                        ],
                        [
                            5.178688097698888,
                            48.523088215701968
                        ],
                        [
                            5.179462800348093,
                            48.525836965502727
                        ],
                        [
                            5.180237502997297,
                            48.528585715303478
                        ],
                        [
                            5.181012205646503,
                            48.531334465104237
                        ],
                        [
                            5.181786908295708,
                            48.534083214904989
                        ],
                        [
                            5.182561610944914,
                            48.536831964705748
                        ],
                        [
                            5.179999018020574,
                            48.537983950213103
                        ],
                        [
                            5.177436425096237,
                            48.539135935720481
                        ],
                        [
                            5.174873832171896,
                            48.540287921227836
                        ],
                        [
                            5.172311239247557,
                            48.541439906735206
                        ],
                        [
                            5.169748646323219,
                            48.542591892242569
                        ],
                        [
                            5.167186053398881,
                            48.543743877749932
                        ],
                        [
                            5.164623460474543,
                            48.544895863257295
                        ],
                        [
                            5.162060867550201,
                            48.546047848764665
                        ],
                        [
                            5.159498274625863,
                            48.547199834272021
                        ],
                        [
                            5.156935681701523,
                            48.548351819779391
                        ],
                        [
                            5.155272509878415,
                            48.550390653457093
                        ],
                        [
                            5.153609338055306,
                            48.552429487134802
                        ],
                        [
                            5.151946166232195,
                            48.554468320812511
                        ],
                        [
                            5.150282994409087,
                            48.556507154490227
                        ],
                        [
                            5.14861982258598,
                            48.558545988167936
                        ],
                        [
                            5.146956650762869,
                            48.560584821845637
                        ],
                        [
                            5.14529347893976,
                            48.562623655523346
                        ],
                        [
                            5.14363030711665,
                            48.564662489201055
                        ],
                        [
                            5.141967135293541,
                            48.566701322878764
                        ],
                        [
                            5.140303963470434,
                            48.568740156556473
                        ],
                        [
                            5.141462588513162,
                            48.571045690317128
                        ],
                        [
                            5.142621213555893,
                            48.57335122407779
                        ],
                        [
                            5.143779838598626,
                            48.575656757838459
                        ],
                        [
                            5.144938463641356,
                            48.577962291599114
                        ],
                        [
                            5.146097088684087,
                            48.580267825359769
                        ],
                        [
                            5.147255713726821,
                            48.582573359120431
                        ],
                        [
                            5.148414338769552,
                            48.584878892881093
                        ],
                        [
                            5.149572963812284,
                            48.587184426641748
                        ],
                        [
                            5.150731588855015,
                            48.58948996040241
                        ],
                        [
                            5.151890213897746,
                            48.591795494163065
                        ],
                        [
                            5.151893465248861,
                            48.593480089862389
                        ],
                        [
                            5.151896716599977,
                            48.595164685561713
                        ],
                        [
                            5.151899967951092,
                            48.596849281261029
                        ],
                        [
                            5.151903219302207,
                            48.598533876960353
                        ],
                        [
                            5.151906470653325,
                            48.60021847265967
                        ],
                        [
                            5.15190972200444,
                            48.601903068359
                        ],
                        [
                            5.151912973355556,
                            48.603587664058317
                        ],
                        [
                            5.151916224706671,
                            48.605272259757641
                        ],
                        [
                            5.151919476057786,
                            48.606956855456957
                        ],
                        [
                            5.151922727408902,
                            48.608641451156281
                        ],
                        [
                            5.150128242392892,
                            48.609084320639553
                        ],
                        [
                            5.148333757376879,
                            48.609527190122819
                        ],
                        [
                            5.14653927236087,
                            48.609970059606098
                        ],
                        [
                            5.144744787344859,
                            48.610412929089364
                        ],
                        [
                            5.142950302328847,
                            48.610855798572643
                        ],
                        [
                            5.141155817312836,
                            48.611298668055909
                        ],
                        [
                            5.139361332296826,
                            48.611741537539189
                        ],
                        [
                            5.137566847280814,
                            48.612184407022454
                        ],
                        [
                            5.135772362264804,
                            48.612627276505734
                        ],
                        [
                            5.133977877248793,
                            48.613070145988999
                        ],
                        [
                            5.129234180950531,
                            48.612891635202331
                        ],
                        [
                            5.124490484652272,
                            48.61271312441567
                        ],
                        [
                            5.119746788354012,
                            48.612534613629009
                        ],
                        [
                            5.115003092055749,
                            48.612356102842341
                        ],
                        [
                            5.110259395757488,
                            48.612177592055673
                        ],
                        [
                            5.105515699459227,
                            48.611999081269012
                        ],
                        [
                            5.100772003160966,
                            48.611820570482351
                        ],
                        [
                            5.096028306862705,
                            48.611642059695683
                        ],
                        [
                            5.091284610564445,
                            48.611463548909015
                        ],
                        [
                            5.086540914266184,
                            48.611285038122354
                        ],
                        [
                            5.084364046980333,
                            48.612969095211092
                        ],
                        [
                            5.082187179694484,
                            48.614653152299823
                        ],
                        [
                            5.080010312408634,
                            48.616337209388568
                        ],
                        [
                            5.077833445122783,
                            48.618021266477307
                        ],
                        [
                            5.075656577836934,
                            48.619705323566045
                        ],
                        [
                            5.073479710551082,
                            48.62138938065479
                        ],
                        [
                            5.071302843265233,
                            48.623073437743521
                        ],
                        [
                            5.069125975979381,
                            48.624757494832267
                        ],
                        [
                            5.066949108693532,
                            48.626441551921005
                        ],
                        [
                            5.064772241407683,
                            48.628125609009743
                        ],
                        [
                            5.062726081933194,
                            48.631050981752956
                        ],
                        [
                            5.060679922458705,
                            48.633976354496156
                        ],
                        [
                            5.058633762984217,
                            48.636901727239362
                        ],
                        [
                            5.056587603509728,
                            48.639827099982575
                        ],
                        [
                            5.054541444035239,
                            48.642752472725782
                        ],
                        [
                            5.05249528456075,
                            48.645677845468988
                        ],
                        [
                            5.050449125086262,
                            48.648603218212187
                        ],
                        [
                            5.048402965611773,
                            48.651528590955401
                        ],
                        [
                            5.046356806137284,
                            48.6544539636986
                        ],
                        [
                            5.044310646662797,
                            48.657379336441807
                        ],
                        [
                            5.041233844890598,
                            48.657910549369078
                        ],
                        [
                            5.038157043118401,
                            48.658441762296334
                        ],
                        [
                            5.035080241346201,
                            48.658972975223598
                        ],
                        [
                            5.032003439574003,
                            48.659504188150862
                        ],
                        [
                            5.028926637801804,
                            48.660035401078126
                        ],
                        [
                            5.025849836029606,
                            48.66056661400539
                        ],
                        [
                            5.022773034257408,
                            48.661097826932647
                        ],
                        [
                            5.019696232485209,
                            48.661629039859911
                        ],
                        [
                            5.016619430713012,
                            48.662160252787181
                        ],
                        [
                            5.013542628940813,
                            48.662691465714431
                        ],
                        [
                            5.00957340922341,
                            48.665882343454662
                        ],
                        [
                            5.005604189506005,
                            48.6690732211949
                        ],
                        [
                            5.001634969788604,
                            48.672264098935131
                        ],
                        [
                            4.997665750071199,
                            48.675454976675361
                        ],
                        [
                            4.993696530353796,
                            48.678645854415585
                        ],
                        [
                            4.989727310636392,
                            48.681836732155816
                        ],
                        [
                            4.985758090918988,
                            48.685027609896053
                        ],
                        [
                            4.981788871201584,
                            48.688218487636284
                        ],
                        [
                            4.977819651484184,
                            48.691409365376515
                        ],
                        [
                            4.973850431766779,
                            48.694600243116739
                        ],
                        [
                            4.97219094558314,
                            48.698589673934499
                        ],
                        [
                            4.970531459399501,
                            48.702579104752267
                        ],
                        [
                            4.96887197321586,
                            48.706568535570035
                        ],
                        [
                            4.967212487032223,
                            48.710557966387789
                        ],
                        [
                            4.96555300084858,
                            48.71454739720555
                        ],
                        [
                            4.963893514664939,
                            48.718536828023318
                        ],
                        [
                            4.9622340284813,
                            48.722526258841079
                        ],
                        [
                            4.96057454229766,
                            48.726515689658839
                        ],
                        [
                            4.958915056114021,
                            48.7305051204766
                        ],
                        [
                            4.957255569930382,
                            48.734494551294368
                        ],
                        [
                            4.953666768943663,
                            48.735467876307752
                        ],
                        [
                            4.950077967956945,
                            48.736441201321128
                        ],
                        [
                            4.946489166970226,
                            48.737414526334511
                        ],
                        [
                            4.942900365983508,
                            48.738387851347902
                        ],
                        [
                            4.939311564996789,
                            48.739361176361285
                        ],
                        [
                            4.935722764010073,
                            48.740334501374662
                        ],
                        [
                            4.932133963023354,
                            48.741307826388045
                        ],
                        [
                            4.928545162036635,
                            48.742281151401428
                        ],
                        [
                            4.924956361049917,
                            48.743254476414812
                        ],
                        [
                            4.921367560063198,
                            48.744227801428195
                        ],
                        [
                            4.919962736546765,
                            48.747241997690566
                        ],
                        [
                            4.91855791303033,
                            48.750256193952922
                        ],
                        [
                            4.917153089513896,
                            48.753270390215292
                        ],
                        [
                            4.915748265997461,
                            48.756284586477655
                        ],
                        [
                            4.914343442481028,
                            48.759298782740018
                        ],
                        [
                            4.912938618964594,
                            48.762312979002388
                        ],
                        [
                            4.911533795448161,
                            48.765327175264751
                        ],
                        [
                            4.910128971931728,
                            48.768341371527107
                        ],
                        [
                            4.908724148415294,
                            48.771355567789477
                        ],
                        [
                            4.907319324898859,
                            48.774369764051841
                        ],
                        [
                            4.90398451708025,
                            48.774102946878308
                        ],
                        [
                            4.900649709261641,
                            48.77383612970479
                        ],
                        [
                            4.89731490144303,
                            48.773569312531265
                        ],
                        [
                            4.893980093624421,
                            48.77330249535774
                        ],
                        [
                            4.890645285805814,
                            48.773035678184215
                        ],
                        [
                            4.887310477987205,
                            48.772768861010697
                        ],
                        [
                            4.883975670168596,
                            48.772502043837171
                        ],
                        [
                            4.880640862349985,
                            48.772235226663646
                        ],
                        [
                            4.877306054531376,
                            48.771968409490121
                        ],
                        [
                            4.873971246712768,
                            48.771701592316596
                        ],
                        [
                            4.871149963232046,
                            48.771700888224785
                        ],
                        [
                            4.868328679751324,
                            48.77170018413296
                        ],
                        [
                            4.865507396270601,
                            48.771699480041143
                        ],
                        [
                            4.862686112789879,
                            48.771698775949325
                        ],
                        [
                            4.859864829309156,
                            48.771698071857507
                        ],
                        [
                            4.857043545828434,
                            48.771697367765682
                        ],
                        [
                            4.854222262347712,
                            48.771696663673865
                        ],
                        [
                            4.851400978866989,
                            48.771695959582047
                        ],
                        [
                            4.848579695386267,
                            48.771695255490236
                        ],
                        [
                            4.845758411905544,
                            48.771694551398411
                        ],
                        [
                            4.850257583883492,
                            48.777281450621125
                        ],
                        [
                            4.854756755861438,
                            48.782868349843845
                        ],
                        [
                            4.859255927839387,
                            48.788455249066558
                        ],
                        [
                            4.863755099817332,
                            48.794042148289272
                        ],
                        [
                            4.86825427179528,
                            48.799629047511985
                        ],
                        [
                            4.872753443773226,
                            48.805215946734698
                        ],
                        [
                            4.877252615751173,
                            48.810802845957419
                        ],
                        [
                            4.881751787729121,
                            48.816389745180132
                        ],
                        [
                            4.886250959707068,
                            48.821976644402852
                        ],
                        [
                            4.890750131685014,
                            48.827563543625558
                        ],
                        [
                            4.897808382093794,
                            48.830136534646797
                        ],
                        [
                            4.904866632502578,
                            48.832709525668044
                        ],
                        [
                            4.911924882911364,
                            48.83528251668929
                        ],
                        [
                            4.918983133320143,
                            48.837855507710536
                        ],
                        [
                            4.926041383728926,
                            48.840428498731782
                        ],
                        [
                            4.93309963413771,
                            48.843001489753028
                        ],
                        [
                            4.940157884546492,
                            48.845574480774275
                        ],
                        [
                            4.947216134955273,
                            48.848147471795514
                        ],
                        [
                            4.954274385364057,
                            48.850720462816753
                        ],
                        [
                            4.961332635772839,
                            48.853293453837999
                        ],
                        [
                            4.970958533733706,
                            48.857374359080708
                        ],
                        [
                            4.980584431694574,
                            48.861455264323403
                        ],
                        [
                            4.990210329655442,
                            48.865536169566099
                        ],
                        [
                            4.99983622761631,
                            48.869617074808808
                        ],
                        [
                            5.009462125577178,
                            48.873697980051503
                        ],
                        [
                            5.019088023538044,
                            48.877778885294198
                        ],
                        [
                            5.028713921498912,
                            48.8818597905369
                        ],
                        [
                            5.038339819459779,
                            48.885940695779595
                        ],
                        [
                            5.047965717420649,
                            48.890021601022298
                        ],
                        [
                            5.057591615381515,
                            48.894102506264993
                        ],
                        [
                            5.062212688727611,
                            48.896408898660027
                        ],
                        [
                            5.06683376207371,
                            48.898715291055055
                        ],
                        [
                            5.071454835419807,
                            48.901021683450089
                        ],
                        [
                            5.076075908765905,
                            48.90332807584511
                        ],
                        [
                            5.080696982112002,
                            48.905634468240144
                        ],
                        [
                            5.085318055458099,
                            48.907940860635179
                        ],
                        [
                            5.089939128804197,
                            48.910247253030199
                        ],
                        [
                            5.094560202150298,
                            48.912553645425234
                        ],
                        [
                            5.099181275496393,
                            48.914860037820269
                        ],
                        [
                            5.103802348842493,
                            48.917166430215289
                        ],
                        [
                            5.104958364989686,
                            48.918939982537523
                        ],
                        [
                            5.106114381136882,
                            48.920713534859757
                        ],
                        [
                            5.107270397284077,
                            48.922487087181992
                        ],
                        [
                            5.108426413431275,
                            48.924260639504212
                        ],
                        [
                            5.10958242957847,
                            48.926034191826453
                        ],
                        [
                            5.110738445725664,
                            48.92780774414868
                        ],
                        [
                            5.111894461872859,
                            48.929581296470914
                        ],
                        [
                            5.113050478020055,
                            48.931354848793134
                        ],
                        [
                            5.114206494167249,
                            48.933128401115376
                        ],
                        [
                            5.115362510314446,
                            48.934901953437603
                        ],
                        [
                            5.121505767313055,
                            48.928519744474244
                        ],
                        [
                            5.127649024311669,
                            48.922137535510878
                        ],
                        [
                            5.13379228131028,
                            48.915755326547512
                        ],
                        [
                            5.139935538308888,
                            48.909373117584153
                        ],
                        [
                            5.146078795307503,
                            48.902990908620787
                        ],
                        [
                            5.152222052306112,
                            48.896608699657421
                        ],
                        [
                            5.15836530930472,
                            48.890226490694054
                        ],
                        [
                            5.164508566303331,
                            48.883844281730688
                        ],
                        [
                            5.170651823301943,
                            48.877462072767322
                        ],
                        [
                            5.176795080300556,
                            48.871079863803956
                        ],
                        [
                            5.178717798283206,
                            48.870637026323074
                        ],
                        [
                            5.180640516265855,
                            48.870194188842177
                        ],
                        [
                            5.182563234248507,
                            48.869751351361288
                        ],
                        [
                            5.184485952231157,
                            48.869308513880398
                        ],
                        [
                            5.186408670213806,
                            48.868865676399494
                        ],
                        [
                            5.188331388196461,
                            48.868422838918605
                        ],
                        [
                            5.190254106179111,
                            48.867980001437715
                        ],
                        [
                            5.192176824161763,
                            48.867537163956818
                        ],
                        [
                            5.194099542144412,
                            48.867094326475929
                        ],
                        [
                            5.196022260127062,
                            48.866651488995039
                        ],
                        [
                            5.1987178775034,
                            48.867982108224076
                        ],
                        [
                            5.201413494879738,
                            48.869312727453135
                        ],
                        [
                            5.204109112256075,
                            48.870643346682179
                        ],
                        [
                            5.206804729632411,
                            48.871973965911231
                        ],
                        [
                            5.209500347008749,
                            48.873304585140282
                        ],
                        [
                            5.212195964385089,
                            48.874635204369334
                        ],
                        [
                            5.214891581761425,
                            48.875965823598385
                        ],
                        [
                            5.21758719913776,
                            48.877296442827429
                        ],
                        [
                            5.2202828165141,
                            48.878627062056481
                        ],
                        [
                            5.222978433890436,
                            48.879957681285532
                        ],
                        [
                            5.225554374511171,
                            48.885721427467338
                        ],
                        [
                            5.228130315131903,
                            48.891485173649158
                        ],
                        [
                            5.230706255752638,
                            48.897248919830979
                        ],
                        [
                            5.233282196373372,
                            48.903012666012792
                        ],
                        [
                            5.235858136994105,
                            48.908776412194612
                        ],
                        [
                            5.238434077614841,
                            48.914540158376433
                        ],
                        [
                            5.241010018235574,
                            48.920303904558246
                        ],
                        [
                            5.243585958856308,
                            48.926067650740059
                        ],
                        [
                            5.246161899477039,
                            48.931831396921879
                        ],
                        [
                            5.248737840097773,
                            48.937595143103692
                        ],
                        [
                            5.251176478166268,
                            48.938659707806195
                        ],
                        [
                            5.253615116234764,
                            48.939724272508705
                        ],
                        [
                            5.256053754303259,
                            48.940788837211208
                        ],
                        [
                            5.258492392371755,
                            48.941853401913697
                        ],
                        [
                            5.260931030440249,
                            48.942917966616207
                        ],
                        [
                            5.263369668508744,
                            48.94398253131871
                        ],
                        [
                            5.26580830657724,
                            48.945047096021206
                        ],
                        [
                            5.268246944645735,
                            48.946111660723709
                        ],
                        [
                            5.270685582714231,
                            48.947176225426212
                        ],
                        [
                            5.273124220782726,
                            48.948240790128715
                        ],
                        [
                            5.276712506325888,
                            48.947000402602455
                        ],
                        [
                            5.280300791869047,
                            48.945760015076196
                        ],
                        [
                            5.283889077412208,
                            48.944519627549944
                        ],
                        [
                            5.287477362955372,
                            48.943279240023692
                        ],
                        [
                            5.291065648498533,
                            48.942038852497447
                        ],
                        [
                            5.294653934041694,
                            48.940798464971181
                        ],
                        [
                            5.298242219584857,
                            48.939558077444929
                        ],
                        [
                            5.301830505128018,
                            48.938317689918676
                        ],
                        [
                            5.305418790671178,
                            48.937077302392417
                        ],
                        [
                            5.309007076214339,
                            48.935836914866158
                        ],
                        [
                            5.312079086511734,
                            48.932823134674209
                        ],
                        [
                            5.315151096809128,
                            48.929809354482252
                        ],
                        [
                            5.318223107106528,
                            48.926795574290296
                        ],
                        [
                            5.321295117403922,
                            48.923781794098339
                        ],
                        [
                            5.324367127701318,
                            48.92076801390639
                        ],
                        [
                            5.327439137998711,
                            48.917754233714433
                        ],
                        [
                            5.330511148296109,
                            48.914740453522477
                        ],
                        [
                            5.333583158593505,
                            48.911726673330527
                        ],
                        [
                            5.336655168890902,
                            48.908712893138564
                        ],
                        [
                            5.339727179188296,
                            48.905699112946614
                        ],
                        [
                            5.339203729640541,
                            48.900290532851649
                        ],
                        [
                            5.338680280092785,
                            48.894881952756691
                        ],
                        [
                            5.338156830545028,
                            48.889473372661726
                        ],
                        [
                            5.337633380997275,
                            48.884064792566768
                        ],
                        [
                            5.337109931449515,
                            48.87865621247181
                        ],
                        [
                            5.336586481901758,
                            48.873247632376852
                        ],
                        [
                            5.336063032354003,
                            48.867839052281894
                        ],
                        [
                            5.335539582806247,
                            48.862430472186936
                        ],
                        [
                            5.335016133258494,
                            48.857021892091971
                        ],
                        [
                            5.334492683710735,
                            48.851613311997014
                        ],
                        [
                            5.340515237204617,
                            48.849132248942837
                        ],
                        [
                            5.346537790698502,
                            48.846651185888661
                        ],
                        [
                            5.352560344192383,
                            48.844170122834477
                        ],
                        [
                            5.358582897686267,
                            48.8416890597803
                        ],
                        [
                            5.36460545118015,
                            48.839207996726117
                        ],
                        [
                            5.37062800467403,
                            48.836726933671947
                        ],
                        [
                            5.376650558167915,
                            48.834245870617771
                        ],
                        [
                            5.382673111661797,
                            48.831764807563594
                        ],
                        [
                            5.38869566515568,
                            48.829283744509418
                        ],
                        [
                            5.394718218649563,
                            48.826802681455241
                        ],
                        [
                            5.396124411154275,
                            48.824497787781638
                        ],
                        [
                            5.397530603658984,
                            48.822192894108042
                        ],
                        [
                            5.398936796163696,
                            48.819888000434446
                        ],
                        [
                            5.400342988668406,
                            48.817583106760843
                        ],
                        [
                            5.401749181173118,
                            48.815278213087247
                        ],
                        [
                            5.403155373677828,
                            48.812973319413651
                        ],
                        [
                            5.404561566182538,
                            48.810668425740047
                        ],
                        [
                            5.405967758687247,
                            48.808363532066451
                        ],
                        [
                            5.407373951191961,
                            48.806058638392855
                        ],
                        [
                            5.408780143696671,
                            48.803753744719252
                        ],
                        [
                            5.407493285697853,
                            48.80144818442556
                        ],
                        [
                            5.40620642769904,
                            48.799142624131868
                        ],
                        [
                            5.404919569700224,
                            48.796837063838161
                        ],
                        [
                            5.403632711701411,
                            48.794531503544469
                        ],
                        [
                            5.402345853702593,
                            48.792225943250777
                        ],
                        [
                            5.401058995703778,
                            48.789920382957078
                        ],
                        [
                            5.399772137704964,
                            48.787614822663386
                        ],
                        [
                            5.398485279706149,
                            48.785309262369687
                        ],
                        [
                            5.397198421707333,
                            48.783003702075987
                        ],
                        [
                            5.395911563708518,
                            48.780698141782288
                        ],
                        [
                            5.39911480810205,
                            48.779280331234368
                        ],
                        [
                            5.402318052495584,
                            48.777862520686455
                        ],
                        [
                            5.405521296889116,
                            48.776444710138534
                        ],
                        [
                            5.408724541282648,
                            48.775026899590614
                        ],
                        [
                            5.411927785676182,
                            48.773609089042701
                        ],
                        [
                            5.415131030069716,
                            48.77219127849478
                        ],
                        [
                            5.41833427446325,
                            48.770773467946867
                        ],
                        [
                            5.421537518856782,
                            48.769355657398947
                        ],
                        [
                            5.424740763250316,
                            48.767937846851027
                        ],
                        [
                            5.427944007643848,
                            48.766520036303113
                        ],
                        [
                            5.431407561814215,
                            48.76705288147015
                        ],
                        [
                            5.434871115984583,
                            48.767585726637179
                        ],
                        [
                            5.438334670154951,
                            48.768118571804216
                        ],
                        [
                            5.441798224325316,
                            48.768651416971252
                        ],
                        [
                            5.445261778495686,
                            48.769184262138282
                        ],
                        [
                            5.448725332666051,
                            48.769717107305318
                        ],
                        [
                            5.452188886836419,
                            48.770249952472355
                        ],
                        [
                            5.455652441006787,
                            48.770782797639392
                        ],
                        [
                            5.459115995177156,
                            48.771315642806421
                        ],
                        [
                            5.462579549347524,
                            48.771848487973458
                        ],
                        [
                            5.466559800110128,
                            48.774332047371125
                        ],
                        [
                            5.470540050872732,
                            48.776815606768785
                        ],
                        [
                            5.474520301635339,
                            48.779299166166453
                        ],
                        [
                            5.478500552397945,
                            48.781782725564113
                        ],
                        [
                            5.482480803160552,
                            48.784266284961774
                        ],
                        [
                            5.486461053923158,
                            48.786749844359434
                        ],
                        [
                            5.490441304685762,
                            48.789233403757102
                        ],
                        [
                            5.494421555448369,
                            48.791716963154755
                        ],
                        [
                            5.498401806210973,
                            48.79420052255243
                        ],
                        [
                            5.502382056973579,
                            48.796684081950083
                        ],
                        [
                            5.509305834834766,
                            48.796065165626409
                        ],
                        [
                            5.516229612695954,
                            48.795446249302735
                        ],
                        [
                            5.523153390557137,
                            48.794827332979061
                        ],
                        [
                            5.530077168418325,
                            48.79420841665538
                        ],
                        [
                            5.537000946279511,
                            48.793589500331706
                        ],
                        [
                            5.5439247241407,
                            48.792970584008025
                        ],
                        [
                            5.550848502001884,
                            48.792351667684351
                        ],
                        [
                            5.557772279863071,
                            48.791732751360669
                        ],
                        [
                            5.564696057724259,
                            48.791113835036995
                        ],
                        [
                            5.571619835585446,
                            48.790494918713314
                        ],
                        [
                            5.57662115860637,
                            48.790496166865317
                        ],
                        [
                            5.581622481627292,
                            48.79049741501732
                        ],
                        [
                            5.586623804648218,
                            48.790498663169316
                        ],
                        [
                            5.59162512766914,
                            48.790499911321312
                        ],
                        [
                            5.596626450690065,
                            48.790501159473315
                        ],
                        [
                            5.601627773710987,
                            48.790502407625318
                        ],
                        [
                            5.606629096731911,
                            48.790503655777322
                        ],
                        [
                            5.611630419752835,
                            48.790504903929325
                        ],
                        [
                            5.616631742773759,
                            48.790506152081313
                        ],
                        [
                            5.621633065794683,
                            48.790507400233317
                        ],
                        [
                            5.625867252712908,
                            48.792459047686393
                        ],
                        [
                            5.630101439631135,
                            48.794410695139476
                        ],
                        [
                            5.634335626549362,
                            48.796362342592552
                        ],
                        [
                            5.638569813467585,
                            48.798313990045628
                        ],
                        [
                            5.642804000385814,
                            48.800265637498704
                        ],
                        [
                            5.647038187304041,
                            48.802217284951773
                        ],
                        [
                            5.651272374222268,
                            48.804168932404849
                        ],
                        [
                            5.655506561140493,
                            48.806120579857932
                        ],
                        [
                            5.65974074805872,
                            48.808072227311015
                        ],
                        [
                            5.663974934976947,
                            48.810023874764092
                        ],
                        [
                            5.667821476798695,
                            48.809670180865623
                        ],
                        [
                            5.671668018620439,
                            48.809316486967163
                        ],
                        [
                            5.675514560442188,
                            48.808962793068702
                        ],
                        [
                            5.679361102263934,
                            48.808609099170241
                        ],
                        [
                            5.68320764408568,
                            48.80825540527178
                        ],
                        [
                            5.687054185907426,
                            48.807901711373319
                        ],
                        [
                            5.690900727729174,
                            48.807548017474851
                        ],
                        [
                            5.694747269550922,
                            48.807194323576375
                        ],
                        [
                            5.698593811372669,
                            48.806840629677922
                        ],
                        [
                            5.702440353194415,
                            48.806486935779454
                        ],
                        [
                            5.704237918447241,
                            48.80764000395758
                        ],
                        [
                            5.70603548370007,
                            48.808793072135714
                        ],
                        [
                            5.707833048952899,
                            48.809946140313848
                        ],
                        [
                            5.709630614205729,
                            48.811099208491974
                        ],
                        [
                            5.711428179458556,
                            48.812252276670101
                        ],
                        [
                            5.713225744711385,
                            48.813405344848228
                        ],
                        [
                            5.715023309964215,
                            48.814558413026354
                        ],
                        [
                            5.716820875217042,
                            48.815711481204481
                        ],
                        [
                            5.71861844046987,
                            48.816864549382615
                        ],
                        [
                            5.720416005722699,
                            48.818017617560741
                        ],
                        [
                            5.72234231731673,
                            48.819436708263041
                        ],
                        [
                            5.72426862891076,
                            48.82085579896534
                        ],
                        [
                            5.72619494050479,
                            48.822274889667639
                        ],
                        [
                            5.72812125209882,
                            48.823693980369931
                        ],
                        [
                            5.730047563692853,
                            48.825113071072231
                        ],
                        [
                            5.731973875286883,
                            48.826532161774523
                        ],
                        [
                            5.733900186880915,
                            48.827951252476829
                        ],
                        [
                            5.735826498474944,
                            48.829370343179129
                        ],
                        [
                            5.737752810068972,
                            48.830789433881414
                        ],
                        [
                            5.739679121663004,
                            48.83220852458372
                        ],
                        [
                            5.7404523633064,
                            48.834159308308188
                        ],
                        [
                            5.741225604949795,
                            48.836110092032655
                        ],
                        [
                            5.741998846593189,
                            48.838060875757122
                        ],
                        [
                            5.742772088236585,
                            48.84001165948159
                        ],
                        [
                            5.743545329879977,
                            48.841962443206064
                        ],
                        [
                            5.744318571523374,
                            48.843913226930532
                        ],
                        [
                            5.745091813166768,
                            48.845864010655006
                        ],
                        [
                            5.745865054810162,
                            48.847814794379474
                        ],
                        [
                            5.746638296453559,
                            48.849765578103941
                        ],
                        [
                            5.747411538096953,
                            48.851716361828409
                        ],
                        [
                            5.744209491577399,
                            48.853754816927172
                        ],
                        [
                            5.741007445057845,
                            48.855793272025942
                        ],
                        [
                            5.73780539853829,
                            48.857831727124704
                        ],
                        [
                            5.734603352018738,
                            48.85987018222346
                        ],
                        [
                            5.731401305499181,
                            48.861908637322223
                        ],
                        [
                            5.728199258979627,
                            48.863947092420986
                        ],
                        [
                            5.724997212460073,
                            48.865985547519749
                        ],
                        [
                            5.721795165940518,
                            48.868024002618512
                        ],
                        [
                            5.718593119420964,
                            48.870062457717275
                        ],
                        [
                            5.715391072901411,
                            48.872100912816038
                        ],
                        [
                            5.716933712334088,
                            48.874051883085436
                        ],
                        [
                            5.718476351766768,
                            48.876002853354841
                        ],
                        [
                            5.720018991199447,
                            48.877953823624239
                        ],
                        [
                            5.721561630632127,
                            48.879904793893637
                        ],
                        [
                            5.723104270064805,
                            48.881855764163028
                        ],
                        [
                            5.724646909497483,
                            48.883806734432433
                        ],
                        [
                            5.726189548930162,
                            48.885757704701831
                        ],
                        [
                            5.72773218836284,
                            48.887708674971236
                        ],
                        [
                            5.729274827795518,
                            48.889659645240634
                        ],
                        [
                            5.730817467228201,
                            48.891610615510039
                        ],
                        [
                            5.736203568256363,
                            48.891611959688916
                        ],
                        [
                            5.741589669284529,
                            48.891613303867793
                        ],
                        [
                            5.746975770312693,
                            48.891614648046669
                        ],
                        [
                            5.752361871340856,
                            48.89161599222556
                        ],
                        [
                            5.757747972369021,
                            48.891617336404437
                        ],
                        [
                            5.763134073397186,
                            48.891618680583314
                        ],
                        [
                            5.768520174425351,
                            48.89162002476219
                        ],
                        [
                            5.773906275453514,
                            48.891621368941067
                        ],
                        [
                            5.779292376481679,
                            48.891622713119943
                        ],
                        [
                            5.784678477509843,
                            48.89162405729882
                        ],
                        [
                            5.791471968916696,
                            48.88994115235495
                        ],
                        [
                            5.798265460323551,
                            48.888258247411073
                        ],
                        [
                            5.805058951730405,
                            48.886575342467204
                        ],
                        [
                            5.811852443137258,
                            48.884892437523327
                        ],
                        [
                            5.818645934544111,
                            48.883209532579457
                        ],
                        [
                            5.825439425950965,
                            48.881526627635573
                        ],
                        [
                            5.832232917357819,
                            48.879843722691696
                        ],
                        [
                            5.839026408764671,
                            48.878160817747826
                        ],
                        [
                            5.845819900171525,
                            48.876477912803949
                        ],
                        [
                            5.852613391578378,
                            48.874795007860072
                        ],
                        [
                            5.857494353344283,
                            48.878874728935784
                        ],
                        [
                            5.862375315110185,
                            48.882954450011496
                        ],
                        [
                            5.867256276876088,
                            48.887034171087215
                        ],
                        [
                            5.872137238641994,
                            48.891113892162927
                        ],
                        [
                            5.877018200407896,
                            48.895193613238646
                        ],
                        [
                            5.8818991621738,
                            48.899273334314358
                        ],
                        [
                            5.886780123939703,
                            48.90335305539007
                        ],
                        [
                            5.891661085705607,
                            48.907432776465789
                        ],
                        [
                            5.896542047471511,
                            48.911512497541501
                        ],
                        [
                            5.901423009237414,
                            48.915592218617221
                        ],
                        [
                            5.897454908297226,
                            48.919403746357887
                        ],
                        [
                            5.893486807357037,
                            48.923215274098567
                        ],
                        [
                            5.889518706416846,
                            48.92702680183924
                        ],
                        [
                            5.885550605476656,
                            48.930838329579913
                        ],
                        [
                            5.881582504536468,
                            48.934649857320586
                        ],
                        [
                            5.877614403596279,
                            48.938461385061267
                        ],
                        [
                            5.873646302656089,
                            48.94227291280194
                        ],
                        [
                            5.869678201715899,
                            48.946084440542613
                        ],
                        [
                            5.865710100775711,
                            48.949895968283293
                        ],
                        [
                            5.86174199983552,
                            48.953707496023959
                        ],
                        [
                            5.862643474435,
                            48.955658306281464
                        ],
                        [
                            5.863544949034479,
                            48.957609116538976
                        ],
                        [
                            5.864446423633956,
                            48.95955992679648
                        ],
                        [
                            5.865347898233436,
                            48.961510737053985
                        ],
                        [
                            5.866249372832915,
                            48.963461547311489
                        ],
                        [
                            5.867150847432395,
                            48.965412357568994
                        ],
                        [
                            5.868052322031872,
                            48.967363167826498
                        ],
                        [
                            5.868953796631351,
                            48.96931397808401
                        ],
                        [
                            5.869855271230829,
                            48.971264788341522
                        ],
                        [
                            5.87075674583031,
                            48.973215598599012
                        ],
                        [
                            5.873195726159068,
                            48.974457495785387
                        ],
                        [
                            5.875634706487826,
                            48.975699392971755
                        ],
                        [
                            5.878073686816586,
                            48.97694129015813
                        ],
                        [
                            5.880512667145345,
                            48.978183187344506
                        ],
                        [
                            5.882951647474105,
                            48.979425084530874
                        ],
                        [
                            5.885390627802867,
                            48.980666981717242
                        ],
                        [
                            5.887829608131625,
                            48.98190887890361
                        ],
                        [
                            5.890268588460385,
                            48.983150776089985
                        ],
                        [
                            5.892707568789143,
                            48.984392673276353
                        ],
                        [
                            5.895146549117902,
                            48.985634570462729
                        ],
                        [
                            5.896808694181329,
                            48.983063750272095
                        ],
                        [
                            5.898470839244759,
                            48.980492930081461
                        ],
                        [
                            5.900132984308186,
                            48.977922109890827
                        ],
                        [
                            5.901795129371616,
                            48.975351289700193
                        ],
                        [
                            5.903457274435048,
                            48.972780469509566
                        ],
                        [
                            5.905119419498474,
                            48.970209649318932
                        ],
                        [
                            5.906781564561904,
                            48.967638829128298
                        ],
                        [
                            5.908443709625331,
                            48.965068008937671
                        ],
                        [
                            5.91010585468876,
                            48.962497188747044
                        ],
                        [
                            5.911767999752188,
                            48.959926368556417
                        ],
                        [
                            5.914075324627783,
                            48.959394969064476
                        ],
                        [
                            5.916382649503374,
                            48.958863569572543
                        ],
                        [
                            5.918689974378969,
                            48.958332170080602
                        ],
                        [
                            5.920997299254562,
                            48.957800770588669
                        ],
                        [
                            5.923304624130155,
                            48.957269371096736
                        ],
                        [
                            5.925611949005749,
                            48.956737971604795
                        ],
                        [
                            5.927919273881344,
                            48.956206572112869
                        ],
                        [
                            5.930226598756937,
                            48.955675172620928
                        ],
                        [
                            5.93253392363253,
                            48.955143773128995
                        ],
                        [
                            5.934841248508123,
                            48.954612373637062
                        ],
                        [
                            5.936510923044018,
                            48.955942736827325
                        ],
                        [
                            5.938180597579915,
                            48.957273100017609
                        ],
                        [
                            5.939850272115811,
                            48.958603463207879
                        ],
                        [
                            5.941519946651709,
                            48.959933826398156
                        ],
                        [
                            5.943189621187607,
                            48.961264189588441
                        ],
                        [
                            5.944859295723502,
                            48.962594552778711
                        ],
                        [
                            5.946528970259399,
                            48.963924915968995
                        ],
                        [
                            5.948198644795294,
                            48.965255279159265
                        ],
                        [
                            5.949868319331193,
                            48.966585642349543
                        ],
                        [
                            5.951537993867088,
                            48.967916005539827
                        ],
                        [
                            5.950258151955621,
                            48.969245632635896
                        ],
                        [
                            5.948978310044156,
                            48.97057525973198
                        ],
                        [
                            5.947698468132691,
                            48.971904886828064
                        ],
                        [
                            5.946418626221226,
                            48.973234513924133
                        ],
                        [
                            5.945138784309759,
                            48.974564141020217
                        ],
                        [
                            5.943858942398291,
                            48.9758937681163
                        ],
                        [
                            5.942579100486826,
                            48.977223395212377
                        ],
                        [
                            5.941299258575361,
                            48.978553022308454
                        ],
                        [
                            5.940019416663896,
                            48.979882649404537
                        ],
                        [
                            5.938739574752431,
                            48.981212276500614
                        ],
                        [
                            5.938486702419974,
                            48.983074135209705
                        ],
                        [
                            5.938233830087517,
                            48.984935993918803
                        ],
                        [
                            5.937980957755061,
                            48.986797852627888
                        ],
                        [
                            5.937728085422604,
                            48.988659711336979
                        ],
                        [
                            5.937475213090147,
                            48.990521570046063
                        ],
                        [
                            5.937222340757694,
                            48.992383428755161
                        ],
                        [
                            5.936969468425236,
                            48.994245287464246
                        ],
                        [
                            5.936716596092779,
                            48.996107146173337
                        ],
                        [
                            5.936463723760324,
                            48.997969004882435
                        ],
                        [
                            5.936210851427866,
                            48.999830863591527
                        ],
                        [
                            5.937751779633116,
                            49.000895209726977
                        ],
                        [
                            5.939292707838367,
                            49.00195955586242
                        ],
                        [
                            5.940833636043617,
                            49.003023901997864
                        ],
                        [
                            5.942374564248867,
                            49.004088248133314
                        ],
                        [
                            5.943915492454117,
                            49.005152594268765
                        ],
                        [
                            5.945456420659369,
                            49.006216940404222
                        ],
                        [
                            5.946997348864619,
                            49.007281286539673
                        ],
                        [
                            5.948538277069868,
                            49.008345632675116
                        ],
                        [
                            5.95007920527512,
                            49.009409978810567
                        ],
                        [
                            5.951620133480372,
                            49.010474324946017
                        ],
                        [
                            5.956229399253759,
                            49.006662957217245
                        ],
                        [
                            5.960838665027149,
                            49.002851589488458
                        ],
                        [
                            5.96544793080054,
                            48.999040221759671
                        ],
                        [
                            5.970057196573928,
                            48.995228854030898
                        ],
                        [
                            5.974666462347319,
                            48.991417486302112
                        ],
                        [
                            5.979275728120706,
                            48.987606118573332
                        ],
                        [
                            5.983884993894097,
                            48.983794750844552
                        ],
                        [
                            5.988494259667487,
                            48.979983383115766
                        ],
                        [
                            5.993103525440878,
                            48.976172015386993
                        ],
                        [
                            5.997712791214267,
                            48.972360647658213
                        ],
                        [
                            6.002839859446894,
                            48.971031980692722
                        ],
                        [
                            6.007966927679526,
                            48.96970331372723
                        ],
                        [
                            6.013093995912152,
                            48.968374646761745
                        ],
                        [
                            6.018221064144781,
                            48.967045979796254
                        ],
                        [
                            6.023348132377413,
                            48.965717312830769
                        ],
                        [
                            6.028475200610041,
                            48.964388645865284
                        ],
                        [
                            6.033602268842669,
                            48.963059978899793
                        ],
                        [
                            6.038729337075296,
                            48.961731311934301
                        ],
                        [
                            6.043856405307926,
                            48.960402644968816
                        ],
                        [
                            6.048983473540558,
                            48.959073978003332
                        ],
                        [
                            6.048080972191952,
                            48.956591186702241
                        ],
                        [
                            6.047178470843349,
                            48.954108395401157
                        ],
                        [
                            6.046275969494747,
                            48.951625604100066
                        ],
                        [
                            6.045373468146142,
                            48.949142812798975
                        ],
                        [
                            6.04447096679754,
                            48.946660021497891
                        ],
                        [
                            6.043568465448935,
                            48.944177230196807
                        ],
                        [
                            6.042665964100332,
                            48.941694438895723
                        ],
                        [
                            6.04176346275173,
                            48.939211647594632
                        ],
                        [
                            6.040860961403125,
                            48.936728856293549
                        ],
                        [
                            6.039958460054521,
                            48.934246064992465
                        ],
                        [
                            6.042264415931283,
                            48.933005357442418
                        ],
                        [
                            6.044570371808044,
                            48.931764649892379
                        ],
                        [
                            6.046876327684803,
                            48.930523942342333
                        ],
                        [
                            6.049182283561565,
                            48.929283234792294
                        ],
                        [
                            6.051488239438324,
                            48.928042527242248
                        ],
                        [
                            6.053794195315088,
                            48.926801819692201
                        ],
                        [
                            6.056100151191847,
                            48.925561112142162
                        ],
                        [
                            6.058406107068608,
                            48.924320404592116
                        ],
                        [
                            6.060712062945369,
                            48.923079697042077
                        ],
                        [
                            6.063018018822127,
                            48.921838989492031
                        ],
                        [
                            6.064035234326679,
                            48.917317423068397
                        ],
                        [
                            6.06505244983123,
                            48.912795856644749
                        ],
                        [
                            6.06606966533578,
                            48.908274290221122
                        ],
                        [
                            6.06708688084033,
                            48.903752723797481
                        ],
                        [
                            6.06810409634488,
                            48.899231157373848
                        ],
                        [
                            6.069121311849434,
                            48.894709590950207
                        ],
                        [
                            6.070138527353985,
                            48.89018802452658
                        ],
                        [
                            6.071155742858533,
                            48.885666458102932
                        ],
                        [
                            6.072172958363085,
                            48.881144891679291
                        ],
                        [
                            6.073190173867633,
                            48.876623325255657
                        ],
                        [
                            6.074726652837233,
                            48.875382425671603
                        ],
                        [
                            6.076263131806837,
                            48.874141526087534
                        ],
                        [
                            6.077799610776434,
                            48.872900626503487
                        ],
                        [
                            6.079336089746034,
                            48.871659726919425
                        ],
                        [
                            6.080872568715636,
                            48.870418827335371
                        ],
                        [
                            6.082409047685234,
                            48.869177927751309
                        ],
                        [
                            6.083945526654835,
                            48.867937028167248
                        ],
                        [
                            6.085482005624435,
                            48.866696128583193
                        ],
                        [
                            6.087018484594035,
                            48.865455228999132
                        ],
                        [
                            6.088554963563634,
                            48.864214329415077
                        ],
                        [
                            6.086755002573407,
                            48.861819977604604
                        ],
                        [
                            6.084955041583177,
                            48.859425625794131
                        ],
                        [
                            6.083155080592945,
                            48.857031273983651
                        ],
                        [
                            6.081355119602717,
                            48.854636922173178
                        ],
                        [
                            6.079555158612486,
                            48.852242570362698
                        ],
                        [
                            6.077755197622256,
                            48.849848218552232
                        ],
                        [
                            6.075955236632025,
                            48.847453866741752
                        ],
                        [
                            6.074155275641798,
                            48.845059514931279
                        ],
                        [
                            6.072355314651567,
                            48.842665163120806
                        ],
                        [
                            6.070555353661339,
                            48.840270811310333
                        ],
                        [
                            6.073502474371299,
                            48.83903026377218
                        ],
                        [
                            6.076449595081259,
                            48.837789716234028
                        ],
                        [
                            6.079396715791221,
                            48.836549168695875
                        ],
                        [
                            6.082343836501181,
                            48.835308621157729
                        ],
                        [
                            6.085290957211145,
                            48.834068073619576
                        ],
                        [
                            6.088238077921106,
                            48.832827526081431
                        ],
                        [
                            6.091185198631065,
                            48.831586978543278
                        ],
                        [
                            6.094132319341027,
                            48.830346431005133
                        ],
                        [
                            6.097079440050988,
                            48.82910588346698
                        ],
                        [
                            6.100026560760947,
                            48.827865335928834
                        ],
                        [
                            6.100406297050656,
                            48.825294195694674
                        ],
                        [
                            6.100786033340363,
                            48.822723055460514
                        ],
                        [
                            6.10116576963007,
                            48.820151915226354
                        ],
                        [
                            6.101545505919779,
                            48.817580774992194
                        ],
                        [
                            6.101925242209486,
                            48.815009634758027
                        ],
                        [
                            6.102304978499193,
                            48.812438494523867
                        ],
                        [
                            6.102684714788902,
                            48.8098673542897
                        ],
                        [
                            6.103064451078609,
                            48.807296214055548
                        ],
                        [
                            6.103444187368316,
                            48.80472507382138
                        ],
                        [
                            6.103823923658023,
                            48.802153933587221
                        ],
                        [
                            6.106514920684411,
                            48.801090649058843
                        ],
                        [
                            6.109205917710803,
                            48.800027364530465
                        ],
                        [
                            6.111896914737192,
                            48.798964080002079
                        ],
                        [
                            6.11458791176358,
                            48.797900795473701
                        ],
                        [
                            6.11727890878997,
                            48.796837510945323
                        ],
                        [
                            6.119969905816358,
                            48.795774226416945
                        ],
                        [
                            6.122660902842748,
                            48.79471094188856
                        ],
                        [
                            6.125351899869138,
                            48.793647657360182
                        ],
                        [
                            6.128042896895527,
                            48.792584372831804
                        ],
                        [
                            6.130733893921917,
                            48.791521088303419
                        ],
                        [
                            6.130596591369677,
                            48.786821906824109
                        ],
                        [
                            6.130459288817439,
                            48.782122725344792
                        ],
                        [
                            6.1303219862652,
                            48.777423543865474
                        ],
                        [
                            6.130184683712962,
                            48.772724362386157
                        ],
                        [
                            6.130047381160724,
                            48.768025180906839
                        ],
                        [
                            6.129910078608484,
                            48.763325999427529
                        ],
                        [
                            6.129772776056244,
                            48.758626817948205
                        ],
                        [
                            6.129635473504008,
                            48.753927636468894
                        ],
                        [
                            6.129498170951768,
                            48.749228454989577
                        ],
                        [
                            6.129360868399528,
                            48.744529273510267
                        ],
                        [
                            6.136922941135543,
                            48.743202286225689
                        ],
                        [
                            6.144485013871556,
                            48.741875298941117
                        ],
                        [
                            6.152047086607574,
                            48.740548311656546
                        ],
                        [
                            6.159609159343585,
                            48.739221324371975
                        ],
                        [
                            6.1671712320796,
                            48.737894337087397
                        ],
                        [
                            6.174733304815614,
                            48.736567349802826
                        ],
                        [
                            6.182295377551627,
                            48.735240362518255
                        ],
                        [
                            6.189857450287645,
                            48.733913375233691
                        ],
                        [
                            6.197419523023656,
                            48.732586387949119
                        ],
                        [
                            6.204981595759671,
                            48.731259400664541
                        ],
                        [
                            6.21190776729982,
                            48.731880701451473
                        ],
                        [
                            6.218833938839971,
                            48.732502002238405
                        ],
                        [
                            6.22576011038012,
                            48.73312330302533
                        ],
                        [
                            6.232686281920268,
                            48.733744603812269
                        ],
                        [
                            6.23961245346042,
                            48.734365904599194
                        ],
                        [
                            6.24653862500057,
                            48.734987205386119
                        ],
                        [
                            6.253464796540717,
                            48.735608506173051
                        ],
                        [
                            6.260390968080864,
                            48.736229806959983
                        ],
                        [
                            6.267317139621015,
                            48.736851107746908
                        ],
                        [
                            6.274243311161165,
                            48.73747240853384
                        ],
                        [
                            6.274882766814819,
                            48.73658700546418
                        ],
                        [
                            6.275522222468473,
                            48.735701602394521
                        ],
                        [
                            6.276161678122127,
                            48.734816199324868
                        ],
                        [
                            6.276801133775781,
                            48.733930796255194
                        ],
                        [
                            6.277440589429435,
                            48.733045393185542
                        ],
                        [
                            6.278080045083088,
                            48.732159990115889
                        ],
                        [
                            6.278719500736742,
                            48.731274587046222
                        ],
                        [
                            6.279358956390396,
                            48.730389183976563
                        ],
                        [
                            6.279998412044051,
                            48.72950378090691
                        ],
                        [
                            6.280637867697706,
                            48.72861837783725
                        ],
                        [
                            6.282179044066133,
                            48.729770315508624
                        ],
                        [
                            6.283720220434565,
                            48.730922253179997
                        ],
                        [
                            6.285261396802996,
                            48.732074190851371
                        ],
                        [
                            6.286802573171427,
                            48.733226128522752
                        ],
                        [
                            6.288343749539855,
                            48.734378066194111
                        ],
                        [
                            6.289884925908288,
                            48.735530003865485
                        ],
                        [
                            6.291426102276715,
                            48.736681941536865
                        ],
                        [
                            6.292967278645149,
                            48.737833879208239
                        ],
                        [
                            6.294508455013577,
                            48.738985816879612
                        ],
                        [
                            6.29604963138201,
                            48.740137754550986
                        ],
                        [
                            6.302203592155321,
                            48.739342391169849
                        ],
                        [
                            6.308357552928632,
                            48.738547027788705
                        ],
                        [
                            6.314511513701945,
                            48.737751664407575
                        ],
                        [
                            6.320665474475257,
                            48.736956301026439
                        ],
                        [
                            6.32681943524857,
                            48.736160937645302
                        ],
                        [
                            6.332973396021881,
                            48.735365574264158
                        ],
                        [
                            6.339127356795194,
                            48.734570210883028
                        ],
                        [
                            6.345281317568508,
                            48.733774847501884
                        ],
                        [
                            6.351435278341819,
                            48.732979484120747
                        ],
                        [
                            6.357589239115132,
                            48.732184120739603
                        ],
                        [
                            6.359506309998709,
                            48.728815398457705
                        ],
                        [
                            6.361423380882286,
                            48.725446676175807
                        ],
                        [
                            6.363340451765865,
                            48.722077953893894
                        ],
                        [
                            6.365257522649442,
                            48.718709231611996
                        ],
                        [
                            6.367174593533022,
                            48.715340509330098
                        ],
                        [
                            6.369091664416597,
                            48.711971787048199
                        ],
                        [
                            6.371008735300176,
                            48.708603064766287
                        ],
                        [
                            6.372925806183755,
                            48.705234342484381
                        ],
                        [
                            6.37484287706733,
                            48.70186562020249
                        ],
                        [
                            6.376759947950909,
                            48.698496897920585
                        ],
                        [
                            6.379198757144257,
                            48.699650126130344
                        ],
                        [
                            6.381637566337606,
                            48.70080335434011
                        ],
                        [
                            6.384076375530958,
                            48.701956582549876
                        ],
                        [
                            6.386515184724306,
                            48.703109810759642
                        ],
                        [
                            6.388953993917655,
                            48.704263038969401
                        ],
                        [
                            6.391392803111005,
                            48.705416267179174
                        ],
                        [
                            6.393831612304353,
                            48.706569495388933
                        ],
                        [
                            6.396270421497704,
                            48.707722723598692
                        ],
                        [
                            6.398709230691054,
                            48.708875951808466
                        ],
                        [
                            6.401148039884403,
                            48.710029180018225
                        ],
                        [
                            6.403325420544814,
                            48.708611113451276
                        ],
                        [
                            6.405502801205225,
                            48.707193046884328
                        ],
                        [
                            6.40768018186564,
                            48.705774980317379
                        ],
                        [
                            6.409857562526051,
                            48.704356913750431
                        ],
                        [
                            6.412034943186464,
                            48.702938847183489
                        ],
                        [
                            6.414212323846879,
                            48.701520780616541
                        ],
                        [
                            6.416389704507289,
                            48.700102714049592
                        ],
                        [
                            6.418567085167703,
                            48.698684647482644
                        ],
                        [
                            6.420744465828115,
                            48.697266580915688
                        ],
                        [
                            6.422921846488526,
                            48.695848514348747
                        ],
                        [
                            6.424455929720724,
                            48.693366331132339
                        ],
                        [
                            6.425990012952925,
                            48.690884147915924
                        ],
                        [
                            6.427524096185124,
                            48.688401964699523
                        ],
                        [
                            6.429058179417321,
                            48.685919781483122
                        ],
                        [
                            6.430592262649521,
                            48.683437598266721
                        ],
                        [
                            6.43212634588172,
                            48.680955415050313
                        ],
                        [
                            6.433660429113917,
                            48.678473231833912
                        ],
                        [
                            6.435194512346117,
                            48.675991048617497
                        ],
                        [
                            6.436728595578314,
                            48.673508865401097
                        ],
                        [
                            6.438262678810517,
                            48.671026682184696
                        ],
                        [
                            6.440700974629303,
                            48.671913919872672
                        ],
                        [
                            6.443139270448089,
                            48.672801157560649
                        ],
                        [
                            6.445577566266874,
                            48.673688395248618
                        ],
                        [
                            6.448015862085661,
                            48.674575632936595
                        ],
                        [
                            6.450454157904449,
                            48.675462870624564
                        ],
                        [
                            6.452892453723235,
                            48.676350108312548
                        ],
                        [
                            6.455330749542023,
                            48.677237346000517
                        ],
                        [
                            6.457769045360809,
                            48.678124583688486
                        ],
                        [
                            6.460207341179595,
                            48.67901182137647
                        ],
                        [
                            6.462645636998383,
                            48.679899059064439
                        ],
                        [
                            6.465591046470358,
                            48.677771881922993
                        ],
                        [
                            6.468536455942333,
                            48.675644704781554
                        ],
                        [
                            6.471481865414313,
                            48.673517527640115
                        ],
                        [
                            6.474427274886288,
                            48.671390350498676
                        ],
                        [
                            6.477372684358263,
                            48.66926317335723
                        ],
                        [
                            6.480318093830242,
                            48.667135996215784
                        ],
                        [
                            6.483263503302217,
                            48.665008819074345
                        ],
                        [
                            6.486208912774194,
                            48.662881641932906
                        ],
                        [
                            6.48915432224617,
                            48.660754464791459
                        ],
                        [
                            6.492099731718143,
                            48.65862728765002
                        ],
                        [
                            6.496331656939228,
                            48.658628343787747
                        ],
                        [
                            6.500563582160311,
                            48.658629399925474
                        ],
                        [
                            6.504795507381397,
                            48.658630456063214
                        ],
                        [
                            6.509027432602478,
                            48.658631512200934
                        ],
                        [
                            6.513259357823562,
                            48.65863256833866
                        ],
                        [
                            6.517491283044645,
                            48.658633624476387
                        ],
                        [
                            6.521723208265728,
                            48.658634680614114
                        ],
                        [
                            6.525955133486812,
                            48.65863573675184
                        ],
                        [
                            6.530187058707895,
                            48.658636792889567
                        ],
                        [
                            6.534418983928978,
                            48.658637849027301
                        ],
                        [
                            6.535179391250541,
                            48.653938891584374
                        ],
                        [
                            6.535939798572102,
                            48.649239934141455
                        ],
                        [
                            6.536700205893665,
                            48.644540976698536
                        ],
                        [
                            6.537460613215226,
                            48.63984201925561
                        ],
                        [
                            6.53822102053679,
                            48.635143061812691
                        ],
                        [
                            6.538981427858353,
                            48.630444104369765
                        ],
                        [
                            6.539741835179916,
                            48.625745146926839
                        ],
                        [
                            6.540502242501477,
                            48.621046189483927
                        ],
                        [
                            6.54126264982304,
                            48.616347232041008
                        ],
                        [
                            6.542023057144601,
                            48.611648274598075
                        ],
                        [
                            6.543431816522125,
                            48.610673333533434
                        ],
                        [
                            6.544840575899645,
                            48.609698392468786
                        ],
                        [
                            6.546249335277169,
                            48.608723451404138
                        ],
                        [
                            6.547658094654688,
                            48.607748510339491
                        ],
                        [
                            6.549066854032212,
                            48.60677356927485
                        ],
                        [
                            6.550475613409732,
                            48.605798628210202
                        ],
                        [
                            6.551884372787256,
                            48.604823687145554
                        ],
                        [
                            6.553293132164777,
                            48.603848746080907
                        ],
                        [
                            6.554701891542299,
                            48.602873805016252
                        ],
                        [
                            6.556110650919821,
                            48.601898863951611
                        ],
                        [
                            6.561626525027755,
                            48.602698206228894
                        ],
                        [
                            6.567142399135694,
                            48.603497548506191
                        ],
                        [
                            6.572658273243627,
                            48.604296890783473
                        ],
                        [
                            6.578174147351561,
                            48.605096233060763
                        ],
                        [
                            6.583690021459496,
                            48.605895575338046
                        ],
                        [
                            6.589205895567433,
                            48.606694917615329
                        ],
                        [
                            6.594721769675369,
                            48.607494259892626
                        ],
                        [
                            6.6002376437833,
                            48.608293602169908
                        ],
                        [
                            6.605753517891237,
                            48.609092944447198
                        ],
                        [
                            6.611269391999173,
                            48.609892286724481
                        ],
                        [
                            6.613319316209894,
                            48.608917505671727
                        ],
                        [
                            6.615369240420616,
                            48.607942724618979
                        ],
                        [
                            6.61741916463134,
                            48.606967943566225
                        ],
                        [
                            6.619469088842063,
                            48.605993162513471
                        ],
                        [
                            6.621519013052785,
                            48.605018381460717
                        ],
                        [
                            6.623568937263508,
                            48.604043600407962
                        ],
                        [
                            6.625618861474228,
                            48.603068819355208
                        ],
                        [
                            6.627668785684952,
                            48.602094038302461
                        ],
                        [
                            6.629718709895675,
                            48.601119257249714
                        ],
                        [
                            6.631768634106395,
                            48.600144476196952
                        ],
                        [
                            6.6327836249984,
                            48.594470289648228
                        ],
                        [
                            6.633798615890404,
                            48.588796103099511
                        ],
                        [
                            6.634813606782407,
                            48.583121916550795
                        ],
                        [
                            6.63582859767441,
                            48.577447730002071
                        ],
                        [
                            6.636843588566412,
                            48.571773543453354
                        ],
                        [
                            6.637858579458417,
                            48.56609935690463
                        ],
                        [
                            6.638873570350421,
                            48.56042517035592
                        ],
                        [
                            6.639888561242426,
                            48.554750983807196
                        ],
                        [
                            6.640903552134427,
                            48.549076797258479
                        ],
                        [
                            6.641918543026431,
                            48.543402610709755
                        ],
                        [
                            6.646663742363781,
                            48.543581121871519
                        ],
                        [
                            6.651408941701133,
                            48.543759633033297
                        ],
                        [
                            6.656154141038485,
                            48.54393814419506
                        ],
                        [
                            6.660899340375838,
                            48.544116655356831
                        ],
                        [
                            6.66564453971319,
                            48.544295166518602
                        ],
                        [
                            6.67038973905054,
                            48.544473677680372
                        ],
                        [
                            6.675134938387892,
                            48.544652188842136
                        ],
                        [
                            6.679880137725243,
                            48.544830700003914
                        ],
                        [
                            6.684625337062597,
                            48.545009211165684
                        ],
                        [
                            6.689370536399949,
                            48.545187722327448
                        ],
                        [
                            6.693725597937201,
                            48.543326881909266
                        ],
                        [
                            6.698080659474453,
                            48.541466041491077
                        ],
                        [
                            6.702435721011705,
                            48.539605201072888
                        ],
                        [
                            6.706790782548959,
                            48.537744360654699
                        ],
                        [
                            6.711145844086211,
                            48.535883520236496
                        ],
                        [
                            6.715500905623465,
                            48.534022679818307
                        ],
                        [
                            6.719855967160717,
                            48.532161839400125
                        ],
                        [
                            6.724211028697971,
                            48.530300998981936
                        ],
                        [
                            6.728566090235223,
                            48.528440158563747
                        ],
                        [
                            6.732921151772475,
                            48.526579318145558
                        ],
                        [
                            6.740874979460044,
                            48.528088576565636
                        ],
                        [
                            6.748828807147612,
                            48.529597834985708
                        ],
                        [
                            6.756782634835185,
                            48.531107093405787
                        ],
                        [
                            6.764736462522754,
                            48.532616351825865
                        ],
                        [
                            6.772690290210324,
                            48.534125610245944
                        ],
                        [
                            6.780644117897893,
                            48.535634868666016
                        ],
                        [
                            6.788597945585465,
                            48.537144127086094
                        ],
                        [
                            6.796551773273032,
                            48.538653385506173
                        ],
                        [
                            6.804505600960605,
                            48.540162643926244
                        ],
                        [
                            6.812459428648173,
                            48.541671902346323
                        ],
                        [
                            6.813362706513727,
                            48.544598011163984
                        ],
                        [
                            6.814265984379279,
                            48.547524119981645
                        ],
                        [
                            6.815169262244833,
                            48.550450228799299
                        ],
                        [
                            6.816072540110387,
                            48.553376337616974
                        ],
                        [
                            6.816975817975939,
                            48.556302446434636
                        ],
                        [
                            6.817879095841493,
                            48.559228555252297
                        ],
                        [
                            6.818782373707046,
                            48.562154664069958
                        ],
                        [
                            6.819685651572597,
                            48.565080772887612
                        ],
                        [
                            6.820588929438152,
                            48.568006881705273
                        ],
                        [
                            6.821492207303706,
                            48.570932990522934
                        ],
                        [
                            6.82829049018536,
                            48.571732652843757
                        ],
                        [
                            6.835088773067016,
                            48.572532315164572
                        ],
                        [
                            6.841887055948671,
                            48.573331977485395
                        ],
                        [
                            6.848685338830329,
                            48.574131639806211
                        ],
                        [
                            6.855483621711985,
                            48.574931302127027
                        ],
                        [
                            6.86228190459364,
                            48.575730964447843
                        ],
                        [
                            6.869080187475298,
                            48.576530626768651
                        ],
                        [
                            6.875878470356954,
                            48.577330289089474
                        ],
                        [
                            6.882676753238611,
                            48.578129951410297
                        ],
                        [
                            6.889475036120267,
                            48.578929613731113
                        ],
                        [
                            6.892814293185079,
                            48.581501682093482
                        ],
                        [
                            6.896153550249897,
                            48.584073750455865
                        ],
                        [
                            6.899492807314713,
                            48.586645818818234
                        ],
                        [
                            6.902832064379529,
                            48.58921788718061
                        ],
                        [
                            6.906171321444344,
                            48.591789955542978
                        ],
                        [
                            6.909510578509158,
                            48.594362023905354
                        ],
                        [
                            6.912849835573974,
                            48.596934092267738
                        ],
                        [
                            6.91618909263879,
                            48.599506160630099
                        ],
                        [
                            6.919528349703606,
                            48.602078228992475
                        ],
                        [
                            6.922867606768421,
                            48.604650297354851
                        ],
                        [
                            6.924530265206412,
                            48.602345467686007
                        ],
                        [
                            6.926192923644404,
                            48.60004063801717
                        ],
                        [
                            6.927855582082396,
                            48.597735808348332
                        ],
                        [
                            6.929518240520384,
                            48.595430978679495
                        ],
                        [
                            6.931180898958374,
                            48.593126149010651
                        ],
                        [
                            6.932843557396367,
                            48.590821319341806
                        ],
                        [
                            6.934506215834359,
                            48.588516489672969
                        ],
                        [
                            6.936168874272351,
                            48.586211660004125
                        ],
                        [
                            6.937831532710341,
                            48.583906830335287
                        ],
                        [
                            6.939494191148331,
                            48.581602000666443
                        ],
                        [
                            6.944495079902012,
                            48.581337258316395
                        ],
                        [
                            6.949495968655693,
                            48.581072515966348
                        ],
                        [
                            6.954496857409376,
                            48.5808077736163
                        ],
                        [
                            6.959497746163059,
                            48.580543031266252
                        ],
                        [
                            6.964498634916739,
                            48.580278288916205
                        ],
                        [
                            6.969499523670422,
                            48.580013546566157
                        ],
                        [
                            6.974500412424103,
                            48.579748804216109
                        ],
                        [
                            6.979501301177784,
                            48.579484061866061
                        ],
                        [
                            6.984502189931467,
                            48.579219319516014
                        ],
                        [
                            6.989503078685148,
                            48.578954577165966
                        ],
                        [
                            6.992061051270094,
                            48.57540869337052
                        ],
                        [
                            6.994619023855039,
                            48.571862809575066
                        ],
                        [
                            6.99717699643999,
                            48.568316925779612
                        ],
                        [
                            6.999734969024937,
                            48.564771041984166
                        ],
                        [
                            7.00229294160988,
                            48.561225158188719
                        ],
                        [
                            7.004850914194828,
                            48.557679274393251
                        ],
                        [
                            7.007408886779775,
                            48.554133390597805
                        ],
                        [
                            7.009966859364724,
                            48.550587506802351
                        ],
                        [
                            7.012524831949671,
                            48.547041623006905
                        ],
                        [
                            7.015082804534615,
                            48.543495739211451
                        ],
                        [
                            7.022261337091098,
                            48.541990257289243
                        ],
                        [
                            7.029439869647581,
                            48.540484775367034
                        ],
                        [
                            7.036618402204061,
                            48.538979293444811
                        ],
                        [
                            7.043796934760543,
                            48.537473811522602
                        ],
                        [
                            7.050975467317025,
                            48.535968329600394
                        ],
                        [
                            7.058153999873507,
                            48.534462847678178
                        ],
                        [
                            7.065332532429988,
                            48.532957365755969
                        ],
                        [
                            7.07251106498647,
                            48.531451883833761
                        ],
                        [
                            7.079689597542954,
                            48.529946401911545
                        ],
                        [
                            7.086868130099436,
                            48.528440919989329
                        ],
                        [
                            7.095666796984878,
                            48.526616443899869
                        ],
                        [
                            7.104465463870319,
                            48.524791967810408
                        ],
                        [
                            7.113264130755761,
                            48.522967491720948
                        ],
                        [
                            7.122062797641203,
                            48.521143015631473
                        ],
                        [
                            7.130861464526644,
                            48.519318539542013
                        ],
                        [
                            7.139660131412088,
                            48.517494063452553
                        ],
                        [
                            7.148458798297527,
                            48.515669587363085
                        ],
                        [
                            7.157257465182969,
                            48.513845111273625
                        ],
                        [
                            7.166056132068412,
                            48.512020635184157
                        ],
                        [
                            7.174854798953852,
                            48.510196159094697
                        ],
                        [
                            7.175209794801631,
                            48.505995964411461
                        ],
                        [
                            7.175564790649407,
                            48.50179576972824
                        ]
                    ],
                    [
                        [
                            6.859848588351444,
                            48.444420280288121
                        ],
                        [
                            6.868452900689986,
                            48.450717511724037
                        ],
                        [
                            6.859848588351442,
                            48.444420280288121
                        ],
                        [
                            6.851244276012897,
                            48.438123048852205
                        ],
                        [
                            6.859848588351444,
                            48.444420280288121
                        ]
                    ]
                ]
            }
        },
        {
            "type": "Feature",
            "properties": {
                "diocese": "Tullen",
                "province": "Treviren",
                "date": 1777
            },
            "geometry": {
                "type": "Polygon",
                "coordinates": [
                    [
                        [
                            4.832061788815237,
                            48.409291814987924
                        ],
                        [
                            4.835934835931306,
                            48.411481583931128
                        ],
                        [
                            4.839807883047373,
                            48.413671352874324
                        ],
                        [
                            4.843680930163444,
                            48.415861121817521
                        ],
                        [
                            4.847553977279512,
                            48.418050890760718
                        ],
                        [
                            4.85142702439558,
                            48.420240659703914
                        ],
                        [
                            4.85530007151165,
                            48.422430428647118
                        ],
                        [
                            4.859173118627716,
                            48.424620197590315
                        ],
                        [
                            4.863046165743786,
                            48.426809966533526
                        ],
                        [
                            4.86612536326394,
                            48.42752004270794
                        ],
                        [
                            4.869204560784096,
                            48.428230118882375
                        ],
                        [
                            4.872283758304253,
                            48.428940195056796
                        ],
                        [
                            4.875362955824409,
                            48.429650271231218
                        ],
                        [
                            4.878442153344563,
                            48.430360347405653
                        ],
                        [
                            4.881521350864718,
                            48.431070423580074
                        ],
                        [
                            4.884600548384872,
                            48.431780499754503
                        ],
                        [
                            4.887679745905032,
                            48.432490575928924
                        ],
                        [
                            4.890758943425185,
                            48.433200652103352
                        ],
                        [
                            4.893838140945341,
                            48.433910728277773
                        ],
                        [
                            4.899224926462365,
                            48.434266721016364
                        ],
                        [
                            4.904611711979392,
                            48.434622713754962
                        ],
                        [
                            4.909998497496415,
                            48.434978706493546
                        ],
                        [
                            4.915385283013439,
                            48.435334699232143
                        ],
                        [
                            4.920772068530463,
                            48.435690691970727
                        ],
                        [
                            4.926158854047488,
                            48.436046684709325
                        ],
                        [
                            4.931545639564515,
                            48.436402677447909
                        ],
                        [
                            4.936932425081537,
                            48.436758670186506
                        ],
                        [
                            4.942319210598564,
                            48.437114662925097
                        ],
                        [
                            4.947705996115587,
                            48.437470655663688
                        ],
                        [
                            4.949251031296223,
                            48.440662915034778
                        ],
                        [
                            4.95079606647686,
                            48.443855174405869
                        ],
                        [
                            4.952341101657495,
                            48.447047433776945
                        ],
                        [
                            4.953886136838131,
                            48.450239693148035
                        ],
                        [
                            4.95543117201877,
                            48.453431952519125
                        ],
                        [
                            4.956976207199405,
                            48.456624211890215
                        ],
                        [
                            4.958521242380042,
                            48.459816471261298
                        ],
                        [
                            4.960066277560678,
                            48.463008730632396
                        ],
                        [
                            4.961611312741317,
                            48.466200990003486
                        ],
                        [
                            4.963156347921952,
                            48.469393249374569
                        ],
                        [
                            4.968861253108603,
                            48.468862697797611
                        ],
                        [
                            4.97456615829525,
                            48.468332146220639
                        ],
                        [
                            4.980271063481903,
                            48.467801594643674
                        ],
                        [
                            4.985975968668553,
                            48.467271043066702
                        ],
                        [
                            4.991680873855204,
                            48.466740491489738
                        ],
                        [
                            4.997385779041853,
                            48.466209939912787
                        ],
                        [
                            5.003090684228503,
                            48.465679388335815
                        ],
                        [
                            5.008795589415156,
                            48.46514883675885
                        ],
                        [
                            5.014500494601805,
                            48.464618285181885
                        ],
                        [
                            5.020205399788457,
                            48.46408773360492
                        ],
                        [
                            5.020331323609343,
                            48.462891346989451
                        ],
                        [
                            5.020457247430226,
                            48.461694960373983
                        ],
                        [
                            5.020583171251113,
                            48.460498573758514
                        ],
                        [
                            5.020709095071998,
                            48.459302187143059
                        ],
                        [
                            5.020835018892882,
                            48.458105800527591
                        ],
                        [
                            5.020960942713767,
                            48.456909413912122
                        ],
                        [
                            5.021086866534652,
                            48.45571302729666
                        ],
                        [
                            5.021212790355538,
                            48.454516640681199
                        ],
                        [
                            5.021338714176423,
                            48.45332025406573
                        ],
                        [
                            5.021464637997308,
                            48.452123867450261
                        ],
                        [
                            5.019282379259892,
                            48.45101449626867
                        ],
                        [
                            5.017100120522473,
                            48.449905125087078
                        ],
                        [
                            5.014917861785056,
                            48.448795753905493
                        ],
                        [
                            5.012735603047638,
                            48.447686382723916
                        ],
                        [
                            5.010553344310219,
                            48.446577011542324
                        ],
                        [
                            5.008371085572804,
                            48.445467640360739
                        ],
                        [
                            5.006188826835386,
                            48.444358269179148
                        ],
                        [
                            5.004006568097967,
                            48.443248897997563
                        ],
                        [
                            5.001824309360551,
                            48.442139526815971
                        ],
                        [
                            4.999642050623134,
                            48.441030155634387
                        ],
                        [
                            4.999633067639735,
                            48.436375876641293
                        ],
                        [
                            4.99962408465634,
                            48.431721597648199
                        ],
                        [
                            4.999615101672942,
                            48.427067318655105
                        ],
                        [
                            4.999606118689547,
                            48.422413039662011
                        ],
                        [
                            4.999597135706152,
                            48.417758760668917
                        ],
                        [
                            4.999588152722755,
                            48.41310448167583
                        ],
                        [
                            4.999579169739359,
                            48.408450202682737
                        ],
                        [
                            4.999570186755964,
                            48.403795923689636
                        ],
                        [
                            4.999561203772567,
                            48.399141644696542
                        ],
                        [
                            4.999552220789171,
                            48.394487365703448
                        ],
                        [
                            5.002180023966083,
                            48.393512723399354
                        ],
                        [
                            5.004807827142994,
                            48.392538081095267
                        ],
                        [
                            5.007435630319909,
                            48.391563438791167
                        ],
                        [
                            5.010063433496823,
                            48.390588796487073
                        ],
                        [
                            5.012691236673733,
                            48.389614154182972
                        ],
                        [
                            5.015319039850645,
                            48.388639511878878
                        ],
                        [
                            5.017946843027557,
                            48.387664869574785
                        ],
                        [
                            5.020574646204469,
                            48.386690227270684
                        ],
                        [
                            5.023202449381385,
                            48.38571558496659
                        ],
                        [
                            5.025830252558297,
                            48.384740942662496
                        ],
                        [
                            5.02626916231374,
                            48.379998111982914
                        ],
                        [
                            5.026708072069184,
                            48.375255281303332
                        ],
                        [
                            5.027146981824629,
                            48.37051245062375
                        ],
                        [
                            5.027585891580074,
                            48.36576961994416
                        ],
                        [
                            5.028024801335519,
                            48.361026789264578
                        ],
                        [
                            5.028463711090962,
                            48.356283958585003
                        ],
                        [
                            5.028902620846408,
                            48.351541127905413
                        ],
                        [
                            5.029341530601851,
                            48.346798297225831
                        ],
                        [
                            5.029780440357294,
                            48.342055466546242
                        ],
                        [
                            5.030219350112739,
                            48.33731263586666
                        ],
                        [
                            5.032821993041294,
                            48.333671684219404
                        ],
                        [
                            5.03542463596985,
                            48.330030732572155
                        ],
                        [
                            5.038027278898404,
                            48.326389780924899
                        ],
                        [
                            5.040629921826959,
                            48.322748829277643
                        ],
                        [
                            5.043232564755513,
                            48.319107877630387
                        ],
                        [
                            5.045835207684071,
                            48.315466925983131
                        ],
                        [
                            5.048437850612626,
                            48.311825974335875
                        ],
                        [
                            5.05104049354118,
                            48.308185022688619
                        ],
                        [
                            5.053643136469734,
                            48.30454407104137
                        ],
                        [
                            5.05624577939829,
                            48.300903119394114
                        ],
                        [
                            5.052253251020213,
                            48.299272008205349
                        ],
                        [
                            5.048260722642137,
                            48.297640897016585
                        ],
                        [
                            5.04426819426406,
                            48.296009785827813
                        ],
                        [
                            5.04027566588598,
                            48.294378674639049
                        ],
                        [
                            5.036283137507903,
                            48.292747563450284
                        ],
                        [
                            5.032290609129825,
                            48.291116452261527
                        ],
                        [
                            5.02829808075175,
                            48.289485341072755
                        ],
                        [
                            5.024305552373669,
                            48.28785422988399
                        ],
                        [
                            5.020313023995593,
                            48.286223118695219
                        ],
                        [
                            5.016320495617517,
                            48.284592007506447
                        ],
                        [
                            5.013331336123418,
                            48.28647134701265
                        ],
                        [
                            5.010342176629321,
                            48.288350686518854
                        ],
                        [
                            5.007353017135221,
                            48.29023002602505
                        ],
                        [
                            5.004363857641122,
                            48.292109365531253
                        ],
                        [
                            5.001374698147027,
                            48.293988705037442
                        ],
                        [
                            4.998385538652929,
                            48.295868044543639
                        ],
                        [
                            4.99539637915883,
                            48.297747384049842
                        ],
                        [
                            4.992407219664733,
                            48.299626723556045
                        ],
                        [
                            4.989418060170635,
                            48.301506063062234
                        ],
                        [
                            4.986428900676536,
                            48.303385402568431
                        ],
                        [
                            4.979088105832654,
                            48.305703762881954
                        ],
                        [
                            4.97174731098877,
                            48.308022123195464
                        ],
                        [
                            4.964406516144887,
                            48.310340483508988
                        ],
                        [
                            4.957065721301003,
                            48.312658843822504
                        ],
                        [
                            4.949724926457121,
                            48.314977204136014
                        ],
                        [
                            4.942384131613236,
                            48.317295564449537
                        ],
                        [
                            4.935043336769354,
                            48.319613924763047
                        ],
                        [
                            4.927702541925472,
                            48.321932285076564
                        ],
                        [
                            4.920361747081586,
                            48.32425064539008
                        ],
                        [
                            4.913020952237703,
                            48.32656900570359
                        ],
                        [
                            4.908852099187028,
                            48.327195019624362
                        ],
                        [
                            4.904683246136347,
                            48.327821033545128
                        ],
                        [
                            4.900514393085672,
                            48.328447047465907
                        ],
                        [
                            4.896345540034993,
                            48.329073061386673
                        ],
                        [
                            4.892176686984314,
                            48.329699075307438
                        ],
                        [
                            4.888007833933639,
                            48.330325089228211
                        ],
                        [
                            4.883838980882958,
                            48.330951103148976
                        ],
                        [
                            4.879670127832282,
                            48.331577117069749
                        ],
                        [
                            4.875501274781604,
                            48.332203130990514
                        ],
                        [
                            4.871332421730926,
                            48.332829144911287
                        ],
                        [
                            4.866349903032319,
                            48.335398064464421
                        ],
                        [
                            4.861367384333715,
                            48.337966984017548
                        ],
                        [
                            4.856384865635109,
                            48.340535903570682
                        ],
                        [
                            4.851402346936503,
                            48.343104823123809
                        ],
                        [
                            4.846419828237895,
                            48.345673742676944
                        ],
                        [
                            4.841437309539289,
                            48.348242662230071
                        ],
                        [
                            4.836454790840683,
                            48.350811581783205
                        ],
                        [
                            4.831472272142076,
                            48.353380501336332
                        ],
                        [
                            4.826489753443472,
                            48.355949420889466
                        ],
                        [
                            4.821507234744866,
                            48.3585183404426
                        ],
                        [
                            4.821788080728689,
                            48.363157734108498
                        ],
                        [
                            4.822068926712511,
                            48.367797127774381
                        ],
                        [
                            4.822349772696336,
                            48.372436521440278
                        ],
                        [
                            4.822630618680158,
                            48.377075915106175
                        ],
                        [
                            4.822911464663981,
                            48.381715308772065
                        ],
                        [
                            4.823192310647807,
                            48.386354702437956
                        ],
                        [
                            4.823473156631628,
                            48.390994096103846
                        ],
                        [
                            4.823754002615454,
                            48.395633489769743
                        ],
                        [
                            4.824034848599277,
                            48.40027288343564
                        ],
                        [
                            4.824315694583101,
                            48.404912277101531
                        ],
                        [
                            4.82818874169917,
                            48.407102046044727
                        ],
                        [
                            4.832061788815237,
                            48.409291814987924
                        ]
                    ]
                ]
            }
        },
        {
            "type": "Feature",
            "properties": {
                "diocese": "Tullen",
                "province": "Treviren",
                "date": 1777
            },
            "geometry": {
                "type": "Polygon",
                "coordinates": [
                    [
                        [
                            6.583852497416039,
                            48.75856751676816
                        ],
                        [
                            6.583590726791737,
                            48.755818977017057
                        ],
                        [
                            6.583328956167433,
                            48.753070437265954
                        ],
                        [
                            6.583067185543129,
                            48.750321897514844
                        ],
                        [
                            6.582805414918827,
                            48.747573357763741
                        ],
                        [
                            6.582543644294523,
                            48.744824818012631
                        ],
                        [
                            6.582281873670219,
                            48.742076278261521
                        ],
                        [
                            6.582020103045915,
                            48.739327738510418
                        ],
                        [
                            6.585221557220816,
                            48.737023363971574
                        ],
                        [
                            6.588423011395715,
                            48.734718989432729
                        ],
                        [
                            6.591624465570616,
                            48.732414614893877
                        ],
                        [
                            6.594825919745517,
                            48.730110240355039
                        ],
                        [
                            6.598027373920418,
                            48.727805865816194
                        ],
                        [
                            6.601228828095321,
                            48.725501491277349
                        ],
                        [
                            6.60443028227022,
                            48.723197116738504
                        ],
                        [
                            6.60763173644512,
                            48.720892742199652
                        ],
                        [
                            6.610833190620021,
                            48.7185883676608
                        ],
                        [
                            6.614034644794922,
                            48.716283993121955
                        ],
                        [
                            6.61582844535374,
                            48.715486491486999
                        ],
                        [
                            6.617622245912559,
                            48.71468898985205
                        ],
                        [
                            6.619416046471377,
                            48.713891488217087
                        ],
                        [
                            6.621209847030197,
                            48.71309398658213
                        ],
                        [
                            6.623003647589018,
                            48.712296484947174
                        ],
                        [
                            6.624797448147836,
                            48.711498983312225
                        ],
                        [
                            6.626591248706653,
                            48.710701481677262
                        ],
                        [
                            6.628385049265473,
                            48.709903980042306
                        ],
                        [
                            6.630178849824292,
                            48.70910647840735
                        ],
                        [
                            6.63197265038311,
                            48.708308976772393
                        ],
                        [
                            6.630943285161704,
                            48.70653551075111
                        ],
                        [
                            6.629913919940298,
                            48.70476204472984
                        ],
                        [
                            6.628884554718894,
                            48.702988578708556
                        ],
                        [
                            6.627855189497488,
                            48.701215112687279
                        ],
                        [
                            6.626825824276082,
                            48.699441646665996
                        ],
                        [
                            6.625796459054675,
                            48.697668180644733
                        ],
                        [
                            6.624767093833269,
                            48.695894714623449
                        ],
                        [
                            6.623737728611864,
                            48.69412124860218
                        ],
                        [
                            6.622708363390458,
                            48.692347782580896
                        ],
                        [
                            6.621678998169052,
                            48.690574316559619
                        ],
                        [
                            6.618986882354893,
                            48.691016945618209
                        ],
                        [
                            6.616294766540735,
                            48.691459574676806
                        ],
                        [
                            6.613602650726573,
                            48.691902203735403
                        ],
                        [
                            6.610910534912414,
                            48.692344832793992
                        ],
                        [
                            6.608218419098256,
                            48.692787461852589
                        ],
                        [
                            6.605526303284096,
                            48.693230090911179
                        ],
                        [
                            6.602834187469938,
                            48.693672719969769
                        ],
                        [
                            6.600142071655778,
                            48.694115349028365
                        ],
                        [
                            6.597449955841618,
                            48.694557978086955
                        ],
                        [
                            6.594757840027457,
                            48.695000607145552
                        ],
                        [
                            6.591811482839786,
                            48.696595764977765
                        ],
                        [
                            6.588865125652115,
                            48.698190922809971
                        ],
                        [
                            6.585918768464442,
                            48.69978608064217
                        ],
                        [
                            6.582972411276767,
                            48.701381238474376
                        ],
                        [
                            6.580026054089094,
                            48.702976396306582
                        ],
                        [
                            6.577079696901423,
                            48.704571554138795
                        ],
                        [
                            6.574133339713748,
                            48.706166711971001
                        ],
                        [
                            6.571186982526077,
                            48.707761869803207
                        ],
                        [
                            6.568240625338403,
                            48.709357027635413
                        ],
                        [
                            6.565294268150732,
                            48.710952185467619
                        ],
                        [
                            6.562601638983123,
                            48.711128834943111
                        ],
                        [
                            6.559909009815511,
                            48.711305484418602
                        ],
                        [
                            6.557216380647901,
                            48.711482133894087
                        ],
                        [
                            6.554523751480293,
                            48.711658783369579
                        ],
                        [
                            6.551831122312683,
                            48.711835432845056
                        ],
                        [
                            6.549138493145074,
                            48.712012082320548
                        ],
                        [
                            6.546445863977466,
                            48.71218873179604
                        ],
                        [
                            6.543753234809854,
                            48.712365381271525
                        ],
                        [
                            6.541060605642246,
                            48.712542030747016
                        ],
                        [
                            6.538367976474635,
                            48.712718680222501
                        ],
                        [
                            6.537088042471746,
                            48.713959605545668
                        ],
                        [
                            6.535808108468853,
                            48.715200530868827
                        ],
                        [
                            6.53452817446596,
                            48.716441456191987
                        ],
                        [
                            6.533248240463069,
                            48.717682381515154
                        ],
                        [
                            6.531968306460175,
                            48.718923306838313
                        ],
                        [
                            6.530688372457284,
                            48.720164232161473
                        ],
                        [
                            6.529408438454393,
                            48.721405157484632
                        ],
                        [
                            6.5281285044515,
                            48.722646082807799
                        ],
                        [
                            6.526848570448607,
                            48.723887008130959
                        ],
                        [
                            6.525568636445715,
                            48.725127933454125
                        ],
                        [
                            6.526213908138185,
                            48.727255946538897
                        ],
                        [
                            6.526859179830653,
                            48.729383959623661
                        ],
                        [
                            6.527504451523123,
                            48.731511972708432
                        ],
                        [
                            6.528149723215593,
                            48.733639985793197
                        ],
                        [
                            6.528794994908061,
                            48.735767998877968
                        ],
                        [
                            6.529440266600531,
                            48.737896011962732
                        ],
                        [
                            6.530085538293001,
                            48.740024025047497
                        ],
                        [
                            6.530730809985469,
                            48.742152038132275
                        ],
                        [
                            6.531376081677939,
                            48.744280051217039
                        ],
                        [
                            6.532021353370409,
                            48.746408064301804
                        ],
                        [
                            6.534204473062978,
                            48.74800450226865
                        ],
                        [
                            6.536387592755549,
                            48.749600940235496
                        ],
                        [
                            6.538570712448118,
                            48.751197378202335
                        ],
                        [
                            6.540753832140689,
                            48.752793816169188
                        ],
                        [
                            6.54293695183326,
                            48.754390254136027
                        ],
                        [
                            6.54512007152583,
                            48.755986692102866
                        ],
                        [
                            6.547303191218399,
                            48.757583130069719
                        ],
                        [
                            6.54948631091097,
                            48.759179568036558
                        ],
                        [
                            6.551669430603539,
                            48.760776006003397
                        ],
                        [
                            6.553852550296112,
                            48.76237244397025
                        ],
                        [
                            6.556931076195395,
                            48.762816513175373
                        ],
                        [
                            6.560009602094677,
                            48.763260582380489
                        ],
                        [
                            6.563088127993961,
                            48.763704651585613
                        ],
                        [
                            6.566166653893244,
                            48.764148720790743
                        ],
                        [
                            6.56924517979253,
                            48.764592789995866
                        ],
                        [
                            6.572323705691815,
                            48.76503685920099
                        ],
                        [
                            6.575402231591099,
                            48.76548092840612
                        ],
                        [
                            6.578480757490381,
                            48.765924997611243
                        ],
                        [
                            6.581559283389664,
                            48.76636906681636
                        ],
                        [
                            6.584637809288949,
                            48.76681313602149
                        ],
                        [
                            6.584376038664647,
                            48.764064596270387
                        ],
                        [
                            6.584114268040343,
                            48.761316056519277
                        ],
                        [
                            6.583852497416039,
                            48.75856751676816
                        ]
                    ]
                ]
            }
        }
    ]
}