{
  "type": "FeatureCollection",
  "features": [
    {
      "type": "Feature",
      "properties": {
        "diocese": "Colonien",
        "province": "Colonien",
        "start": 1592,
        "end": 1648
      },
      "geometry": {
        "coordinates": [
          [
            [
              5.387059149000038,
              51.82957122100004
            ],
            [
              5.39671478300005,
              51.81374428300006
            ],
            [
              5.443062330000032,
              51.81198098900006
            ],
            [
              5.467662181000037,
              51.79063230700007
            ],
            [
              5.48976639600005,
              51.82766453900007
            ],
            [
              5.543600854000033,
              51.79724743700007
            ],
            [
              5.5275574730000585,
              51.82347789600004
            ],
            [
              5.536470463000057,
              51.83449454300006
            ],
            [
              5.594583156000056,
              51.828545888000065
            ],
            [
              5.641287222000074,
              51.817307397000036
            ],
            [
              5.654121928000052,
              51.78864757900004
            ],
            [
              5.685139132000074,
              51.78732437800005
            ],
            [
              5.675156584000035,
              51.75533522300003
            ],
            [
              5.714017219000027,
              51.77078109400003
            ],
            [
              5.767495158000031,
              51.752466122000044
            ],
            [
              5.865894565000076,
              51.757542099000034
            ],
            [
              5.892990054000052,
              51.72199827500003
            ],
            [
              5.944328875000053,
              51.71647654000003
            ],
            [
              5.956807061000063,
              51.67073066300003
            ],
            [
              5.978198236000026,
              51.664760400000034
            ],
            [
              5.972493923000059,
              51.64573876400004
            ],
            [
              6.018841470000041,
              51.62383187800003
            ],
            [
              6.044154361000039,
              51.55893433500006
            ],
            [
              6.106901809000021,
              51.54807211200006
            ],
            [
              6.165014502000076,
              51.50903538700004
            ],
            [
              6.177492688000029,
              51.46929892800006
            ],
            [
              6.15324935600006,
              51.43752927000003
            ],
            [
              6.203162099000053,
              51.442862784000056
            ],
            [
              6.200666461000026,
              51.39862023000006
            ],
            [
              6.215283765000038,
              51.39773049300004
            ],
            [
              6.188544795000041,
              51.36435287300003
            ],
            [
              6.1853361190000555,
              51.33228745500003
            ],
            [
              6.223840235000068,
              51.30153703800005
            ],
            [
              6.246657489000029,
              51.313126572000044
            ],
            [
              6.2388140580000595,
              51.33362396200005
            ],
            [
              6.278387732000056,
              51.31691482300005
            ],
            [
              6.33186567100006,
              51.323153614000034
            ],
            [
              6.303344104000075,
              51.28593112000004
            ],
            [
              6.327587436000044,
              51.28994457700003
            ],
            [
              6.321526603000052,
              51.27634199800008
            ],
            [
              6.263057390000029,
              51.27478078900003
            ],
            [
              6.284448565000048,
              51.238635120000026
            ],
            [
              6.322239642000056,
              51.21653210900007
            ],
            [
              6.3133266520000575,
              51.18704491200003
            ],
            [
              6.386056649000068,
              51.18011715200004
            ],
            [
              6.4113695400000665,
              51.151724810000076
            ],
            [
              6.40851738300006,
              51.11369195300006
            ],
            [
              6.348622092000028,
              51.09802225900006
            ],
            [
              6.362882875000025,
              51.05568754900003
            ],
            [
              6.293005036000068,
              51.05322243100005
            ],
            [
              6.2908659180000654,
              51.02564899400005
            ],
            [
              6.242935424000052,
              51.025607136000076
            ],
            [
              6.165974728000037,
              51.05900703400005
            ],
            [
              6.184038388000033,
              51.024336418000075
            ],
            [
              6.091818653000075,
              50.95072492700007
            ],
            [
              6.094670810000025,
              50.925562555000056
            ],
            [
              6.075656432000073,
              50.89798814300008
            ],
            [
              6.094655955000064,
              50.83262732800006
            ],
            [
              6.085742965000065,
              50.808978126000056
            ],
            [
              6.139933943000074,
              50.78193579800006
            ],
            [
              6.090021200000024,
              50.77427096100007
            ],
            [
              6.0821777690000545,
              50.75735878900008
            ],
            [
              6.164177275000043,
              50.69506934300006
            ],
            [
              6.16203815800003,
              50.667509206000034
            ],
            [
              6.182359775000066,
              50.651010564000046
            ],
            [
              6.176298942000074,
              50.62591247900008
            ],
            [
              6.218368253000051,
              50.63247093000007
            ],
            [
              6.223716047000039,
              50.65214079300006
            ],
            [
              6.2615071240000475,
              50.64377645500008
            ],
            [
              6.266141879000031,
              50.61867450600005
            ],
            [
              6.246889821000025,
              50.58812704400003
            ],
            [
              6.224429086000043,
              50.59039049900008
            ],
            [
              6.179864137000038,
              50.56299538400003
            ],
            [
              6.178081539000061,
              50.54306165600008
            ],
            [
              6.222646488000066,
              50.49681922900004
            ],
            [
              6.252237614000023,
              50.504982949000066
            ],
            [
              6.294306926000047,
              50.47413482200005
            ],
            [
              6.305715553000027,
              50.49659243900004
            ],
            [
              6.344576189000065,
              50.487066268000035
            ],
            [
              6.341724032000059,
              50.462561582000035
            ],
            [
              6.37309775600005,
              50.44894237800003
            ],
            [
              6.36061957000004,
              50.406016255000054
            ],
            [
              6.331028444000026,
              50.37533091100005
            ],
            [
              6.38914113800007,
              50.345763291000026
            ],
            [
              6.402688882000064,
              50.33142774100003
            ],
            [
              6.395677509000052,
              50.30809399300006
            ],
            [
              6.4848074080000515,
              50.33085799100007
            ],
            [
              6.573937305000072,
              50.276206079000076
            ],
            [
              6.652371616000039,
              50.15986219100006
            ],
            [
              6.794979452000064,
              50.109587015000045
            ],
            [
              6.901935329000025,
              50.13244591600005
            ],
            [
              6.976804443000049,
              50.23061484100003
            ],
            [
              6.926891701000045,
              50.314924337000036
            ],
            [
              6.998195619000057,
              50.403629540000054
            ],
            [
              7.290541684000061,
              50.519378619000065
            ],
            [
              7.30836766300007,
              50.56016361600007
            ],
            [
              7.269150509000042,
              50.60543892100003
            ],
            [
              7.393932366000058,
              50.63032178700007
            ],
            [
              7.46167108800006,
              50.60543892100003
            ],
            [
              7.579322553000054,
              50.62353685700003
            ],
            [
              7.611409316000049,
              50.677788890000045
            ],
            [
              7.693408822000038,
              50.695858980000025
            ],
            [
              7.800364700000046,
              50.61901302600006
            ],
            [
              7.896624989000031,
              50.65067070500004
            ],
            [
              7.889494598000056,
              50.71843680600006
            ],
            [
              7.800364700000046,
              50.734234816000026
            ],
            [
              7.796799504000035,
              50.79962697500008
            ],
            [
              7.846712247000028,
              50.82215480500008
            ],
            [
              7.848589248000053,
              50.934290101000045
            ],
            [
              7.899690389000057,
              50.94177892000005
            ],
            [
              7.935074959000076,
              51.03581053400006
            ],
            [
              7.9992484850000665,
              51.04836357600004
            ],
            [
              8.002457162000042,
              51.03020540000006
            ],
            [
              8.046309071000053,
              51.01809599500007
            ],
            [
              8.08053495200005,
              51.03155069400003
            ],
            [
              8.211734162000027,
              51.02258132800006
            ],
            [
              8.240255729000069,
              51.075251499000046
            ],
            [
              8.218151514000056,
              51.104586321000056
            ],
            [
              8.337942097000052,
              51.10704870400008
            ],
            [
              8.490532482000049,
              51.18421141300007
            ],
            [
              8.503367188000027,
              51.14106092500003
            ],
            [
              8.539375666000069,
              51.10995862300007
            ],
            [
              8.635635956000044,
              51.09406375400005
            ],
            [
              8.714070266000022,
              51.106153307000056
            ],
            [
              8.693392130000063,
              51.13434997000007
            ],
            [
              8.755426539000041,
              51.18041221400006
            ],
            [
              8.754713499000047,
              51.20789347400006
            ],
            [
              8.717635462000032,
              51.23647445700004
            ],
            [
              8.628862084000048,
              51.23401897600007
            ],
            [
              8.558984244000044,
              51.284664631000055
            ],
            [
              8.604618752000022,
              51.32812626500004
            ],
            [
              8.68412262000004,
              51.359971975000065
            ],
            [
              8.675566150000066,
              51.37265955100003
            ],
            [
              8.939390648000028,
              51.39246294900005
            ],
            [
              8.950086236000061,
              51.42048456900005
            ],
            [
              8.916929914000036,
              51.43159950000006
            ],
            [
              8.909443002000046,
              51.46337328300007
            ],
            [
              8.920851629000026,
              51.47869678100005
            ],
            [
              8.90516476700003,
              51.485135556000046
            ],
            [
              8.795000213000037,
              51.447600253000076
            ],
            [
              8.631714240000065,
              51.48691161000005
            ],
            [
              8.555924117000075,
              51.47928889100007
            ],
            [
              8.533344543000055,
              51.53310169200006
            ],
            [
              8.500663581000026,
              51.54843871300005
            ],
            [
              8.501851979000037,
              51.58832769900005
            ],
            [
              8.596032571000023,
              51.62744397500006
            ],
            [
              8.596329671000035,
              51.65970796300007
            ],
            [
              8.532750344000021,
              51.68458164100008
            ],
            [
              8.449265340000068,
              51.67794999600005
            ],
            [
              8.423120570000037,
              51.69857859100006
            ],
            [
              8.365780335000068,
              51.69600053100004
            ],
            [
              8.361026741000046,
              51.71606869300007
            ],
            [
              8.288831523000056,
              51.69692128300005
            ],
            [
              8.254665063000061,
              51.661919510000075
            ],
            [
              8.213665310000067,
              51.65768061700004
            ],
            [
              8.046398201000045,
              51.65565318000006
            ],
            [
              7.933797430000027,
              51.70336602800006
            ],
            [
              7.891312179000067,
              51.70373427100003
            ],
            [
              7.647393358000045,
              51.65712768900005
            ],
            [
              7.527662196000051,
              51.61084212600008
            ],
            [
              7.463191570000049,
              51.62744397500006
            ],
            [
              7.447742387000062,
              51.65768061700004
            ],
            [
              7.338885072000039,
              51.68594469200008
            ],
            [
              7.339954631000069,
              51.69854176300004
            ],
            [
              7.29360708400003,
              51.71842473700008
            ],
            [
              7.1895033630000285,
              51.73410402800005
            ],
            [
              7.00304361700006,
              51.66538404900007
            ],
            [
              6.870418329000074,
              51.67400739100003
            ],
            [
              6.8575836240000285,
              51.72747963900008
            ],
            [
              6.805888283000058,
              51.73631194200004
            ],
            [
              6.734584365000046,
              51.73035032700005
            ],
            [
              6.667915201000028,
              51.68483951800005
            ],
            [
              6.632976281000026,
              51.69655298500004
            ],
            [
              6.5762896660000365,
              51.77912413000007
            ],
            [
              6.456142564000061,
              51.83842027600008
            ],
            [
              6.438673104000031,
              51.82343828300003
            ],
            [
              6.378777812000067,
              51.84128391300004
            ],
            [
              6.30450289700002,
              51.804042422000066
            ],
            [
              6.01393943000005,
              51.88150242800003
            ],
            [
              5.969077382000023,
              51.85453504100008
            ],
            [
              5.922432735000029,
              51.873982538000064
            ],
            [
              5.862715704000038,
              51.85214939200006
            ],
            [
              5.706144183000049,
              51.894155014000034
            ],
            [
              5.55878275200007,
              51.90222147000003
            ],
            [
              5.45271817400004,
              51.887737481000045
            ],
            [
              5.387059149000038,
              51.82957122100004
            ]
          ]
        ],
        "type": "Polygon"
      }
    },
    {
      "type": "Feature",
      "properties": {
        "diocese": "Osnabrugen",
        "province": "Colonien",
        "start": 1592,
        "end": 1648
      },
      "geometry": {
        "coordinates": [
          [
            [
              [
                8.369642631000033,
                51.70796885500005
              ],
              [
                8.400343460000045,
                51.758382923000056
              ],
              [
                8.469508260000055,
                51.79411863400003
              ],
              [
                8.52904703200005,
                51.85823950100007
              ],
              [
                8.591081441000028,
                51.887735261000046
              ],
              [
                8.573611981000056,
                51.940295355000046
              ],
              [
                8.52049056200002,
                51.938317220000044
              ],
              [
                8.507655857000032,
                51.957874951000065
              ],
              [
                8.470221300000048,
                51.930403804000036
              ],
              [
                8.464516986000035,
                51.94864652200005
              ],
              [
                8.37966532300004,
                51.94842677500003
              ],
              [
                8.294022163000022,
                51.92674111300005
              ],
              [
                8.20726906300007,
                51.95000300700008
              ],
              [
                8.164764005000052,
                51.92824342600005
              ],
              [
                8.16001041000004,
                51.90420037800004
              ],
              [
                8.120080216000076,
                51.89598760800004
              ],
              [
                8.138143875000026,
                51.85783721900003
              ],
              [
                8.200891323000064,
                51.85548844600004
              ],
              [
                8.197088448000045,
                51.82846873700004
              ],
              [
                8.231314329000043,
                51.81260178900004
              ],
              [
                8.246525831000042,
                51.77849833700003
              ],
              [
                8.309273279000024,
                51.76261379400006
              ],
              [
                8.344449879000024,
                51.77438065900003
              ],
              [
                8.353957068000057,
                51.74907810700006
              ],
              [
                8.332090533000041,
                51.73730464600004
              ],
              [
                8.369642631000033,
                51.70796885500005
              ]
            ]
          ],
          [
            [
              [
                8.650080545000037,
                52.17658927400004
              ],
              [
                8.65103126400004,
                52.219128589000036
              ],
              [
                8.625837213000068,
                52.218837362000045
              ],
              [
                8.597315646000027,
                52.27500873900004
              ],
              [
                8.434742712000059,
                52.27442701700005
              ],
              [
                8.377699577000044,
                52.353180820000034
              ],
              [
                8.303761375000022,
                52.35384619100006
              ],
              [
                8.29469408400007,
                52.39121632800004
              ],
              [
                8.30884990800007,
                52.405367031000026
              ],
              [
                8.28244121900002,
                52.44313661600006
              ],
              [
                8.31761781800003,
                52.49734529800003
              ],
              [
                8.31704738700006,
                52.53448829800004
              ],
              [
                8.373520090000056,
                52.56663039000006
              ],
              [
                8.462665833000074,
                52.568768506000026
              ],
              [
                8.57378110600007,
                52.61244704400008
              ],
              [
                8.62428804800004,
                52.64670960600006
              ],
              [
                8.62666484600004,
                52.662929879000046
              ],
              [
                8.582099897000035,
                52.77055180000008
              ],
              [
                8.452960578000045,
                52.78904990900003
              ],
              [
                8.473876394000058,
                52.811467124000046
              ],
              [
                8.479435782000053,
                52.87661117300007
              ],
              [
                8.339204743000039,
                52.94397919100004
              ],
              [
                8.332074351000074,
                52.97476155700008
              ],
              [
                8.308306378000054,
                52.98334807300006
              ],
              [
                8.315436770000076,
                52.99837037200007
              ],
              [
                8.247698048000075,
                53.021966285000076
              ],
              [
                8.198973704000025,
                53.072689525000044
              ],
              [
                8.196596906000025,
                53.12977096800006
              ],
              [
                8.063496259000033,
                53.123353086000066
              ],
              [
                8.082510637000041,
                53.08411187300004
              ],
              [
                8.068249853000054,
                53.06911941900006
              ],
              [
                7.969612766000068,
                53.12620559700008
              ],
              [
                7.914946429000054,
                53.13618789100008
              ],
              [
                7.859091693000039,
                53.17894289000003
              ],
              [
                7.666775052000048,
                53.176922008000076
              ],
              [
                7.595744104000062,
                53.194082198000046
              ],
              [
                7.582671719000075,
                53.07344635100003
              ],
              [
                7.457889862000059,
                53.03315910800006
              ],
              [
                7.436974046000046,
                53.03401667600008
              ],
              [
                7.347606468000038,
                53.10199603900003
              ],
              [
                7.192163926000035,
                53.107132972000045
              ],
              [
                7.028164914000058,
                53.07972890800005
              ],
              [
                7.028640274000054,
                53.01200037500007
              ],
              [
                7.07950373500006,
                52.99941458700005
              ],
              [
                7.063816873000064,
                52.944165385000076
              ],
              [
                7.035295306000023,
                52.93127329200007
              ],
              [
                7.0647675920000665,
                52.86130260700003
              ],
              [
                7.045753214000058,
                52.82052994700007
              ],
              [
                7.071897984000032,
                52.80760104400008
              ],
              [
                7.041950338000049,
                52.62763510600007
              ],
              [
                7.121354160000067,
                52.59730514800003
              ],
              [
                7.125394715000027,
                52.540892460000066
              ],
              [
                7.236509988000023,
                52.54884229900006
              ],
              [
                7.292498419000026,
                52.50018420100008
              ],
              [
                7.297846213000071,
                52.47069380100004
              ],
              [
                7.453170707000027,
                52.36789078000004
              ],
              [
                7.572961290000023,
                52.37601701300008
              ],
              [
                7.605761092000023,
                52.418655209000065
              ],
              [
                7.664230305000046,
                52.40125684000003
              ],
              [
                7.668508540000062,
                52.36556872500006
              ],
              [
                7.5981553410000515,
                52.33595181900006
              ],
              [
                7.672786775000077,
                52.25105641500005
              ],
              [
                7.6466420050000465,
                52.20476068200003
              ],
              [
                7.704160499000068,
                52.18319777500005
              ],
              [
                7.697030108000035,
                52.15725015400005
              ],
              [
                7.7141430480000395,
                52.14820866400004
              ],
              [
                7.69893154500005,
                52.125159146000044
              ],
              [
                7.738386380000065,
                52.09421320400003
              ],
              [
                7.794954155000028,
                52.099761698000066
              ],
              [
                7.946118462000072,
                52.05915413900004
              ],
              [
                8.080169829000056,
                52.06967475000005
              ],
              [
                8.173815641000033,
                51.99861252300008
              ],
              [
                8.330483620000052,
                51.98709498200003
              ],
              [
                8.387526755000067,
                52.00202248100004
              ],
              [
                8.418900479000058,
                52.07191054700007
              ],
              [
                8.51444772900004,
                52.092359172000045
              ],
              [
                8.650080545000037,
                52.17658927400004
              ]
            ]
          ]
        ],
        "type": "MultiPolygon"
      }
    },
    {
      "type": "Feature",
      "properties": {
        "diocese": "Minden",
        "province": "Colonien",
        "start": 1592,
        "end": 1648
      },
      "geometry": {
        "coordinates": [
          [
            [
              9.323198815000069,
              52.776081513000065
            ],
            [
              9.421835902000055,
              52.744438424000066
            ],
            [
              9.491951422000056,
              52.67459856700003
            ],
            [
              9.493139820000067,
              52.64143954900004
            ],
            [
              9.322010417000058,
              52.635670196000035
            ],
            [
              9.256648491000021,
              52.70413214600006
            ],
            [
              9.193663364000031,
              52.73292614600007
            ],
            [
              9.200793756000053,
              52.74587724500003
            ],
            [
              9.175837384000033,
              52.77104892300008
            ],
            [
              9.111663858000043,
              52.75019342300004
            ],
            [
              9.034417946000076,
              52.75091274500005
            ],
            [
              8.812187401000074,
              52.77823815900007
            ],
            [
              8.479435782000053,
              52.87661117300007
            ],
            [
              8.473876394000058,
              52.811467124000046
            ],
            [
              8.452960578000045,
              52.78904990900003
            ],
            [
              8.582099897000035,
              52.77055180000008
            ],
            [
              8.620128653000052,
              52.69427201000008
            ],
            [
              8.62428804800004,
              52.64670960600006
            ],
            [
              8.48583960700006,
              52.575991103000035
            ],
            [
              8.373520090000056,
              52.56663039000006
            ],
            [
              8.31704738700006,
              52.53448829800004
            ],
            [
              8.31761781800003,
              52.49734529800003
            ],
            [
              8.28244121900002,
              52.44313661600006
            ],
            [
              8.30884990800007,
              52.405367031000026
            ],
            [
              8.29469408400007,
              52.39121632800004
            ],
            [
              8.303761375000022,
              52.35384619100006
            ],
            [
              8.377699577000044,
              52.353180820000034
            ],
            [
              8.434742712000059,
              52.27442701700005
            ],
            [
              8.597315646000027,
              52.27500873900004
            ],
            [
              8.625837213000068,
              52.218837362000045
            ],
            [
              8.65103126400004,
              52.219128589000036
            ],
            [
              8.650080545000037,
              52.17658927400004
            ],
            [
              8.719007666000039,
              52.166093870000054
            ],
            [
              8.773198644000047,
              52.18183604700005
            ],
            [
              9.10975313800003,
              52.01802050200007
            ],
            [
              9.244755224000073,
              52.01860558300007
            ],
            [
              9.222413329000062,
              51.97441040500007
            ],
            [
              9.23049444000003,
              51.94365293800007
            ],
            [
              9.287062215000049,
              51.93691277000005
            ],
            [
              9.285160777000044,
              51.87239042200008
            ],
            [
              9.370250120000037,
              51.89381038500005
            ],
            [
              9.536150570000075,
              51.89234359000005
            ],
            [
              9.546608478000053,
              51.95830198300007
            ],
            [
              9.582260437000059,
              51.98465820500007
            ],
            [
              9.541854883000042,
              52.05895773100008
            ],
            [
              9.492892859000051,
              52.10423737000008
            ],
            [
              9.531396975000064,
              52.16813483700008
            ],
            [
              9.499547892000066,
              52.18445920200003
            ],
            [
              9.523791224000036,
              52.22000225700003
            ],
            [
              9.687790236000069,
              52.205147553000074
            ],
            [
              9.742931933000023,
              52.169301062000045
            ],
            [
              9.768268592000027,
              52.169301062000045
            ],
            [
              9.835436883000057,
              52.244458002000044
            ],
            [
              9.80791357000004,
              52.25947413700004
            ],
            [
              9.797788414000024,
              52.302835224000034
            ],
            [
              9.71789237400003,
              52.37132915700005
            ],
            [
              9.749684414000058,
              52.47455222100007
            ],
            [
              9.725916441000038,
              52.50754831100005
            ],
            [
              9.677429777000043,
              52.52316939800005
            ],
            [
              9.696444155000052,
              52.58964147300003
            ],
            [
              9.747782976000053,
              52.61447038600005
            ],
            [
              9.757290165000029,
              52.59310681800008
            ],
            [
              9.788663889000077,
              52.58559822500007
            ],
            [
              9.818136175000063,
              52.608120143000065
            ],
            [
              9.92937028800003,
              52.620819708000056
            ],
            [
              10.17560648600005,
              52.620819708000056
            ],
            [
              10.13662701000004,
              52.677345753000054
            ],
            [
              10.148986356000023,
              52.70615742700005
            ],
            [
              10.14042988600005,
              52.756244425000034
            ],
            [
              10.22219171200004,
              52.798227060000045
            ],
            [
              10.236452496000027,
              52.87403808500005
            ],
            [
              10.162296421000065,
              52.90788053500006
            ],
            [
              10.112859038000067,
              52.90099946500004
            ],
            [
              10.11000688100006,
              52.95200806500003
            ],
            [
              10.029195774000073,
              52.99322948000008
            ],
            [
              10.013033552000024,
              53.05670215400005
            ],
            [
              9.976906234000069,
              53.098394547000055
            ],
            [
              9.916060223000045,
              53.069842470000026
            ],
            [
              9.898947283000041,
              53.002384455000026
            ],
            [
              9.840002710000022,
              52.96460766800004
            ],
            [
              9.762994479000042,
              52.97720360100004
            ],
            [
              9.722113566000075,
              53.00924941300008
            ],
            [
              9.64890820900007,
              52.98178303000003
            ],
            [
              9.475877368000056,
              52.95143526800007
            ],
            [
              9.336121688000048,
              52.826384475000054
            ],
            [
              9.323198815000069,
              52.776081513000065
            ]
          ]
        ],
        "type": "Polygon"
      }
    },
    {
      "type": "Feature",
      "properties": {
        "diocese": "Leodien",
        "province": "Colonien",
        "start": 1592,
        "end": 1648
      },
      "geometry": {
        "type": "MultiPolygon",
        "coordinates": [
          [
            [
              [
                6.252237614000023,
                50.504982949000066
              ],
              [
                6.294306926000047,
                50.47413482200005
              ],
              [
                6.305715553000027,
                50.49659243900004
              ],
              [
                6.344576189000065,
                50.487066268000035
              ],
              [
                6.341724032000059,
                50.462561582000035
              ],
              [
                6.37309775600005,
                50.44894237800003
              ],
              [
                6.36061957000004,
                50.406016255000054
              ],
              [
                6.331028444000026,
                50.37533091100005
              ],
              [
                6.38914113800007,
                50.345763291000026
              ],
              [
                6.402688882000064,
                50.33142774100003
              ],
              [
                6.395677509000052,
                50.30809399300006
              ],
              [
                6.388560393842018,
                50.22620607833613
              ],
              [
                6.31767433652317,
                50.230740857636626
              ],
              [
                6.317337664595861,
                50.230608797819734
              ],
              [
                6.317243200000064,
                50.23061484100003
              ],
              [
                6.206722126000045,
                50.18726275200004
              ],
              [
                6.217417713000032,
                50.10501392500004
              ],
              [
                6.192461343000048,
                50.045524012000044
              ],
              [
                6.125025950830291,
                50.01360398632213
              ],
              [
                6.021763075517977,
                50.02733112639506
              ],
              [
                6.021732008931306,
                50.027151389990784
              ],
              [
                6.021331939000049,
                50.02720457300006
              ],
              [
                6.010636351000073,
                49.96532485600005
              ],
              [
                5.778898616000049,
                49.884991857000045
              ],
              [
                5.771768224000027,
                49.83442829400008
              ],
              [
                5.63669923429832,
                49.78625937184391
              ],
              [
                5.501244471526566,
                49.89660309451176
              ],
              [
                5.22672438652055,
                49.873631741906195
              ],
              [
                5.169681251525613,
                49.813855062986235
              ],
              [
                5.0933739154006,
                49.76638974675625
              ],
              [
                5.078624969971039,
                49.765317857447876
              ],
              [
                5.071831784299002,
                49.766375145974266
              ],
              [
                5.066528749814164,
                49.76840488768314
              ],
              [
                5.062011350067818,
                49.77246411613378
              ],
              [
                5.054155002682871,
                49.77233727039046
              ],
              [
                5.046887881351794,
                49.773605712884525
              ],
              [
                5.03922794265147,
                49.77563515182338
              ],
              [
                5.031960821320394,
                49.77931329328665
              ],
              [
                5.024104473935447,
                49.784005689131206
              ],
              [
                5.017819396027488,
                49.78945844306249
              ],
              [
                5.006231283634691,
                49.80124950932461
              ],
              [
                4.991893449657161,
                49.801883356294724
              ],
              [
                4.980305337264364,
                49.80124950932461
              ],
              [
                4.969502859610062,
                49.79960146836695
              ],
              [
                4.961842920909737,
                49.79719269221463
              ],
              [
                4.953397347470919,
                49.79262836667887
              ],
              [
                4.951040443255435,
                49.791360422128214
              ],
              [
                4.944212664217262,
                49.78910874137858
              ],
              [
                4.936494443661837,
                49.787987574710336
              ],
              [
                4.928776223106411,
                49.78811215006611
              ],
              [
                4.92115448030793,
                49.78861044828539
              ],
              [
                4.912182048912248,
                49.790105312186746
              ],
              [
                4.890474553600115,
                49.79471418546201
              ],
              [
                4.882177466503034,
                49.79595975160054
              ],
              [
                4.87619584557258,
                49.79359314854578
              ],
              [
                4.871661390996268,
                49.79309490158671
              ],
              [
                4.869731835857411,
                49.7940291104301
              ],
              [
                4.869183982675648,
                49.79859166919036
              ],
              [
                4.877622128425905,
                49.81435564686782
              ],
              [
                4.880286806031251,
                49.819800191621276
              ],
              [
                4.880286806031251,
                49.82896856653864
              ],
              [
                4.874069224952112,
                49.84357707278985
              ],
              [
                4.861189949859613,
                49.85904009288979
              ],
              [
                4.863854627464957,
                49.865910958304724
              ],
              [
                4.877622128425905,
                49.88079448125327
              ],
              [
                4.883839709505043,
                49.891668001188116
              ],
              [
                4.891833742321078,
                49.90053669022059
              ],
              [
                4.891833742321078,
                49.90940374931076
              ],
              [
                4.88783672591306,
                49.91712534377382
              ],
              [
                4.879398580162802,
                49.92656116916271
              ],
              [
                4.86547465586667,
                49.93679217788217
              ],
              [
                4.809639155783292,
                49.95972766189868
              ],
              [
                4.819330716455702,
                50.000151928553976
              ],
              [
                4.764275711698917,
                50.00644812571225
              ],
              [
                4.734786150155141,
                50.02836464875447
              ],
              [
                4.661716834263433,
                49.99378652063218
              ],
              [
                4.643930955136378,
                50.00374689521748
              ],
              [
                4.622007301356074,
                49.98307542544204
              ],
              [
                4.554849954533338,
                49.965399960118646
              ],
              [
                4.530735809487142,
                49.95001401611224
              ],
              [
                4.523722217347893,
                49.947058057798884
              ],
              [
                4.515563494861476,
                49.9453552930526
              ],
              [
                4.508948314467084,
                49.9453552930526
              ],
              [
                4.494183263212533,
                49.94228720770101
              ],
              [
                4.48262419521674,
                49.93996786394628
              ],
              [
                4.467698777837529,
                49.938555218579204
              ],
              [
                4.454529291914694,
                49.9388377509661
              ],
              [
                4.446627600360994,
                49.941097950418666
              ],
              [
                4.435214045894537,
                49.94533553860828
              ],
              [
                4.423361508563987,
                49.94759543322735
              ],
              [
                4.407119142592491,
                49.94759543322735
              ],
              [
                4.394388639533752,
                49.949290284611855
              ],
              [
                4.385608982251866,
                49.95239735725447
              ],
              [
                4.382430556566392,
                49.95186114562123
              ],
              [
                4.37508491794975,
                49.95132098126688
              ],
              [
                4.364801023886454,
                49.95280641866291
              ],
              [
                4.357665260658859,
                49.954696909083616
              ],
              [
                4.34885049431889,
                49.95901775135737
              ],
              [
                4.342179444497675,
                49.96377543611699
              ],
              [
                4.334213839252447,
                49.96600030082329
              ],
              [
                4.326038612816554,
                49.96714640311585
              ],
              [
                4.317653765189998,
                49.96768573592845
              ],
              [
                4.311469940065413,
                49.96761831965736
              ],
              [
                4.30654384208481,
                49.96734865362877
              ],
              [
                4.298368615648918,
                49.96680935669898
              ],
              [
                4.279817140275162,
                49.964786751004056
              ],
              [
                4.265982141691343,
                49.96364059252675
              ],
              [
                4.257073241088127,
                49.96330348189866
              ],
              [
                4.247912250888247,
                49.96201272461099
              ],
              [
                4.235388350828833,
                49.96024419992788
              ],
              [
                4.223891428794806,
                49.95956108571563
              ],
              [
                4.220855309730466,
                49.959697698458264
              ],
              [
                4.21791230868889,
                49.96000279425679
              ],
              [
                4.215079457568708,
                49.96049691888872
              ],
              [
                4.212373788268529,
                49.96120061813159
              ],
              [
                4.209812332686969,
                49.96213443776291
              ],
              [
                4.20741212272265,
                49.9633189235602
              ],
              [
                4.205190190274184,
                49.96477462130099
              ],
              [
                4.203163567240189,
                49.96652207676279
              ],
              [
                4.201349285519283,
                49.96858183572313
              ],
              [
                4.199764377010085,
                49.97097444395953
              ],
              [
                4.19976437701008,
                49.97097444395953
              ],
              [
                4.19708772728581,
                49.973922120237155
              ],
              [
                4.193782361176039,
                49.97593601316371
              ],
              [
                4.189991517885154,
                49.977186447141335
              ],
              [
                4.185858436617547,
                49.977843746572155
              ],
              [
                4.181526356577606,
                49.978078235858305
              ],
              [
                4.177138516969721,
                49.97806023940193
              ],
              [
                4.172838156998285,
                49.97796008160513
              ],
              [
                4.168768515867685,
                49.97794808687008
              ],
              [
                4.165072832782315,
                49.97819457959888
              ],
              [
                4.161894346946559,
                49.97886988419368
              ],
              [
                4.16189434694655,
                49.97886988419368
              ],
              [
                4.161168799819769,
                49.979094698565405
              ],
              [
                4.160689110378196,
                49.9792383994088
              ],
              [
                4.160192831297955,
                49.97936694499094
              ],
              [
                4.159689620108332,
                49.97948934570694
              ],
              [
                4.159189134123578,
                49.97961461193014
              ],
              [
                4.158701030787209,
                49.97975175406331
              ],
              [
                4.158234967520902,
                49.97990978240736
              ],
              [
                4.157800601703516,
                49.980097707379784
              ],
              [
                4.157407590713884,
                49.980324539356225
              ],
              [
                4.157065592059789,
                49.980599288668465
              ],
              [
                4.156784262969662,
                49.98093096571669
              ],
              [
                4.156825936967095,
                49.980975387714054
              ],
              [
                4.1568656737017,
                49.98101943316087
              ],
              [
                4.156903957499946,
                49.98106319208891
              ],
              [
                4.156941272645327,
                49.98110675455036
              ],
              [
                4.156978103442687,
                49.98115021054871
              ],
              [
                4.157014934261598,
                49.9811936501078
              ],
              [
                4.157052249234822,
                49.98123716333418
              ],
              [
                4.157090532860988,
                49.981280840237275
              ],
              [
                4.157130269337458,
                49.98132477079846
              ],
              [
                4.157171943119758,
                49.98136904513717
              ],
              [
                4.159934440604214,
                49.98430862532001
              ],
              [
                4.162443484822674,
                49.98720728490113
              ],
              [
                4.16455083840416,
                49.990066760448386
              ],
              [
                4.166108263934615,
                49.992888788753355
              ],
              [
                4.166967524064536,
                49.995675106513026
              ],
              [
                4.166980381551973,
                49.99842745042556
              ],
              [
                4.165998598918291,
                50.00114755715458
              ],
              [
                4.163873938727908,
                50.00383716345127
              ],
              [
                4.160458163760476,
                50.00649800602057
              ],
              [
                4.155603036472808,
                50.00913182154523
              ],
              [
                4.153321411784454,
                50.012823204347114
              ],
              [
                4.152460786814679,
                50.01662380552486
              ],
              [
                4.152835541173043,
                50.020471376549125
              ],
              [
                4.15426005451193,
                50.024303668930784
              ],
              [
                4.156548706333294,
                50.02805843420884
              ],
              [
                4.159515876440403,
                50.03167342382918
              ],
              [
                4.162975944292032,
                50.0350863892802
              ],
              [
                4.166743289519218,
                50.0382350821029
              ],
              [
                4.17063229177452,
                50.04105725374142
              ],
              [
                4.174457330559816,
                50.0434906557089
              ],
              [
                4.180861394982999,
                50.04270122736799
              ],
              [
                4.186260254565835,
                50.04298424889289
              ],
              [
                4.190847684381436,
                50.04414870337667
              ],
              [
                4.194817459029364,
                50.046003573969784
              ],
              [
                4.198363353561154,
                50.04835784380526
              ],
              [
                4.201679142683949,
                50.05102049598346
              ],
              [
                4.204958601255548,
                50.05380051365353
              ],
              [
                4.208395504176879,
                50.056506879892275
              ],
              [
                4.212183626176637,
                50.05894857786496
              ],
              [
                4.216516742220176,
                50.060934590679146
              ],
              [
                4.222308399403328,
                50.06143271085871
              ],
              [
                4.227305791441005,
                50.06273439128831
              ],
              [
                4.23142546642967,
                50.06470191145835
              ],
              [
                4.234583972444132,
                50.06719755076375
              ],
              [
                4.236697857774463,
                50.070083588679694
              ],
              [
                4.237683670431121,
                50.073222304684776
              ],
              [
                4.237457958661048,
                50.07647597821577
              ],
              [
                4.235937270367129,
                50.079706888767916
              ],
              [
                4.233038154075961,
                50.08277731571639
              ],
              [
                4.228677157604348,
                50.08554953858518
              ],
              [
                4.224197212830478,
                50.08875819255166
              ],
              [
                4.220139313592419,
                50.09214482739857
              ],
              [
                4.216570813688445,
                50.09569574322547
              ],
              [
                4.213559067346993,
                50.09939724007946
              ],
              [
                4.211171428280152,
                50.10323561814353
              ],
              [
                4.209475250608934,
                50.10719717745846
              ],
              [
                4.208537888195985,
                50.11126821813711
              ],
              [
                4.208426695140762,
                50.11543504024348
              ],
              [
                4.209209025413543,
                50.11968394392253
              ],
              [
                4.210952232941577,
                50.1240012292706
              ],
              [
                4.210705096701337,
                50.128065728900914
              ],
              [
                4.208556222081221,
                50.131285428106864
              ],
              [
                4.204881007759516,
                50.133693877068524
              ],
              [
                4.200054852651244,
                50.13532462589267
              ],
              [
                4.194453155305766,
                50.13621122478231
              ],
              [
                4.188451314551949,
                50.13638722379642
              ],
              [
                4.182424729111181,
                50.13588617308775
              ],
              [
                4.17674879794159,
                50.134741622795026
              ],
              [
                4.171798919463301,
                50.13298712307771
              ],
              [
                4.167950492655866,
                50.13065622407757
              ],
              [
                4.160645645041987,
                50.12991411654667
              ],
              [
                4.155396097801252,
                50.13028267182198
              ],
              [
                4.151893958861718,
                50.13159947778394
              ],
              [
                4.149831336151389,
                50.13370212240583
              ],
              [
                4.148900337641398,
                50.13642819347671
              ],
              [
                4.148793071173722,
                50.1396152790101
              ],
              [
                4.149201644783919,
                50.143100966860814
              ],
              [
                4.149818166270966,
                50.14672284491583
              ],
              [
                4.150334743734946,
                50.150318501173125
              ],
              [
                4.150443484888861,
                50.15372552341226
              ],
              [
                4.155976264212024,
                50.15534129247901
              ],
              [
                4.15986245153089,
                50.15752470636885
              ],
              [
                4.16241963254591,
                50.16018324088752
              ],
              [
                4.163965393409296,
                50.163224371787436
              ],
              [
                4.164817319907706,
                50.16655557485241
              ],
              [
                4.165292997870666,
                50.170084325878776
              ],
              [
                4.165710013278311,
                50.17371810071102
              ],
              [
                4.166385951831217,
                50.177364375019906
              ],
              [
                4.167638399638624,
                50.18093062467541
              ],
              [
                4.169784942487057,
                50.18432432543762
              ],
              [
                4.172221324764223,
                50.18728838982099
              ],
              [
                4.172970731551376,
                50.190662313127596
              ],
              [
                4.172547674336206,
                50.19428754516655
              ],
              [
                4.17146666475714,
                50.19800553575574
              ],
              [
                4.170242214258993,
                50.201657734753496
              ],
              [
                4.16938883439401,
                50.205085591952205
              ],
              [
                4.169421036649909,
                50.20813055718501
              ],
              [
                4.170853332622189,
                50.21063408028724
              ],
              [
                4.174200233776913,
                50.212437611086614
              ],
              [
                4.179976251666556,
                50.21338259935878
              ],
              [
                4.183184347629018,
                50.21683236128605
              ],
              [
                4.186321128827657,
                50.22042498513384
              ],
              [
                4.189488452302997,
                50.22406875554991
              ],
              [
                4.192788175288994,
                50.227671957256845
              ],
              [
                4.196322154998358,
                50.23114287487848
              ],
              [
                4.200192248471409,
                50.234389793094245
              ],
              [
                4.204500312877806,
                50.23732099665036
              ],
              [
                4.209348205279523,
                50.23984477015785
              ],
              [
                4.214837782932143,
                50.241869398308566
              ],
              [
                4.221070902854616,
                50.24330316582762
              ],
              [
                4.227096793139664,
                50.24693327285115
              ],
              [
                4.230176697743522,
                50.25095421001148
              ],
              [
                4.230693283662205,
                50.25517892349137
              ],
              [
                4.22902921787,
                50.25942035951405
              ],
              [
                4.225567167276688,
                50.26349146422324
              ],
              [
                4.220689798813579,
                50.267205183868164
              ],
              [
                4.214779779498034,
                50.27037446455272
              ],
              [
                4.20821977628289,
                50.27281225252925
              ],
              [
                4.201392455991775,
                50.274331493931825
              ],
              [
                4.194680485642253,
                50.27474513501468
              ],
              [
                4.192162868352819,
                50.27888342230979
              ],
              [
                4.188756639540909,
                50.281682548551856
              ],
              [
                4.184848167181229,
                50.28324995231272
              ],
              [
                4.180823819162282,
                50.28369307203361
              ],
              [
                4.300086182308474,
                50.458989989044355
              ],
              [
                4.299984471431107,
                50.45930311153444
              ],
              [
                4.511250929322207,
                50.41316711978699
              ],
              [
                4.525337539542027,
                50.45546670828587
              ],
              [
                4.569609742992257,
                50.44521573307867
              ],
              [
                4.563572624363238,
                50.37468014700058
              ],
              [
                4.448867369871056,
                50.37339670981196
              ],
              [
                4.442830251270535,
                50.323315574365786
              ],
              [
                4.362335335875383,
                50.323315574365786
              ],
              [
                4.348248725627117,
                50.29118449837361
              ],
              [
                4.416669403735783,
                50.287327310295645
              ],
              [
                4.396545674858472,
                50.259031710617094
              ],
              [
                4.485090081815928,
                50.26031823905157
              ],
              [
                4.442830251270535,
                50.302754186673546
              ],
              [
                4.479052963158462,
                50.29375578337374
              ],
              [
                4.511250929322207,
                50.32588512263434
              ],
              [
                4.569609742992257,
                50.329739184560935
              ],
              [
                4.569609742992257,
                50.284755677903604
              ],
              [
                4.611869573623142,
                50.31560609597777
              ],
              [
                4.623943810938125,
                50.40931982842806
              ],
              [
                4.579671607487895,
                50.44649722645744
              ],
              [
                4.581683980392707,
                50.46699640074276
              ],
              [
                4.607844827841966,
                50.45931025141787
              ],
              [
                4.625956183785942,
                50.424707119521564
              ],
              [
                4.724562455210537,
                50.41829635565204
              ],
              [
                4.634005675376742,
                50.296326929421184
              ],
              [
                4.68029025173181,
                50.29118449837361
              ],
              [
                4.672240760169506,
                50.24487760458284
              ],
              [
                4.634005675376742,
                50.24616451524849
              ],
              [
                4.623943810938125,
                50.22428230804518
              ],
              [
                4.851341946989255,
                50.15986465719392
              ],
              [
                4.925799743726941,
                50.168888360105726
              ],
              [
                4.9640348285767,
                50.22428230804518
              ],
              [
                4.931836862441402,
                50.2320065868001
              ],
              [
                4.853354319894092,
                50.18435360180621
              ],
              [
                4.841280082550663,
                50.1920843454299
              ],
              [
                4.907688387754493,
                50.29247015823381
              ],
              [
                4.955985337071342,
                50.268036680017346
              ],
              [
                4.9640348285767,
                50.29118449837361
              ],
              [
                4.941898726851547,
                50.323315574365786
              ],
              [
                4.970071947234167,
                50.32074588716234
              ],
              [
                5.002269913397911,
                50.284755677903604
              ],
              [
                5.062641099972773,
                50.2834698095701
              ],
              [
                5.060628727124931,
                50.29247015823381
              ],
              [
                5.026418388056348,
                50.30918057552268
              ],
              [
                5.070690591535077,
                50.32716984468581
              ],
              [
                5.108925676356338,
                50.313035992010114
              ],
              [
                5.131061778081441,
                50.31817606103987
              ],
              [
                5.131061778081441,
                50.36954618988869
              ],
              [
                5.092826693260204,
                50.37339670981196
              ],
              [
                5.084777201726399,
                50.35414098519209
              ],
              [
                5.052579235534131,
                50.349004805804014
              ],
              [
                5.040504998219173,
                50.37468014700058
              ],
              [
                5.048554489752979,
                50.3887956648135
              ],
              [
                5.068678218687235,
                50.38366323531334
              ],
              [
                5.205519574876122,
                50.42598916815354
              ],
              [
                5.229668049477539,
                50.42342503617235
              ],
              [
                5.237717541039842,
                50.42727118209588
              ],
              [
                5.199482456190083,
                50.474681300975256
              ],
              [
                5.219606185067393,
                50.51948499291493
              ],
              [
                5.110938049232627,
                50.4951682618232
              ],
              [
                5.084777201726399,
                50.52076447397591
              ],
              [
                5.050566862657816,
                50.524602709118675
              ],
              [
                5.05660398134378,
                50.55785433816863
              ],
              [
                5.090814320383864,
                50.55785433816863
              ],
              [
                5.082764828821561,
                50.62428727702869
              ],
              [
                5.052579235534131,
                50.640880865830745
              ],
              [
                5.072702964382918,
                50.662571336838646
              ],
              [
                5.100876184765512,
                50.631946584318165
              ],
              [
                5.173321608683828,
                50.637052095997795
              ],
              [
                5.179358727341345,
                50.66002003651054
              ],
              [
                5.151185506901731,
                50.668948981209866
              ],
              [
                5.12099991367127,
                50.65619282615685
              ],
              [
                5.112950422108967,
                50.68170167125656
              ],
              [
                5.155210252711354,
                50.68042655815705
              ],
              [
                5.137098896767404,
                50.70464778247625
              ],
              [
                5.072702964382918,
                50.70847104308345
              ],
              [
                5.05017942069801,
                50.72388518165132
              ],
              [
                5.048240247591835,
                50.72467475849989
              ],
              [
                5.048389428138163,
                50.724653993254634
              ],
              [
                5.050178025607722,
                50.723899141994664
              ],
              [
                5.069852597876944,
                50.737484604056775
              ],
              [
                5.075218390311678,
                50.73937116219394
              ],
              [
                5.07581458946818,
                50.744275857669834
              ],
              [
                5.078199386120272,
                50.74465312065671
              ],
              [
                5.087142373520052,
                50.745030380612036
              ],
              [
                5.090719568485175,
                50.74842558336465
              ],
              [
                5.100854954172136,
                50.74540763751939
              ],
              [
                5.100258755041459,
                50.75219774210476
              ],
              [
                5.090123369302745,
                50.7578554102889
              ],
              [
                5.084757576868012,
                50.76049542139316
              ],
              [
                5.082968979398427,
                50.76238105243017
              ],
              [
                5.083565178554929,
                50.7661520865519
              ],
              [
                5.082968979398427,
                50.768037489646794
              ],
              [
                5.079987983589832,
                50.769922816760406
              ],
              [
                5.079987983589832,
                50.77256214705796
              ],
              [
                5.082968979398427,
                50.77444729181225
              ],
              [
                5.091315767641653,
                50.77708636683872
              ],
              [
                5.091315767641653,
                50.781233183841366
              ],
              [
                5.085949975181093,
                50.791787058823076
              ],
              [
                5.090123369302745,
                50.79743994041325
              ],
              [
                5.101451153354566,
                50.80346892718959
              ],
              [
                5.103239750824176,
                50.810627338704705
              ],
              [
                5.109797941571967,
                50.8151478755884
              ],
              [
                5.105624547476218,
                50.82305776238022
              ],
              [
                5.116356132345634,
                50.82531748394554
              ],
              [
                5.119933327310731,
                50.83209599244701
              ],
              [
                5.120529526467235,
                50.83510834696181
              ],
              [
                5.124702920588886,
                50.840379499526634
              ],
              [
                5.137819302084466,
                50.852425612568894
              ],
              [
                5.144377492858108,
                50.85844750269385
              ],
              [
                5.143781293701605,
                50.862963410028534
              ],
              [
                5.138415501266871,
                50.86371601872594
              ],
              [
                5.126491518058496,
                50.86672633205416
              ],
              [
                5.116952331502162,
                50.869360196755196
              ],
              [
                5.114567534875973,
                50.8727463755754
              ],
              [
                5.114567534875973,
                50.87914181994621
              ],
              [
                5.119933327310731,
                50.883279580986404
              ],
              [
                5.125299119745465,
                50.892306147838006
              ],
              [
                5.127683916371578,
                50.90245894489948
              ],
              [
                5.131261111336701,
                50.90809843126403
              ],
              [
                5.132453509649758,
                50.911105877993194
              ],
              [
                5.131857310493204,
                50.91524079997433
              ],
              [
                5.130664912180148,
                50.920502896640386
              ],
              [
                5.130068713023619,
                50.92614019705059
              ],
              [
                5.127087717215025,
                50.92952224942689
              ],
              [
                5.122318123936845,
                50.93327979701474
              ],
              [
                5.121721924780342,
                50.94079398149479
              ],
              [
                5.116952331502162,
                50.94567755030819
              ],
              [
                5.112741788041617,
                50.96041767878246
              ],
              [
                5.130957872233895,
                50.96302522616223
              ],
              [
                5.150829964054093,
                50.9687613152623
              ],
              [
                5.157453994669435,
                50.97032558027576
              ],
              [
                5.155797987015586,
                50.97762478712151
              ],
              [
                5.14254992581073,
                50.98440159481533
              ],
              [
                5.132613879887743,
                50.98752901860134
              ],
              [
                5.132613879887743,
                50.98335907340563
              ],
              [
                5.130957872233895,
                50.980231368674076
              ],
              [
                5.114397795695465,
                50.97397532710428
              ],
              [
                5.111085780387795,
                50.9687613152623
              ],
              [
                5.109429772733896,
                50.96615408983583
              ],
              [
                5.097009715356027,
                50.96615408983583
              ],
              [
                5.091213688567546,
                50.96980416445811
              ],
              [
                5.078793631163749,
                50.97084699024002
              ],
              [
                5.07962163499066,
                50.98335907340563
              ],
              [
                5.07962163499066,
                50.988050235414434
              ],
              [
                5.090385684740609,
                50.98961385073762
              ],
              [
                5.101977738291618,
                50.99743113725491
              ],
              [
                5.106945761279014,
                51.00159981832096
              ],
              [
                5.114397795695465,
                51.00159981832096
              ],
              [
                5.117709811003136,
                51.00420505379343
              ],
              [
                5.117709811003136,
                51.01358269014655
              ],
              [
                5.116053803349288,
                51.020875096549105
              ],
              [
                5.12019382248387,
                51.02452086968328
              ],
              [
                5.122677833964655,
                51.02452086968328
              ],
              [
                5.125161845445414,
                51.01879166888816
              ],
              [
                5.140893918131005,
                51.02139593883616
              ],
              [
                5.14668994491946,
                51.02295843058998
              ],
              [
                5.151657967880979,
                51.02764558989097
              ],
              [
                5.12019382248387,
                51.045868926521074
              ],
              [
                5.108601768906984,
                51.037539147619256
              ],
              [
                5.103633745971369,
                51.03441509441238
              ],
              [
                5.095353707702128,
                51.03024936249573
              ],
              [
                5.07962163499066,
                51.02712481780909
              ],
              [
                5.072997604375294,
                51.025562466481865
              ],
              [
                5.060577546971497,
                51.01879166888816
              ],
              [
                5.048157489593551,
                51.01879166888816
              ],
              [
                5.048157489593551,
                51.02347924946405
              ],
              [
                5.035737432189729,
                51.025041671004054
              ],
              [
                5.024145378638695,
                51.02295843058998
              ],
              [
                5.01503733654262,
                51.02920787099836
              ],
              [
                5.007585302100291,
                51.03233227525601
              ],
              [
                5.003445282965709,
                51.03805980268622
              ],
              [
                4.988980582791311,
                51.035645891085075
              ],
              [
                5.019649530897098,
                51.07390114577386
              ],
              [
                5.100487915572185,
                51.08621276119247
              ],
              [
                5.102918449709145,
                51.0882805262221
              ],
              [
                5.442611398020359,
                51.16962172474356
              ],
              [
                6.217706981983409,
                50.586258264660984
              ],
              [
                6.179864137000038,
                50.56299538400003
              ],
              [
                6.178081539000061,
                50.54306165600008
              ],
              [
                6.222646488000066,
                50.49681922900004
              ],
              [
                6.252237614000023,
                50.504982949000066
              ]
            ],
            [
              [
                4.952319782964093,
                50.09778664813977
              ],
              [
                4.954332155849574,
                50.02673478133137
              ],
              [
                4.996591986444685,
                50.039661130573855
              ],
              [
                5.010678596643056,
                50.09133173594521
              ],
              [
                4.982505376246315,
                50.10940329886178
              ],
              [
                4.952319782964093,
                50.09778664813977
              ]
            ],
            [
              [
                4.610216392432243,
                50.153263001914326
              ],
              [
                4.642414358599947,
                50.12359760182685
              ],
              [
                4.670587578996686,
                50.12488778434308
              ],
              [
                4.678637070538612,
                50.150684132117995
              ],
              [
                4.654488595912835,
                50.16099877684218
              ],
              [
                4.610216392432243,
                50.153263001914326
              ]
            ],
            [
              [
                4.465325544677576,
                50.21125080780812
              ],
              [
                4.529721477012984,
                50.21253862621544
              ],
              [
                4.507585375272689,
                50.2357134144749
              ],
              [
                4.459288426021132,
                50.22670233483425
              ],
              [
                4.465325544677576,
                50.21125080780812
              ]
            ],
            [
              [
                4.366719273288984,
                50.25115701798498
              ],
              [
                4.366719273288984,
                50.27045448600437
              ],
              [
                4.34659554443417,
                50.25887694332827
              ],
              [
                4.366719273288984,
                50.25115701798498
              ]
            ],
            [
              [
                5.060987918780092,
                50.13004816665241
              ],
              [
                5.056963173009129,
                50.157131045837595
              ],
              [
                5.022752833955944,
                50.18806413279784
              ],
              [
                4.978480630475353,
                50.157131045837595
              ],
              [
                4.944270291422167,
                50.14810512324097
              ],
              [
                4.944270291422167,
                50.12617793208347
              ],
              [
                5.060987918780092,
                50.13004816665241
              ]
            ],
            [
              [
                5.060987918780092,
                50.262736436924314
              ],
              [
                5.14148283419935,
                50.21897719691119
              ],
              [
                5.139470461313869,
                50.24729658622208
              ],
              [
                5.093185884947796,
                50.27174070591398
              ],
              [
                5.069037410322019,
                50.27045448600437
              ],
              [
                5.060987918780092,
                50.262736436924314
              ]
            ],
            [
              [
                5.177705546138017,
                50.29488672348983
              ],
              [
                5.205878766534759,
                50.2807432724893
              ],
              [
                5.223990122504092,
                50.288458403217966
              ],
              [
                5.223990122504092,
                50.31031114894446
              ],
              [
                5.201854020763796,
                50.32316101601659
              ],
              [
                5.177705546138017,
                50.29488672348983
              ]
            ],
            [
              [
                5.20990351230572,
                50.562814114988726
              ],
              [
                5.213928258076685,
                50.576873575058485
              ],
              [
                5.199841647878313,
                50.592206383097924
              ],
              [
                5.201854020763796,
                50.61008834948851
              ],
              [
                5.159594190168685,
                50.589651261792014
              ],
              [
                5.175693173252537,
                50.565370692524986
              ],
              [
                5.20990351230572,
                50.562814114988726
              ]
            ],
            [
              [
                5.105260122260685,
                50.589651261792014
              ],
              [
                5.129408596886463,
                50.590928839779444
              ],
              [
                5.139470461313869,
                50.61774996945988
              ],
              [
                5.117334359573573,
                50.61902678480118
              ],
              [
                5.103247749375204,
                50.59348389174775
              ],
              [
                5.105260122260685,
                50.589651261792014
              ]
            ],
            [
              [
                5.362843851602314,
                50.69557228451793
              ],
              [
                5.326621139663645,
                50.71596335165622
              ],
              [
                5.324608766778165,
                50.689198257303715
              ],
              [
                5.362843851602314,
                50.69557228451793
              ]
            ]
          ],
          [
            [
              [
                4.730533869698126,
                50.340206447551836
              ],
              [
                4.785269230250364,
                50.31691165412845
              ],
              [
                4.758509720647046,
                50.304483094777765
              ],
              [
                4.718370456242074,
                50.31613496434099
              ],
              [
                4.730533869698126,
                50.340206447551836
              ]
            ]
          ],
          [
            [
              [
                4.933662874414207,
                50.3572820388357
              ],
              [
                4.99447994169447,
                50.362713893869376
              ],
              [
                5.009076037841733,
                50.35184956219499
              ],
              [
                4.923932143649365,
                50.344864035953584
              ],
              [
                4.933662874414207,
                50.3572820388357
              ]
            ]
          ],
          [
            [
              [
                4.827841177346549,
                50.43404622769461
              ],
              [
                4.799865326397627,
                50.41854832952068
              ],
              [
                4.779187523522337,
                50.42319823153816
              ],
              [
                4.777971182176732,
                50.44489173869244
              ],
              [
                4.801081667743232,
                50.458832315747664
              ],
              [
                4.827841177346549,
                50.458832315747664
              ],
              [
                4.827841177346549,
                50.43404622769461
              ]
            ]
          ],
          [
            [
              [
                5.039502939524303,
                50.56570765515059
              ],
              [
                4.999385937704953,
                50.56224700489157
              ],
              [
                4.982546702373375,
                50.58898178804176
              ],
              [
                5.015729901409133,
                50.62261459141045
              ],
              [
                5.04891310044489,
                50.626699182137166
              ],
              [
                5.056342174855882,
                50.6075299519075
              ],
              [
                5.034054951622909,
                50.5883529086304
              ],
              [
                5.039502939524303,
                50.56570765515059
              ]
            ]
          ]
        ]
      }
    },
    {
      "type": "Feature",
      "properties": {
        "diocese": "Monasterien",
        "province": "Colonien",
        "start": 1592,
        "end": 1648
      },
      "geometry": {
        "coordinates": [
          [
            [
              [
                7.5587005060000365,
                52.37282474300008
              ],
              [
                7.453170707000027,
                52.36789078000004
              ],
              [
                7.297846213000071,
                52.47069380100004
              ],
              [
                7.292498419000026,
                52.50018420100008
              ],
              [
                7.236509988000023,
                52.54884229900006
              ],
              [
                7.125394715000027,
                52.540892460000066
              ],
              [
                7.121354160000067,
                52.59730514800003
              ],
              [
                7.0650240650000455,
                52.61917171400006
              ],
              [
                7.081067446000077,
                52.53120616400008
              ],
              [
                7.005485293000049,
                52.50083228500006
              ],
              [
                6.999117457000068,
                52.45557607900008
              ],
              [
                7.071015574000057,
                52.37910857900005
              ],
              [
                7.071609774000024,
                52.349355564000064
              ],
              [
                7.030015821000063,
                52.28470078000004
              ],
              [
                7.062696784000025,
                52.24033225900007
              ],
              [
                6.986639271000058,
                52.223955612000054
              ],
              [
                6.954552508000063,
                52.183898370000065
              ],
              [
                6.885031188000028,
                52.158753123000054
              ],
              [
                6.873147201000052,
                52.131040459000076
              ],
              [
                6.844625634000067,
                52.11936681000003
              ],
              [
                6.701423598000076,
                52.12301515400003
              ],
              [
                6.680626622000034,
                52.12775755500007
              ],
              [
                6.661958860000027,
                52.17146418200008
              ],
              [
                6.482807765000075,
                52.187313747000076
              ],
              [
                6.456068796000068,
                52.15560896800008
              ],
              [
                6.488452659000075,
                52.13500698000007
              ],
              [
                6.492314954000051,
                52.100162477000026
              ],
              [
                6.515785827000059,
                52.08263872300006
              ],
              [
                6.509546735000072,
                52.02801542200007
              ],
              [
                6.442699311000069,
                52.01814322300004
              ],
              [
                6.406156053000075,
                52.06857823800004
              ],
              [
                6.365156300000024,
                52.09304428200005
              ],
              [
                6.314055159000077,
                52.06967401900005
              ],
              [
                6.305884918000061,
                52.02737562300007
              ],
              [
                6.356391860000031,
                51.984579745000076
              ],
              [
                6.417594390000033,
                51.97762612400004
              ],
              [
                6.381942431000027,
                51.922324753000055
              ],
              [
                6.398580012000025,
                51.90216492400003
              ],
              [
                6.4520579500000395,
                51.904731223000056
              ],
              [
                6.457405744000027,
                51.875760195000055
              ],
              [
                6.393770959000051,
                51.876171054000054
              ],
              [
                6.3918695210000465,
                51.86114291000007
              ],
              [
                6.519246531000022,
                51.81594541700008
              ],
              [
                6.59447216500007,
                51.76125387400003
              ],
              [
                6.632976281000026,
                51.69655298500004
              ],
              [
                6.667915201000028,
                51.68483951800005
              ],
              [
                6.734584365000046,
                51.73035032700005
              ],
              [
                6.805888283000058,
                51.73631194200004
              ],
              [
                6.8575836240000285,
                51.72747963900008
              ],
              [
                6.870418329000074,
                51.67400739100003
              ],
              [
                7.00304361700006,
                51.66538404900007
              ],
              [
                7.1895033630000285,
                51.73410402800005
              ],
              [
                7.29360708400003,
                51.71842473700008
              ],
              [
                7.339954631000069,
                51.69854176300004
              ],
              [
                7.338885072000039,
                51.68594469200008
              ],
              [
                7.447742387000062,
                51.65768061700004
              ],
              [
                7.463191570000049,
                51.62744397500006
              ],
              [
                7.537466484000049,
                51.61102662400003
              ],
              [
                7.647393358000045,
                51.65712768900005
              ],
              [
                7.891312179000067,
                51.70373427100003
              ],
              [
                7.933797430000027,
                51.70336602800006
              ],
              [
                8.046398201000045,
                51.65565318000006
              ],
              [
                8.22049860200002,
                51.65786492500007
              ],
              [
                8.254665063000061,
                51.661919510000075
              ],
              [
                8.288831523000056,
                51.69692128300005
              ],
              [
                8.352113751000047,
                51.716804970000055
              ],
              [
                8.332090533000041,
                51.73730464600004
              ],
              [
                8.353957068000057,
                51.74907810700006
              ],
              [
                8.344449879000024,
                51.77438065900003
              ],
              [
                8.309273279000024,
                51.76261379400006
              ],
              [
                8.246525831000042,
                51.77849833700003
              ],
              [
                8.231314329000043,
                51.81260178900004
              ],
              [
                8.197088448000045,
                51.82846873700004
              ],
              [
                8.200891323000064,
                51.85548844600004
              ],
              [
                8.138143875000026,
                51.85783721900003
              ],
              [
                8.11722805900007,
                51.88894689500006
              ],
              [
                8.16001041000004,
                51.90420037800004
              ],
              [
                8.164764005000052,
                51.92824342600005
              ],
              [
                8.20726906300007,
                51.95000300700008
              ],
              [
                8.313927841000066,
                51.92729074600004
              ],
              [
                8.322543731000053,
                51.94341030900006
              ],
              [
                8.28956566900007,
                51.99027066300005
              ],
              [
                8.156227341000033,
                52.00475816200003
              ],
              [
                8.080169829000056,
                52.06967475000005
              ],
              [
                7.946118462000072,
                52.05915413900004
              ],
              [
                7.794954155000028,
                52.099761698000066
              ],
              [
                7.738386380000065,
                52.09421320400003
              ],
              [
                7.69893154500005,
                52.125159146000044
              ],
              [
                7.7141430480000395,
                52.14820866400004
              ],
              [
                7.697030108000035,
                52.15725015400005
              ],
              [
                7.704160499000068,
                52.18319777500005
              ],
              [
                7.6466420050000465,
                52.20476068200003
              ],
              [
                7.672786775000077,
                52.25105641500005
              ],
              [
                7.5981553410000515,
                52.33595181900006
              ],
              [
                7.668508540000062,
                52.36556872500006
              ],
              [
                7.672786775000077,
                52.392845168000065
              ],
              [
                7.605761092000023,
                52.418655209000065
              ],
              [
                7.5587005060000365,
                52.37282474300008
              ]
            ]
          ],
          [
            [
              [
                6.496404970000071,
                53.50687891000007
              ],
              [
                6.478578990000074,
                53.535705395000036
              ],
              [
                6.430805365000026,
                53.53061979300003
              ],
              [
                6.430805365000026,
                53.51366337700006
              ],
              [
                6.496404970000071,
                53.50687891000007
              ]
            ]
          ],
          [
            [
              [
                7.130473121000023,
                53.540423228000066
              ],
              [
                7.128693027000054,
                53.54063218300007
              ],
              [
                7.129477835000046,
                53.540153202000056
              ],
              [
                7.130473121000023,
                53.540423228000066
              ]
            ]
          ],
          [
            [
              [
                6.592665259000057,
                53.53951919500008
              ],
              [
                6.597656534000066,
                53.55477096100003
              ],
              [
                6.563430653000069,
                53.56281828900006
              ],
              [
                6.5206483020000405,
                53.55307659200008
              ],
              [
                6.515657028000021,
                53.53782421500006
              ],
              [
                6.592665259000057,
                53.53951919500008
              ]
            ]
          ],
          [
            [
              [
                7.130473121000023,
                53.540423228000066
              ],
              [
                7.142079815000045,
                53.54068323900003
              ],
              [
                7.097371246000023,
                53.51930268000007
              ],
              [
                7.034079160000033,
                53.53306123900006
              ],
              [
                7.049401112000055,
                53.50792374300005
              ],
              [
                7.025515034000023,
                53.48347641400005
              ],
              [
                6.999031405000039,
                53.35895201000005
              ],
              [
                7.025203228000066,
                53.336616753000044
              ],
              [
                7.068978877000063,
                53.33464515400004
              ],
              [
                7.182348664000074,
                53.363728594000065
              ],
              [
                7.2313297640000656,
                53.33116549600004
              ],
              [
                7.3204680970000595,
                53.32226633300007
              ],
              [
                7.246032681000031,
                53.319503757000064
              ],
              [
                7.2294532770000615,
                53.29373175100005
              ],
              [
                7.250087386000075,
                53.226072274000046
              ],
              [
                7.234400524000023,
                53.16840638600007
              ],
              [
                7.127444647000061,
                53.16071173900008
              ],
              [
                7.118888176000041,
                53.175244914000075
              ],
              [
                7.15667925300005,
                53.188918700000045
              ],
              [
                7.141705430000059,
                53.21070228800005
              ],
              [
                7.039027788000055,
                53.20984823800006
              ],
              [
                7.019062691000045,
                53.24357026300004
              ],
              [
                7.078006368000047,
                53.27000090700005
              ],
              [
                7.099789761000068,
                53.30728696500006
              ],
              [
                7.05134319900003,
                53.29915065200004
              ],
              [
                6.944093897000073,
                53.32353109300004
              ],
              [
                6.898099377000051,
                53.35040079300006
              ],
              [
                6.879275802000052,
                53.40452140100007
              ],
              [
                6.788751035000075,
                53.39520351700003
              ],
              [
                6.706038489000036,
                53.43217807000008
              ],
              [
                6.510665753000069,
                53.41008220200007
              ],
              [
                6.413601233000065,
                53.42231467200003
              ],
              [
                6.376614387000075,
                53.39988023600006
              ],
              [
                6.310590660000059,
                53.396493046000046
              ],
              [
                6.274649784000076,
                53.381170276000034
              ],
              [
                6.275362823000023,
                53.35479228300005
              ],
              [
                6.3259886050000205,
                53.327120394000076
              ],
              [
                6.3965794840000285,
                53.32243568300004
              ],
              [
                6.390162131000068,
                53.30710030300003
              ],
              [
                6.324562527000069,
                53.29943054700004
              ],
              [
                6.355223212000055,
                53.26959062100008
              ],
              [
                6.3202842920000535,
                53.271722735000026
              ],
              [
                6.262528118000034,
                53.31434269700003
              ],
              [
                6.208312462000038,
                53.312661364000064
              ],
              [
                6.214492135000057,
                53.283114881000074
              ],
              [
                6.088997239000037,
                53.22965204800005
              ],
              [
                6.1412867790000405,
                53.21086733100003
              ],
              [
                6.208787821000044,
                53.21200603400007
              ],
              [
                6.176938738000047,
                53.16586438400003
              ],
              [
                6.175512659000049,
                53.13450532600007
              ],
              [
                6.202132789000075,
                53.11596420800004
              ],
              [
                6.281042459000048,
                53.11739073100006
              ],
              [
                6.353772455000069,
                53.09370430600006
              ],
              [
                6.405705476000037,
                53.17797425100008
              ],
              [
                6.442545833000054,
                53.18723243100004
              ],
              [
                6.459658774000047,
                53.220260719000066
              ],
              [
                6.4418327940000495,
                53.24714857400005
              ],
              [
                6.450389264000023,
                53.25568086900006
              ],
              [
                6.485328184000025,
                53.24074823500007
              ],
              [
                6.53096269200006,
                53.26421146300004
              ],
              [
                6.55877122000004,
                53.249281807000045
              ],
              [
                6.612962198000048,
                53.25568086900006
              ],
              [
                6.72063111500006,
                53.17968360400005
              ],
              [
                6.785517680000055,
                53.189511061000076
              ],
              [
                6.77339601400007,
                53.15702914900004
              ],
              [
                6.781952484000044,
                53.12751769000005
              ],
              [
                6.878212774000076,
                53.05515032500006
              ],
              [
                6.940247183000054,
                53.028141996000045
              ],
              [
                7.028640274000054,
                53.01200037500007
              ],
              [
                7.03814746300003,
                53.089151023000056
              ],
              [
                7.192163926000035,
                53.107132972000045
              ],
              [
                7.35711365700007,
                53.09999817700003
              ],
              [
                7.417008949000035,
                53.04687814300007
              ],
              [
                7.457889862000059,
                53.03315910800006
              ],
              [
                7.582671719000075,
                53.07344635100003
              ],
              [
                7.600735378000024,
                53.153907881000066
              ],
              [
                7.590277470000046,
                53.19180381100006
              ],
              [
                7.666775052000048,
                53.176922008000076
              ],
              [
                7.758077809000042,
                53.184640340000044
              ],
              [
                7.7949181670000485,
                53.30482217200006
              ],
              [
                7.901874044000067,
                53.353084168000066
              ],
              [
                7.755701012000031,
                53.45793633900007
              ],
              [
                7.617846770000028,
                53.45652114000006
              ],
              [
                7.523963277000064,
                53.43741133600008
              ],
              [
                7.507325696000066,
                53.49259398400005
              ],
              [
                7.370659853000063,
                53.55123522800005
              ],
              [
                7.35877586600003,
                53.57241088900008
              ],
              [
                7.130473121000023,
                53.540423228000066
              ]
            ]
          ],
          [
            [
              [
                7.0005236720000426,
                53.58017835900006
              ],
              [
                7.0212018080000576,
                53.594992293000075
              ],
              [
                6.980558575000032,
                53.60176264800003
              ],
              [
                6.95417612500006,
                53.58568128400003
              ],
              [
                7.0005236720000426,
                53.58017835900006
              ]
            ]
          ],
          [
            [
              [
                6.72315143000003,
                53.56705310900003
              ],
              [
                6.780194564000055,
                53.61572307800003
              ],
              [
                6.699621137000065,
                53.628410373000065
              ],
              [
                6.630609712000023,
                53.597975559000076
              ],
              [
                6.6432910410000545,
                53.57848500800003
              ],
              [
                6.72315143000003,
                53.56705310900003
              ]
            ]
          ],
          [
            [
              [
                7.077531904000068,
                53.648279469000045
              ],
              [
                7.108192589000055,
                53.655463859000065
              ],
              [
                7.111757785000066,
                53.66222451900006
              ],
              [
                7.056853767000064,
                53.66222451900006
              ],
              [
                7.056853767000064,
                53.64870211400006
              ],
              [
                7.077531904000068,
                53.648279469000045
              ]
            ]
          ]
        ],
        "type": "MultiPolygon"
      }
    }
  ]
}