{
  "type": "FeatureCollection",
  "features": [
    {
      "type": "Feature",
      "properties": {
        "diocese": "Nivernen",
        "province": "Senonen",
        "start": 1592,
        "end": 1622
      },
      "geometry": {
        "type": "Polygon",
        "coordinates": [
          [
            [
              3.5174902926867326,
              47.3826955461163
            ],
            [
              3.5138543332573584,
              47.377679298034884
            ],
            [
              3.510218373827984,
              47.37266304995345
            ],
            [
              3.506582414398611,
              47.36764680187203
            ],
            [
              3.5029464549692375,
              47.3626305537906
            ],
            [
              3.4993104955398624,
              47.357614305709184
            ],
            [
              3.495674536110488,
              47.35259805762775
            ],
            [
              3.4920385766811166,
              47.347581809546334
            ],
            [
              3.4884026172517424,
              47.3425655614649
            ],
            [
              3.484766657822368,
              47.33754931338348
            ],
            [
              3.481130698392994,
              47.33253306530205
            ],
            [
              3.481130698392994,
              47.33253306530205
            ],
            [
              3.4785771412144464,
              47.32475891578803
            ],
            [
              3.4760235840358953,
              47.316984766274
            ],
            [
              3.4734700268573477,
              47.30921061675998
            ],
            [
              3.4709164696787993,
              47.30143646724595
            ],
            [
              3.468362912500251,
              47.29366231773193
            ],
            [
              3.4658093553217006,
              47.2858881682179
            ],
            [
              3.463255798143152,
              47.278114018703874
            ],
            [
              3.4607022409646038,
              47.27033986918985
            ],
            [
              3.4581486837860536,
              47.26256571967582
            ],
            [
              3.455595126607505,
              47.25479157016179
            ],
            [
              3.455595126607505,
              47.25479157016179
            ],
            [
              3.4525056401397554,
              47.251906581173586
            ],
            [
              3.449416153672009,
              47.24902159218538
            ],
            [
              3.4463266672042594,
              47.24613660319718
            ],
            [
              3.4432371807365105,
              47.243251614208965
            ],
            [
              3.4401476942687617,
              47.24036662522076
            ],
            [
              3.4370582078010137,
              47.23748163623255
            ],
            [
              3.433968721333264,
              47.234596647244345
            ],
            [
              3.430879234865515,
              47.23171165825614
            ],
            [
              3.427789748397769,
              47.228826669267924
            ],
            [
              3.424700261930019,
              47.225941680279725
            ],
            [
              3.424700261930019,
              47.225941680279725
            ],
            [
              3.4199827385737422,
              47.2249374315373
            ],
            [
              3.4152652152174636,
              47.22393318279487
            ],
            [
              3.410547691861184,
              47.222928934052455
            ],
            [
              3.4058301685049073,
              47.22192468531002
            ],
            [
              3.401112645148627,
              47.220920436567596
            ],
            [
              3.396395121792351,
              47.21991618782518
            ],
            [
              3.3916775984360705,
              47.218911939082744
            ],
            [
              3.386960075079792,
              47.21790769034032
            ],
            [
              3.382242551723516,
              47.21690344159789
            ],
            [
              3.3775250283672373,
              47.215899192855474
            ],
            [
              3.3775250283672373,
              47.215899192855474
            ],
            [
              3.370996686877676,
              47.215646531864266
            ],
            [
              3.364468345388118,
              47.21539387087305
            ],
            [
              3.3579400038985594,
              47.21514120988185
            ],
            [
              3.351411662409,
              47.21488854889064
            ],
            [
              3.344883320919442,
              47.21463588789943
            ],
            [
              3.338354979429884,
              47.214383226908225
            ],
            [
              3.3318266379403245,
              47.21413056591702
            ],
            [
              3.325298296450765,
              47.21387790492581
            ],
            [
              3.3187699549612053,
              47.2136252439346
            ],
            [
              3.3122416134716475,
              47.21337258294339
            ],
            [
              3.3122416134716475,
              47.21337258294339
            ],
            [
              3.3091524218557056,
              47.20986160623207
            ],
            [
              3.3060632302397654,
              47.20635062952074
            ],
            [
              3.3029740386238235,
              47.20283965280941
            ],
            [
              3.2998848470078816,
              47.199328676098084
            ],
            [
              3.2967956553919415,
              47.19581769938676
            ],
            [
              3.2937064637759996,
              47.19230672267543
            ],
            [
              3.2906172721600577,
              47.1887957459641
            ],
            [
              3.287528080544116,
              47.185284769252775
            ],
            [
              3.2844388889281766,
              47.18177379254145
            ],
            [
              3.2813496973122347,
              47.178262815830124
            ],
            [
              3.2813496973122347,
              47.178262815830124
            ],
            [
              3.2777177203607537,
              47.17612972018384
            ],
            [
              3.274085743409271,
              47.17399662453755
            ],
            [
              3.270453766457788,
              47.171863528891265
            ],
            [
              3.266821789506309,
              47.16973043324498
            ],
            [
              3.263189812554829,
              47.16759733759869
            ],
            [
              3.259557835603346,
              47.165464241952414
            ],
            [
              3.255925858651865,
              47.16333114630613
            ],
            [
              3.252293881700384,
              47.16119805065984
            ],
            [
              3.2486619047489005,
              47.159064955013555
            ],
            [
              3.2450299277974186,
              47.156931859367276
            ],
            [
              3.2450299277974186,
              47.156931859367276
            ],
            [
              3.2354168637424494,
              47.156303477961686
            ],
            [
              3.2258037996874784,
              47.1556750965561
            ],
            [
              3.2161907356325083,
              47.15504671515051
            ],
            [
              3.2065776715775374,
              47.15441833374493
            ],
            [
              3.1969646075225673,
              47.153789952339345
            ],
            [
              3.1873515434675963,
              47.15316157093376
            ],
            [
              3.1777384794126253,
              47.15253318952818
            ],
            [
              3.1681254153576552,
              47.15190480812259
            ],
            [
              3.158512351302685,
              47.151276426717004
            ],
            [
              3.148899287247716,
              47.150648045311414
            ],
            [
              3.148899287247716,
              47.150648045311414
            ],
            [
              3.1400087956105076,
              47.14813762022849
            ],
            [
              3.1311183039732975,
              47.14562719514555
            ],
            [
              3.122227812336089,
              47.14311677006261
            ],
            [
              3.1133373206988826,
              47.14060634497967
            ],
            [
              3.1044468290616742,
              47.138095919896735
            ],
            [
              3.095556337424466,
              47.135585494813796
            ],
            [
              3.0866658457872576,
              47.133075069730864
            ],
            [
              3.077775354150049,
              47.13056464464793
            ],
            [
              3.0688848625128426,
              47.128054219564994
            ],
            [
              3.0599943708756325,
              47.125543794482056
            ],
            [
              3.0599943708756325,
              47.125543794482056
            ],
            [
              3.053828034344711,
              47.12554225558419
            ],
            [
              3.0476616978137883,
              47.12554071668634
            ],
            [
              3.0414953612828657,
              47.12553917778848
            ],
            [
              3.035329024751942,
              47.12553763889063
            ],
            [
              3.0291626882210214,
              47.12553609999277
            ],
            [
              3.022996351690099,
              47.125534561094916
            ],
            [
              3.0168300151591763,
              47.12553302219706
            ],
            [
              3.010663678628255,
              47.125531483299206
            ],
            [
              3.004497342097332,
              47.12552994440134
            ],
            [
              2.9983310055664094,
              47.125528405503495
            ],
            [
              2.9983310055664094,
              47.125528405503495
            ],
            [
              2.9952825860254855,
              47.12953457590994
            ],
            [
              2.9922341664845598,
              47.133540746316406
            ],
            [
              2.989185746943636,
              47.137546916722876
            ],
            [
              2.98613732740271,
              47.141553087129324
            ],
            [
              2.983088907861786,
              47.145559257535794
            ],
            [
              2.9800404883208604,
              47.14956542794226
            ],
            [
              2.9769920687799343,
              47.153571598348705
            ],
            [
              2.973943649239013,
              47.157577768755175
            ],
            [
              2.9708952296980873,
              47.16158393916164
            ],
            [
              2.967846810157161,
              47.165590109568086
            ],
            [
              2.967846810157161,
              47.165590109568086
            ],
            [
              2.9652792546226103,
              47.164170858834154
            ],
            [
              2.962711699088057,
              47.16275160810023
            ],
            [
              2.9601441435535065,
              47.1613323573663
            ],
            [
              2.9575765880189553,
              47.15991310663236
            ],
            [
              2.955009032484402,
              47.15849385589842
            ],
            [
              2.952441476949853,
              47.15707460516449
            ],
            [
              2.9498739214153002,
              47.15565535443056
            ],
            [
              2.9473063658807486,
              47.15423610369662
            ],
            [
              2.944738810346196,
              47.15281685296269
            ],
            [
              2.942171254811645,
              47.151397602228755
            ],
            [
              2.942171254811645,
              47.151397602228755
            ],
            [
              2.9421637253497335,
              47.14749642431719
            ],
            [
              2.9421561958878217,
              47.143595246405624
            ],
            [
              2.94214866642591,
              47.13969406849405
            ],
            [
              2.9421411369639965,
              47.13579289058249
            ],
            [
              2.942133607502085,
              47.13189171267092
            ],
            [
              2.9421260780401735,
              47.12799053475936
            ],
            [
              2.9421185485782617,
              47.12408935684779
            ],
            [
              2.94211101911635,
              47.120188178936225
            ],
            [
              2.9421034896544382,
              47.116287001024666
            ],
            [
              2.942095960192527,
              47.112385823113094
            ],
            [
              2.942095960192527,
              47.112385823113094
            ],
            [
              2.941555135080311,
              47.09793359811305
            ],
            [
              2.941014309968094,
              47.08348137311302
            ],
            [
              2.9404734848558767,
              47.06902914811299
            ],
            [
              2.9399326597436626,
              47.05457692311295
            ],
            [
              2.939391834631446,
              47.040124698112905
            ],
            [
              2.938851009519228,
              47.02567247311287
            ],
            [
              2.9383101844070127,
              47.01122024811283
            ],
            [
              2.9377693592947955,
              46.99676802311279
            ],
            [
              2.9372285341825783,
              46.98231579811276
            ],
            [
              2.936687709070364,
              46.967863573112716
            ],
            [
              2.936687709070364,
              46.967863573112716
            ],
            [
              2.9406563233956713,
              46.96431804136318
            ],
            [
              2.944624937720978,
              46.960772509613626
            ],
            [
              2.9485935520462863,
              46.957226977864096
            ],
            [
              2.952562166371593,
              46.95368144611455
            ],
            [
              2.9565307806969017,
              46.950135914365006
            ],
            [
              2.9604993950222087,
              46.94659038261546
            ],
            [
              2.9644680093475153,
              46.943044850865924
            ],
            [
              2.968436623672824,
              46.939499319116386
            ],
            [
              2.9724052379981347,
              46.93595378736684
            ],
            [
              2.9763738523234413,
              46.9324082556173
            ],
            [
              2.9763738523234413,
              46.9324082556173
            ],
            [
              2.976749997070763,
              46.927976259191034
            ],
            [
              2.977126141818085,
              46.92354426276476
            ],
            [
              2.9775022865654086,
              46.919112266338495
            ],
            [
              2.9778784313127304,
              46.91468026991221
            ],
            [
              2.9782545760600514,
              46.91024827348594
            ],
            [
              2.9786307208073755,
              46.90581627705967
            ],
            [
              2.979006865554697,
              46.9013842806334
            ],
            [
              2.979383010302019,
              46.89695228420713
            ],
            [
              2.9797591550493423,
              46.89252028778086
            ],
            [
              2.980135299796664,
              46.88808829135459
            ],
            [
              2.980135299796664,
              46.88808829135459
            ],
            [
              2.9769111782553805,
              46.8786891977711
            ],
            [
              2.973687056714097,
              46.86929010418762
            ],
            [
              2.9704629351728147,
              46.85989101060413
            ],
            [
              2.967238813631531,
              46.85049191702064
            ],
            [
              2.9640146920902475,
              46.84109282343716
            ],
            [
              2.9607905705489617,
              46.83169372985367
            ],
            [
              2.9575664490076776,
              46.82229463627018
            ],
            [
              2.9543423274663962,
              46.8128955426867
            ],
            [
              2.951118205925112,
              46.80349644910321
            ],
            [
              2.947894084383828,
              46.794097355519725
            ],
            [
              2.947894084383828,
              46.794097355519725
            ],
            [
              2.9460861725641023,
              46.78762449329407
            ],
            [
              2.944278260744377,
              46.78115163106842
            ],
            [
              2.9424703489246493,
              46.77467876884277
            ],
            [
              2.9406624371049235,
              46.76820590661711
            ],
            [
              2.938854525285198,
              46.76173304439146
            ],
            [
              2.9370466134654705,
              46.75526018216581
            ],
            [
              2.935238701645747,
              46.74878731994016
            ],
            [
              2.9334307898260175,
              46.74231445771451
            ],
            [
              2.93162287800629,
              46.73584159548886
            ],
            [
              2.9298149661865662,
              46.72936873326321
            ],
            [
              2.9298149661865662,
              46.72936873326321
            ],
            [
              2.9325063054626628,
              46.72848277574935
            ],
            [
              2.9351976447387593,
              46.72759681823549
            ],
            [
              2.9378889840148594,
              46.726710860721646
            ],
            [
              2.940580323290956,
              46.725824903207794
            ],
            [
              2.9432716625670525,
              46.72493894569394
            ],
            [
              2.945963001843151,
              46.724052988180084
            ],
            [
              2.9486543411192474,
              46.72316703066623
            ],
            [
              2.951345680395346,
              46.72228107315238
            ],
            [
              2.9540370196714423,
              46.72139511563853
            ],
            [
              2.9567283589475406,
              46.72050915812468
            ],
            [
              2.9567283589475406,
              46.72050915812468
            ],
            [
              2.964037557292659,
              46.72104296302745
            ],
            [
              2.9713467556377777,
              46.72157676793023
            ],
            [
              2.978655953982898,
              46.72211057283301
            ],
            [
              2.985965152328018,
              46.72264437773579
            ],
            [
              2.9932743506731363,
              46.72317818263857
            ],
            [
              3.0005835490182546,
              46.72371198754134
            ],
            [
              3.007892747363375,
              46.72424579244413
            ],
            [
              3.0152019457084953,
              46.7247795973469
            ],
            [
              3.0225111440536154,
              46.72531340224969
            ],
            [
              3.029820342398732,
              46.72584720715246
            ],
            [
              3.029820342398732,
              46.72584720715246
            ],
            [
              3.035712438302873,
              46.72221348650148
            ],
            [
              3.041604534207013,
              46.71857976585051
            ],
            [
              3.047496630111153,
              46.714946045199525
            ],
            [
              3.053388726015292,
              46.711312324548544
            ],
            [
              3.059280821919429,
              46.70767860389756
            ],
            [
              3.06517291782357,
              46.70404488324658
            ],
            [
              3.07106501372771,
              46.70041116259561
            ],
            [
              3.076957109631851,
              46.696777441944626
            ],
            [
              3.08284920553599,
              46.693143721293644
            ],
            [
              3.0887413014401273,
              46.689510000642656
            ],
            [
              3.0887413014401273,
              46.689510000642656
            ],
            [
              3.0937402287236506,
              46.68826996516231
            ],
            [
              3.098739156007172,
              46.68702992968197
            ],
            [
              3.103738083290694,
              46.68578989420162
            ],
            [
              3.1087370105742163,
              46.684549858721276
            ],
            [
              3.1137359378577396,
              46.68330982324093
            ],
            [
              3.118734865141263,
              46.68206978776059
            ],
            [
              3.1237337924247837,
              46.68082975228024
            ],
            [
              3.128732719708307,
              46.679589716799896
            ],
            [
              3.1337316469918286,
              46.678349681319546
            ],
            [
              3.13873057427535,
              46.6771096458392
            ],
            [
              3.13873057427535,
              46.6771096458392
            ],
            [
              3.1424428937816775,
              46.67365270812282
            ],
            [
              3.1461552132879995,
              46.67019577040644
            ],
            [
              3.1498675327943286,
              46.666738832690065
            ],
            [
              3.153579852300655,
              46.66328189497369
            ],
            [
              3.1572921718069797,
              46.65982495725731
            ],
            [
              3.1610044913133035,
              46.65636801954093
            ],
            [
              3.164716810819629,
              46.652911081824556
            ],
            [
              3.1684291303259573,
              46.64945414410818
            ],
            [
              3.172141449832282,
              46.6459972063918
            ],
            [
              3.1758537693386075,
              46.64254026867541
            ],
            [
              3.1758537693386075,
              46.64254026867541
            ],
            [
              3.184053111011019,
              46.63837514851276
            ],
            [
              3.1922524526834324,
              46.6342100283501
            ],
            [
              3.200451794355844,
              46.63004490818744
            ],
            [
              3.208651136028259,
              46.62587978802478
            ],
            [
              3.216850477700668,
              46.62171466786212
            ],
            [
              3.2250498193730803,
              46.61754954769946
            ],
            [
              3.2332491610454945,
              46.6133844275368
            ],
            [
              3.241448502717905,
              46.60921930737415
            ],
            [
              3.2496478443903185,
              46.605054187211486
            ],
            [
              3.257847186062731,
              46.600889067048826
            ],
            [
              3.257847186062731,
              46.600889067048826
            ],
            [
              3.2611760206570524,
              46.602077772740394
            ],
            [
              3.2645048552513756,
              46.60326647843197
            ],
            [
              3.267833689845697,
              46.604455184123545
            ],
            [
              3.2711625244400193,
              46.605643889815106
            ],
            [
              3.2744913590343407,
              46.606832595506674
            ],
            [
              3.277820193628664,
              46.60802130119824
            ],
            [
              3.2811490282229863,
              46.60921000688982
            ],
            [
              3.2844778628173077,
              46.61039871258138
            ],
            [
              3.287806697411631,
              46.611587418272954
            ],
            [
              3.2911355320059523,
              46.61277612396453
            ],
            [
              3.2911355320059523,
              46.61277612396453
            ],
            [
              3.294761327077127,
              46.61252599708396
            ],
            [
              3.2983871221483034,
              46.61227587020338
            ],
            [
              3.3020129172194763,
              46.61202574332281
            ],
            [
              3.305638712290651,
              46.61177561644224
            ],
            [
              3.3092645073618283,
              46.61152548956167
            ],
            [
              3.312890302433004,
              46.6112753626811
            ],
            [
              3.3165160975041794,
              46.611025235800525
            ],
            [
              3.320141892575354,
              46.61077510891995
            ],
            [
              3.3237676876465287,
              46.61052498203937
            ],
            [
              3.327393482717705,
              46.610274855158806
            ],
            [
              3.327393482717705,
              46.610274855158806
            ],
            [
              3.3331979268823866,
              46.610903352589816
            ],
            [
              3.339002371047069,
              46.611531850020825
            ],
            [
              3.344806815211752,
              46.612160347451834
            ],
            [
              3.3506112593764343,
              46.61278884488285
            ],
            [
              3.3564157035411184,
              46.61341734231385
            ],
            [
              3.3622201477058,
              46.61404583974487
            ],
            [
              3.368024591870484,
              46.61467433717588
            ],
            [
              3.3738290360351653,
              46.61530283460688
            ],
            [
              3.3796334801998467,
              46.61593133203789
            ],
            [
              3.3854379243645307,
              46.6165598294689
            ],
            [
              3.3854379243645307,
              46.6165598294689
            ],
            [
              3.389971705449342,
              46.61605995849135
            ],
            [
              3.394505486534158,
              46.615560087513806
            ],
            [
              3.3990392676189702,
              46.61506021653626
            ],
            [
              3.4035730487037807,
              46.61456034555871
            ],
            [
              3.4081068297885957,
              46.614060474581166
            ],
            [
              3.412640610873409,
              46.61356060360362
            ],
            [
              3.417174391958221,
              46.61306073262607
            ],
            [
              3.4217081730430334,
              46.612560861648525
            ],
            [
              3.4262419541278466,
              46.61206099067097
            ],
            [
              3.4307757352126598,
              46.61156111969343
            ],
            [
              3.4307757352126598,
              46.61156111969343
            ],
            [
              3.434222947250906,
              46.612438999541226
            ],
            [
              3.4376701592891545,
              46.61331687938903
            ],
            [
              3.4411173713274006,
              46.614194759236824
            ],
            [
              3.4445645833656475,
              46.61507263908463
            ],
            [
              3.4480117954038936,
              46.61595051893243
            ],
            [
              3.4514590074421423,
              46.61682839878022
            ],
            [
              3.4549062194803892,
              46.61770627862803
            ],
            [
              3.4583534315186353,
              46.61858415847583
            ],
            [
              3.461800643556883,
              46.61946203832362
            ],
            [
              3.4652478555951283,
              46.620339918171425
            ],
            [
              3.4652478555951283,
              46.620339918171425
            ],
            [
              3.468510842916707,
              46.619463712950264
            ],
            [
              3.4717738302382846,
              46.618587507729096
            ],
            [
              3.475036817559863,
              46.617711302507935
            ],
            [
              3.47829980488144,
              46.616835097286774
            ],
            [
              3.481562792203016,
              46.615958892065606
            ],
            [
              3.4848257795245936,
              46.61508268684445
            ],
            [
              3.488088766846172,
              46.614206481623285
            ],
            [
              3.491351754167749,
              46.61333027640213
            ],
            [
              3.494614741489325,
              46.61245407118097
            ],
            [
              3.4978777288109035,
              46.6115778659598
            ],
            [
              3.4978777288109035,
              46.6115778659598
            ],
            [
              3.501142357247361,
              46.61233071489228
            ],
            [
              3.5044069856838207,
              46.61308356382476
            ],
            [
              3.507671614120278,
              46.61383641275722
            ],
            [
              3.510936242556737,
              46.6145892616897
            ],
            [
              3.514200870993197,
              46.61534211062218
            ],
            [
              3.517465499429654,
              46.61609495955466
            ],
            [
              3.520730127866113,
              46.61684780848713
            ],
            [
              3.523994756302573,
              46.6176006574196
            ],
            [
              3.527259384739032,
              46.61835350635208
            ],
            [
              3.5305240131754894,
              46.61910635528456
            ],
            [
              3.5305240131754894,
              46.61910635528456
            ],
            [
              3.530170477836244,
              46.623243527131855
            ],
            [
              3.5298169424969967,
              46.627380698979145
            ],
            [
              3.5294634071577504,
              46.63151787082644
            ],
            [
              3.529109871818504,
              46.63565504267373
            ],
            [
              3.528756336479257,
              46.63979221452103
            ],
            [
              3.5284028011400115,
              46.64392938636833
            ],
            [
              3.5280492658007634,
              46.64806655821561
            ],
            [
              3.5276957304615197,
              46.65220373006291
            ],
            [
              3.5273421951222717,
              46.6563409019102
            ],
            [
              3.5269886597830262,
              46.660478073757496
            ],
            [
              3.5269886597830262,
              46.660478073757496
            ],
            [
              3.5248170308937428,
              46.66323676987918
            ],
            [
              3.522645402004463,
              46.665995466000844
            ],
            [
              3.520473773115181,
              46.66875416212252
            ],
            [
              3.5183021442258995,
              46.67151285824419
            ],
            [
              3.5161305153366187,
              46.674271554365866
            ],
            [
              3.513958886447336,
              46.67703025048754
            ],
            [
              3.511787257558057,
              46.67978894660921
            ],
            [
              3.5096156286687736,
              46.68254764273089
            ],
            [
              3.5074439997794955,
              46.68530633885256
            ],
            [
              3.505272370890212,
              46.68806503497424
            ],
            [
              3.505272370890212,
              46.68806503497424
            ],
            [
              3.5087233757545158,
              46.69094904766332
            ],
            [
              3.5121743806188204,
              46.69383306035242
            ],
            [
              3.5156253854831268,
              46.696717073041505
            ],
            [
              3.519076390347428,
              46.6996010857306
            ],
            [
              3.5225273952117315,
              46.702485098419686
            ],
            [
              3.525978400076036,
              46.70536911110877
            ],
            [
              3.529429404940339,
              46.70825312379787
            ],
            [
              3.5328804098046445,
              46.711137136486954
            ],
            [
              3.536331414668949,
              46.71402114917605
            ],
            [
              3.539782419533252,
              46.716905161865135
            ],
            [
              3.539782419533252,
              46.716905161865135
            ],
            [
              3.5401508476000747,
              46.719664491894505
            ],
            [
              3.5405192756668984,
              46.72242382192388
            ],
            [
              3.540887703733722,
              46.72518315195326
            ],
            [
              3.5412561318005467,
              46.72794248198263
            ],
            [
              3.5416245598673677,
              46.730701812012
            ],
            [
              3.5419929879341914,
              46.73346114204137
            ],
            [
              3.542361416001015,
              46.73622047207075
            ],
            [
              3.542729844067838,
              46.738979802100125
            ],
            [
              3.5430982721346616,
              46.741739132129496
            ],
            [
              3.5434667002014826,
              46.74449846215887
            ],
            [
              3.5434667002014826,
              46.74449846215887
            ],
            [
              3.551807277812848,
              46.74387349482122
            ],
            [
              3.5601478554242143,
              46.74324852748359
            ],
            [
              3.568488433035578,
              46.742623560145944
            ],
            [
              3.5768290106469434,
              46.741998592808294
            ],
            [
              3.585169588258309,
              46.74137362547066
            ],
            [
              3.593510165869676,
              46.740748658133015
            ],
            [
              3.6018507434810396,
              46.74012369079538
            ],
            [
              3.610191321092405,
              46.73949872345773
            ],
            [
              3.6185318987037705,
              46.73887375612009
            ],
            [
              3.626872476315134,
              46.73824878878245
            ],
            [
              3.626872476315134,
              46.73824878878245
            ],
            [
              3.6350339863793715,
              46.73850079083311
            ],
            [
              3.6431954964436115,
              46.738752792883766
            ],
            [
              3.6513570065078507,
              46.739004794934424
            ],
            [
              3.659518516572088,
              46.73925679698509
            ],
            [
              3.667680026636327,
              46.73950879903575
            ],
            [
              3.6758415367005655,
              46.73976080108641
            ],
            [
              3.684003046764803,
              46.740012803137056
            ],
            [
              3.6921645568290384,
              46.74026480518772
            ],
            [
              3.7003260668932776,
              46.74051680723838
            ],
            [
              3.708487576957516,
              46.740768809289044
            ],
            [
              3.708487576957516,
              46.740768809289044
            ],
            [
              3.710842226503616,
              46.73914034865092
            ],
            [
              3.7131968760497176,
              46.737511888012804
            ],
            [
              3.7155515255958185,
              46.73588342737469
            ],
            [
              3.7179061751419193,
              46.73425496673657
            ],
            [
              3.7202608246880176,
              46.732626506098455
            ],
            [
              3.72261547423412,
              46.730998045460346
            ],
            [
              3.724970123780223,
              46.72936958482222
            ],
            [
              3.72732477332632,
              46.72774112418411
            ],
            [
              3.729679422872421,
              46.72611266354598
            ],
            [
              3.7320340724185237,
              46.724484202907874
            ],
            [
              3.7320340724185237,
              46.724484202907874
            ],
            [
              3.735480074211049,
              46.72473502813571
            ],
            [
              3.7389260760035756,
              46.72498585336354
            ],
            [
              3.7423720777960967,
              46.72523667859138
            ],
            [
              3.745818079588624,
              46.72548750381922
            ],
            [
              3.7492640813811486,
              46.72573832904705
            ],
            [
              3.7527100831736733,
              46.725989154274885
            ],
            [
              3.7561560849661997,
              46.726239979502715
            ],
            [
              3.759602086758725,
              46.72649080473055
            ],
            [
              3.7630480885512516,
              46.72674162995839
            ],
            [
              3.7664940903437762,
              46.72699245518621
            ],
            [
              3.7664940903437762,
              46.72699245518621
            ],
            [
              3.774312395664405,
              46.736775122479074
            ],
            [
              3.782130700985029,
              46.74655778977192
            ],
            [
              3.789949006305655,
              46.75634045706477
            ],
            [
              3.797767311626283,
              46.76612312435762
            ],
            [
              3.805585616946909,
              46.77590579165047
            ],
            [
              3.8134039222675358,
              46.785688458943326
            ],
            [
              3.8212222275881644,
              46.79547112623618
            ],
            [
              3.8290405329087913,
              46.805253793529026
            ],
            [
              3.8368588382294164,
              46.81503646082188
            ],
            [
              3.8446771435500424,
              46.82481912811473
            ],
            [
              3.8446771435500424,
              46.82481912811473
            ],
            [
              3.851574472600513,
              46.82808001798231
            ],
            [
              3.8584718016509787,
              46.83134090784987
            ],
            [
              3.8653691307014477,
              46.834601797717454
            ],
            [
              3.8722664597519185,
              46.83786268758502
            ],
            [
              3.8791637888023867,
              46.84112357745259
            ],
            [
              3.886061117852853,
              46.84438446732017
            ],
            [
              3.892958446903324,
              46.84764535718774
            ],
            [
              3.899855775953792,
              46.850906247055306
            ],
            [
              3.906753105004259,
              46.85416713692288
            ],
            [
              3.9136504340547273,
              46.85742802679046
            ],
            [
              3.9136504340547273,
              46.85742802679046
            ],
            [
              3.9147497776027724,
              46.86344777976089
            ],
            [
              3.9158491211508157,
              46.86946753273131
            ],
            [
              3.9169484646988564,
              46.875487285701745
            ],
            [
              3.9180478082469006,
              46.88150703867217
            ],
            [
              3.9191471517949457,
              46.8875267916426
            ],
            [
              3.920246495342989,
              46.893546544613024
            ],
            [
              3.9213458388910323,
              46.899566297583455
            ],
            [
              3.922445182439074,
              46.90558605055388
            ],
            [
              3.923544525987119,
              46.91160580352431
            ],
            [
              3.924643869535163,
              46.91762555649474
            ],
            [
              3.924643869535163,
              46.91762555649474
            ],
            [
              3.926639768810556,
              46.91825204239678
            ],
            [
              3.9286356680859513,
              46.91887852829881
            ],
            [
              3.9306315673613477,
              46.91950501420085
            ],
            [
              3.932627466636743,
              46.92013150010289
            ],
            [
              3.9346233659121386,
              46.92075798600493
            ],
            [
              3.9366192651875314,
              46.921384471906975
            ],
            [
              3.938615164462924,
              46.922010957809015
            ],
            [
              3.9406110637383214,
              46.92263744371105
            ],
            [
              3.942606963013717,
              46.923263929613086
            ],
            [
              3.9446028622891114,
              46.92389041551513
            ],
            [
              3.9446028622891114,
              46.92389041551513
            ],
            [
              3.949135917642401,
              46.92301452725769
            ],
            [
              3.953668972995691,
              46.922138639000245
            ],
            [
              3.9582020283489814,
              46.921262750742805
            ],
            [
              3.962735083702271,
              46.920386862485365
            ],
            [
              3.9672681390555593,
              46.919510974227926
            ],
            [
              3.9718011944088505,
              46.918635085970486
            ],
            [
              3.97633424976214,
              46.91775919771304
            ],
            [
              3.98086730511543,
              46.9168833094556
            ],
            [
              3.9854003604687205,
              46.91600742119816
            ],
            [
              3.98993341582201,
              46.91513153294071
            ],
            [
              3.98993341582201,
              46.91513153294071
            ],
            [
              3.9901187737249635,
              46.9175137336623
            ],
            [
              3.990304131627918,
              46.91989593438388
            ],
            [
              3.9904894895308716,
              46.92227813510546
            ],
            [
              3.990674847433826,
              46.92466033582704
            ],
            [
              3.990860205336778,
              46.92704253654862
            ],
            [
              3.9910455632397306,
              46.929424737270196
            ],
            [
              3.991230921142684,
              46.93180693799178
            ],
            [
              3.9914162790456387,
              46.934189138713364
            ],
            [
              3.9916016369485905,
              46.93657133943495
            ],
            [
              3.991786994851544,
              46.93895354015653
            ],
            [
              3.991786994851544,
              46.93895354015653
            ],
            [
              3.9859895688326508,
              46.94196129663703
            ],
            [
              3.9801921428137548,
              46.94496905311754
            ],
            [
              3.9743947167948606,
              46.94797680959804
            ],
            [
              3.9685972907759655,
              46.950984566078546
            ],
            [
              3.9627998647570704,
              46.95399232255905
            ],
            [
              3.9570024387381744,
              46.95700007903956
            ],
            [
              3.95120501271928,
              46.96000783552007
            ],
            [
              3.945407586700385,
              46.963015592000566
            ],
            [
              3.9396101606814917,
              46.96602334848108
            ],
            [
              3.9338127346625957,
              46.96903110496159
            ],
            [
              3.9338127346625957,
              46.96903110496159
            ],
            [
              3.93237424796671,
              46.975425175157575
            ],
            [
              3.9309357612708244,
              46.98181924535356
            ],
            [
              3.929497274574937,
              46.98821331554955
            ],
            [
              3.9280587878790523,
              46.99460738574554
            ],
            [
              3.9266203011831675,
              47.00100145594153
            ],
            [
              3.925181814487279,
              47.007395526137515
            ],
            [
              3.9237433277913945,
              47.0137895963335
            ],
            [
              3.9223048410955097,
              47.0201836665295
            ],
            [
              3.920866354399625,
              47.02657773672548
            ],
            [
              3.9194278677037375,
              47.032971806921466
            ],
            [
              3.9194278677037375,
              47.032971806921466
            ],
            [
              3.91490502828469,
              47.038362035956226
            ],
            [
              3.9103821888656456,
              47.04375226499098
            ],
            [
              3.9058593494465987,
              47.04914249402574
            ],
            [
              3.9013365100275528,
              47.05453272306049
            ],
            [
              3.896813670608505,
              47.05992295209524
            ],
            [
              3.892290831189458,
              47.065313181129994
            ],
            [
              3.887767991770412,
              47.07070341016475
            ],
            [
              3.8832451523513662,
              47.076093639199506
            ],
            [
              3.878722312932321,
              47.08148386823425
            ],
            [
              3.8741994735132725,
              47.086874097269
            ],
            [
              3.8741994735132725,
              47.086874097269
            ],
            [
              3.8691276395686187,
              47.0903841038004
            ],
            [
              3.8640558056239667,
              47.0938941103318
            ],
            [
              3.858983971679312,
              47.097404116863196
            ],
            [
              3.8539121377346572,
              47.100914123394595
            ],
            [
              3.8488403037900034,
              47.10442412992599
            ],
            [
              3.8437684698453487,
              47.10793413645739
            ],
            [
              3.838696635900695,
              47.11144414298879
            ],
            [
              3.8336248019560384,
              47.11495414952018
            ],
            [
              3.8285529680113863,
              47.11846415605158
            ],
            [
              3.8234811340667316,
              47.12197416258298
            ],
            [
              3.8234811340667316,
              47.12197416258298
            ],
            [
              3.8149589398235366,
              47.122975107163704
            ],
            [
              3.8064367455803425,
              47.12397605174443
            ],
            [
              3.7979145513371493,
              47.12497699632513
            ],
            [
              3.789392357093955,
              47.125977940905855
            ],
            [
              3.780870162850761,
              47.12697888548657
            ],
            [
              3.772347968607566,
              47.1279798300673
            ],
            [
              3.763825774364372,
              47.12898077464801
            ],
            [
              3.755303580121177,
              47.12998171922873
            ],
            [
              3.746781385877983,
              47.130982663809455
            ],
            [
              3.7382591916347896,
              47.13198360839017
            ],
            [
              3.7382591916347896,
              47.13198360839017
            ],
            [
              3.7317448864473612,
              47.13900346069134
            ],
            [
              3.725230581259934,
              47.146023312992504
            ],
            [
              3.718716276072508,
              47.15304316529367
            ],
            [
              3.7122019708850806,
              47.16006301759483
            ],
            [
              3.7056876656976567,
              47.167082869896
            ],
            [
              3.6991733605102293,
              47.174102722197155
            ],
            [
              3.692659055322802,
              47.181122574498325
            ],
            [
              3.6861447501353752,
              47.18814242679949
            ],
            [
              3.6796304449479478,
              47.19516227910065
            ],
            [
              3.673116139760522,
              47.20218213140182
            ],
            [
              3.673116139760522,
              47.20218213140182
            ],
            [
              3.669315020471782,
              47.20606847215709
            ],
            [
              3.665513901183042,
              47.20995481291236
            ],
            [
              3.661712781894304,
              47.21384115366763
            ],
            [
              3.657911662605564,
              47.217727494422896
            ],
            [
              3.654110543316826,
              47.221613835178175
            ],
            [
              3.650309424028086,
              47.22550017593343
            ],
            [
              3.646508304739346,
              47.22938651668871
            ],
            [
              3.642707185450608,
              47.23327285744398
            ],
            [
              3.638906066161868,
              47.237159198199244
            ],
            [
              3.635104946873128,
              47.241045538954516
            ],
            [
              3.635104946873128,
              47.241045538954516
            ],
            [
              3.6352953869551823,
              47.246060927157096
            ],
            [
              3.635485827037234,
              47.251076315359676
            ],
            [
              3.6356762671192873,
              47.256091703562255
            ],
            [
              3.6358667072013406,
              47.26110709176483
            ],
            [
              3.636057147283394,
              47.266122479967414
            ],
            [
              3.6362475873654447,
              47.271137868169994
            ],
            [
              3.636438027447498,
              47.276153256372574
            ],
            [
              3.6366284675295515,
              47.281168644575146
            ],
            [
              3.6368189076116013,
              47.286184032777726
            ],
            [
              3.6370093476936547,
              47.29119942098031
            ],
            [
              3.6370093476936547,
              47.29119942098031
            ],
            [
              3.633388632743142,
              47.294081668820134
            ],
            [
              3.6297679177926274,
              47.29696391665997
            ],
            [
              3.626147202842114,
              47.2998461644998
            ],
            [
              3.6225264878915984,
              47.30272841233962
            ],
            [
              3.6189057729410856,
              47.305610660179454
            ],
            [
              3.615285057990572,
              47.30849290801928
            ],
            [
              3.6116643430400566,
              47.311375155859125
            ],
            [
              3.608043628089542,
              47.314257403698946
            ],
            [
              3.6044229131390284,
              47.31713965153878
            ],
            [
              3.6008021981885148,
              47.32002189937861
            ],
            [
              3.6008021981885148,
              47.32002189937861
            ],
            [
              3.596643378812669,
              47.32666632242631
            ],
            [
              3.592484559436825,
              47.33331074547403
            ],
            [
              3.5883257400609803,
              47.339955168521726
            ],
            [
              3.584166920685139,
              47.346599591569436
            ],
            [
              3.5800081013092924,
              47.35324401461713
            ],
            [
              3.5758492819334484,
              47.35988843766485
            ],
            [
              3.5716904625576027,
              47.36653286071255
            ],
            [
              3.5675316431817587,
              47.373177283760256
            ],
            [
              3.563372823805915,
              47.37982170680797
            ],
            [
              3.559214004430071,
              47.38646612985567
            ],
            [
              3.559214004430071,
              47.38646612985567
            ],
            [
              3.5550416332557355,
              47.386089071481734
            ],
            [
              3.550869262081403,
              47.3857120131078
            ],
            [
              3.5466968909070684,
              47.38533495473386
            ],
            [
              3.5425245197327357,
              47.38495789635992
            ],
            [
              3.5383521485584013,
              47.384580837985986
            ],
            [
              3.534179777384065,
              47.384203779612044
            ],
            [
              3.530007406209734,
              47.383826721238115
            ],
            [
              3.5258350350353997,
              47.38344966286418
            ],
            [
              3.521662663861067,
              47.38307260449023
            ],
            [
              3.5174902926867326,
              47.3826955461163
            ]
          ]
        ]
      }
    },
    {
      "type": "Feature",
      "properties": {
        "diocese": "Melden",
        "province": "Senonen",
        "start": 1592,
        "end": 1622
      },
      "geometry": {
        "type": "Polygon",
        "coordinates": [
          [
            [
              2.9225370499558934,
              49.202512595306835
            ],
            [
              2.9160918459383978,
              49.19893775238464
            ],
            [
              2.9096466419208995,
              49.195362909462446
            ],
            [
              2.903201437903405,
              49.191788066540255
            ],
            [
              2.8967562338859083,
              49.188213223618064
            ],
            [
              2.890311029868411,
              49.184638380695866
            ],
            [
              2.8838658258509127,
              49.18106353777367
            ],
            [
              2.8774206218334175,
              49.177488694851476
            ],
            [
              2.870975417815923,
              49.17391385192928
            ],
            [
              2.864530213798424,
              49.17033900900709
            ],
            [
              2.8580850097809294,
              49.1667641660849
            ],
            [
              2.8580850097809294,
              49.1667641660849
            ],
            [
              2.851090818224868,
              49.160492976741885
            ],
            [
              2.84409662666881,
              49.154221787398875
            ],
            [
              2.837102435112752,
              49.14795059805586
            ],
            [
              2.8301082435566944,
              49.14167940871285
            ],
            [
              2.823114052000633,
              49.13540821936984
            ],
            [
              2.816119860444575,
              49.129137030026826
            ],
            [
              2.809125668888519,
              49.122865840683815
            ],
            [
              2.8021314773324595,
              49.1165946513408
            ],
            [
              2.795137285776398,
              49.11032346199779
            ],
            [
              2.7881430942203402,
              49.10405227265478
            ],
            [
              2.7881430942203402,
              49.10405227265478
            ],
            [
              2.784784956210818,
              49.102108325888885
            ],
            [
              2.7814268182012927,
              49.100164379122994
            ],
            [
              2.778068680191772,
              49.09822043235711
            ],
            [
              2.7747105421822478,
              49.09627648559122
            ],
            [
              2.7713524041727253,
              49.09433253882533
            ],
            [
              2.767994266163203,
              49.092388592059436
            ],
            [
              2.7646361281536778,
              49.09044464529355
            ],
            [
              2.761277990144157,
              49.08850069852766
            ],
            [
              2.757919852134631,
              49.08655675176177
            ],
            [
              2.7545617141251086,
              49.084612804995885
            ],
            [
              2.7545617141251086,
              49.084612804995885
            ],
            [
              2.7502031356094228,
              49.08141343339861
            ],
            [
              2.745844557093736,
              49.07821406180133
            ],
            [
              2.74148597857805,
              49.075014690204064
            ],
            [
              2.737127400062365,
              49.07181531860678
            ],
            [
              2.7327688215466797,
              49.068615947009505
            ],
            [
              2.7284102430309907,
              49.06541657541223
            ],
            [
              2.724051664515307,
              49.06221720381496
            ],
            [
              2.7196930859996216,
              49.059017832217684
            ],
            [
              2.7153345074839343,
              49.05581846062041
            ],
            [
              2.710975928968249,
              49.052619089023125
            ],
            [
              2.710975928968249,
              49.052619089023125
            ],
            [
              2.70625949627825,
              49.05217993819163
            ],
            [
              2.7015430635882507,
              49.051740787360124
            ],
            [
              2.69682663089825,
              49.05130163652863
            ],
            [
              2.6921101982082525,
              49.050862485697124
            ],
            [
              2.6873937655182516,
              49.05042333486562
            ],
            [
              2.6826773328282525,
              49.049984184034116
            ],
            [
              2.677960900138253,
              49.04954503320261
            ],
            [
              2.673244467448254,
              49.04910588237111
            ],
            [
              2.6685280347582547,
              49.048666731539605
            ],
            [
              2.663811602068257,
              49.0482275807081
            ],
            [
              2.663811602068257,
              49.0482275807081
            ],
            [
              2.6613605786888312,
              49.04632017674077
            ],
            [
              2.6589095553094064,
              49.044412772773434
            ],
            [
              2.656458531929979,
              49.042505368806104
            ],
            [
              2.654007508550554,
              49.04059796483876
            ],
            [
              2.6515564851711297,
              49.03869056087142
            ],
            [
              2.6491054617917054,
              49.03678315690409
            ],
            [
              2.6466544384122788,
              49.03487575293675
            ],
            [
              2.644203415032853,
              49.03296834896941
            ],
            [
              2.6417523916534265,
              49.03106094500208
            ],
            [
              2.639301368274004,
              49.029153541034745
            ],
            [
              2.639301368274004,
              49.029153541034745
            ],
            [
              2.6348134904942024,
              49.02941841141405
            ],
            [
              2.6303256127144006,
              49.02968328179335
            ],
            [
              2.6258377349345974,
              49.02994815217266
            ],
            [
              2.6213498571547995,
              49.03021302255197
            ],
            [
              2.6168619793749976,
              49.03047789293127
            ],
            [
              2.6123741015951962,
              49.03074276331058
            ],
            [
              2.607886223815395,
              49.03100763368988
            ],
            [
              2.603398346035593,
              49.03127250406919
            ],
            [
              2.5989104682557933,
              49.0315373744485
            ],
            [
              2.594422590475992,
              49.0318022448278
            ],
            [
              2.594422590475992,
              49.0318022448278
            ],
            [
              2.592110474136153,
              49.029851082524374
            ],
            [
              2.5897983577963126,
              49.02789992022096
            ],
            [
              2.58748624145647,
              49.025948757917554
            ],
            [
              2.5851741251166316,
              49.02399759561414
            ],
            [
              2.5828620087767926,
              49.02204643331073
            ],
            [
              2.580549892436952,
              49.02009527100731
            ],
            [
              2.578237776097114,
              49.01814410870389
            ],
            [
              2.5759256597572713,
              49.01619294640047
            ],
            [
              2.5736135434174305,
              49.01424178409706
            ],
            [
              2.571301427077592,
              49.012290621793646
            ],
            [
              2.571301427077592,
              49.012290621793646
            ],
            [
              2.5689913642148894,
              49.011403410638714
            ],
            [
              2.5666813013521868,
              49.010516199483774
            ],
            [
              2.564371238489484,
              49.00962898832883
            ],
            [
              2.5620611756267815,
              49.0087417771739
            ],
            [
              2.559751112764077,
              49.007854566018956
            ],
            [
              2.557441049901375,
              49.00696735486402
            ],
            [
              2.555130987038672,
              49.00608014370909
            ],
            [
              2.5528209241759696,
              49.005192932554145
            ],
            [
              2.5505108613132648,
              49.004305721399206
            ],
            [
              2.5482007984505644,
              49.003418510244266
            ],
            [
              2.5482007984505644,
              49.003418510244266
            ],
            [
              2.5496068198409767,
              49.00102495853275
            ],
            [
              2.55101284123139,
              48.99863140682123
            ],
            [
              2.5524188626218027,
              48.99623785510971
            ],
            [
              2.5538248840122155,
              48.99384430339819
            ],
            [
              2.555230905402628,
              48.99145075168667
            ],
            [
              2.556636926793041,
              48.98905719997515
            ],
            [
              2.5580429481834535,
              48.98666364826363
            ],
            [
              2.5594489695738667,
              48.984270096552116
            ],
            [
              2.560854990964279,
              48.981876544840595
            ],
            [
              2.5622610123546923,
              48.97948299312907
            ],
            [
              2.5622610123546923,
              48.97948299312907
            ],
            [
              2.5662357871430785,
              48.97912933123298
            ],
            [
              2.5702105619314657,
              48.978775669336905
            ],
            [
              2.5741853367198524,
              48.97842200744081
            ],
            [
              2.578160111508239,
              48.978068345544735
            ],
            [
              2.582134886296626,
              48.97771468364865
            ],
            [
              2.5861096610850125,
              48.977361021752564
            ],
            [
              2.5900844358733996,
              48.97700735985648
            ],
            [
              2.5940592106617877,
              48.9766536979604
            ],
            [
              2.598033985450175,
              48.97630003606432
            ],
            [
              2.60200876023856,
              48.97594637416823
            ],
            [
              2.60200876023856,
              48.97594637416823
            ],
            [
              2.6016201254881084,
              48.97390702843272
            ],
            [
              2.6012314907376566,
              48.9718676826972
            ],
            [
              2.6008428559872034,
              48.96982833696169
            ],
            [
              2.6004542212367516,
              48.967788991226186
            ],
            [
              2.6000655864863,
              48.96574964549068
            ],
            [
              2.5996769517358485,
              48.963710299755164
            ],
            [
              2.599288316985395,
              48.96167095401965
            ],
            [
              2.598899682234943,
              48.959631608284134
            ],
            [
              2.5985110474844917,
              48.95759226254862
            ],
            [
              2.59812241273404,
              48.95555291681312
            ],
            [
              2.59812241273404,
              48.95555291681312
            ],
            [
              2.5965804577902207,
              48.953956595103435
            ],
            [
              2.5950385028464016,
              48.95236027339374
            ],
            [
              2.593496547902584,
              48.95076395168405
            ],
            [
              2.5919545929587637,
              48.94916762997436
            ],
            [
              2.5904126380149464,
              48.94757130826468
            ],
            [
              2.5888706830711254,
              48.94597498655499
            ],
            [
              2.5873287281273063,
              48.944378664845296
            ],
            [
              2.585786773183489,
              48.94278234313561
            ],
            [
              2.58424481823967,
              48.941186021425914
            ],
            [
              2.5827028632958524,
              48.93958969971623
            ],
            [
              2.5827028632958524,
              48.93958969971623
            ],
            [
              2.5861622313729558,
              48.93799462615855
            ],
            [
              2.5896215994500595,
              48.93639955260086
            ],
            [
              2.5930809675271647,
              48.93480447904317
            ],
            [
              2.59654033560427,
              48.93320940548548
            ],
            [
              2.599999703681377,
              48.93161433192779
            ],
            [
              2.6034590717584805,
              48.93001925837011
            ],
            [
              2.606918439835586,
              48.92842418481242
            ],
            [
              2.610377807912691,
              48.926829111254726
            ],
            [
              2.613837175989795,
              48.925234037697045
            ],
            [
              2.6172965440669,
              48.92363896413936
            ],
            [
              2.6172965440669,
              48.92363896413936
            ],
            [
              2.620504316792849,
              48.92452639386134
            ],
            [
              2.6237120895187958,
              48.925413823583334
            ],
            [
              2.6269198622447445,
              48.92630125330532
            ],
            [
              2.6301276349706915,
              48.92718868302731
            ],
            [
              2.6333354076966384,
              48.9280761127493
            ],
            [
              2.6365431804225854,
              48.928963542471294
            ],
            [
              2.639750953148533,
              48.92985097219328
            ],
            [
              2.642958725874482,
              48.93073840191527
            ],
            [
              2.646166498600429,
              48.93162583163726
            ],
            [
              2.6493742713263777,
              48.93251326135925
            ],
            [
              2.6493742713263777,
              48.93251326135925
            ],
            [
              2.6506518886252945,
              48.93003101413809
            ],
            [
              2.6519295059242123,
              48.92754876691692
            ],
            [
              2.6532071232231322,
              48.92506651969576
            ],
            [
              2.6544847405220504,
              48.92258427247461
            ],
            [
              2.655762357820971,
              48.92010202525344
            ],
            [
              2.6570399751198885,
              48.91761977803228
            ],
            [
              2.658317592418807,
              48.915137530811116
            ],
            [
              2.6595952097177267,
              48.912655283589956
            ],
            [
              2.6608728270166453,
              48.91017303636879
            ],
            [
              2.662150444315563,
              48.90769078914763
            ],
            [
              2.662150444315563,
              48.90769078914763
            ],
            [
              2.666375011199588,
              48.903879330881054
            ],
            [
              2.6705995780836136,
              48.90006787261448
            ],
            [
              2.67482414496764,
              48.89625641434791
            ],
            [
              2.6790487118516646,
              48.89244495608133
            ],
            [
              2.6832732787356908,
              48.88863349781476
            ],
            [
              2.6874978456197147,
              48.884822039548176
            ],
            [
              2.6917224125037413,
              48.88101058128161
            ],
            [
              2.695946979387768,
              48.87719912301503
            ],
            [
              2.700171546271794,
              48.873387664748456
            ],
            [
              2.7043961131558185,
              48.86957620648189
            ],
            [
              2.7043961131558185,
              48.86957620648189
            ],
            [
              2.711447268359373,
              48.86851400462426
            ],
            [
              2.7184984235629335,
              48.86745180276665
            ],
            [
              2.7255495787664885,
              48.86638960090903
            ],
            [
              2.732600733970045,
              48.865327399051424
            ],
            [
              2.7396518891736017,
              48.8642651971938
            ],
            [
              2.7467030443771567,
              48.86320299533619
            ],
            [
              2.7537541995807135,
              48.862140793478574
            ],
            [
              2.760805354784268,
              48.86107859162096
            ],
            [
              2.7678565099878267,
              48.86001638976334
            ],
            [
              2.7749076651913813,
              48.85895418790573
            ],
            [
              2.7749076651913813,
              48.85895418790573
            ],
            [
              2.779648073053931,
              48.8566501318028
            ],
            [
              2.7843884809164785,
              48.85434607569988
            ],
            [
              2.78912888877903,
              48.85204201959696
            ],
            [
              2.7938692966415783,
              48.849737963494036
            ],
            [
              2.798609704504129,
              48.84743390739111
            ],
            [
              2.803350112366679,
              48.845129851288185
            ],
            [
              2.808090520229227,
              48.84282579518526
            ],
            [
              2.812830928091778,
              48.840521739082334
            ],
            [
              2.817571335954326,
              48.83821768297942
            ],
            [
              2.822311743816875,
              48.8359136268765
            ],
            [
              2.822311743816875,
              48.8359136268765
            ],
            [
              2.824351308550486,
              48.82953038830844
            ],
            [
              2.826390873284098,
              48.823147149740386
            ],
            [
              2.82843043801771,
              48.81676391117233
            ],
            [
              2.8304700027513223,
              48.810380672604275
            ],
            [
              2.8325095674849328,
              48.80399743403622
            ],
            [
              2.834549132218545,
              48.797614195468164
            ],
            [
              2.8365886969521568,
              48.7912309569001
            ],
            [
              2.8386282616857694,
              48.78484771833206
            ],
            [
              2.840667826419381,
              48.778464479764
            ],
            [
              2.842707391152992,
              48.77208124119595
            ],
            [
              2.842707391152992,
              48.77208124119595
            ],
            [
              2.8488553625880786,
              48.768182671468615
            ],
            [
              2.8550033340231655,
              48.764284101741275
            ],
            [
              2.861151305458254,
              48.76038553201395
            ],
            [
              2.8672992768933407,
              48.75648696228661
            ],
            [
              2.873447248328429,
              48.75258839255928
            ],
            [
              2.8795952197635146,
              48.748689822831956
            ],
            [
              2.885743191198603,
              48.744791253104616
            ],
            [
              2.8918911626336894,
              48.74089268337728
            ],
            [
              2.8980391340687786,
              48.736994113649956
            ],
            [
              2.904187105503865,
              48.733095543922616
            ],
            [
              2.904187105503865,
              48.733095543922616
            ],
            [
              2.8984886625789286,
              48.72894084202147
            ],
            [
              2.8927902196539894,
              48.72478614012033
            ],
            [
              2.8870917767290547,
              48.720631438219186
            ],
            [
              2.881393333804118,
              48.71647673631804
            ],
            [
              2.875694890879179,
              48.7123220344169
            ],
            [
              2.8699964479542444,
              48.70816733251576
            ],
            [
              2.864298005029306,
              48.704012630614606
            ],
            [
              2.8585995621043705,
              48.69985792871346
            ],
            [
              2.8529011191794305,
              48.69570322681231
            ],
            [
              2.847202676254495,
              48.69154852491117
            ],
            [
              2.847202676254495,
              48.69154852491117
            ],
            [
              2.85136797975488,
              48.689042424610676
            ],
            [
              2.8555332832552613,
              48.686536324310175
            ],
            [
              2.8596985867556444,
              48.684030224009675
            ],
            [
              2.863863890256028,
              48.68152412370918
            ],
            [
              2.868029193756414,
              48.67901802340868
            ],
            [
              2.8721944972567974,
              48.67651192310819
            ],
            [
              2.8763598007571782,
              48.67400582280769
            ],
            [
              2.880525104257563,
              48.67149972250719
            ],
            [
              2.884690407757946,
              48.66899362220669
            ],
            [
              2.8888557112583295,
              48.66648752190619
            ],
            [
              2.8888557112583295,
              48.66648752190619
            ],
            [
              2.8957489787235864,
              48.66686525931889
            ],
            [
              2.9026422461888397,
              48.66724299673158
            ],
            [
              2.909535513654095,
              48.667620734144265
            ],
            [
              2.9164287811193508,
              48.667998471556956
            ],
            [
              2.9233220485846076,
              48.66837620896965
            ],
            [
              2.9302153160498645,
              48.66875394638234
            ],
            [
              2.9371085835151196,
              48.66913168379503
            ],
            [
              2.944001850980375,
              48.66950942120772
            ],
            [
              2.9508951184456285,
              48.669887158620405
            ],
            [
              2.9577883859108858,
              48.670264896033096
            ],
            [
              2.9577883859108858,
              48.670264896033096
            ],
            [
              2.95995948077892,
              48.66800826874712
            ],
            [
              2.96213057564695,
              48.66575164146114
            ],
            [
              2.9643016705149816,
              48.663495014175155
            ],
            [
              2.966472765383014,
              48.66123838688918
            ],
            [
              2.9686438602510474,
              48.6589817596032
            ],
            [
              2.9708149551190797,
              48.65672513231723
            ],
            [
              2.9729860499871097,
              48.65446850503124
            ],
            [
              2.9751571448551437,
              48.652211877745266
            ],
            [
              2.977328239723176,
              48.649955250459286
            ],
            [
              2.9794993345912073,
              48.647698623173305
            ],
            [
              2.9794993345912073,
              48.647698623173305
            ],
            [
              2.9905527442704263,
              48.64293707278476
            ],
            [
              3.0016061539496453,
              48.63817552239621
            ],
            [
              3.0126595636288633,
              48.633413972007666
            ],
            [
              3.023712973308084,
              48.62865242161911
            ],
            [
              3.034766382987304,
              48.62389087123057
            ],
            [
              3.045819792666523,
              48.61912932084201
            ],
            [
              3.05687320234574,
              48.61436777045348
            ],
            [
              3.06792661202496,
              48.60960622006492
            ],
            [
              3.078980021704178,
              48.604844669676375
            ],
            [
              3.090033431383397,
              48.600083119287824
            ],
            [
              3.090033431383397,
              48.600083119287824
            ],
            [
              3.097110120774363,
              48.60183998552225
            ],
            [
              3.1041868101653267,
              48.603596851756656
            ],
            [
              3.1112634995562902,
              48.605353717991065
            ],
            [
              3.1183401889472546,
              48.60711058422548
            ],
            [
              3.12541687833822,
              48.60886745045988
            ],
            [
              3.1324935677291834,
              48.610624316694306
            ],
            [
              3.139570257120147,
              48.612381182928715
            ],
            [
              3.146646946511113,
              48.61413804916313
            ],
            [
              3.1537236359020766,
              48.61589491539754
            ],
            [
              3.16080032529304,
              48.61765178163195
            ],
            [
              3.16080032529304,
              48.61765178163195
            ],
            [
              3.1602615446537965,
              48.620284838853514
            ],
            [
              3.1597227640145475,
              48.62291789607507
            ],
            [
              3.1591839833753013,
              48.625550953296624
            ],
            [
              3.158645202736054,
              48.6281840105182
            ],
            [
              3.158106422096808,
              48.63081706773975
            ],
            [
              3.1575676414575606,
              48.6334501249613
            ],
            [
              3.1570288608183152,
              48.63608318218287
            ],
            [
              3.156490080179069,
              48.638716239404424
            ],
            [
              3.15595129953982,
              48.64134929662598
            ],
            [
              3.1554125189005755,
              48.64398235384755
            ],
            [
              3.1554125189005755,
              48.64398235384755
            ],
            [
              3.1604913194149735,
              48.64486063541234
            ],
            [
              3.165570119929369,
              48.64573891697715
            ],
            [
              3.170648920443765,
              48.64661719854194
            ],
            [
              3.175727720958165,
              48.64749548010675
            ],
            [
              3.180806521472562,
              48.64837376167155
            ],
            [
              3.1858853219869583,
              48.64925204323635
            ],
            [
              3.1909641225013545,
              48.65013032480115
            ],
            [
              3.1960429230157517,
              48.651008606365956
            ],
            [
              3.2011217235301515,
              48.65188688793075
            ],
            [
              3.2062005240445477,
              48.65276516949555
            ],
            [
              3.2062005240445477,
              48.65276516949555
            ],
            [
              3.206203429039634,
              48.65427031060621
            ],
            [
              3.20620633403472,
              48.65577545171687
            ],
            [
              3.2062092390298056,
              48.657280592827526
            ],
            [
              3.2062121440248927,
              48.65878573393818
            ],
            [
              3.206215049019979,
              48.660290875048844
            ],
            [
              3.206217954015066,
              48.6617960161595
            ],
            [
              3.2062208590101524,
              48.66330115727016
            ],
            [
              3.2062237640052396,
              48.66480629838082
            ],
            [
              3.206226669000326,
              48.66631143949147
            ],
            [
              3.206229573995411,
              48.667816580602135
            ],
            [
              3.206229573995411,
              48.667816580602135
            ],
            [
              3.2022428535173995,
              48.66919466870491
            ],
            [
              3.1982561330393904,
              48.6705727568077
            ],
            [
              3.1942694125613786,
              48.671950844910484
            ],
            [
              3.190282692083365,
              48.67332893301327
            ],
            [
              3.186295971605358,
              48.67470702111605
            ],
            [
              3.1823092511273443,
              48.67608510921884
            ],
            [
              3.1783225306493326,
              48.677463197321615
            ],
            [
              3.1743358101713217,
              48.678841285424404
            ],
            [
              3.17034908969331,
              48.68021937352719
            ],
            [
              3.1663623692152982,
              48.68159746162997
            ],
            [
              3.1663623692152982,
              48.68159746162997
            ],
            [
              3.1678228773290624,
              48.68661316679627
            ],
            [
              3.16928338544283,
              48.69162887196257
            ],
            [
              3.1707438935565952,
              48.69664457712888
            ],
            [
              3.1722044016703594,
              48.70166028229517
            ],
            [
              3.1736649097841236,
              48.706675987461466
            ],
            [
              3.175125417897888,
              48.711691692627774
            ],
            [
              3.176585926011654,
              48.71670739779407
            ],
            [
              3.178046434125419,
              48.72172310296037
            ],
            [
              3.1795069422391866,
              48.72673880812667
            ],
            [
              3.180967450352951,
              48.73175451329298
            ],
            [
              3.180967450352951,
              48.73175451329298
            ],
            [
              3.189123880296528,
              48.72937439438437
            ],
            [
              3.197280310240106,
              48.72699427547577
            ],
            [
              3.2054367401836825,
              48.72461415656716
            ],
            [
              3.2135931701272606,
              48.72223403765857
            ],
            [
              3.221749600070836,
              48.719853918749976
            ],
            [
              3.2299060300144125,
              48.71747379984137
            ],
            [
              3.2380624599579915,
              48.715093680932775
            ],
            [
              3.2462188899015696,
              48.71271356202417
            ],
            [
              3.2543753198451477,
              48.710333443115566
            ],
            [
              3.262531749788725,
              48.707953324206976
            ],
            [
              3.262531749788725,
              48.707953324206976
            ],
            [
              3.266885444812073,
              48.70858146505203
            ],
            [
              3.271239139835425,
              48.709209605897094
            ],
            [
              3.275592834858774,
              48.70983774674215
            ],
            [
              3.279946529882126,
              48.71046588758722
            ],
            [
              3.2843002249054742,
              48.71109402843227
            ],
            [
              3.2886539199288243,
              48.71172216927734
            ],
            [
              3.293007614952175,
              48.7123503101224
            ],
            [
              3.2973613099755235,
              48.71297845096746
            ],
            [
              3.301715004998877,
              48.71360659181252
            ],
            [
              3.3060687000222253,
              48.71423473265758
            ],
            [
              3.3060687000222253,
              48.71423473265758
            ],
            [
              3.309703500792478,
              48.717871897403704
            ],
            [
              3.31333830156273,
              48.72150906214983
            ],
            [
              3.316973102332985,
              48.725146226895944
            ],
            [
              3.320607903103236,
              48.72878339164206
            ],
            [
              3.3242427038734896,
              48.732420556388185
            ],
            [
              3.3278775046437414,
              48.736057721134294
            ],
            [
              3.331512305413996,
              48.73969488588042
            ],
            [
              3.3351471061842486,
              48.74333205062654
            ],
            [
              3.3387819069545004,
              48.74696921537266
            ],
            [
              3.342416707724754,
              48.75060638011878
            ],
            [
              3.342416707724754,
              48.75060638011878
            ],
            [
              3.3484046529330214,
              48.752614011860594
            ],
            [
              3.3543925981412896,
              48.754621643602405
            ],
            [
              3.360380543349557,
              48.75662927534422
            ],
            [
              3.366368488557826,
              48.758636907086036
            ],
            [
              3.3723564337660927,
              48.76064453882785
            ],
            [
              3.3783443789743637,
              48.762652170569666
            ],
            [
              3.3843323241826284,
              48.764659802311485
            ],
            [
              3.3903202693908994,
              48.7666674340533
            ],
            [
              3.396308214599165,
              48.768675065795115
            ],
            [
              3.402296159807435,
              48.77068269753693
            ],
            [
              3.402296159807435,
              48.77068269753693
            ],
            [
              3.4021174976671866,
              48.77181070424556
            ],
            [
              3.4019388355269364,
              48.772938710954186
            ],
            [
              3.401760173386689,
              48.77406671766282
            ],
            [
              3.4015815112464405,
              48.775194724371445
            ],
            [
              3.401402849106192,
              48.77632273108007
            ],
            [
              3.4012241869659436,
              48.7774507377887
            ],
            [
              3.401045524825696,
              48.77857874449734
            ],
            [
              3.4008668626854477,
              48.77970675120596
            ],
            [
              3.4006882005451975,
              48.78083475791458
            ],
            [
              3.400509538404949,
              48.781962764623216
            ],
            [
              3.400509538404949,
              48.781962764623216
            ],
            [
              3.4028335979495474,
              48.787683715994056
            ],
            [
              3.405157657494143,
              48.79340466736489
            ],
            [
              3.4074817170387415,
              48.79912561873573
            ],
            [
              3.40980577658334,
              48.80484657010656
            ],
            [
              3.4121298361279373,
              48.810567521477395
            ],
            [
              3.4144538956725357,
              48.816288472848235
            ],
            [
              3.416777955217134,
              48.82200942421907
            ],
            [
              3.4191020147617315,
              48.82773037558991
            ],
            [
              3.421426074306328,
              48.83345132696075
            ],
            [
              3.4237501338509264,
              48.83917227833158
            ],
            [
              3.4237501338509264,
              48.83917227833158
            ],
            [
              3.42150600282481,
              48.83961503559923
            ],
            [
              3.419261871798694,
              48.84005779286688
            ],
            [
              3.4170177407725757,
              48.84050055013453
            ],
            [
              3.4147736097464585,
              48.840943307402185
            ],
            [
              3.412529478720343,
              48.841386064669834
            ],
            [
              3.410285347694226,
              48.84182882193749
            ],
            [
              3.4080412166681096,
              48.84227157920514
            ],
            [
              3.4057970856419897,
              48.84271433647279
            ],
            [
              3.403552954615875,
              48.843157093740444
            ],
            [
              3.401308823589759,
              48.843599851008086
            ],
            [
              3.401308823589759,
              48.843599851008086
            ],
            [
              3.397204446835899,
              48.84324417284369
            ],
            [
              3.3931000700820397,
              48.842888494679286
            ],
            [
              3.388995693328177,
              48.84253281651488
            ],
            [
              3.3848913165743197,
              48.84217713835048
            ],
            [
              3.3807869398204606,
              48.84182146018608
            ],
            [
              3.3766825630665998,
              48.84146578202168
            ],
            [
              3.3725781863127406,
              48.841110103857275
            ],
            [
              3.3684738095588798,
              48.84075442569287
            ],
            [
              3.3643694328050224,
              48.84039874752847
            ],
            [
              3.3602650560511615,
              48.84004306936407
            ],
            [
              3.3602650560511615,
              48.84004306936407
            ],
            [
              3.3568651645359107,
              48.83884473630951
            ],
            [
              3.3534652730206616,
              48.83764640325496
            ],
            [
              3.3500653815054116,
              48.836448070200404
            ],
            [
              3.34666548999016,
              48.835249737145844
            ],
            [
              3.34326559847491,
              48.8340514040913
            ],
            [
              3.3398657069596607,
              48.83285307103674
            ],
            [
              3.33646581544441,
              48.831654737982184
            ],
            [
              3.3330659239291607,
              48.830456404927624
            ],
            [
              3.329666032413908,
              48.82925807187308
            ],
            [
              3.326266140898659,
              48.828059738818524
            ],
            [
              3.326266140898659,
              48.828059738818524
            ],
            [
              3.324664714818874,
              48.8293006221941
            ],
            [
              3.3230632887390885,
              48.83054150556967
            ],
            [
              3.3214618626592993,
              48.831782388945236
            ],
            [
              3.319860436579513,
              48.833023272320816
            ],
            [
              3.318259010499729,
              48.83426415569639
            ],
            [
              3.3166575844199433,
              48.83550503907196
            ],
            [
              3.3150561583401577,
              48.83674592244754
            ],
            [
              3.313454732260371,
              48.837986805823114
            ],
            [
              3.3118533061805846,
              48.83922768919869
            ],
            [
              3.310251880100799,
              48.84046857257426
            ],
            [
              3.310251880100799,
              48.84046857257426
            ],
            [
              3.307944892049027,
              48.841133500607704
            ],
            [
              3.305637903997256,
              48.84179842864115
            ],
            [
              3.3033309159454842,
              48.842463356674585
            ],
            [
              3.301023927893708,
              48.84312828470803
            ],
            [
              3.298716939841937,
              48.843793212741474
            ],
            [
              3.2964099517901624,
              48.84445814077491
            ],
            [
              3.2941029637383914,
              48.84512306880836
            ],
            [
              3.2917959756866177,
              48.8457879968418
            ],
            [
              3.289488987634846,
              48.84645292487525
            ],
            [
              3.287181999583074,
              48.84711785290869
            ],
            [
              3.287181999583074,
              48.84711785290869
            ],
            [
              3.2874407746621075,
              48.84831433553129
            ],
            [
              3.2876995497411436,
              48.84951081815389
            ],
            [
              3.287958324820179,
              48.8507073007765
            ],
            [
              3.2882170998992124,
              48.851903783399095
            ],
            [
              3.2884758749782486,
              48.8531002660217
            ],
            [
              3.288734650057284,
              48.8542967486443
            ],
            [
              3.2889934251363173,
              48.855493231266905
            ],
            [
              3.2892522002153535,
              48.85668971388951
            ],
            [
              3.2895109752943887,
              48.85788619651211
            ],
            [
              3.2897697503734222,
              48.859082679134715
            ],
            [
              3.2897697503734222,
              48.859082679134715
            ],
            [
              3.291630901232487,
              48.85957132592732
            ],
            [
              3.293492052091549,
              48.860059972719924
            ],
            [
              3.2953532029506127,
              48.860548619512535
            ],
            [
              3.2972143538096765,
              48.86103726630513
            ],
            [
              3.2990755046687394,
              48.86152591309774
            ],
            [
              3.3009366555278032,
              48.86201455989035
            ],
            [
              3.302797806386869,
              48.86250320668295
            ],
            [
              3.304658957245931,
              48.86299185347556
            ],
            [
              3.306520108104993,
              48.86348050026817
            ],
            [
              3.3083812589640567,
              48.86396914706077
            ],
            [
              3.3083812589640567,
              48.86396914706077
            ],
            [
              3.3090875791168934,
              48.864855957978676
            ],
            [
              3.3097938992697293,
              48.86574276889659
            ],
            [
              3.3105002194225652,
              48.8666295798145
            ],
            [
              3.311206539575403,
              48.867516390732405
            ],
            [
              3.3119128597282397,
              48.86840320165032
            ],
            [
              3.3126191798810773,
              48.86929001256822
            ],
            [
              3.3133255000339132,
              48.870176823486126
            ],
            [
              3.314031820186749,
              48.87106363440404
            ],
            [
              3.314738140339586,
              48.87195044532195
            ],
            [
              3.315444460492422,
              48.872837256239855
            ],
            [
              3.315444460492422,
              48.872837256239855
            ],
            [
              3.3127529500914705,
              48.87363455024644
            ],
            [
              3.310061439690521,
              48.87443184425303
            ],
            [
              3.307369929289566,
              48.87522913825963
            ],
            [
              3.304678418888616,
              48.87602643226621
            ],
            [
              3.3019869084876654,
              48.876823726272804
            ],
            [
              3.2992953980867132,
              48.87762102027939
            ],
            [
              3.296603887685763,
              48.87841831428598
            ],
            [
              3.2939123772848107,
              48.879215608292576
            ],
            [
              3.2912208668838594,
              48.880012902299164
            ],
            [
              3.2885293564829072,
              48.880810196305745
            ],
            [
              3.2885293564829072,
              48.880810196305745
            ],
            [
              3.286291691095539,
              48.88382418472046
            ],
            [
              3.284054025708168,
              48.88683817313517
            ],
            [
              3.2818163603207995,
              48.88985216154988
            ],
            [
              3.2795786949334294,
              48.8928661499646
            ],
            [
              3.277341029546059,
              48.895880138379304
            ],
            [
              3.275103364158688,
              48.89889412679402
            ],
            [
              3.27286569877132,
              48.90190811520873
            ],
            [
              3.2706280333839497,
              48.90492210362345
            ],
            [
              3.2683903679965796,
              48.907936092038156
            ],
            [
              3.2661527026092103,
              48.910950080452864
            ],
            [
              3.2661527026092103,
              48.910950080452864
            ],
            [
              3.263295733380145,
              48.91328131338031
            ],
            [
              3.2604387641510812,
              48.915612546307756
            ],
            [
              3.2575817949220176,
              48.91794377923521
            ],
            [
              3.2547248256929504,
              48.92027501216265
            ],
            [
              3.251867856463885,
              48.9226062450901
            ],
            [
              3.2490108872348213,
              48.92493747801754
            ],
            [
              3.2461539180057577,
              48.927268710944986
            ],
            [
              3.2432969487766923,
              48.92959994387244
            ],
            [
              3.240439979547625,
              48.93193117679988
            ],
            [
              3.237583010318563,
              48.934262409727324
            ],
            [
              3.237583010318563,
              48.934262409727324
            ],
            [
              3.2336822472465765,
              48.933697410587705
            ],
            [
              3.229781484174594,
              48.93313241144808
            ],
            [
              3.2258807211026093,
              48.932567412308465
            ],
            [
              3.221979958030627,
              48.93200241316883
            ],
            [
              3.218079194958643,
              48.93143741402921
            ],
            [
              3.214178431886658,
              48.9308724148896
            ],
            [
              3.210277668814674,
              48.930307415749965
            ],
            [
              3.2063769057426925,
              48.929742416610345
            ],
            [
              3.2024761426707067,
              48.929177417470726
            ],
            [
              3.1985753795987235,
              48.9286124183311
            ],
            [
              3.1985753795987235,
              48.9286124183311
            ],
            [
              3.197582900804464,
              48.930744359878034
            ],
            [
              3.1965904220102064,
              48.932876301424955
            ],
            [
              3.1955979432159487,
              48.93500824297188
            ],
            [
              3.194605464421691,
              48.9371401845188
            ],
            [
              3.1936129856274333,
              48.93927212606573
            ],
            [
              3.1926205068331757,
              48.94140406761266
            ],
            [
              3.191628028038916,
              48.94353600915959
            ],
            [
              3.1906355492446576,
              48.94566795070651
            ],
            [
              3.189643070450398,
              48.94779989225344
            ],
            [
              3.1886505916561423,
              48.94993183380036
            ],
            [
              3.1886505916561423,
              48.94993183380036
            ],
            [
              3.189200988127188,
              48.95331719156994
            ],
            [
              3.1897513845982375,
              48.956702549339504
            ],
            [
              3.190301781069284,
              48.96008790710907
            ],
            [
              3.190852177540329,
              48.96347326487864
            ],
            [
              3.1914025740113776,
              48.9668586226482
            ],
            [
              3.1919529704824243,
              48.97024398041777
            ],
            [
              3.192503366953471,
              48.97362933818734
            ],
            [
              3.1930537634245186,
              48.9770146959569
            ],
            [
              3.193604159895568,
              48.98040005372647
            ],
            [
              3.194154556366614,
              48.983785411496044
            ],
            [
              3.194154556366614,
              48.983785411496044
            ],
            [
              3.1902610931509767,
              48.98704361383574
            ],
            [
              3.1863676299353387,
              48.990301816175446
            ],
            [
              3.1824741667197007,
              48.99356001851514
            ],
            [
              3.1785807035040645,
              48.996818220854834
            ],
            [
              3.1746872402884265,
              49.00007642319454
            ],
            [
              3.1707937770727885,
              49.00333462553424
            ],
            [
              3.1669003138571523,
              49.006592827873945
            ],
            [
              3.1630068506415143,
              49.00985103021364
            ],
            [
              3.159113387425878,
              49.01310923255333
            ],
            [
              3.15521992421024,
              49.01636743489304
            ],
            [
              3.15521992421024,
              49.01636743489304
            ],
            [
              3.1560395529023046,
              49.01837484332845
            ],
            [
              3.15685918159437,
              49.02038225176387
            ],
            [
              3.157678810286433,
              49.02238966019929
            ],
            [
              3.1584984389785,
              49.0243970686347
            ],
            [
              3.1593180676705637,
              49.026404477070116
            ],
            [
              3.1601376963626326,
              49.028411885505534
            ],
            [
              3.1609573250546963,
              49.03041929394095
            ],
            [
              3.161776953746759,
              49.03242670237636
            ],
            [
              3.1625965824388262,
              49.03443411081177
            ],
            [
              3.1634162111308908,
              49.0364415192472
            ],
            [
              3.1634162111308908,
              49.0364415192472
            ],
            [
              3.1655991720829753,
              49.0395132240271
            ],
            [
              3.1677821330350615,
              49.042584928807
            ],
            [
              3.169965093987144,
              49.04565663358691
            ],
            [
              3.1721480549392287,
              49.04872833836682
            ],
            [
              3.174331015891314,
              49.05180004314672
            ],
            [
              3.1765139768434003,
              49.05487174792663
            ],
            [
              3.178696937795485,
              49.05794345270654
            ],
            [
              3.1808798987475684,
              49.061015157486445
            ],
            [
              3.1830628596996546,
              49.06408686226634
            ],
            [
              3.185245820651739,
              49.067158567046256
            ],
            [
              3.185245820651739,
              49.067158567046256
            ],
            [
              3.1789980748831943,
              49.07223537717684
            ],
            [
              3.1727503291146513,
              49.077312187307434
            ],
            [
              3.16650258334611,
              49.08238899743801
            ],
            [
              3.160254837577565,
              49.08746580756859
            ],
            [
              3.1540070918090195,
              49.09254261769918
            ],
            [
              3.1477593460404782,
              49.09761942782976
            ],
            [
              3.141511600271935,
              49.10269623796035
            ],
            [
              3.1352638545033904,
              49.107773048090934
            ],
            [
              3.1290161087348447,
              49.112849858221516
            ],
            [
              3.1227683629663034,
              49.1179266683521
            ],
            [
              3.1227683629663034,
              49.1179266683521
            ],
            [
              3.1186036230768823,
              49.12068380054307
            ],
            [
              3.114438883187463,
              49.123440932734034
            ],
            [
              3.1102741432980445,
              49.126198064925
            ],
            [
              3.1061094034086234,
              49.12895519711598
            ],
            [
              3.101944663519203,
              49.131712329306936
            ],
            [
              3.097779923629784,
              49.134469461497915
            ],
            [
              3.0936151837403636,
              49.13722659368887
            ],
            [
              3.089450443850946,
              49.13998372587985
            ],
            [
              3.085285703961525,
              49.142740858070816
            ],
            [
              3.0811209640721047,
              49.14549799026178
            ],
            [
              3.0811209640721047,
              49.14549799026178
            ],
            [
              3.076679889779952,
              49.14681400829485
            ],
            [
              3.0722388154877973,
              49.148130026327905
            ],
            [
              3.0677977411956454,
              49.14944604436097
            ],
            [
              3.063356666903491,
              49.15076206239403
            ],
            [
              3.058915592611338,
              49.1520780804271
            ],
            [
              3.0544745183191853,
              49.15339409846016
            ],
            [
              3.0500334440270316,
              49.15471011649323
            ],
            [
              3.045592369734879,
              49.15602613452629
            ],
            [
              3.0411512954427242,
              49.15734215255936
            ],
            [
              3.0367102211505714,
              49.158658170592425
            ],
            [
              3.0367102211505714,
              49.158658170592425
            ],
            [
              3.035898016011173,
              49.16053805338885
            ],
            [
              3.035085810871774,
              49.16241793618528
            ],
            [
              3.0342736057323774,
              49.16429781898171
            ],
            [
              3.0334614005929788,
              49.166177701778125
            ],
            [
              3.03264919545358,
              49.168057584574555
            ],
            [
              3.0318369903141815,
              49.169937467370985
            ],
            [
              3.0310247851747802,
              49.17181735016742
            ],
            [
              3.0302125800353834,
              49.17369723296384
            ],
            [
              3.029400374895985,
              49.17557711576027
            ],
            [
              3.028588169756586,
              49.1774569985567
            ],
            [
              3.028588169756586,
              49.1774569985567
            ],
            [
              3.025595866108517,
              49.177707283534154
            ],
            [
              3.022603562460445,
              49.17795756851161
            ],
            [
              3.019611258812376,
              49.17820785348906
            ],
            [
              3.0166189551643066,
              49.17845813846652
            ],
            [
              3.0136266515162355,
              49.17870842344397
            ],
            [
              3.0106343478681663,
              49.17895870842144
            ],
            [
              3.007642044220097,
              49.17920899339889
            ],
            [
              3.0046497405720274,
              49.17945927837634
            ],
            [
              3.0016574369239577,
              49.1797095633538
            ],
            [
              2.998665133275885,
              49.17995984833126
            ],
            [
              2.998665133275885,
              49.17995984833126
            ],
            [
              2.996214271986389,
              49.17895617073625
            ],
            [
              2.993763410696888,
              49.17795249314124
            ],
            [
              2.991312549407388,
              49.17694881554623
            ],
            [
              2.9888616881178884,
              49.17594513795123
            ],
            [
              2.986410826828391,
              49.174941460356216
            ],
            [
              2.9839599655388893,
              49.17393778276121
            ],
            [
              2.98150910424939,
              49.1729341051662
            ],
            [
              2.97905824295989,
              49.17193042757119
            ],
            [
              2.976607381670392,
              49.17092674997619
            ],
            [
              2.974156520380893,
              49.169923072381174
            ],
            [
              2.974156520380893,
              49.169923072381174
            ],
            [
              2.9689945733383936,
              49.17318202467374
            ],
            [
              2.963832626295893,
              49.176440976966305
            ],
            [
              2.9586706792533937,
              49.17969992925887
            ],
            [
              2.953508732210893,
              49.182958881551436
            ],
            [
              2.9483467851683938,
              49.18621783384401
            ],
            [
              2.943184838125895,
              49.189476786136574
            ],
            [
              2.938022891083394,
              49.192735738429135
            ],
            [
              2.9328609440408946,
              49.1959946907217
            ],
            [
              2.927698996998392,
              49.199253643014266
            ],
            [
              2.9225370499558934,
              49.202512595306835
            ]
          ]
        ]
      }
    },
    {
      "type": "Feature",
      "properties": {
        "diocese": "Trecen",
        "province": "Senonen",
        "start": 1592,
        "end": 1622
      },
      "geometry": {
        "type": "Polygon",
        "coordinates": [
          [
            [
              3.6770469035389834,
              48.85474621117681
            ],
            [
              3.6756342083003744,
              48.85368189704373
            ],
            [
              3.6742215130617626,
              48.85261758291065
            ],
            [
              3.6728088178231535,
              48.85155326877759
            ],
            [
              3.6713961225845426,
              48.85048895464452
            ],
            [
              3.6699834273459335,
              48.84942464051145
            ],
            [
              3.6685707321073218,
              48.848360326378376
            ],
            [
              3.667158036868712,
              48.84729601224531
            ],
            [
              3.665745341630101,
              48.846231698112234
            ],
            [
              3.664332646391492,
              48.84516738397917
            ],
            [
              3.66291995115288,
              48.84410306984609
            ],
            [
              3.66291995115288,
              48.84410306984609
            ],
            [
              3.6592002733094984,
              48.84374749315817
            ],
            [
              3.655480595466115,
              48.843391916470246
            ],
            [
              3.6517609176227297,
              48.843036339782316
            ],
            [
              3.648041239779347,
              48.84268076309439
            ],
            [
              3.6443215619359646,
              48.84232518640647
            ],
            [
              3.640601884092582,
              48.841969609718554
            ],
            [
              3.6368822062491986,
              48.84161403303063
            ],
            [
              3.6331625284058124,
              48.84125845634271
            ],
            [
              3.62944285056243,
              48.84090287965478
            ],
            [
              3.6257231727190473,
              48.840547302966854
            ],
            [
              3.6257231727190473,
              48.840547302966854
            ],
            [
              3.6185402775185636,
              48.83979240418406
            ],
            [
              3.6113573823180762,
              48.839037505401265
            ],
            [
              3.604174487117588,
              48.83828260661847
            ],
            [
              3.5969915919171043,
              48.83752770783568
            ],
            [
              3.589808696716618,
              48.83677280905288
            ],
            [
              3.5826258015161305,
              48.83601791027009
            ],
            [
              3.575442906315645,
              48.8352630114873
            ],
            [
              3.5682600111151603,
              48.834508112704505
            ],
            [
              3.561077115914673,
              48.8337532139217
            ],
            [
              3.5538942207141866,
              48.83299831513891
            ],
            [
              3.5538942207141866,
              48.83299831513891
            ],
            [
              3.5475490063291635,
              48.83397202970964
            ],
            [
              3.5412037919441404,
              48.834945744280375
            ],
            [
              3.5348585775591155,
              48.83591945885111
            ],
            [
              3.5285133631740906,
              48.836893173421835
            ],
            [
              3.522168148789065,
              48.83786688799257
            ],
            [
              3.5158229344040417,
              48.8388406025633
            ],
            [
              3.5094777200190186,
              48.83981431713403
            ],
            [
              3.5031325056339937,
              48.84078803170476
            ],
            [
              3.4967872912489697,
              48.84176174627549
            ],
            [
              3.490442076863945,
              48.842735460846214
            ],
            [
              3.490442076863945,
              48.842735460846214
            ],
            [
              3.486015431442351,
              48.841936384932254
            ],
            [
              3.4815887860207533,
              48.84113730901829
            ],
            [
              3.477162140599155,
              48.84033823310433
            ],
            [
              3.472735495177559,
              48.839539157190366
            ],
            [
              3.4683088497559624,
              48.838740081276406
            ],
            [
              3.4638822043343667,
              48.837941005362445
            ],
            [
              3.459455558912771,
              48.837141929448485
            ],
            [
              3.455028913491175,
              48.83634285353452
            ],
            [
              3.4506022680695767,
              48.83554377762056
            ],
            [
              3.4461756226479827,
              48.8347447017066
            ],
            [
              3.4461756226479827,
              48.8347447017066
            ],
            [
              3.4439330737682767,
              48.835187459369095
            ],
            [
              3.4416905248885734,
              48.83563021703159
            ],
            [
              3.4394479760088656,
              48.83607297469409
            ],
            [
              3.4372054271291597,
              48.83651573235659
            ],
            [
              3.4349628782494546,
              48.836958490019086
            ],
            [
              3.4327203293697495,
              48.83740124768159
            ],
            [
              3.4304777804900435,
              48.83784400534409
            ],
            [
              3.4282352316103375,
              48.83828676300658
            ],
            [
              3.4259926827306324,
              48.83872952066908
            ],
            [
              3.4237501338509264,
              48.83917227833158
            ],
            [
              3.4237501338509264,
              48.83917227833158
            ],
            [
              3.421426074306328,
              48.83345132696075
            ],
            [
              3.4191020147617315,
              48.82773037558991
            ],
            [
              3.416777955217134,
              48.82200942421907
            ],
            [
              3.4144538956725357,
              48.816288472848235
            ],
            [
              3.4121298361279373,
              48.810567521477395
            ],
            [
              3.40980577658334,
              48.80484657010656
            ],
            [
              3.4074817170387415,
              48.79912561873573
            ],
            [
              3.405157657494143,
              48.79340466736489
            ],
            [
              3.4028335979495474,
              48.787683715994056
            ],
            [
              3.400509538404949,
              48.781962764623216
            ],
            [
              3.400509538404949,
              48.781962764623216
            ],
            [
              3.4006882005451975,
              48.78083475791458
            ],
            [
              3.4008668626854477,
              48.77970675120596
            ],
            [
              3.401045524825696,
              48.77857874449734
            ],
            [
              3.4012241869659436,
              48.7774507377887
            ],
            [
              3.401402849106192,
              48.77632273108007
            ],
            [
              3.4015815112464405,
              48.775194724371445
            ],
            [
              3.401760173386689,
              48.77406671766282
            ],
            [
              3.4019388355269364,
              48.772938710954186
            ],
            [
              3.4021174976671866,
              48.77181070424556
            ],
            [
              3.402296159807435,
              48.77068269753693
            ],
            [
              3.402296159807435,
              48.77068269753693
            ],
            [
              3.404104686084756,
              48.76792390532845
            ],
            [
              3.405913212362077,
              48.76516511311996
            ],
            [
              3.407721738639394,
              48.762406320911474
            ],
            [
              3.409530264916714,
              48.75964752870299
            ],
            [
              3.411338791194035,
              48.7568887364945
            ],
            [
              3.413147317471356,
              48.754129944286014
            ],
            [
              3.414955843748674,
              48.75137115207753
            ],
            [
              3.416764370025993,
              48.74861235986904
            ],
            [
              3.418572896303314,
              48.74585356766056
            ],
            [
              3.420381422580635,
              48.74309477545207
            ],
            [
              3.420381422580635,
              48.74309477545207
            ],
            [
              3.421101285851574,
              48.74058782076182
            ],
            [
              3.4218211491225135,
              48.738080866071556
            ],
            [
              3.422541012393451,
              48.7355739113813
            ],
            [
              3.4232608756643903,
              48.73306695669104
            ],
            [
              3.4239807389353296,
              48.730560002000786
            ],
            [
              3.424700602206269,
              48.72805304731052
            ],
            [
              3.4254204654772082,
              48.72554609262027
            ],
            [
              3.4261403287481476,
              48.72303913793001
            ],
            [
              3.426860192019085,
              48.72053218323975
            ],
            [
              3.4275800552900244,
              48.718025228549486
            ],
            [
              3.4275800552900244,
              48.718025228549486
            ],
            [
              3.430302323936671,
              48.71877794212829
            ],
            [
              3.433024592583321,
              48.71953065570709
            ],
            [
              3.435746861229967,
              48.72028336928589
            ],
            [
              3.4384691298766143,
              48.72103608286469
            ],
            [
              3.441191398523262,
              48.72178879644349
            ],
            [
              3.44391366716991,
              48.72254151002229
            ],
            [
              3.446635935816557,
              48.72329422360109
            ],
            [
              3.4493582044632025,
              48.72404693717988
            ],
            [
              3.452080473109851,
              48.724799650758676
            ],
            [
              3.4548027417564993,
              48.72555236433748
            ],
            [
              3.4548027417564993,
              48.72555236433748
            ],
            [
              3.456249941358092,
              48.723672640013035
            ],
            [
              3.4576971409596866,
              48.7217929156886
            ],
            [
              3.4591443405612803,
              48.719913191364164
            ],
            [
              3.4605915401628757,
              48.71803346703973
            ],
            [
              3.4620387397644703,
              48.716153742715285
            ],
            [
              3.463485939366065,
              48.714274018390846
            ],
            [
              3.4649331389676603,
              48.712394294066414
            ],
            [
              3.466380338569253,
              48.710514569741974
            ],
            [
              3.4678275381708485,
              48.708634845417535
            ],
            [
              3.4692747377724413,
              48.706755121093096
            ],
            [
              3.4692747377724413,
              48.706755121093096
            ],
            [
              3.469629127468139,
              48.702240865839016
            ],
            [
              3.469983517163835,
              48.697726610584944
            ],
            [
              3.4703379068595326,
              48.69321235533086
            ],
            [
              3.4706922965552285,
              48.68869810007678
            ],
            [
              3.4710466862509253,
              48.6841838448227
            ],
            [
              3.471401075946621,
              48.67966958956861
            ],
            [
              3.471755465642319,
              48.67515533431453
            ],
            [
              3.4721098553380148,
              48.67064107906046
            ],
            [
              3.4724642450337107,
              48.66612682380638
            ],
            [
              3.4728186347294074,
              48.6616125685523
            ],
            [
              3.4728186347294074,
              48.6616125685523
            ],
            [
              3.4708196997966714,
              48.66023298664322
            ],
            [
              3.468820764863939,
              48.65885340473416
            ],
            [
              3.4668218299312055,
              48.65747382282508
            ],
            [
              3.4648228949984694,
              48.65609424091601
            ],
            [
              3.4628239600657342,
              48.654714659006935
            ],
            [
              3.460825025132998,
              48.653335077097864
            ],
            [
              3.458826090200264,
              48.6519554951888
            ],
            [
              3.4568271552675287,
              48.650575913279724
            ],
            [
              3.454828220334797,
              48.64919633137065
            ],
            [
              3.452829285402061,
              48.647816749461576
            ],
            [
              3.452829285402061,
              48.647816749461576
            ],
            [
              3.453185128619243,
              48.644055595289025
            ],
            [
              3.453540971836422,
              48.640294441116474
            ],
            [
              3.453896815053605,
              48.63653328694392
            ],
            [
              3.4542526582707853,
              48.63277213277137
            ],
            [
              3.4546085014879675,
              48.62901097859882
            ],
            [
              3.454964344705148,
              48.62524982442627
            ],
            [
              3.4553201879223283,
              48.62148867025371
            ],
            [
              3.4556760311395087,
              48.61772751608116
            ],
            [
              3.456031874356689,
              48.6139663619086
            ],
            [
              3.456387717573872,
              48.61020520773606
            ],
            [
              3.456387717573872,
              48.61020520773606
            ],
            [
              3.450941293831494,
              48.606943613441516
            ],
            [
              3.4454948700891177,
              48.60368201914698
            ],
            [
              3.4400484463467396,
              48.60042042485244
            ],
            [
              3.434602022604363,
              48.5971588305579
            ],
            [
              3.429155598861984,
              48.593897236263366
            ],
            [
              3.4237091751196087,
              48.59063564196883
            ],
            [
              3.4182627513772315,
              48.58737404767429
            ],
            [
              3.412816327634854,
              48.58411245337976
            ],
            [
              3.4073699038924787,
              48.58085085908522
            ],
            [
              3.4019234801500997,
              48.577589264790674
            ],
            [
              3.4019234801500997,
              48.577589264790674
            ],
            [
              3.402460566050539,
              48.574078126547775
            ],
            [
              3.4029976519509764,
              48.57056698830486
            ],
            [
              3.4035347378514156,
              48.56705585006195
            ],
            [
              3.404071823751855,
              48.56354471181904
            ],
            [
              3.4046089096522905,
              48.56003357357613
            ],
            [
              3.4051459955527297,
              48.55652243533323
            ],
            [
              3.405683081453169,
              48.55301129709031
            ],
            [
              3.4062201673536046,
              48.549500158847394
            ],
            [
              3.4067572532540455,
              48.545989020604495
            ],
            [
              3.407294339154483,
              48.54247788236158
            ],
            [
              3.407294339154483,
              48.54247788236158
            ],
            [
              3.4083745642107393,
              48.53859192908929
            ],
            [
              3.4094547892669955,
              48.53470597581701
            ],
            [
              3.410535014323249,
              48.530820022544724
            ],
            [
              3.4116152393795054,
              48.52693406927245
            ],
            [
              3.4126954644357634,
              48.52304811600017
            ],
            [
              3.413775689492018,
              48.51916216272788
            ],
            [
              3.414855914548274,
              48.51527620945559
            ],
            [
              3.4159361396045305,
              48.511390256183304
            ],
            [
              3.417016364660785,
              48.50750430291103
            ],
            [
              3.4180965897170403,
              48.50361834963874
            ],
            [
              3.4180965897170403,
              48.50361834963874
            ],
            [
              3.423172780109271,
              48.50236551330845
            ],
            [
              3.428248970501501,
              48.501112676978146
            ],
            [
              3.4333251608937325,
              48.499859840647865
            ],
            [
              3.4384013512859615,
              48.49860700431757
            ],
            [
              3.443477541678193,
              48.49735416798727
            ],
            [
              3.4485537320704247,
              48.49610133165698
            ],
            [
              3.4536299224626537,
              48.49484849532669
            ],
            [
              3.4587061128548853,
              48.49359565899639
            ],
            [
              3.4637823032471133,
              48.492342822666096
            ],
            [
              3.468858493639344,
              48.491089986335815
            ],
            [
              3.468858493639344,
              48.491089986335815
            ],
            [
              3.4679319252136085,
              48.48093302187612
            ],
            [
              3.4670053567878685,
              48.47077605741643
            ],
            [
              3.466078788362133,
              48.46061909295674
            ],
            [
              3.465152219936393,
              48.450462128497044
            ],
            [
              3.4642256515106573,
              48.440305164037355
            ],
            [
              3.4632990830849217,
              48.430148199577665
            ],
            [
              3.4623725146591817,
              48.41999123511796
            ],
            [
              3.461445946233446,
              48.40983427065827
            ],
            [
              3.460519377807707,
              48.39967730619858
            ],
            [
              3.4595928093819706,
              48.38952034173889
            ],
            [
              3.4595928093819706,
              48.38952034173889
            ],
            [
              3.4579534770073974,
              48.3855076578918
            ],
            [
              3.456314144632825,
              48.381494974044706
            ],
            [
              3.4546748122582476,
              48.377482290197605
            ],
            [
              3.4530354798836753,
              48.37346960635052
            ],
            [
              3.451396147509103,
              48.369456922503424
            ],
            [
              3.449756815134529,
              48.36544423865632
            ],
            [
              3.4481174827599568,
              48.36143155480923
            ],
            [
              3.446478150385381,
              48.357418870962135
            ],
            [
              3.4448388180108087,
              48.35340618711504
            ],
            [
              3.4431994856362356,
              48.349393503267954
            ],
            [
              3.4431994856362356,
              48.349393503267954
            ],
            [
              3.4462782737245363,
              48.34751418612985
            ],
            [
              3.449357061812837,
              48.34563486899175
            ],
            [
              3.452435849901138,
              48.34375555185367
            ],
            [
              3.455514637989437,
              48.34187623471557
            ],
            [
              3.4585934260777402,
              48.33999691757747
            ],
            [
              3.461672214166041,
              48.338117600439375
            ],
            [
              3.4647510022543417,
              48.336238283301284
            ],
            [
              3.4678297903426425,
              48.334358966163194
            ],
            [
              3.4709085784309415,
              48.33247964902509
            ],
            [
              3.4739873665192422,
              48.33060033188699
            ],
            [
              3.4739873665192422,
              48.33060033188699
            ],
            [
              3.4781570759848113,
              48.32959830108118
            ],
            [
              3.482326785450374,
              48.32859627027536
            ],
            [
              3.4864964949159405,
              48.32759423946955
            ],
            [
              3.490666204381507,
              48.32659220866373
            ],
            [
              3.4948359138470724,
              48.32559017785792
            ],
            [
              3.4990056233126414,
              48.324588147052104
            ],
            [
              3.5031753327782043,
              48.32358611624629
            ],
            [
              3.5073450422437715,
              48.32258408544047
            ],
            [
              3.511514751709337,
              48.32158205463465
            ],
            [
              3.5156844611749025,
              48.32058002382884
            ],
            [
              3.5156844611749025,
              48.32058002382884
            ],
            [
              3.5173107241961907,
              48.31782119160327
            ],
            [
              3.51893698721748,
              48.31506235937772
            ],
            [
              3.52056325023877,
              48.31230352715215
            ],
            [
              3.522189513260057,
              48.3095446949266
            ],
            [
              3.5238157762813462,
              48.306785862701034
            ],
            [
              3.5254420393026327,
              48.30402703047548
            ],
            [
              3.5270683023239218,
              48.30126819824992
            ],
            [
              3.528694565345211,
              48.29850936602436
            ],
            [
              3.530320828366499,
              48.2957505337988
            ],
            [
              3.5319470913877864,
              48.29299170157324
            ],
            [
              3.5319470913877864,
              48.29299170157324
            ],
            [
              3.5368431977769927,
              48.292867943587304
            ],
            [
              3.541739304166199,
              48.29274418560135
            ],
            [
              3.5466354105554037,
              48.292620427615404
            ],
            [
              3.551531516944611,
              48.29249666962946
            ],
            [
              3.556427623333819,
              48.29237291164352
            ],
            [
              3.5613237297230254,
              48.29224915365757
            ],
            [
              3.5662198361122317,
              48.292125395671626
            ],
            [
              3.5711159425014363,
              48.29200163768568
            ],
            [
              3.5760120488906435,
              48.29187787969974
            ],
            [
              3.580908155279848,
              48.29175412171379
            ],
            [
              3.580908155279848,
              48.29175412171379
            ],
            [
              3.581445968970248,
              48.28862006727251
            ],
            [
              3.581983782660649,
              48.285486012831235
            ],
            [
              3.582521596351047,
              48.28235195838995
            ],
            [
              3.583059410041449,
              48.279217903948684
            ],
            [
              3.583597223731847,
              48.2760838495074
            ],
            [
              3.584135037422245,
              48.27294979506613
            ],
            [
              3.584672851112647,
              48.26981574062485
            ],
            [
              3.585210664803047,
              48.266681686183574
            ],
            [
              3.585748478493447,
              48.2635476317423
            ],
            [
              3.586286292183845,
              48.26041357730102
            ],
            [
              3.586286292183845,
              48.26041357730102
            ],
            [
              3.589907782372934,
              48.25715424056532
            ],
            [
              3.5935292725620216,
              48.253894903829625
            ],
            [
              3.597150762751109,
              48.250635567093916
            ],
            [
              3.6007722529401964,
              48.24737623035822
            ],
            [
              3.604393743129284,
              48.24411689362252
            ],
            [
              3.6080152333183713,
              48.240857556886816
            ],
            [
              3.611636723507457,
              48.23759822015111
            ],
            [
              3.615258213696546,
              48.23433888341542
            ],
            [
              3.6188797038856353,
              48.23107954667971
            ],
            [
              3.6225011940747227,
              48.227820209944014
            ],
            [
              3.6225011940747227,
              48.227820209944014
            ],
            [
              3.6219517645525214,
              48.224935849394164
            ],
            [
              3.62140233503032,
              48.22205148884431
            ],
            [
              3.6208529055081216,
              48.219167128294465
            ],
            [
              3.6203034759859203,
              48.21628276774461
            ],
            [
              3.619754046463719,
              48.21339840719476
            ],
            [
              3.6192046169415195,
              48.21051404664491
            ],
            [
              3.61865518741932,
              48.20762968609506
            ],
            [
              3.6181057578971187,
              48.20474532554522
            ],
            [
              3.6175563283749175,
              48.20186096499536
            ],
            [
              3.617006898852719,
              48.198976604445505
            ],
            [
              3.617006898852719,
              48.198976604445505
            ],
            [
              3.617184271650482,
              48.19722154856652
            ],
            [
              3.6173616444482453,
              48.19546649268752
            ],
            [
              3.617539017246005,
              48.193711436808535
            ],
            [
              3.617716390043768,
              48.19195638092953
            ],
            [
              3.6178937628415304,
              48.19020132505054
            ],
            [
              3.6180711356392936,
              48.18844626917155
            ],
            [
              3.618248508437057,
              48.186691213292555
            ],
            [
              3.6184258812348173,
              48.18493615741356
            ],
            [
              3.6186032540325805,
              48.183181101534565
            ],
            [
              3.618780626830342,
              48.18142604565558
            ],
            [
              3.618780626830342,
              48.18142604565558
            ],
            [
              3.622044901435969,
              48.18117582308304
            ],
            [
              3.625309176041593,
              48.1809256005105
            ],
            [
              3.628573450647218,
              48.180675377937966
            ],
            [
              3.631837725252842,
              48.18042515536543
            ],
            [
              3.6351019998584673,
              48.180174932792895
            ],
            [
              3.638366274464094,
              48.17992471022036
            ],
            [
              3.6416305490697174,
              48.179674487647816
            ],
            [
              3.6448948236753433,
              48.17942426507528
            ],
            [
              3.6481590982809684,
              48.179174042502744
            ],
            [
              3.6514233728865944,
              48.17892381993021
            ],
            [
              3.6514233728865944,
              48.17892381993021
            ],
            [
              3.6550523141701796,
              48.18030381410012
            ],
            [
              3.658681255453764,
              48.18168380827002
            ],
            [
              3.6623101967373493,
              48.18306380243994
            ],
            [
              3.6659391380209345,
              48.18444379660985
            ],
            [
              3.6695680793045216,
              48.18582379077976
            ],
            [
              3.6731970205881077,
              48.187203784949666
            ],
            [
              3.676825961871693,
              48.188583779119575
            ],
            [
              3.6804549031552782,
              48.18996377328949
            ],
            [
              3.6840838444388635,
              48.1913437674594
            ],
            [
              3.6877127857224488,
              48.19272376162932
            ],
            [
              3.6877127857224488,
              48.19272376162932
            ],
            [
              3.689888773117745,
              48.192223302230474
            ],
            [
              3.6920647605130434,
              48.19172284283165
            ],
            [
              3.6942407479083363,
              48.191222383432816
            ],
            [
              3.6964167353036337,
              48.190721924033994
            ],
            [
              3.69859272269893,
              48.19022146463516
            ],
            [
              3.7007687100942257,
              48.18972100523633
            ],
            [
              3.702944697489525,
              48.18922054583749
            ],
            [
              3.705120684884817,
              48.18872008643867
            ],
            [
              3.707296672280115,
              48.18821962703984
            ],
            [
              3.7094726596754115,
              48.18771916764101
            ],
            [
              3.7094726596754115,
              48.18771916764101
            ],
            [
              3.7076551772060644,
              48.185837562047034
            ],
            [
              3.7058376947367164,
              48.18395595645306
            ],
            [
              3.70402021226737,
              48.1820743508591
            ],
            [
              3.7022027297980222,
              48.180192745265124
            ],
            [
              3.7003852473286742,
              48.17831113967115
            ],
            [
              3.698567764859327,
              48.17642953407719
            ],
            [
              3.6967502823899783,
              48.174547928483214
            ],
            [
              3.694932799920631,
              48.17266632288925
            ],
            [
              3.693115317451284,
              48.17078471729528
            ],
            [
              3.691297834981936,
              48.168903111701304
            ],
            [
              3.691297834981936,
              48.168903111701304
            ],
            [
              3.6927398732971093,
              48.16439019987614
            ],
            [
              3.694181911612286,
              48.15987728805095
            ],
            [
              3.69562394992746,
              48.15536437622577
            ],
            [
              3.697065988242635,
              48.1508514644006
            ],
            [
              3.69850802655781,
              48.146338552575415
            ],
            [
              3.6999500648729833,
              48.14182564075024
            ],
            [
              3.701392103188159,
              48.13731272892506
            ],
            [
              3.702834141503334,
              48.13279981709988
            ],
            [
              3.704276179818509,
              48.128286905274706
            ],
            [
              3.705718218133683,
              48.123773993449525
            ],
            [
              3.705718218133683,
              48.123773993449525
            ],
            [
              3.708259433748909,
              48.12515371069252
            ],
            [
              3.7108006493641343,
              48.12653342793554
            ],
            [
              3.7133418649793613,
              48.12791314517854
            ],
            [
              3.7158830805945837,
              48.12929286242155
            ],
            [
              3.7184242962098097,
              48.13067257966455
            ],
            [
              3.7209655118250375,
              48.13205229690755
            ],
            [
              3.723506727440261,
              48.133432014150564
            ],
            [
              3.726047943055487,
              48.13481173139357
            ],
            [
              3.728589158670712,
              48.136191448636566
            ],
            [
              3.731130374285939,
              48.13757116587958
            ],
            [
              3.731130374285939,
              48.13757116587958
            ],
            [
              3.7323994732998105,
              48.137069413632496
            ],
            [
              3.7336685723136775,
              48.13656766138542
            ],
            [
              3.734937671327549,
              48.13606590913834
            ],
            [
              3.7362067703414223,
              48.13556415689126
            ],
            [
              3.737475869355294,
              48.13506240464419
            ],
            [
              3.738744968369161,
              48.13456065239711
            ],
            [
              3.7400140673830324,
              48.13405890015002
            ],
            [
              3.741283166396905,
              48.133557147902955
            ],
            [
              3.7425522654107746,
              48.13305539565587
            ],
            [
              3.7438213644246443,
              48.1325536434088
            ],
            [
              3.7438213644246443,
              48.1325536434088
            ],
            [
              3.743090933457625,
              48.12954425780781
            ],
            [
              3.742360502490604,
              48.12653487220683
            ],
            [
              3.741630071523583,
              48.12352548660584
            ],
            [
              3.7408996405565618,
              48.12051610100486
            ],
            [
              3.740169209589538,
              48.11750671540387
            ],
            [
              3.739438778622517,
              48.11449732980289
            ],
            [
              3.738708347655496,
              48.111487944201905
            ],
            [
              3.737977916688475,
              48.108478558600915
            ],
            [
              3.7372474857214537,
              48.10546917299993
            ],
            [
              3.7365170547544344,
              48.10245978739895
            ],
            [
              3.7365170547544344,
              48.10245978739895
            ],
            [
              3.737239985119906,
              48.10158294827009
            ],
            [
              3.737962915485379,
              48.10070610914123
            ],
            [
              3.7386858458508505,
              48.099829270012364
            ],
            [
              3.7394087762163246,
              48.09895243088351
            ],
            [
              3.740131706581796,
              48.09807559175464
            ],
            [
              3.740854636947271,
              48.09719875262578
            ],
            [
              3.7415775673127443,
              48.09632191349692
            ],
            [
              3.7423004976782157,
              48.09544507436806
            ],
            [
              3.743023428043689,
              48.094568235239194
            ],
            [
              3.7437463584091604,
              48.09369139611033
            ],
            [
              3.7437463584091604,
              48.09369139611033
            ],
            [
              3.746830278194168,
              48.093692165746816
            ],
            [
              3.7499141979791744,
              48.093692935383295
            ],
            [
              3.752998117764179,
              48.09369370501978
            ],
            [
              3.7560820375491883,
              48.09369447465626
            ],
            [
              3.759165957334195,
              48.09369524429274
            ],
            [
              3.7622498771192014,
              48.09369601392922
            ],
            [
              3.765333796904209,
              48.093696783565704
            ],
            [
              3.7684177166892137,
              48.093697553202176
            ],
            [
              3.77150163647422,
              48.093698322838655
            ],
            [
              3.7745855562592276,
              48.09369909247514
            ],
            [
              3.7745855562592276,
              48.09369909247514
            ],
            [
              3.7763998409506763,
              48.094702616672656
            ],
            [
              3.778214125642124,
              48.09570614087016
            ],
            [
              3.7800284103335726,
              48.096709665067685
            ],
            [
              3.781842695025022,
              48.0977131892652
            ],
            [
              3.783656979716469,
              48.09871671346271
            ],
            [
              3.785471264407914,
              48.09972023766022
            ],
            [
              3.7872855490993618,
              48.100723761857736
            ],
            [
              3.7890998337908104,
              48.10172728605526
            ],
            [
              3.79091411848226,
              48.10273081025276
            ],
            [
              3.7927284031737067,
              48.10373433445028
            ],
            [
              3.7927284031737067,
              48.10373433445028
            ],
            [
              3.7949047088352104,
              48.10335778848928
            ],
            [
              3.797081014496714,
              48.10298124252827
            ],
            [
              3.799257320158213,
              48.10260469656726
            ],
            [
              3.801433625819716,
              48.102228150606265
            ],
            [
              3.8036099314812195,
              48.101851604645255
            ],
            [
              3.8057862371427214,
              48.10147505868425
            ],
            [
              3.807962542804223,
              48.101098512723254
            ],
            [
              3.810138848465724,
              48.10072196676225
            ],
            [
              3.8123151541272278,
              48.10034542080125
            ],
            [
              3.8144914597887305,
              48.09996887484024
            ],
            [
              3.8144914597887305,
              48.09996887484024
            ],
            [
              3.8190271252747423,
              48.10122410994723
            ],
            [
              3.823562790760755,
              48.102479345054235
            ],
            [
              3.8280984562467704,
              48.10373458016123
            ],
            [
              3.8326341217327813,
              48.10498981526822
            ],
            [
              3.837169787218794,
              48.10624505037522
            ],
            [
              3.8417054527048076,
              48.10750028548221
            ],
            [
              3.8462411181908185,
              48.108755520589206
            ],
            [
              3.850776783676833,
              48.1100107556962
            ],
            [
              3.8553124491628465,
              48.1112659908032
            ],
            [
              3.8598481146488575,
              48.11252122591019
            ],
            [
              3.8598481146488575,
              48.11252122591019
            ],
            [
              3.8654659906754216,
              48.110140473468995
            ],
            [
              3.871083866701985,
              48.107759721027804
            ],
            [
              3.876701742728549,
              48.105378968586614
            ],
            [
              3.8823196187551114,
              48.102998216145416
            ],
            [
              3.8879374947816765,
              48.100617463704225
            ],
            [
              3.8935553708082407,
              48.09823671126303
            ],
            [
              3.899173246834804,
              48.095855958821836
            ],
            [
              3.904791122861368,
              48.09347520638064
            ],
            [
              3.9104089988879305,
              48.09109445393944
            ],
            [
              3.9160268749144955,
              48.08871370149825
            ],
            [
              3.9160268749144955,
              48.08871370149825
            ],
            [
              3.920001979560707,
              48.081317198404335
            ],
            [
              3.9239770842069164,
              48.07392069531043
            ],
            [
              3.927952188853127,
              48.06652419221652
            ],
            [
              3.931927293499339,
              48.059127689122604
            ],
            [
              3.9359023981455477,
              48.05173118602869
            ],
            [
              3.93987750279176,
              48.04433468293478
            ],
            [
              3.943852607437972,
              48.036938179840874
            ],
            [
              3.94782771208418,
              48.029541676746966
            ],
            [
              3.951802816730391,
              48.02214517365306
            ],
            [
              3.9557779213766033,
              48.01474867055914
            ],
            [
              3.9557779213766033,
              48.01474867055914
            ],
            [
              3.9633962964124563,
              48.015377626152
            ],
            [
              3.971014671448311,
              48.01600658174485
            ],
            [
              3.978633046484164,
              48.0166355373377
            ],
            [
              3.986251421520017,
              48.01726449293055
            ],
            [
              3.9938697965558716,
              48.01789344852341
            ],
            [
              4.001488171591722,
              48.01852240411626
            ],
            [
              4.009106546627576,
              48.01915135970911
            ],
            [
              4.016724921663432,
              48.019780315301965
            ],
            [
              4.024343296699286,
              48.020409270894824
            ],
            [
              4.031961671735139,
              48.021038226487676
            ],
            [
              4.031961671735139,
              48.021038226487676
            ],
            [
              4.034328581668248,
              48.02580312610976
            ],
            [
              4.036695491601357,
              48.03056802573184
            ],
            [
              4.039062401534466,
              48.03533292535391
            ],
            [
              4.041429311467576,
              48.040097824975994
            ],
            [
              4.043796221400685,
              48.04486272459808
            ],
            [
              4.046163131333794,
              48.04962762422015
            ],
            [
              4.048530041266902,
              48.05439252384224
            ],
            [
              4.050896951200015,
              48.05915742346432
            ],
            [
              4.053263861133123,
              48.0639223230864
            ],
            [
              4.055630771066232,
              48.068687222708476
            ],
            [
              4.055630771066232,
              48.068687222708476
            ],
            [
              4.0594415702095255,
              48.06981622504448
            ],
            [
              4.063252369352821,
              48.07094522738047
            ],
            [
              4.067063168496116,
              48.07207422971647
            ],
            [
              4.070873967639413,
              48.07320323205247
            ],
            [
              4.074684766782708,
              48.074332234388464
            ],
            [
              4.078495565926,
              48.075461236724465
            ],
            [
              4.082306365069297,
              48.076590239060465
            ],
            [
              4.086117164212592,
              48.077719241396466
            ],
            [
              4.089927963355887,
              48.07884824373246
            ],
            [
              4.09373876249918,
              48.07997724606845
            ],
            [
              4.09373876249918,
              48.07997724606845
            ],
            [
              4.100260570346597,
              48.07684468501888
            ],
            [
              4.10678237819401,
              48.0737121239693
            ],
            [
              4.1133041860414234,
              48.07057956291972
            ],
            [
              4.119825993888838,
              48.06744700187014
            ],
            [
              4.12634780173625,
              48.06431444082057
            ],
            [
              4.132869609583665,
              48.061181879770984
            ],
            [
              4.139391417431078,
              48.058049318721395
            ],
            [
              4.145913225278491,
              48.05491675767182
            ],
            [
              4.152435033125904,
              48.05178419662224
            ],
            [
              4.158956840973319,
              48.04865163557267
            ],
            [
              4.158956840973319,
              48.04865163557267
            ],
            [
              4.160408153736171,
              48.04890302951843
            ],
            [
              4.161859466499024,
              48.04915442346419
            ],
            [
              4.1633107792618755,
              48.04940581740995
            ],
            [
              4.164762092024727,
              48.049657211355715
            ],
            [
              4.16621340478758,
              48.04990860530147
            ],
            [
              4.1676647175504336,
              48.050159999247235
            ],
            [
              4.169116030313285,
              48.05041139319299
            ],
            [
              4.1705673430761365,
              48.05066278713875
            ],
            [
              4.172018655838988,
              48.05091418108451
            ],
            [
              4.173469968601841,
              48.05116557503027
            ],
            [
              4.173469968601841,
              48.05116557503027
            ],
            [
              4.173479163952754,
              48.055929886250816
            ],
            [
              4.173488359303667,
              48.06069419747135
            ],
            [
              4.173497554654579,
              48.06545850869188
            ],
            [
              4.173506750005492,
              48.07022281991243
            ],
            [
              4.173515945356405,
              48.074987131132964
            ],
            [
              4.1735251407073175,
              48.079751442353505
            ],
            [
              4.173534336058232,
              48.084515753574046
            ],
            [
              4.1735435314091465,
              48.08928006479459
            ],
            [
              4.173552726760059,
              48.09404437601513
            ],
            [
              4.173561922110972,
              48.09880868723566
            ],
            [
              4.173561922110972,
              48.09880868723566
            ],
            [
              4.178095944423665,
              48.09843380166729
            ],
            [
              4.182629966736357,
              48.09805891609891
            ],
            [
              4.187163989049051,
              48.09768403053052
            ],
            [
              4.191698011361744,
              48.09730914496213
            ],
            [
              4.196232033674436,
              48.096934259393755
            ],
            [
              4.200766055987129,
              48.09655937382537
            ],
            [
              4.205300078299821,
              48.096184488256995
            ],
            [
              4.209834100612515,
              48.09580960268862
            ],
            [
              4.214368122925208,
              48.095434717120234
            ],
            [
              4.2189021452379,
              48.09505983155185
            ],
            [
              4.2189021452379,
              48.09505983155185
            ],
            [
              4.221443119635802,
              48.096314568855036
            ],
            [
              4.223984094033705,
              48.09756930615821
            ],
            [
              4.226525068431604,
              48.0988240434614
            ],
            [
              4.229066042829507,
              48.100078780764576
            ],
            [
              4.231607017227407,
              48.10133351806776
            ],
            [
              4.23414799162531,
              48.10258825537094
            ],
            [
              4.236688966023211,
              48.103842992674124
            ],
            [
              4.239229940421112,
              48.10509772997731
            ],
            [
              4.241770914819014,
              48.106352467280495
            ],
            [
              4.244311889216915,
              48.10760720458368
            ],
            [
              4.244311889216915,
              48.10760720458368
            ],
            [
              4.243774316743838,
              48.11086623896478
            ],
            [
              4.24323674427076,
              48.11412527334587
            ],
            [
              4.242699171797689,
              48.11738430772697
            ],
            [
              4.242161599324611,
              48.120643342108075
            ],
            [
              4.241624026851536,
              48.12390237648918
            ],
            [
              4.241086454378463,
              48.12716141087027
            ],
            [
              4.240548881905385,
              48.130420445251374
            ],
            [
              4.24001130943231,
              48.13367947963248
            ],
            [
              4.239473736959235,
              48.13693851401358
            ],
            [
              4.238936164486159,
              48.140197548394674
            ],
            [
              4.238936164486159,
              48.140197548394674
            ],
            [
              4.241119118461755,
              48.144085382561386
            ],
            [
              4.2433020724373485,
              48.1479732167281
            ],
            [
              4.245485026412943,
              48.15186105089481
            ],
            [
              4.24766798038854,
              48.15574888506152
            ],
            [
              4.249850934364137,
              48.159636719228224
            ],
            [
              4.2520338883397315,
              48.163524553394936
            ],
            [
              4.254216842315326,
              48.16741238756165
            ],
            [
              4.256399796290921,
              48.17130022172835
            ],
            [
              4.258582750266516,
              48.17518805589507
            ],
            [
              4.260765704242111,
              48.179075890061775
            ],
            [
              4.260765704242111,
              48.179075890061775
            ],
            [
              4.2671163191241845,
              48.180080546365645
            ],
            [
              4.273466934006263,
              48.18108520266952
            ],
            [
              4.279817548888339,
              48.18208985897339
            ],
            [
              4.286168163770414,
              48.18309451527727
            ],
            [
              4.292518778652489,
              48.184099171581146
            ],
            [
              4.298869393534563,
              48.185103827885015
            ],
            [
              4.30522000841664,
              48.18610848418889
            ],
            [
              4.311570623298715,
              48.18711314049276
            ],
            [
              4.3179212381807925,
              48.18811779679664
            ],
            [
              4.324271853062866,
              48.18912245310051
            ],
            [
              4.324271853062866,
              48.18912245310051
            ],
            [
              4.327181737972795,
              48.19338648578206
            ],
            [
              4.330091622882723,
              48.197650518463604
            ],
            [
              4.333001507792654,
              48.201914551145144
            ],
            [
              4.335911392702581,
              48.20617858382669
            ],
            [
              4.338821277612508,
              48.21044261650824
            ],
            [
              4.3417311625224375,
              48.21470664918977
            ],
            [
              4.344641047432365,
              48.21897068187132
            ],
            [
              4.347550932342294,
              48.223234714552866
            ],
            [
              4.350460817252225,
              48.22749874723441
            ],
            [
              4.353370702162152,
              48.231762779915954
            ],
            [
              4.353370702162152,
              48.231762779915954
            ],
            [
              4.3573656510316745,
              48.23464800034465
            ],
            [
              4.361360599901197,
              48.23753322077335
            ],
            [
              4.365355548770715,
              48.24041844120204
            ],
            [
              4.369350497640239,
              48.24330366163073
            ],
            [
              4.373345446509759,
              48.24618888205943
            ],
            [
              4.37734039537928,
              48.24907410248812
            ],
            [
              4.381335344248804,
              48.25195932291682
            ],
            [
              4.385330293118322,
              48.25484454334552
            ],
            [
              4.389325241987844,
              48.257729763774215
            ],
            [
              4.3933201908573665,
              48.26061498420291
            ],
            [
              4.3933201908573665,
              48.26061498420291
            ],
            [
              4.403475587170872,
              48.26049146675774
            ],
            [
              4.413630983484378,
              48.26036794931258
            ],
            [
              4.423786379797884,
              48.26024443186741
            ],
            [
              4.433941776111391,
              48.26012091442225
            ],
            [
              4.444097172424897,
              48.259997396977084
            ],
            [
              4.4542525687384025,
              48.25987387953192
            ],
            [
              4.46440796505191,
              48.259750362086756
            ],
            [
              4.474563361365416,
              48.259626844641595
            ],
            [
              4.484718757678921,
              48.25950332719643
            ],
            [
              4.494874153992427,
              48.259379809751266
            ],
            [
              4.494874153992427,
              48.259379809751266
            ],
            [
              4.496322561770748,
              48.25812606805571
            ],
            [
              4.497770969549071,
              48.25687232636015
            ],
            [
              4.499219377327396,
              48.255618584664596
            ],
            [
              4.500667785105714,
              48.254364842969046
            ],
            [
              4.502116192884037,
              48.25311110127349
            ],
            [
              4.50356460066236,
              48.25185735957793
            ],
            [
              4.505013008440681,
              48.250603617882376
            ],
            [
              4.506461416219004,
              48.24934987618682
            ],
            [
              4.507909823997323,
              48.24809613449126
            ],
            [
              4.509358231775646,
              48.246842392795706
            ],
            [
              4.509358231775646,
              48.246842392795706
            ],
            [
              4.5106217661652135,
              48.24345748771864
            ],
            [
              4.5118853005547805,
              48.24007258264158
            ],
            [
              4.513148834944348,
              48.23668767756452
            ],
            [
              4.514412369333915,
              48.23330277248745
            ],
            [
              4.515675903723482,
              48.22991786741038
            ],
            [
              4.516939438113049,
              48.22653296233332
            ],
            [
              4.518202972502616,
              48.22314805725625
            ],
            [
              4.519466506892183,
              48.21976315217919
            ],
            [
              4.52073004128175,
              48.21637824710212
            ],
            [
              4.5219935756713205,
              48.21299334202505
            ],
            [
              4.5219935756713205,
              48.21299334202505
            ],
            [
              4.525618888286733,
              48.212493244326154
            ],
            [
              4.529244200902147,
              48.21199314662725
            ],
            [
              4.532869513517561,
              48.21149304892835
            ],
            [
              4.5364948261329765,
              48.21099295122944
            ],
            [
              4.540120138748392,
              48.210492853530546
            ],
            [
              4.543745451363806,
              48.20999275583164
            ],
            [
              4.547370763979222,
              48.20949265813273
            ],
            [
              4.550996076594636,
              48.20899256043383
            ],
            [
              4.554621389210052,
              48.20849246273493
            ],
            [
              4.558246701825466,
              48.20799236503603
            ],
            [
              4.558246701825466,
              48.20799236503603
            ],
            [
              4.561691495441261,
              48.20761720763498
            ],
            [
              4.565136289057062,
              48.20724205023393
            ],
            [
              4.568581082672859,
              48.206866892832885
            ],
            [
              4.572025876288656,
              48.20649173543184
            ],
            [
              4.5754706699044565,
              48.20611657803079
            ],
            [
              4.578915463520252,
              48.205741420629735
            ],
            [
              4.582360257136051,
              48.20536626322868
            ],
            [
              4.585805050751848,
              48.20499110582764
            ],
            [
              4.589249844367648,
              48.20461594842659
            ],
            [
              4.592694637983444,
              48.20424079102554
            ],
            [
              4.592694637983444,
              48.20424079102554
            ],
            [
              4.5972385813785746,
              48.209006233957595
            ],
            [
              4.601782524773704,
              48.21377167688965
            ],
            [
              4.606326468168831,
              48.2185371198217
            ],
            [
              4.610870411563962,
              48.22330256275375
            ],
            [
              4.615414354959089,
              48.228068005685806
            ],
            [
              4.61995829835422,
              48.23283344861786
            ],
            [
              4.624502241749349,
              48.237598891549915
            ],
            [
              4.629046185144476,
              48.24236433448196
            ],
            [
              4.633590128539607,
              48.24712977741402
            ],
            [
              4.638134071934736,
              48.25189522034607
            ],
            [
              4.638134071934736,
              48.25189522034607
            ],
            [
              4.644662413424296,
              48.25214788133728
            ],
            [
              4.651190754913854,
              48.25240054232848
            ],
            [
              4.657719096403415,
              48.25265320331968
            ],
            [
              4.664247437892973,
              48.2529058643109
            ],
            [
              4.670775779382531,
              48.2531585253021
            ],
            [
              4.677304120872089,
              48.253411186293306
            ],
            [
              4.683832462361648,
              48.253663847284514
            ],
            [
              4.690360803851206,
              48.25391650827572
            ],
            [
              4.696889145340766,
              48.25416916926693
            ],
            [
              4.703417486830325,
              48.25442183025814
            ],
            [
              4.703417486830325,
              48.25442183025814
            ],
            [
              4.706503421699898,
              48.25542567181422
            ],
            [
              4.709589356569468,
              48.25642951337031
            ],
            [
              4.712675291439043,
              48.257433354926384
            ],
            [
              4.715761226308613,
              48.25843719648246
            ],
            [
              4.718847161178186,
              48.259441038038545
            ],
            [
              4.721933096047756,
              48.26044487959463
            ],
            [
              4.725019030917327,
              48.261448721150714
            ],
            [
              4.728104965786901,
              48.26245256270679
            ],
            [
              4.731190900656472,
              48.26345640426288
            ],
            [
              4.734276835526044,
              48.26446024581896
            ],
            [
              4.734276835526044,
              48.26446024581896
            ],
            [
              4.735732018174392,
              48.26671671157336
            ],
            [
              4.7371872008227385,
              48.26897317732775
            ],
            [
              4.7386423834710865,
              48.27122964308215
            ],
            [
              4.7400975661194344,
              48.27348610883655
            ],
            [
              4.741552748767782,
              48.27574257459094
            ],
            [
              4.74300793141613,
              48.27799904034534
            ],
            [
              4.744463114064475,
              48.280255506099735
            ],
            [
              4.745918296712823,
              48.28251197185413
            ],
            [
              4.747373479361173,
              48.28476843760853
            ],
            [
              4.748828662009517,
              48.287024903362926
            ],
            [
              4.748828662009517,
              48.287024903362926
            ],
            [
              4.751909548185067,
              48.28627363804477
            ],
            [
              4.754990434360616,
              48.28552237272662
            ],
            [
              4.7580713205361675,
              48.28477110740846
            ],
            [
              4.761152206711715,
              48.28401984209031
            ],
            [
              4.764233092887263,
              48.28326857677215
            ],
            [
              4.767313979062813,
              48.282517311454
            ],
            [
              4.770394865238362,
              48.28176604613584
            ],
            [
              4.77347575141391,
              48.281014780817685
            ],
            [
              4.77655663758946,
              48.28026351549953
            ],
            [
              4.779637523765009,
              48.27951225018138
            ],
            [
              4.779637523765009,
              48.27951225018138
            ],
            [
              4.780904445584312,
              48.277882446094615
            ],
            [
              4.782171367403615,
              48.276252642007854
            ],
            [
              4.783438289222916,
              48.27462283792109
            ],
            [
              4.7847052110422155,
              48.27299303383434
            ],
            [
              4.785972132861518,
              48.27136322974758
            ],
            [
              4.787239054680821,
              48.26973342566082
            ],
            [
              4.788505976500124,
              48.26810362157405
            ],
            [
              4.789772898319423,
              48.2664738174873
            ],
            [
              4.791039820138726,
              48.264844013400534
            ],
            [
              4.792306741958029,
              48.26321420931377
            ],
            [
              4.792306741958029,
              48.26321420931377
            ],
            [
              4.794663809916024,
              48.26283878045516
            ],
            [
              4.797020877874015,
              48.26246335159655
            ],
            [
              4.799377945832012,
              48.26208792273794
            ],
            [
              4.801735013790005,
              48.26171249387933
            ],
            [
              4.804092081747999,
              48.26133706502072
            ],
            [
              4.806449149705992,
              48.26096163616211
            ],
            [
              4.808806217663983,
              48.2605862073035
            ],
            [
              4.81116328562198,
              48.260210778444886
            ],
            [
              4.813520353579971,
              48.259835349586275
            ],
            [
              4.815877421537966,
              48.259459920727664
            ],
            [
              4.815877421537966,
              48.259459920727664
            ],
            [
              4.8155225473280705,
              48.263723138641666
            ],
            [
              4.815167673118175,
              48.26798635655568
            ],
            [
              4.81481279890828,
              48.27224957446969
            ],
            [
              4.814457924698386,
              48.276512792383706
            ],
            [
              4.814103050488491,
              48.280776010297714
            ],
            [
              4.813748176278594,
              48.28503922821172
            ],
            [
              4.8133933020687,
              48.28930244612573
            ],
            [
              4.813038427858803,
              48.29356566403974
            ],
            [
              4.81268355364891,
              48.297828881953755
            ],
            [
              4.8123286794390125,
              48.30209209986776
            ],
            [
              4.8123286794390125,
              48.30209209986776
            ],
            [
              4.810157695115494,
              48.30522574672786
            ],
            [
              4.807986710791978,
              48.308359393587935
            ],
            [
              4.805815726468461,
              48.31149304044802
            ],
            [
              4.803644742144943,
              48.314626687308106
            ],
            [
              4.801473757821425,
              48.317760334168184
            ],
            [
              4.79930277349791,
              48.32089398102828
            ],
            [
              4.797131789174392,
              48.32402762788836
            ],
            [
              4.794960804850875,
              48.32716127474845
            ],
            [
              4.792789820527357,
              48.330294921608534
            ],
            [
              4.790618836203839,
              48.33342856846861
            ],
            [
              4.790618836203839,
              48.33342856846861
            ],
            [
              4.793707676057942,
              48.33593754566602
            ],
            [
              4.796796515912044,
              48.338446522863414
            ],
            [
              4.799885355766147,
              48.340955500060815
            ],
            [
              4.80297419562025,
              48.34346447725821
            ],
            [
              4.8060630354743505,
              48.3459734544556
            ],
            [
              4.809151875328453,
              48.34848243165301
            ],
            [
              4.812240715182554,
              48.350991408850405
            ],
            [
              4.815329555036657,
              48.3535003860478
            ],
            [
              4.818418394890761,
              48.35600936324521
            ],
            [
              4.821507234744864,
              48.3585183404426
            ],
            [
              4.821507234744864,
              48.3585183404426
            ],
            [
              4.8217880807286875,
              48.3631577341085
            ],
            [
              4.822068926712509,
              48.36779712777438
            ],
            [
              4.8223497726963345,
              48.37243652144028
            ],
            [
              4.822630618680158,
              48.377075915106175
            ],
            [
              4.8229114646639815,
              48.381715308772065
            ],
            [
              4.823192310647805,
              48.386354702437956
            ],
            [
              4.8234731566316285,
              48.390994096103846
            ],
            [
              4.823754002615454,
              48.39563348976974
            ],
            [
              4.824034848599277,
              48.40027288343564
            ],
            [
              4.824315694583101,
              48.40491227710153
            ],
            [
              4.824315694583101,
              48.40491227710153
            ],
            [
              4.818334957172453,
              48.40741791886507
            ],
            [
              4.81235421976181,
              48.40992356062862
            ],
            [
              4.806373482351164,
              48.41242920239217
            ],
            [
              4.800392744940522,
              48.41493484415572
            ],
            [
              4.794412007529877,
              48.41744048591927
            ],
            [
              4.788431270119229,
              48.41994612768281
            ],
            [
              4.7824505327085856,
              48.42245176944637
            ],
            [
              4.776469795297942,
              48.42495741120991
            ],
            [
              4.770489057887296,
              48.427463052973465
            ],
            [
              4.764508320476651,
              48.429968694737006
            ],
            [
              4.764508320476651,
              48.429968694737006
            ],
            [
              4.758987264414561,
              48.43529671797325
            ],
            [
              4.753466208352471,
              48.44062474120951
            ],
            [
              4.747945152290383,
              48.445952764445764
            ],
            [
              4.742424096228291,
              48.45128078768201
            ],
            [
              4.736903040166197,
              48.45660881091827
            ],
            [
              4.731381984104111,
              48.46193683415452
            ],
            [
              4.725860928042019,
              48.467264857390774
            ],
            [
              4.720339871979927,
              48.472592880627026
            ],
            [
              4.7148188159178375,
              48.47792090386328
            ],
            [
              4.709297759855749,
              48.48324892709953
            ],
            [
              4.709297759855749,
              48.48324892709953
            ],
            [
              4.7089399897068045,
              48.4851919519765
            ],
            [
              4.708582219557865,
              48.487134976853476
            ],
            [
              4.708224449408922,
              48.489078001730455
            ],
            [
              4.707866679259983,
              48.49102102660742
            ],
            [
              4.70750890911104,
              48.49296405148439
            ],
            [
              4.707151138962097,
              48.494907076361365
            ],
            [
              4.706793368813157,
              48.49685010123834
            ],
            [
              4.706435598664216,
              48.49879312611531
            ],
            [
              4.706077828515273,
              48.50073615099228
            ],
            [
              4.70572005836633,
              48.50267917586925
            ],
            [
              4.70572005836633,
              48.50267917586925
            ],
            [
              4.707625355101076,
              48.50362076063159
            ],
            [
              4.70953065183582,
              48.50456234539392
            ],
            [
              4.711435948570559,
              48.505503930156266
            ],
            [
              4.713341245305303,
              48.5064455149186
            ],
            [
              4.715246542040045,
              48.50738709968093
            ],
            [
              4.7171518387747895,
              48.50832868444327
            ],
            [
              4.719057135509534,
              48.509270269205615
            ],
            [
              4.720962432244274,
              48.51021185396795
            ],
            [
              4.722867728979018,
              48.51115343873029
            ],
            [
              4.724773025713763,
              48.51209502349263
            ],
            [
              4.724773025713763,
              48.51209502349263
            ],
            [
              4.721694922884861,
              48.514288401221314
            ],
            [
              4.718616820055962,
              48.51648177895
            ],
            [
              4.715538717227062,
              48.5186751566787
            ],
            [
              4.712460614398163,
              48.520868534407384
            ],
            [
              4.709382511569261,
              48.52306191213607
            ],
            [
              4.706304408740362,
              48.52525528986476
            ],
            [
              4.703226305911462,
              48.52744866759345
            ],
            [
              4.700148203082561,
              48.52964204532215
            ],
            [
              4.6970701002536615,
              48.53183542305083
            ],
            [
              4.693991997424762,
              48.534028800779524
            ],
            [
              4.693991997424762,
              48.534028800779524
            ],
            [
              4.687650699542035,
              48.537851484396306
            ],
            [
              4.681309401659309,
              48.541674168013095
            ],
            [
              4.674968103776585,
              48.545496851629885
            ],
            [
              4.66862680589386,
              48.549319535246674
            ],
            [
              4.662285508011136,
              48.553142218863464
            ],
            [
              4.655944210128412,
              48.55696490248025
            ],
            [
              4.649602912245685,
              48.56078758609705
            ],
            [
              4.6432616143629595,
              48.56461026971383
            ],
            [
              4.636920316480236,
              48.56843295333062
            ],
            [
              4.63057901859751,
              48.57225563694741
            ],
            [
              4.63057901859751,
              48.57225563694741
            ],
            [
              4.622698965587228,
              48.576139893224955
            ],
            [
              4.614818912576943,
              48.5800241495025
            ],
            [
              4.606938859566659,
              48.583908405780036
            ],
            [
              4.599058806556377,
              48.58779266205759
            ],
            [
              4.591178753546094,
              48.591676918335125
            ],
            [
              4.58329870053581,
              48.59556117461266
            ],
            [
              4.575418647525526,
              48.59944543089021
            ],
            [
              4.567538594515243,
              48.60332968716775
            ],
            [
              4.559658541504961,
              48.607213943445295
            ],
            [
              4.551778488494676,
              48.61109819972283
            ],
            [
              4.551778488494676,
              48.61109819972283
            ],
            [
              4.546971649892351,
              48.611035037958686
            ],
            [
              4.542164811290027,
              48.610971876194526
            ],
            [
              4.537357972687698,
              48.610908714430366
            ],
            [
              4.532551134085372,
              48.610845552666206
            ],
            [
              4.527744295483046,
              48.610782390902045
            ],
            [
              4.522937456880719,
              48.610719229137885
            ],
            [
              4.518130618278393,
              48.61065606737373
            ],
            [
              4.513323779676069,
              48.610592905609565
            ],
            [
              4.508516941073742,
              48.610529743845404
            ],
            [
              4.503710102471414,
              48.61046658208125
            ],
            [
              4.503710102471414,
              48.61046658208125
            ],
            [
              4.501898107588044,
              48.61146920128861
            ],
            [
              4.500086112704677,
              48.61247182049596
            ],
            [
              4.498274117821307,
              48.613474439703324
            ],
            [
              4.4964621229379365,
              48.61447705891068
            ],
            [
              4.494650128054566,
              48.615479678118035
            ],
            [
              4.4928381331711975,
              48.61648229732538
            ],
            [
              4.491026138287825,
              48.617484916532746
            ],
            [
              4.489214143404457,
              48.6184875357401
            ],
            [
              4.487402148521086,
              48.61949015494746
            ],
            [
              4.485590153637718,
              48.62049277415482
            ],
            [
              4.485590153637718,
              48.62049277415482
            ],
            [
              4.483783128330494,
              48.623250494747325
            ],
            [
              4.481976103023269,
              48.62600821533984
            ],
            [
              4.480169077716045,
              48.62876593593234
            ],
            [
              4.478362052408823,
              48.631523656524855
            ],
            [
              4.476555027101597,
              48.63428137711736
            ],
            [
              4.474748001794376,
              48.637039097709874
            ],
            [
              4.47294097648715,
              48.63979681830238
            ],
            [
              4.4711339511799295,
              48.64255453889489
            ],
            [
              4.469326925872705,
              48.645312259487405
            ],
            [
              4.467519900565479,
              48.64806998007991
            ],
            [
              4.467519900565479,
              48.64806998007991
            ],
            [
              4.464345980275025,
              48.6486962368311
            ],
            [
              4.461172059984568,
              48.64932249358229
            ],
            [
              4.457998139694112,
              48.64994875033347
            ],
            [
              4.454824219403658,
              48.650575007084676
            ],
            [
              4.451650299113204,
              48.651201263835866
            ],
            [
              4.448476378822749,
              48.651827520587055
            ],
            [
              4.445302458532295,
              48.652453777338245
            ],
            [
              4.442128538241839,
              48.653080034089434
            ],
            [
              4.4389546179513815,
              48.65370629084063
            ],
            [
              4.4357806976609275,
              48.65433254759183
            ],
            [
              4.4357806976609275,
              48.65433254759183
            ],
            [
              4.432157037253759,
              48.65564770310104
            ],
            [
              4.428533376846593,
              48.65696285861025
            ],
            [
              4.424909716439426,
              48.65827801411947
            ],
            [
              4.421286056032258,
              48.65959316962868
            ],
            [
              4.4176623956250936,
              48.660908325137896
            ],
            [
              4.414038735217925,
              48.662223480647114
            ],
            [
              4.410415074810759,
              48.663538636156325
            ],
            [
              4.4067914144035925,
              48.66485379166554
            ],
            [
              4.403167753996426,
              48.66616894717476
            ],
            [
              4.399544093589256,
              48.66748410268397
            ],
            [
              4.399544093589256,
              48.66748410268397
            ],
            [
              4.396279940621513,
              48.667797348487284
            ],
            [
              4.39301578765377,
              48.6681105942906
            ],
            [
              4.389751634686027,
              48.66842384009392
            ],
            [
              4.386487481718284,
              48.66873708589724
            ],
            [
              4.383223328750541,
              48.66905033170056
            ],
            [
              4.379959175782794,
              48.66936357750387
            ],
            [
              4.376695022815053,
              48.66967682330719
            ],
            [
              4.373430869847308,
              48.66999006911051
            ],
            [
              4.370166716879565,
              48.67030331491383
            ],
            [
              4.36690256391182,
              48.67061656071715
            ],
            [
              4.36690256391182,
              48.67061656071715
            ],
            [
              4.36236532532488,
              48.66854626781958
            ],
            [
              4.357828086737941,
              48.666475974922015
            ],
            [
              4.353290848150998,
              48.66440568202446
            ],
            [
              4.348753609564058,
              48.66233538912689
            ],
            [
              4.34421637097712,
              48.660265096229324
            ],
            [
              4.339679132390179,
              48.65819480333176
            ],
            [
              4.335141893803241,
              48.65612451043419
            ],
            [
              4.330604655216298,
              48.654054217536626
            ],
            [
              4.326067416629359,
              48.65198392463906
            ],
            [
              4.321530178042419,
              48.6499136317415
            ],
            [
              4.321530178042419,
              48.6499136317415
            ],
            [
              4.318719601581249,
              48.65066496451933
            ],
            [
              4.315909025120078,
              48.65141629729716
            ],
            [
              4.313098448658911,
              48.652167630074985
            ],
            [
              4.3102878721977405,
              48.65291896285281
            ],
            [
              4.307477295736568,
              48.65367029563063
            ],
            [
              4.304666719275399,
              48.65442162840846
            ],
            [
              4.301856142814231,
              48.655172961186295
            ],
            [
              4.29904556635306,
              48.65592429396412
            ],
            [
              4.2962349898918895,
              48.656675626741944
            ],
            [
              4.2934244134307225,
              48.65742695951977
            ],
            [
              4.2934244134307225,
              48.65742695951977
            ],
            [
              4.290891020800128,
              48.66005951348791
            ],
            [
              4.288357628169534,
              48.662692067456064
            ],
            [
              4.285824235538939,
              48.665324621424205
            ],
            [
              4.283290842908345,
              48.66795717539235
            ],
            [
              4.280757450277752,
              48.67058972936049
            ],
            [
              4.278224057647158,
              48.67322228332865
            ],
            [
              4.275690665016564,
              48.67585483729679
            ],
            [
              4.273157272385969,
              48.67848739126493
            ],
            [
              4.270623879755377,
              48.681119945233085
            ],
            [
              4.268090487124782,
              48.683752499201226
            ],
            [
              4.268090487124782,
              48.683752499201226
            ],
            [
              4.263830585443493,
              48.68450347027913
            ],
            [
              4.259570683762206,
              48.68525444135703
            ],
            [
              4.255310782080917,
              48.68600541243492
            ],
            [
              4.251050880399628,
              48.68675638351283
            ],
            [
              4.246790978718337,
              48.68750735459072
            ],
            [
              4.242531077037054,
              48.68825832566863
            ],
            [
              4.238271175355763,
              48.689009296746526
            ],
            [
              4.234011273674476,
              48.689760267824425
            ],
            [
              4.229751371993185,
              48.690511238902324
            ],
            [
              4.225491470311896,
              48.69126220998022
            ],
            [
              4.225491470311896,
              48.69126220998022
            ],
            [
              4.221953005002476,
              48.690321284158436
            ],
            [
              4.218414539693052,
              48.68938035833665
            ],
            [
              4.21487607438363,
              48.688439432514855
            ],
            [
              4.211337609074208,
              48.68749850669307
            ],
            [
              4.207799143764786,
              48.68655758087129
            ],
            [
              4.204260678455364,
              48.68561665504949
            ],
            [
              4.2007222131459425,
              48.6846757292277
            ],
            [
              4.197183747836519,
              48.68373480340592
            ],
            [
              4.193645282527097,
              48.682793877584125
            ],
            [
              4.190106817217675,
              48.68185295176233
            ],
            [
              4.190106817217675,
              48.68185295176233
            ],
            [
              4.183124725997059,
              48.68185120928118
            ],
            [
              4.176142634776443,
              48.681849466800024
            ],
            [
              4.169160543555831,
              48.68184772431887
            ],
            [
              4.162178452335215,
              48.68184598183771
            ],
            [
              4.155196361114598,
              48.68184423935655
            ],
            [
              4.148214269893982,
              48.6818424968754
            ],
            [
              4.14123217867337,
              48.68184075439424
            ],
            [
              4.134250087452752,
              48.681839011913084
            ],
            [
              4.127267996232137,
              48.681837269431924
            ],
            [
              4.120285905011523,
              48.68183552695076
            ],
            [
              4.120285905011523,
              48.68183552695076
            ],
            [
              4.116564984725239,
              48.680016469526976
            ],
            [
              4.112844064438955,
              48.67819741210318
            ],
            [
              4.1091231441526705,
              48.676378354679386
            ],
            [
              4.105402223866388,
              48.67455929725559
            ],
            [
              4.101681303580104,
              48.6727402398318
            ],
            [
              4.097960383293822,
              48.670921182408
            ],
            [
              4.094239463007536,
              48.66910212498421
            ],
            [
              4.090518542721254,
              48.66728306756042
            ],
            [
              4.08679762243497,
              48.665464010136624
            ],
            [
              4.083076702148686,
              48.66364495271283
            ],
            [
              4.083076702148686,
              48.66364495271283
            ],
            [
              4.080357137741368,
              48.66433435152482
            ],
            [
              4.077637573334048,
              48.665023750336815
            ],
            [
              4.07491800892673,
              48.66571314914881
            ],
            [
              4.07219844451941,
              48.66640254796081
            ],
            [
              4.069478880112092,
              48.6670919467728
            ],
            [
              4.066759315704774,
              48.66778134558479
            ],
            [
              4.064039751297454,
              48.668470744396785
            ],
            [
              4.061320186890136,
              48.66916014320878
            ],
            [
              4.058600622482816,
              48.66984954202077
            ],
            [
              4.055881058075498,
              48.67053894083276
            ],
            [
              4.055881058075498,
              48.67053894083276
            ],
            [
              4.053518423424203,
              48.6680301448703
            ],
            [
              4.051155788772913,
              48.665521348907845
            ],
            [
              4.048793154121622,
              48.66301255294539
            ],
            [
              4.046430519470329,
              48.66050375698293
            ],
            [
              4.044067884819036,
              48.65799496102048
            ],
            [
              4.041705250167745,
              48.65548616505801
            ],
            [
              4.039342615516455,
              48.65297736909556
            ],
            [
              4.036979980865162,
              48.650468573133104
            ],
            [
              4.034617346213869,
              48.64795977717064
            ],
            [
              4.0322547115625795,
              48.64545098120818
            ],
            [
              4.0322547115625795,
              48.64545098120818
            ],
            [
              4.027629730841074,
              48.645136838548794
            ],
            [
              4.02300475011957,
              48.64482269588942
            ],
            [
              4.018379769398065,
              48.644508553230025
            ],
            [
              4.013754788676561,
              48.644194410570634
            ],
            [
              4.009129807955054,
              48.64388026791125
            ],
            [
              4.004504827233548,
              48.643566125251866
            ],
            [
              3.999879846512044,
              48.643251982592474
            ],
            [
              3.995254865790542,
              48.64293783993309
            ],
            [
              3.9906298850690356,
              48.6426236972737
            ],
            [
              3.986004904347532,
              48.64230955461432
            ],
            [
              3.986004904347532,
              48.64230955461432
            ],
            [
              3.9832889776327565,
              48.644063976960716
            ],
            [
              3.9805730509179793,
              48.64581839930712
            ],
            [
              3.977857124203204,
              48.64757282165351
            ],
            [
              3.9751411974884285,
              48.64932724399992
            ],
            [
              3.9724252707736514,
              48.65108166634631
            ],
            [
              3.969709344058876,
              48.652836088692716
            ],
            [
              3.9669934173440997,
              48.65459051103911
            ],
            [
              3.9642774906293234,
              48.656344933385505
            ],
            [
              3.961561563914549,
              48.65809935573191
            ],
            [
              3.958845637199772,
              48.65985377807831
            ],
            [
              3.958845637199772,
              48.65985377807831
            ],
            [
              3.954310647938233,
              48.659727666426974
            ],
            [
              3.949775658676694,
              48.65960155477564
            ],
            [
              3.945240669415153,
              48.6594754431243
            ],
            [
              3.9407056801536124,
              48.65934933147297
            ],
            [
              3.9361706908920726,
              48.65922321982162
            ],
            [
              3.9316357016305337,
              48.65909710817029
            ],
            [
              3.927100712368993,
              48.65897099651895
            ],
            [
              3.9225657231074504,
              48.65884488486762
            ],
            [
              3.9180307338459115,
              48.65871877321628
            ],
            [
              3.9134957445843725,
              48.65859266156495
            ],
            [
              3.9134957445843725,
              48.65859266156495
            ],
            [
              3.911597103129655,
              48.66109932207417
            ],
            [
              3.9096984616749375,
              48.663605982583405
            ],
            [
              3.9077998202202235,
              48.66611264309264
            ],
            [
              3.905901178765506,
              48.66861930360187
            ],
            [
              3.9040025373107903,
              48.67112596411109
            ],
            [
              3.9021038958560728,
              48.673632624620325
            ],
            [
              3.900205254401356,
              48.67613928512956
            ],
            [
              3.8983066129466404,
              48.67864594563879
            ],
            [
              3.8964079714919246,
              48.68115260614802
            ],
            [
              3.894509330037207,
              48.683659266657244
            ],
            [
              3.894509330037207,
              48.683659266657244
            ],
            [
              3.891973766053868,
              48.688404784589004
            ],
            [
              3.8894382020705263,
              48.69315030252077
            ],
            [
              3.8869026380871863,
              48.69789582045253
            ],
            [
              3.8843670741038463,
              48.70264133838429
            ],
            [
              3.8818315101205063,
              48.70738685631605
            ],
            [
              3.879295946137169,
              48.712132374247815
            ],
            [
              3.876760382153829,
              48.71687789217957
            ],
            [
              3.87422481817049,
              48.72162341011133
            ],
            [
              3.871689254187148,
              48.72636892804309
            ],
            [
              3.869153690203808,
              48.731114445974846
            ],
            [
              3.869153690203808,
              48.731114445974846
            ],
            [
              3.8706355315349676,
              48.73439534757022
            ],
            [
              3.872117372866127,
              48.737676249165595
            ],
            [
              3.8735992141972875,
              48.74095715076097
            ],
            [
              3.875081055528445,
              48.744238052356344
            ],
            [
              3.8765628968596055,
              48.747518953951705
            ],
            [
              3.878044738190767,
              48.750799855547086
            ],
            [
              3.8795265795219263,
              48.754080757142454
            ],
            [
              3.8810084208530866,
              48.75736165873783
            ],
            [
              3.8824902621842443,
              48.760642560333196
            ],
            [
              3.8839721035154064,
              48.76392346192858
            ],
            [
              3.8839721035154064,
              48.76392346192858
            ],
            [
              3.8844891423679075,
              48.76605150864307
            ],
            [
              3.8850061812204095,
              48.76817955535758
            ],
            [
              3.8855232200729124,
              48.77030760207206
            ],
            [
              3.8860402589254144,
              48.772435648786555
            ],
            [
              3.8865572977779164,
              48.77456369550106
            ],
            [
              3.8870743366304192,
              48.776691742215554
            ],
            [
              3.8875913754829203,
              48.77881978893005
            ],
            [
              3.888108414335423,
              48.78094783564455
            ],
            [
              3.888625453187926,
              48.78307588235904
            ],
            [
              3.889142492040428,
              48.78520392907353
            ],
            [
              3.889142492040428,
              48.78520392907353
            ],
            [
              3.8861948579559056,
              48.786178486089895
            ],
            [
              3.8832472238713813,
              48.78715304310625
            ],
            [
              3.880299589786859,
              48.788127600122614
            ],
            [
              3.8773519557023373,
              48.78910215713898
            ],
            [
              3.8744043216178112,
              48.790076714155326
            ],
            [
              3.871456687533288,
              48.79105127117169
            ],
            [
              3.8685090534487654,
              48.792025828188045
            ],
            [
              3.865561419364241,
              48.7930003852044
            ],
            [
              3.8626137852797187,
              48.793974942220764
            ],
            [
              3.8596661511951953,
              48.79494949923712
            ],
            [
              3.8596661511951953,
              48.79494949923712
            ],
            [
              3.8518450902325676,
              48.79578931156236
            ],
            [
              3.844024029269939,
              48.79662912388759
            ],
            [
              3.8362029683073096,
              48.79746893621281
            ],
            [
              3.8283819073446836,
              48.79830874853804
            ],
            [
              3.820560846382056,
              48.79914856086327
            ],
            [
              3.8127397854194274,
              48.799988373188505
            ],
            [
              3.8049187244567997,
              48.80082818551374
            ],
            [
              3.7970976634941738,
              48.80166799783897
            ],
            [
              3.789276602531546,
              48.80250781016419
            ],
            [
              3.7814555415689157,
              48.80334762248942
            ],
            [
              3.7814555415689157,
              48.80334762248942
            ],
            [
              3.7785094476080787,
              48.80512015107116
            ],
            [
              3.7755633536472426,
              48.80689267965288
            ],
            [
              3.7726172596864083,
              48.808665208234615
            ],
            [
              3.7696711657255713,
              48.81043773681634
            ],
            [
              3.7667250717647316,
              48.81221026539807
            ],
            [
              3.7637789778038973,
              48.813982793979804
            ],
            [
              3.7608328838430602,
              48.815755322561536
            ],
            [
              3.757886789882224,
              48.81752785114327
            ],
            [
              3.754940695921389,
              48.81930037972499
            ],
            [
              3.751994601960551,
              48.82107290830672
            ],
            [
              3.751994601960551,
              48.82107290830672
            ],
            [
              3.750846159844189,
              48.824043370081085
            ],
            [
              3.749697717727828,
              48.82701383185544
            ],
            [
              3.748549275611467,
              48.8299842936298
            ],
            [
              3.747400833495105,
              48.83295475540417
            ],
            [
              3.7462523913787407,
              48.83592521717851
            ],
            [
              3.7451039492623797,
              48.83889567895288
            ],
            [
              3.7439555071460178,
              48.84186614072724
            ],
            [
              3.7428070650296568,
              48.844836602501594
            ],
            [
              3.741658622913295,
              48.84780706427596
            ],
            [
              3.740510180796934,
              48.85077752605032
            ],
            [
              3.740510180796934,
              48.85077752605032
            ],
            [
              3.7341638530711383,
              48.851174394562975
            ],
            [
              3.7278175253453436,
              48.85157126307561
            ],
            [
              3.721471197619548,
              48.851968131588265
            ],
            [
              3.7151248698937533,
              48.85236500010091
            ],
            [
              3.7087785421679578,
              48.85276186861356
            ],
            [
              3.702432214442162,
              48.85315873712621
            ],
            [
              3.6960858867163693,
              48.85355560563885
            ],
            [
              3.6897395589905737,
              48.853952474151505
            ],
            [
              3.683393231264778,
              48.85434934266415
            ],
            [
              3.6770469035389834,
              48.85474621117681
            ]
          ]
        ]
      }
    },
    {
      "type": "Feature",
      "properties": {
        "diocese": "Antissiodoren",
        "province": "Senonen",
        "start": 1592,
        "end": 1622
      },
      "geometry": {
        "type": "Polygon",
        "coordinates": [
          [
            [
              3.712498689501675,
              47.874258395940345
            ],
            [
              3.69218918806463,
              47.87525639882924
            ],
            [
              3.671879686627585,
              47.876254401718136
            ],
            [
              3.6515701851905384,
              47.87725240460703
            ],
            [
              3.6312606837534926,
              47.87825040749592
            ],
            [
              3.610951182316445,
              47.87924841038481
            ],
            [
              3.590641680879401,
              47.8802464132737
            ],
            [
              3.5703321794423535,
              47.8812444161626
            ],
            [
              3.5500226780053077,
              47.882242419051494
            ],
            [
              3.529713176568261,
              47.88324042194038
            ],
            [
              3.509403675131216,
              47.88423842482928
            ],
            [
              3.509403675131216,
              47.88423842482928
            ],
            [
              3.5064902386019967,
              47.878093233776916
            ],
            [
              3.503576802072779,
              47.87194804272456
            ],
            [
              3.500663365543564,
              47.86580285167222
            ],
            [
              3.4977499290143466,
              47.85965766061986
            ],
            [
              3.494836492485129,
              47.853512469567505
            ],
            [
              3.4919230559559105,
              47.847367278515144
            ],
            [
              3.489009619426693,
              47.8412220874628
            ],
            [
              3.4860961828974752,
              47.83507689641045
            ],
            [
              3.4831827463682576,
              47.82893170535809
            ],
            [
              3.480269309839041,
              47.82278651430573
            ],
            [
              3.480269309839041,
              47.82278651430573
            ],
            [
              3.4762708449148563,
              47.81889929357342
            ],
            [
              3.472272379990675,
              47.8150120728411
            ],
            [
              3.4682739150664923,
              47.81112485210878
            ],
            [
              3.4642754501423076,
              47.80723763137645
            ],
            [
              3.4602769852181265,
              47.80335041064414
            ],
            [
              3.4562785202939437,
              47.79946318991182
            ],
            [
              3.452280055369759,
              47.795575969179495
            ],
            [
              3.448281590445578,
              47.79168874844717
            ],
            [
              3.444283125521395,
              47.78780152771486
            ],
            [
              3.4402846605972113,
              47.78391430698254
            ],
            [
              3.4402846605972113,
              47.78391430698254
            ],
            [
              3.4284905764748967,
              47.78040009131902
            ],
            [
              3.4166964923525796,
              47.7768858756555
            ],
            [
              3.404902408230265,
              47.77337165999198
            ],
            [
              3.393108324107948,
              47.76985744432846
            ],
            [
              3.3813142399856315,
              47.766343228664944
            ],
            [
              3.3695201558633188,
              47.76282901300142
            ],
            [
              3.3577260717410007,
              47.759314797337915
            ],
            [
              3.3459319876186853,
              47.75580058167439
            ],
            [
              3.33413790349637,
              47.75228636601088
            ],
            [
              3.3223438193740535,
              47.74877215034736
            ],
            [
              3.3223438193740535,
              47.74877215034736
            ],
            [
              3.3168931517764997,
              47.744131466478215
            ],
            [
              3.311442484178943,
              47.739490782609074
            ],
            [
              3.3059918165813857,
              47.73485009873994
            ],
            [
              3.300541148983831,
              47.73020941487081
            ],
            [
              3.2950904813862745,
              47.72556873100167
            ],
            [
              3.289639813788717,
              47.72092804713254
            ],
            [
              3.284189146191164,
              47.7162873632634
            ],
            [
              3.2787384785936076,
              47.711646679394256
            ],
            [
              3.2732878109960493,
              47.70700599552512
            ],
            [
              3.2678371433984936,
              47.70236531165598
            ],
            [
              3.2678371433984936,
              47.70236531165598
            ],
            [
              3.2605835657134112,
              47.70261453317129
            ],
            [
              3.2533299880283244,
              47.702863754686604
            ],
            [
              3.246076410343243,
              47.70311297620191
            ],
            [
              3.2388228326581587,
              47.70336219771722
            ],
            [
              3.2315692549730755,
              47.70361141923253
            ],
            [
              3.2243156772879904,
              47.70386064074785
            ],
            [
              3.2170620996029062,
              47.704109862263145
            ],
            [
              3.209808521917823,
              47.70435908377846
            ],
            [
              3.2025549442327397,
              47.704608305293775
            ],
            [
              3.1953013665476546,
              47.70485752680908
            ],
            [
              3.1953013665476546,
              47.70485752680908
            ],
            [
              3.1844181197995813,
              47.70334967582219
            ],
            [
              3.1735348730515045,
              47.7018418248353
            ],
            [
              3.162651626303431,
              47.7003339738484
            ],
            [
              3.151768379555356,
              47.69882612286152
            ],
            [
              3.140885132807281,
              47.697318271874614
            ],
            [
              3.130001886059207,
              47.69581042088773
            ],
            [
              3.1191186393111328,
              47.69430256990084
            ],
            [
              3.1082353925630586,
              47.69279471891395
            ],
            [
              3.0973521458149817,
              47.69128686792706
            ],
            [
              3.0864688990669067,
              47.689779016940165
            ],
            [
              3.0864688990669067,
              47.689779016940165
            ],
            [
              3.0754081508961444,
              47.69077932251895
            ],
            [
              3.0643474027253785,
              47.691779628097734
            ],
            [
              3.0532866545546153,
              47.69277993367651
            ],
            [
              3.042225906383853,
              47.69378023925529
            ],
            [
              3.031165158213087,
              47.694780544834074
            ],
            [
              3.020104410042324,
              47.69578085041286
            ],
            [
              3.00904366187156,
              47.696781155991644
            ],
            [
              2.997982913700796,
              47.69778146157043
            ],
            [
              2.986922165530031,
              47.69878176714921
            ],
            [
              2.975861417359267,
              47.69978207272799
            ],
            [
              2.975861417359267,
              47.69978207272799
            ],
            [
              2.961534537723511,
              47.700029534468534
            ],
            [
              2.947207658087751,
              47.70027699620908
            ],
            [
              2.9328807784519966,
              47.700524457949626
            ],
            [
              2.918553898816239,
              47.700771919690176
            ],
            [
              2.904227019180481,
              47.70101938143071
            ],
            [
              2.889900139544723,
              47.70126684317126
            ],
            [
              2.875573259908967,
              47.70151430491181
            ],
            [
              2.8612463802732093,
              47.701761766652346
            ],
            [
              2.846919500637453,
              47.702009228392896
            ],
            [
              2.832592621001695,
              47.70225669013344
            ],
            [
              2.832592621001695,
              47.70225669013344
            ],
            [
              2.821527275155474,
              47.700874840101946
            ],
            [
              2.8104619293092554,
              47.69949299007046
            ],
            [
              2.799396583463031,
              47.698111140038975
            ],
            [
              2.7883312376168123,
              47.69672929000749
            ],
            [
              2.777265891770591,
              47.695347439976004
            ],
            [
              2.7662005459243724,
              47.69396558994451
            ],
            [
              2.755135200078153,
              47.692583739913026
            ],
            [
              2.7440698542319306,
              47.69120188988154
            ],
            [
              2.7330045083857097,
              47.689820039850055
            ],
            [
              2.721939162539489,
              47.68843818981856
            ],
            [
              2.721939162539489,
              47.68843818981856
            ],
            [
              2.711241275752807,
              47.68931360607499
            ],
            [
              2.7005433889661252,
              47.690189022331424
            ],
            [
              2.6898455021794425,
              47.69106443858785
            ],
            [
              2.679147615392757,
              47.69193985484428
            ],
            [
              2.6684497286060753,
              47.69281527110071
            ],
            [
              2.6577518418193926,
              47.69369068735714
            ],
            [
              2.647053955032709,
              47.69456610361357
            ],
            [
              2.6363560682460268,
              47.695441519869995
            ],
            [
              2.6256581814593427,
              47.69631693612643
            ],
            [
              2.614960294672659,
              47.69719235238286
            ],
            [
              2.614960294672659,
              47.69719235238286
            ],
            [
              2.6054664410113917,
              47.69668471452266
            ],
            [
              2.5959725873501265,
              47.69617707666246
            ],
            [
              2.586478733688861,
              47.69566943880226
            ],
            [
              2.576984880027592,
              47.69516180094207
            ],
            [
              2.567491026366325,
              47.69465416308187
            ],
            [
              2.5579971727050594,
              47.694146525221676
            ],
            [
              2.5485033190437925,
              47.69363888736147
            ],
            [
              2.539009465382525,
              47.69313124950128
            ],
            [
              2.529515611721258,
              47.692623611641075
            ],
            [
              2.520021758059991,
              47.69211597378088
            ],
            [
              2.520021758059991,
              47.69211597378088
            ],
            [
              2.5225805862586506,
              47.6890134020524
            ],
            [
              2.5251394144573123,
              47.68591083032393
            ],
            [
              2.5276982426559758,
              47.68280825859546
            ],
            [
              2.530257070854636,
              47.67970568686698
            ],
            [
              2.532815899053298,
              47.676603115138505
            ],
            [
              2.5353747272519596,
              47.67350054341003
            ],
            [
              2.5379335554506177,
              47.67039797168155
            ],
            [
              2.540492383649281,
              47.667295399953076
            ],
            [
              2.5430512118479425,
              47.66419282822459
            ],
            [
              2.545610040046603,
              47.661090256496124
            ],
            [
              2.545610040046603,
              47.661090256496124
            ],
            [
              2.553685426852614,
              47.65914168107398
            ],
            [
              2.561760813658628,
              47.65719310565185
            ],
            [
              2.5698362004646396,
              47.65524453022971
            ],
            [
              2.5779115872706533,
              47.65329595480758
            ],
            [
              2.585986974076667,
              47.65134737938544
            ],
            [
              2.594062360882677,
              47.649398803963315
            ],
            [
              2.602137747688691,
              47.647450228541175
            ],
            [
              2.6102131344947024,
              47.64550165311904
            ],
            [
              2.6182885213007157,
              47.64355307769691
            ],
            [
              2.6263639081067276,
              47.64160450227477
            ],
            [
              2.6263639081067276,
              47.64160450227477
            ],
            [
              2.633156032583742,
              47.63921336126387
            ],
            [
              2.63994815706076,
              47.63682222025297
            ],
            [
              2.6467402815377743,
              47.63443107924207
            ],
            [
              2.6535324060147887,
              47.63203993823116
            ],
            [
              2.660324530491805,
              47.62964879722026
            ],
            [
              2.667116654968821,
              47.62725765620936
            ],
            [
              2.6739087794458354,
              47.62486651519846
            ],
            [
              2.6807009039228498,
              47.62247537418756
            ],
            [
              2.687493028399869,
              47.620084233176655
            ],
            [
              2.694285152876883,
              47.61769309216575
            ],
            [
              2.694285152876883,
              47.61769309216575
            ],
            [
              2.697997301268909,
              47.61414749641145
            ],
            [
              2.701709449660936,
              47.61060190065715
            ],
            [
              2.705421598052967,
              47.607056304902855
            ],
            [
              2.7091337464449943,
              47.60351070914856
            ],
            [
              2.7128458948370198,
              47.59996511339425
            ],
            [
              2.716558043229047,
              47.59641951763995
            ],
            [
              2.7202701916210743,
              47.592873921885655
            ],
            [
              2.7239823400131056,
              47.58932832613136
            ],
            [
              2.727694488405133,
              47.58578273037705
            ],
            [
              2.7314066367971583,
              47.58223713462275
            ],
            [
              2.7314066367971583,
              47.58223713462275
            ],
            [
              2.732811289188739,
              47.57913427485313
            ],
            [
              2.734215941580319,
              47.5760314150835
            ],
            [
              2.7356205939718996,
              47.57292855531388
            ],
            [
              2.737025246363477,
              47.569825695544246
            ],
            [
              2.73842989875506,
              47.56672283577462
            ],
            [
              2.739834551146639,
              47.56361997600499
            ],
            [
              2.7412392035382207,
              47.56051711623536
            ],
            [
              2.7426438559298,
              47.55741425646574
            ],
            [
              2.744048508321381,
              47.5543113966961
            ],
            [
              2.74545316071296,
              47.55120853692648
            ],
            [
              2.74545316071296,
              47.55120853692648
            ],
            [
              2.7508346413911755,
              47.54881597734793
            ],
            [
              2.756216122069393,
              47.54642341776938
            ],
            [
              2.7615976027476083,
              47.54403085819083
            ],
            [
              2.7669790834258223,
              47.54163829861228
            ],
            [
              2.772360564104041,
              47.53924573903373
            ],
            [
              2.7777420447822565,
              47.53685317945518
            ],
            [
              2.783123525460472,
              47.53446061987663
            ],
            [
              2.788505006138687,
              47.53206806029808
            ],
            [
              2.793886486816904,
              47.52967550071953
            ],
            [
              2.79926796749512,
              47.52728294114098
            ],
            [
              2.79926796749512,
              47.52728294114098
            ],
            [
              2.804518990583593,
              47.523737723965624
            ],
            [
              2.8097700136720647,
              47.520192506790266
            ],
            [
              2.8150210367605397,
              47.516647289614916
            ],
            [
              2.820272059849011,
              47.51310207243956
            ],
            [
              2.8255230829374844,
              47.509556855264215
            ],
            [
              2.830774106025956,
              47.50601163808886
            ],
            [
              2.8360251291144256,
              47.50246642091351
            ],
            [
              2.841276152202901,
              47.498921203738156
            ],
            [
              2.846527175291372,
              47.4953759865628
            ],
            [
              2.851778198379846,
              47.49183076938745
            ],
            [
              2.851778198379846,
              47.49183076938745
            ],
            [
              2.85497682242343,
              47.4880190550821
            ],
            [
              2.858175446467014,
              47.48420734077674
            ],
            [
              2.861374070510601,
              47.4803956264714
            ],
            [
              2.864572694554185,
              47.476583912166056
            ],
            [
              2.8677713185977702,
              47.47277219786071
            ],
            [
              2.8709699426413544,
              47.46896048355536
            ],
            [
              2.8741685666849386,
              47.46514876925001
            ],
            [
              2.877367190728525,
              47.461337054944664
            ],
            [
              2.8805658147721096,
              47.457525340639314
            ],
            [
              2.883764438815694,
              47.453713626333965
            ],
            [
              2.883764438815694,
              47.453713626333965
            ],
            [
              2.8874719668472175,
              47.44777412135289
            ],
            [
              2.8911794948787395,
              47.44183461637183
            ],
            [
              2.894887022910264,
              47.43589511139076
            ],
            [
              2.898594550941788,
              47.429955606409685
            ],
            [
              2.90230207897331,
              47.42401610142861
            ],
            [
              2.906009607004831,
              47.41807659644754
            ],
            [
              2.9097171350363538,
              47.41213709146647
            ],
            [
              2.9134246630678793,
              47.40619758648539
            ],
            [
              2.9171321910994026,
              47.40025808150433
            ],
            [
              2.920839719130926,
              47.39431857652326
            ],
            [
              2.920839719130926,
              47.39431857652326
            ],
            [
              2.918265147498469,
              47.3892641329302
            ],
            [
              2.9156905758660114,
              47.384209689337155
            ],
            [
              2.913116004233554,
              47.37915524574411
            ],
            [
              2.910541432601096,
              47.37410080215105
            ],
            [
              2.907966860968639,
              47.369046358557995
            ],
            [
              2.905392289336184,
              47.36399191496495
            ],
            [
              2.902817717703726,
              47.358937471371895
            ],
            [
              2.9002431460712668,
              47.35388302777884
            ],
            [
              2.897668574438811,
              47.34882858418579
            ],
            [
              2.895094002806353,
              47.34377414059274
            ],
            [
              2.895094002806353,
              47.34377414059274
            ],
            [
              2.8922619385020476,
              47.3381876574207
            ],
            [
              2.889429874197742,
              47.33260117424864
            ],
            [
              2.8865978098934355,
              47.3270146910766
            ],
            [
              2.8837657455891317,
              47.321428207904546
            ],
            [
              2.8809336812848243,
              47.31584172473251
            ],
            [
              2.8781016169805187,
              47.310255241560455
            ],
            [
              2.875269552676214,
              47.30466875838841
            ],
            [
              2.8724374883719097,
              47.29908227521636
            ],
            [
              2.869605424067604,
              47.29349579204431
            ],
            [
              2.866773359763298,
              47.287909308872266
            ],
            [
              2.866773359763298,
              47.287909308872266
            ],
            [
              2.867412299983951,
              47.286756848759076
            ],
            [
              2.868051240204602,
              47.285604388645886
            ],
            [
              2.8686901804252574,
              47.28445192853269
            ],
            [
              2.86932912064591,
              47.283299468419514
            ],
            [
              2.869968060866563,
              47.282147008306325
            ],
            [
              2.8706070010872176,
              47.28099454819313
            ],
            [
              2.8712459413078686,
              47.27984208807994
            ],
            [
              2.8718848815285223,
              47.278689627966756
            ],
            [
              2.872523821749177,
              47.27753716785356
            ],
            [
              2.8731627619698297,
              47.27638470774037
            ],
            [
              2.8731627619698297,
              47.27638470774037
            ],
            [
              2.876367967844077,
              47.27594219579209
            ],
            [
              2.8795731737183243,
              47.27549968384382
            ],
            [
              2.882778379592575,
              47.27505717189554
            ],
            [
              2.8859835854668225,
              47.27461465994726
            ],
            [
              2.8891887913410716,
              47.27417214799899
            ],
            [
              2.8923939972153208,
              47.27372963605071
            ],
            [
              2.895599203089568,
              47.273287124102424
            ],
            [
              2.898804408963817,
              47.27284461215415
            ],
            [
              2.9020096148380663,
              47.27240210020587
            ],
            [
              2.9052148207123136,
              47.271959588257594
            ],
            [
              2.9052148207123136,
              47.271959588257594
            ],
            [
              2.90662358007928,
              47.270984641723615
            ],
            [
              2.9080323394462466,
              47.270009695189614
            ],
            [
              2.9094410988132116,
              47.26903474865563
            ],
            [
              2.910849858180178,
              47.26805980212164
            ],
            [
              2.9122586175471423,
              47.26708485558765
            ],
            [
              2.913667376914111,
              47.26610990905366
            ],
            [
              2.9150761362810758,
              47.26513496251967
            ],
            [
              2.916484895648044,
              47.26416001598569
            ],
            [
              2.917893655015009,
              47.263185069451694
            ],
            [
              2.9193024143819755,
              47.26221012291771
            ],
            [
              2.9193024143819755,
              47.26221012291771
            ],
            [
              2.9189133603329327,
              47.259994516669664
            ],
            [
              2.9185243062838917,
              47.25777891042162
            ],
            [
              2.918135252234847,
              47.255563304173585
            ],
            [
              2.917746198185806,
              47.253347697925534
            ],
            [
              2.9173571441367625,
              47.251132091677505
            ],
            [
              2.916968090087721,
              47.248916485429454
            ],
            [
              2.9165790360386787,
              47.24670087918142
            ],
            [
              2.9161899819896373,
              47.244485272933375
            ],
            [
              2.9158009279405945,
              47.242269666685324
            ],
            [
              2.9154118738915504,
              47.240054060437295
            ],
            [
              2.9154118738915504,
              47.240054060437295
            ],
            [
              2.9196417456249413,
              47.238991159957195
            ],
            [
              2.923871617358331,
              47.2379282594771
            ],
            [
              2.928101489091724,
              47.236865358997015
            ],
            [
              2.932331360825113,
              47.23580245851692
            ],
            [
              2.9365612325585047,
              47.23473955803683
            ],
            [
              2.940791104291892,
              47.23367665755674
            ],
            [
              2.9450209760252815,
              47.23261375707664
            ],
            [
              2.9492508477586745,
              47.23155085659655
            ],
            [
              2.953480719492064,
              47.23048795611647
            ],
            [
              2.9577105912254553,
              47.22942505563637
            ],
            [
              2.9577105912254553,
              47.22942505563637
            ],
            [
              2.9587242131186238,
              47.22304156102955
            ],
            [
              2.9597378350117958,
              47.21665806642272
            ],
            [
              2.960751456904964,
              47.21027457181589
            ],
            [
              2.961765078798137,
              47.203891077209065
            ],
            [
              2.962778700691309,
              47.197507582602235
            ],
            [
              2.9637923225844793,
              47.191124087995405
            ],
            [
              2.96480594447765,
              47.184740593388575
            ],
            [
              2.9658195663708202,
              47.178357098781746
            ],
            [
              2.966833188263991,
              47.17197360417492
            ],
            [
              2.967846810157161,
              47.165590109568086
            ],
            [
              2.967846810157161,
              47.165590109568086
            ],
            [
              2.9708952296980873,
              47.16158393916164
            ],
            [
              2.973943649239013,
              47.157577768755175
            ],
            [
              2.9769920687799343,
              47.153571598348705
            ],
            [
              2.9800404883208604,
              47.14956542794226
            ],
            [
              2.983088907861786,
              47.145559257535794
            ],
            [
              2.98613732740271,
              47.141553087129324
            ],
            [
              2.989185746943636,
              47.137546916722876
            ],
            [
              2.9922341664845598,
              47.133540746316406
            ],
            [
              2.9952825860254855,
              47.12953457590994
            ],
            [
              2.9983310055664094,
              47.125528405503495
            ],
            [
              2.9983310055664094,
              47.125528405503495
            ],
            [
              3.004497342097332,
              47.12552994440134
            ],
            [
              3.010663678628255,
              47.125531483299206
            ],
            [
              3.0168300151591763,
              47.12553302219706
            ],
            [
              3.022996351690099,
              47.125534561094916
            ],
            [
              3.0291626882210214,
              47.12553609999277
            ],
            [
              3.035329024751942,
              47.12553763889063
            ],
            [
              3.0414953612828657,
              47.12553917778848
            ],
            [
              3.0476616978137883,
              47.12554071668634
            ],
            [
              3.053828034344711,
              47.12554225558419
            ],
            [
              3.0599943708756325,
              47.125543794482056
            ],
            [
              3.0599943708756325,
              47.125543794482056
            ],
            [
              3.0688848625128426,
              47.128054219564994
            ],
            [
              3.077775354150049,
              47.13056464464793
            ],
            [
              3.086665845787256,
              47.133075069730864
            ],
            [
              3.095556337424466,
              47.135585494813796
            ],
            [
              3.1044468290616742,
              47.138095919896735
            ],
            [
              3.1133373206988826,
              47.14060634497967
            ],
            [
              3.122227812336089,
              47.14311677006261
            ],
            [
              3.1311183039732975,
              47.14562719514555
            ],
            [
              3.1400087956105076,
              47.14813762022849
            ],
            [
              3.148899287247716,
              47.150648045311414
            ],
            [
              3.148899287247716,
              47.150648045311414
            ],
            [
              3.158512351302685,
              47.151276426717004
            ],
            [
              3.1681254153576552,
              47.15190480812259
            ],
            [
              3.1777384794126253,
              47.15253318952818
            ],
            [
              3.1873515434675963,
              47.15316157093376
            ],
            [
              3.1969646075225673,
              47.153789952339345
            ],
            [
              3.2065776715775374,
              47.15441833374493
            ],
            [
              3.2161907356325083,
              47.15504671515051
            ],
            [
              3.2258037996874784,
              47.1556750965561
            ],
            [
              3.2354168637424494,
              47.156303477961686
            ],
            [
              3.2450299277974186,
              47.156931859367276
            ],
            [
              3.2450299277974186,
              47.156931859367276
            ],
            [
              3.2486619047489005,
              47.159064955013555
            ],
            [
              3.252293881700384,
              47.16119805065984
            ],
            [
              3.255925858651865,
              47.16333114630613
            ],
            [
              3.259557835603346,
              47.165464241952414
            ],
            [
              3.263189812554829,
              47.16759733759869
            ],
            [
              3.266821789506309,
              47.16973043324498
            ],
            [
              3.270453766457788,
              47.171863528891265
            ],
            [
              3.274085743409271,
              47.17399662453755
            ],
            [
              3.2777177203607537,
              47.17612972018384
            ],
            [
              3.2813496973122347,
              47.178262815830124
            ],
            [
              3.2813496973122347,
              47.178262815830124
            ],
            [
              3.2844388889281766,
              47.18177379254145
            ],
            [
              3.287528080544116,
              47.185284769252775
            ],
            [
              3.2906172721600577,
              47.1887957459641
            ],
            [
              3.2937064637759996,
              47.19230672267543
            ],
            [
              3.2967956553919415,
              47.19581769938676
            ],
            [
              3.2998848470078816,
              47.199328676098084
            ],
            [
              3.3029740386238235,
              47.20283965280941
            ],
            [
              3.3060632302397654,
              47.20635062952074
            ],
            [
              3.3091524218557056,
              47.20986160623207
            ],
            [
              3.3122416134716475,
              47.21337258294339
            ],
            [
              3.3122416134716475,
              47.21337258294339
            ],
            [
              3.3187699549612053,
              47.2136252439346
            ],
            [
              3.325298296450765,
              47.21387790492581
            ],
            [
              3.3318266379403245,
              47.21413056591702
            ],
            [
              3.338354979429884,
              47.214383226908225
            ],
            [
              3.344883320919442,
              47.21463588789943
            ],
            [
              3.351411662409,
              47.21488854889064
            ],
            [
              3.3579400038985594,
              47.21514120988185
            ],
            [
              3.364468345388118,
              47.21539387087305
            ],
            [
              3.370996686877676,
              47.215646531864266
            ],
            [
              3.3775250283672373,
              47.215899192855474
            ],
            [
              3.3775250283672373,
              47.215899192855474
            ],
            [
              3.382242551723516,
              47.21690344159789
            ],
            [
              3.386960075079792,
              47.21790769034032
            ],
            [
              3.3916775984360705,
              47.218911939082744
            ],
            [
              3.396395121792351,
              47.21991618782518
            ],
            [
              3.401112645148627,
              47.220920436567596
            ],
            [
              3.4058301685049073,
              47.22192468531002
            ],
            [
              3.410547691861184,
              47.222928934052455
            ],
            [
              3.4152652152174636,
              47.22393318279487
            ],
            [
              3.4199827385737422,
              47.2249374315373
            ],
            [
              3.424700261930019,
              47.225941680279725
            ],
            [
              3.424700261930019,
              47.225941680279725
            ],
            [
              3.427789748397769,
              47.228826669267924
            ],
            [
              3.430879234865515,
              47.23171165825614
            ],
            [
              3.433968721333264,
              47.234596647244345
            ],
            [
              3.4370582078010137,
              47.23748163623255
            ],
            [
              3.4401476942687617,
              47.24036662522076
            ],
            [
              3.4432371807365105,
              47.243251614208965
            ],
            [
              3.4463266672042594,
              47.24613660319718
            ],
            [
              3.449416153672009,
              47.24902159218538
            ],
            [
              3.4525056401397554,
              47.251906581173586
            ],
            [
              3.455595126607505,
              47.25479157016179
            ],
            [
              3.455595126607505,
              47.25479157016179
            ],
            [
              3.4581486837860536,
              47.26256571967582
            ],
            [
              3.4607022409646038,
              47.27033986918985
            ],
            [
              3.463255798143152,
              47.278114018703874
            ],
            [
              3.4658093553217006,
              47.2858881682179
            ],
            [
              3.468362912500251,
              47.29366231773193
            ],
            [
              3.4709164696787993,
              47.30143646724595
            ],
            [
              3.4734700268573477,
              47.30921061675998
            ],
            [
              3.4760235840358953,
              47.316984766274
            ],
            [
              3.4785771412144464,
              47.32475891578803
            ],
            [
              3.481130698392994,
              47.33253306530205
            ],
            [
              3.481130698392994,
              47.33253306530205
            ],
            [
              3.484766657822368,
              47.33754931338348
            ],
            [
              3.4884026172517424,
              47.3425655614649
            ],
            [
              3.4920385766811166,
              47.347581809546334
            ],
            [
              3.495674536110488,
              47.35259805762775
            ],
            [
              3.4993104955398624,
              47.357614305709184
            ],
            [
              3.5029464549692375,
              47.3626305537906
            ],
            [
              3.506582414398611,
              47.36764680187203
            ],
            [
              3.510218373827984,
              47.37266304995345
            ],
            [
              3.5138543332573584,
              47.377679298034884
            ],
            [
              3.5174902926867326,
              47.3826955461163
            ],
            [
              3.5174902926867326,
              47.3826955461163
            ],
            [
              3.5156860932672758,
              47.386958407799725
            ],
            [
              3.513881893847817,
              47.39122126948315
            ],
            [
              3.5120776944283585,
              47.39548413116658
            ],
            [
              3.5102734950089,
              47.39974699285
            ],
            [
              3.508469295589444,
              47.40400985453343
            ],
            [
              3.5066650961699826,
              47.40827271621685
            ],
            [
              3.5048608967505266,
              47.41253557790028
            ],
            [
              3.503056697331068,
              47.4167984395837
            ],
            [
              3.501252497911611,
              47.42106130126712
            ],
            [
              3.4994482984921524,
              47.425324162950545
            ],
            [
              3.4994482984921524,
              47.425324162950545
            ],
            [
              3.4996397866993676,
              47.430841620383674
            ],
            [
              3.4998312749065827,
              47.43635907781679
            ],
            [
              3.500022763113798,
              47.44187653524991
            ],
            [
              3.500214251321012,
              47.44739399268303
            ],
            [
              3.500405739528229,
              47.452911450116154
            ],
            [
              3.5005972277354425,
              47.45842890754927
            ],
            [
              3.5007887159426576,
              47.46394636498239
            ],
            [
              3.5009802041498728,
              47.46946382241552
            ],
            [
              3.501171692357087,
              47.47498127984863
            ],
            [
              3.501363180564303,
              47.48049873728175
            ],
            [
              3.501363180564303,
              47.48049873728175
            ],
            [
              3.5071671402253446,
              47.48087620284203
            ],
            [
              3.5129710998863835,
              47.48125366840232
            ],
            [
              3.518775059547423,
              47.48163113396259
            ],
            [
              3.524579019208462,
              47.48200859952288
            ],
            [
              3.5303829788695045,
              47.482386065083155
            ],
            [
              3.536186938530545,
              47.48276353064343
            ],
            [
              3.5419908981915857,
              47.48314099620372
            ],
            [
              3.5477948578526237,
              47.483518461764
            ],
            [
              3.5535988175136626,
              47.483895927324276
            ],
            [
              3.559402777174705,
              47.48427339288455
            ],
            [
              3.559402777174705,
              47.48427339288455
            ],
            [
              3.5726453185929485,
              47.4857807661461
            ],
            [
              3.585887860011192,
              47.48728813940764
            ],
            [
              3.5991304014294365,
              47.48879551266918
            ],
            [
              3.61237294284768,
              47.49030288593072
            ],
            [
              3.6256154842659236,
              47.491810259192256
            ],
            [
              3.638858025684169,
              47.4933176324538
            ],
            [
              3.6521005671024125,
              47.494825005715334
            ],
            [
              3.665343108520656,
              47.49633237897688
            ],
            [
              3.6785856499388987,
              47.49783975223843
            ],
            [
              3.691828191357144,
              47.49934712549996
            ],
            [
              3.691828191357144,
              47.49934712549996
            ],
            [
              3.7003585624263597,
              47.503361529104744
            ],
            [
              3.7088889334955755,
              47.507375932709536
            ],
            [
              3.7174193045647903,
              47.511390336314314
            ],
            [
              3.725949675634006,
              47.515404739919106
            ],
            [
              3.73448004670322,
              47.51941914352388
            ],
            [
              3.7430104177724357,
              47.523433547128676
            ],
            [
              3.7515407888416514,
              47.52744795073347
            ],
            [
              3.7600711599108663,
              47.531462354338245
            ],
            [
              3.768601530980082,
              47.53547675794303
            ],
            [
              3.7771319020492977,
              47.53949116154782
            ],
            [
              3.7771319020492977,
              47.53949116154782
            ],
            [
              3.7791364371709633,
              47.54463305435406
            ],
            [
              3.781140972292628,
              47.5497749471603
            ],
            [
              3.7831455074142917,
              47.554916839966545
            ],
            [
              3.78515004253596,
              47.560058732772795
            ],
            [
              3.7871545776576236,
              47.56520062557904
            ],
            [
              3.7891591127792883,
              47.57034251838528
            ],
            [
              3.791163647900954,
              47.575484411191525
            ],
            [
              3.793168183022621,
              47.58062630399777
            ],
            [
              3.795172718144285,
              47.58576819680401
            ],
            [
              3.7971772532659505,
              47.590910089610254
            ],
            [
              3.7971772532659505,
              47.590910089610254
            ],
            [
              3.8055247364201503,
              47.59304329008828
            ],
            [
              3.813872219574351,
              47.59517649056631
            ],
            [
              3.822219702728551,
              47.59730969104434
            ],
            [
              3.830567185882751,
              47.59944289152236
            ],
            [
              3.838914669036949,
              47.60157609200039
            ],
            [
              3.8472621521911505,
              47.60370929247842
            ],
            [
              3.8556096353453486,
              47.60584249295645
            ],
            [
              3.8639571184995485,
              47.607975693434476
            ],
            [
              3.8723046016537492,
              47.6101088939125
            ],
            [
              3.880652084807949,
              47.612242094390524
            ],
            [
              3.880652084807949,
              47.612242094390524
            ],
            [
              3.881379128345236,
              47.61349637900121
            ],
            [
              3.8821061718825223,
              47.614750663611886
            ],
            [
              3.8828332154198084,
              47.61600494822257
            ],
            [
              3.8835602589570946,
              47.61725923283325
            ],
            [
              3.8842873024943834,
              47.61851351744392
            ],
            [
              3.8850143460316677,
              47.61976780205461
            ],
            [
              3.8857413895689565,
              47.621022086665285
            ],
            [
              3.8864684331062436,
              47.622276371275966
            ],
            [
              3.887195476643528,
              47.62353065588665
            ],
            [
              3.887922520180816,
              47.62478494049733
            ],
            [
              3.887922520180816,
              47.62478494049733
            ],
            [
              3.8908265971801215,
              47.626039768417975
            ],
            [
              3.893730674179426,
              47.62729459633863
            ],
            [
              3.8966347511787354,
              47.62854942425928
            ],
            [
              3.899538828178041,
              47.62980425217993
            ],
            [
              3.9024429051773484,
              47.63105908010059
            ],
            [
              3.905346982176655,
              47.63231390802123
            ],
            [
              3.9082510591759605,
              47.633568735941886
            ],
            [
              3.911155136175268,
              47.63482356386254
            ],
            [
              3.9140592131745753,
              47.63607839178319
            ],
            [
              3.91696329017388,
              47.63733321970385
            ],
            [
              3.91696329017388,
              47.63733321970385
            ],
            [
              3.9124392405091117,
              47.64209639411863
            ],
            [
              3.9079151908443444,
              47.64685956853342
            ],
            [
              3.903391141179576,
              47.65162274294821
            ],
            [
              3.898867091514806,
              47.656385917363
            ],
            [
              3.8943430418500378,
              47.66114909177779
            ],
            [
              3.8898189921852713,
              47.66591226619258
            ],
            [
              3.8852949425205012,
              47.67067544060736
            ],
            [
              3.880770892855734,
              47.67543861502216
            ],
            [
              3.8762468431909656,
              47.68020178943695
            ],
            [
              3.8717227935261955,
              47.68496496385174
            ],
            [
              3.8717227935261955,
              47.68496496385174
            ],
            [
              3.8661037072644677,
              47.68671866714231
            ],
            [
              3.860484621002738,
              47.68847237043288
            ],
            [
              3.8548655347410103,
              47.69022607372345
            ],
            [
              3.849246448479279,
              47.691979777014026
            ],
            [
              3.8436273622175485,
              47.693733480304594
            ],
            [
              3.8380082759558207,
              47.69548718359516
            ],
            [
              3.832389189694092,
              47.69724088688574
            ],
            [
              3.8267701034323616,
              47.698994590176305
            ],
            [
              3.821151017170632,
              47.70074829346688
            ],
            [
              3.815531930908904,
              47.702501996757455
            ],
            [
              3.815531930908904,
              47.702501996757455
            ],
            [
              3.811370983856095,
              47.707265267259054
            ],
            [
              3.8072100368032884,
              47.71202853776065
            ],
            [
              3.8030490897504827,
              47.71679180826225
            ],
            [
              3.798888142697676,
              47.721555078763856
            ],
            [
              3.7947271956448687,
              47.72631834926546
            ],
            [
              3.7905662485920613,
              47.73108161976707
            ],
            [
              3.7864053015392565,
              47.735844890268666
            ],
            [
              3.7822443544864472,
              47.740608160770265
            ],
            [
              3.778083407433638,
              47.74537143127187
            ],
            [
              3.7739224603808332,
              47.75013470177346
            ],
            [
              3.7739224603808332,
              47.75013470177346
            ],
            [
              3.771380226230163,
              47.74900601602609
            ],
            [
              3.768837992079486,
              47.7478773302787
            ],
            [
              3.766295757928813,
              47.74674864453132
            ],
            [
              3.763753523778139,
              47.74561995878394
            ],
            [
              3.7612112896274668,
              47.74449127303655
            ],
            [
              3.7586690554767945,
              47.74336258728918
            ],
            [
              3.7561268213261187,
              47.742233901541795
            ],
            [
              3.7535845871754474,
              47.74110521579441
            ],
            [
              3.7510423530247707,
              47.73997653004703
            ],
            [
              3.7485001188740985,
              47.73884784429964
            ],
            [
              3.7485001188740985,
              47.73884784429964
            ],
            [
              3.746871676599804,
              47.74047755816378
            ],
            [
              3.745243234325508,
              47.74210727202792
            ],
            [
              3.7436147920512117,
              47.74373698589206
            ],
            [
              3.741986349776916,
              47.745366699756204
            ],
            [
              3.7403579075026214,
              47.74699641362034
            ],
            [
              3.738729465228326,
              47.74862612748448
            ],
            [
              3.737101022954031,
              47.75025584134861
            ],
            [
              3.7354725806797338,
              47.75188555521275
            ],
            [
              3.733844138405438,
              47.75351526907689
            ],
            [
              3.7322156961311426,
              47.75514498294103
            ],
            [
              3.7322156961311426,
              47.75514498294103
            ],
            [
              3.7327653668706646,
              47.7581543234307
            ],
            [
              3.7333150376101902,
              47.76116366392037
            ],
            [
              3.733864708349716,
              47.76417300441005
            ],
            [
              3.734414379089239,
              47.76718234489972
            ],
            [
              3.7349640498287644,
              47.77019168538939
            ],
            [
              3.7355137205682873,
              47.77320102587907
            ],
            [
              3.736063391307811,
              47.776210366368744
            ],
            [
              3.736613062047337,
              47.77921970685842
            ],
            [
              3.7371627327868624,
              47.78222904734808
            ],
            [
              3.7377124035263862,
              47.78523838783776
            ],
            [
              3.7377124035263862,
              47.78523838783776
            ],
            [
              3.7333640319100154,
              47.78736841988287
            ],
            [
              3.7290156602936455,
              47.78949845192796
            ],
            [
              3.724667288677274,
              47.79162848397307
            ],
            [
              3.720318917060903,
              47.79375851601817
            ],
            [
              3.715970545444533,
              47.795888548063274
            ],
            [
              3.711622173828163,
              47.79801858010837
            ],
            [
              3.7072738022117915,
              47.80014861215348
            ],
            [
              3.7029254305954216,
              47.80227864419857
            ],
            [
              3.69857705897905,
              47.80440867624369
            ],
            [
              3.694228687362679,
              47.806538708288784
            ],
            [
              3.694228687362679,
              47.806538708288784
            ],
            [
              3.6960556875765795,
              47.81331067705394
            ],
            [
              3.6978826877904782,
              47.8200826458191
            ],
            [
              3.6997096880043787,
              47.82685461458425
            ],
            [
              3.7015366882182774,
              47.83362658334941
            ],
            [
              3.703363688432178,
              47.84039855211457
            ],
            [
              3.7051906886460784,
              47.84717052087972
            ],
            [
              3.707017688859977,
              47.85394248964488
            ],
            [
              3.7088446890738758,
              47.86071445841004
            ],
            [
              3.7106716892877762,
              47.86748642717519
            ],
            [
              3.712498689501675,
              47.874258395940345
            ]
          ]
        ]
      }
    },
    {
      "type": "Feature",
      "properties": {
        "diocese": "Carnoten",
        "province": "Senonen",
        "start": 1592,
        "end": 1622
      },
      "geometry": {
        "type": "MultiPolygon",
        "coordinates": [
          [
            [
              [
                1.764286638412004,
                48.19977903815566
              ],
              [
                1.759011331500163,
                48.19073408105828
              ],
              [
                1.753736024588322,
                48.181689123960915
              ],
              [
                1.748460717676481,
                48.172644166863535
              ],
              [
                1.743185410764641,
                48.16359920976617
              ],
              [
                1.737910103852799,
                48.154554252668795
              ],
              [
                1.732634796940959,
                48.14550929557143
              ],
              [
                1.727359490029117,
                48.136464338474056
              ],
              [
                1.722084183117275,
                48.127419381376676
              ],
              [
                1.716808876205435,
                48.11837442427931
              ],
              [
                1.716799977744691,
                48.11376393830963
              ],
              [
                1.716791079283947,
                48.10915345233996
              ],
              [
                1.716782180823202,
                48.10454296637028
              ],
              [
                1.716773282362457,
                48.09993248040061
              ],
              [
                1.716764383901713,
                48.09532199443093
              ],
              [
                1.716755485440968,
                48.09071150846127
              ],
              [
                1.716746586980224,
                48.0861010224916
              ],
              [
                1.716737688519479,
                48.08149053652192
              ],
              [
                1.716728790058734,
                48.07688005055225
              ],
              [
                1.71671989159799,
                48.07226956458257
              ],
              [
                1.714664965244507,
                48.07067312032284
              ],
              [
                1.712610038891023,
                48.069076676063105
              ],
              [
                1.71055511253754,
                48.06748023180337
              ],
              [
                1.708500186184057,
                48.06588378754364
              ],
              [
                1.706445259830574,
                48.064287343283915
              ],
              [
                1.704390333477091,
                48.062690899024176
              ],
              [
                1.702335407123608,
                48.061094454764444
              ],
              [
                1.700280480770124,
                48.05949801050471
              ],
              [
                1.698225554416642,
                48.05790156624498
              ],
              [
                1.696170628063158,
                48.05630512198525
              ],
              [
                1.698729619475941,
                48.05329121376206
              ],
              [
                1.701288610888725,
                48.05027730553888
              ],
              [
                1.703847602301508,
                48.04726339731569
              ],
              [
                1.70640659371429,
                48.0442494890925
              ],
              [
                1.708965585127074,
                48.04123558086931
              ],
              [
                1.711524576539857,
                48.03822167264613
              ],
              [
                1.71408356795264,
                48.03520776442294
              ],
              [
                1.716642559365423,
                48.032193856199754
              ],
              [
                1.719201550778207,
                48.02917994797657
              ],
              [
                1.72176054219099,
                48.026166039753384
              ],
              [
                1.72073050818607,
                48.02403786501358
              ],
              [
                1.719700474181152,
                48.021909690273766
              ],
              [
                1.718670440176233,
                48.019781515533964
              ],
              [
                1.717640406171313,
                48.01765334079416
              ],
              [
                1.716610372166394,
                48.01552516605435
              ],
              [
                1.715580338161475,
                48.01339699131455
              ],
              [
                1.714550304156556,
                48.01126881657475
              ],
              [
                1.713520270151638,
                48.00914064183494
              ],
              [
                1.712490236146719,
                48.00701246709513
              ],
              [
                1.7114602021418,
                48.00488429235533
              ],
              [
                1.707612307142685,
                48.004528678199634
              ],
              [
                1.703764412143569,
                48.00417306404394
              ],
              [
                1.699916517144454,
                48.00381744988824
              ],
              [
                1.696068622145338,
                48.003461835732544
              ],
              [
                1.692220727146223,
                48.00310622157685
              ],
              [
                1.688372832147107,
                48.002750607421156
              ],
              [
                1.684524937147992,
                48.002394993265455
              ],
              [
                1.680677042148877,
                48.00203937910976
              ],
              [
                1.676829147149761,
                48.001683764954066
              ],
              [
                1.672981252150646,
                48.001328150798365
              ],
              [
                1.670410968608711,
                47.99849136141061
              ],
              [
                1.667840685066777,
                47.995654572022865
              ],
              [
                1.665270401524843,
                47.99281778263511
              ],
              [
                1.662700117982908,
                47.98998099324736
              ],
              [
                1.660129834440975,
                47.9871442038596
              ],
              [
                1.65755955089904,
                47.98430741447186
              ],
              [
                1.654989267357106,
                47.98147062508411
              ],
              [
                1.652418983815172,
                47.97863383569635
              ],
              [
                1.649848700273237,
                47.97579704630861
              ],
              [
                1.647278416731303,
                47.97296025692084
              ],
              [
                1.643174382227152,
                47.97278190577098
              ],
              [
                1.639070347723,
                47.9726035546211
              ],
              [
                1.634966313218849,
                47.972425203471225
              ],
              [
                1.630862278714698,
                47.97224685232135
              ],
              [
                1.626758244210546,
                47.97206850117147
              ],
              [
                1.622654209706395,
                47.9718901500216
              ],
              [
                1.618550175202243,
                47.971711798871716
              ],
              [
                1.614446140698091,
                47.971533447721846
              ],
              [
                1.61034210619394,
                47.97135509657197
              ],
              [
                1.606238071689789,
                47.97117674542209
              ],
              [
                1.60212856121142,
                47.96816117297847
              ],
              [
                1.598019050733048,
                47.96514560053485
              ],
              [
                1.593909540254678,
                47.962130028091224
              ],
              [
                1.589800029776308,
                47.9591144556476
              ],
              [
                1.585690519297938,
                47.956098883203985
              ],
              [
                1.581581008819568,
                47.953083310760356
              ],
              [
                1.577471498341197,
                47.95006773831674
              ],
              [
                1.573361987862828,
                47.94705216587312
              ],
              [
                1.569252477384457,
                47.94403659342949
              ],
              [
                1.565142966906087,
                47.94102102098587
              ],
              [
                1.559735654391197,
                47.93002544566304
              ],
              [
                1.554328341876305,
                47.9190298703402
              ],
              [
                1.548921029361413,
                47.90803429501736
              ],
              [
                1.543513716846523,
                47.89703871969453
              ],
              [
                1.538106404331633,
                47.88604314437169
              ],
              [
                1.532699091816741,
                47.875047569048846
              ],
              [
                1.527291779301849,
                47.864051993726015
              ],
              [
                1.521884466786958,
                47.853056418403185
              ],
              [
                1.516477154272068,
                47.84206084308034
              ],
              [
                1.511069841757177,
                47.8310652677575
              ],
              [
                1.504387992180184,
                47.82414787731723
              ],
              [
                1.497706142603193,
                47.81723048687696
              ],
              [
                1.491024293026201,
                47.81031309643667
              ],
              [
                1.484342443449209,
                47.80339570599641
              ],
              [
                1.477660593872217,
                47.79647831555613
              ],
              [
                1.470978744295225,
                47.789560925115865
              ],
              [
                1.464296894718232,
                47.782643534675586
              ],
              [
                1.457615045141241,
                47.775726144235314
              ],
              [
                1.45093319556425,
                47.768808753795035
              ],
              [
                1.444251345987257,
                47.76189136335476
              ],
              [
                1.456019343441333,
                47.74629065714952
              ],
              [
                1.46778734089541,
                47.730689950944296
              ],
              [
                1.479555338349486,
                47.715089244739055
              ],
              [
                1.491323335803563,
                47.69948853853383
              ],
              [
                1.50309133325764,
                47.6838878323286
              ],
              [
                1.514859330711716,
                47.66828712612337
              ],
              [
                1.526627328165792,
                47.65268641991814
              ],
              [
                1.538395325619869,
                47.63708571371291
              ],
              [
                1.550163323073946,
                47.62148500750767
              ],
              [
                1.561931320528022,
                47.60588430130244
              ],
              [
                1.562425460377452,
                47.59613148180627
              ],
              [
                1.562919600226883,
                47.586378662310096
              ],
              [
                1.563413740076314,
                47.57662584281392
              ],
              [
                1.563907879925744,
                47.56687302331775
              ],
              [
                1.564402019775176,
                47.557120203821576
              ],
              [
                1.564896159624607,
                47.547367384325405
              ],
              [
                1.565390299474037,
                47.53761456482922
              ],
              [
                1.565884439323468,
                47.52786174533305
              ],
              [
                1.5663785791729,
                47.51810892583688
              ],
              [
                1.566872719022331,
                47.508356106340706
              ],
              [
                1.559168715062772,
                47.50338904608869
              ],
              [
                1.551464711103212,
                47.49842198583668
              ],
              [
                1.543760707143654,
                47.493454925584665
              ],
              [
                1.536056703184095,
                47.48848786533266
              ],
              [
                1.528352699224536,
                47.483520805080644
              ],
              [
                1.520648695264977,
                47.47855374482863
              ],
              [
                1.512944691305417,
                47.47358668457661
              ],
              [
                1.505240687345859,
                47.4686196243246
              ],
              [
                1.497536683386299,
                47.463652564072596
              ],
              [
                1.48983267942674,
                47.458685503820575
              ],
              [
                1.485974516978604,
                47.45301010110644
              ],
              [
                1.482116354530467,
                47.44733469839231
              ],
              [
                1.478258192082331,
                47.44165929567817
              ],
              [
                1.474400029634193,
                47.43598389296403
              ],
              [
                1.470541867186058,
                47.4303084902499
              ],
              [
                1.466683704737921,
                47.42463308753576
              ],
              [
                1.462825542289784,
                47.418957684821635
              ],
              [
                1.458967379841649,
                47.413282282107495
              ],
              [
                1.455109217393511,
                47.40760687939336
              ],
              [
                1.451251054945375,
                47.40193147667922
              ],
              [
                1.441501196686996,
                47.39926915046402
              ],
              [
                1.431751338428616,
                47.39660682424881
              ],
              [
                1.422001480170238,
                47.39394449803362
              ],
              [
                1.412251621911858,
                47.39128217181841
              ],
              [
                1.402501763653479,
                47.3886198456032
              ],
              [
                1.3927519053951,
                47.38595751938801
              ],
              [
                1.38300204713672,
                47.3832951931728
              ],
              [
                1.37325218887834,
                47.3806328669576
              ],
              [
                1.363502330619961,
                47.377970540742396
              ],
              [
                1.353752472361582,
                47.375308214527195
              ],
              [
                1.345793526770966,
                47.37113906183184
              ],
              [
                1.33783458118035,
                47.3669699091365
              ],
              [
                1.329875635589734,
                47.362800756441146
              ],
              [
                1.321916689999116,
                47.3586316037458
              ],
              [
                1.3139577444085,
                47.35446245105046
              ],
              [
                1.305998798817884,
                47.350293298355105
              ],
              [
                1.298039853227268,
                47.346124145659765
              ],
              [
                1.290080907636652,
                47.34195499296442
              ],
              [
                1.282121962046036,
                47.33778584026907
              ],
              [
                1.27416301645542,
                47.333616687573716
              ],
              [
                1.265188582419702,
                47.33485573090925
              ],
              [
                1.256214148383984,
                47.33609477424478
              ],
              [
                1.247239714348265,
                47.33733381758031
              ],
              [
                1.238265280312547,
                47.33857286091584
              ],
              [
                1.229290846276829,
                47.33981190425137
              ],
              [
                1.220316412241112,
                47.34105094758691
              ],
              [
                1.211341978205394,
                47.34228999092243
              ],
              [
                1.202367544169678,
                47.34352903425796
              ],
              [
                1.193393110133959,
                47.34476807759349
              ],
              [
                1.184418676098241,
                47.34600712092902
              ],
              [
                1.179800651346032,
                47.3452966661875
              ],
              [
                1.175182626593823,
                47.34458621144597
              ],
              [
                1.170564601841616,
                47.34387575670444
              ],
              [
                1.165946577089407,
                47.34316530196292
              ],
              [
                1.161328552337199,
                47.34245484722139
              ],
              [
                1.15671052758499,
                47.34174439247986
              ],
              [
                1.152092502832782,
                47.34103393773834
              ],
              [
                1.147474478080574,
                47.34032348299681
              ],
              [
                1.142856453328365,
                47.339613028255286
              ],
              [
                1.138238428576157,
                47.338902573513764
              ],
              [
                1.132348441524278,
                47.34360024532704
              ],
              [
                1.126458454472401,
                47.348297917140314
              ],
              [
                1.120568467420523,
                47.35299558895359
              ],
              [
                1.114678480368645,
                47.35769326076687
              ],
              [
                1.108788493316768,
                47.36239093258015
              ],
              [
                1.102898506264889,
                47.36708860439342
              ],
              [
                1.097008519213011,
                47.37178627620671
              ],
              [
                1.091118532161133,
                47.37648394801998
              ],
              [
                1.085228545109255,
                47.38118161983326
              ],
              [
                1.079338558057377,
                47.38587929164653
              ],
              [
                1.078703856393859,
                47.3892483339621
              ],
              [
                1.078069154730342,
                47.392617376277656
              ],
              [
                1.077434453066825,
                47.395986418593225
              ],
              [
                1.076799751403308,
                47.39935546090878
              ],
              [
                1.076165049739791,
                47.40272450322435
              ],
              [
                1.075530348076272,
                47.4060935455399
              ],
              [
                1.074895646412755,
                47.40946258785547
              ],
              [
                1.074260944749238,
                47.412831630171034
              ],
              [
                1.073626243085723,
                47.416200672486596
              ],
              [
                1.072991541422204,
                47.41956971480216
              ],
              [
                1.071454883417019,
                47.42072195087698
              ],
              [
                1.069918225411832,
                47.4218741869518
              ],
              [
                1.068381567406646,
                47.42302642302662
              ],
              [
                1.066844909401459,
                47.42417865910144
              ],
              [
                1.065308251396274,
                47.42533089517626
              ],
              [
                1.063771593391087,
                47.42648313125108
              ],
              [
                1.062234935385902,
                47.427635367325905
              ],
              [
                1.060698277380715,
                47.42878760340072
              ],
              [
                1.059161619375529,
                47.429939839475544
              ],
              [
                1.057624961370343,
                47.43109207555036
              ],
              [
                1.055578420092487,
                47.433840121269164
              ],
              [
                1.053531878814629,
                47.436588166987974
              ],
              [
                1.051485337536771,
                47.43933621270679
              ],
              [
                1.049438796258915,
                47.4420842584256
              ],
              [
                1.047392254981059,
                47.44483230414441
              ],
              [
                1.045345713703202,
                47.447580349863216
              ],
              [
                1.043299172425345,
                47.45032839558203
              ],
              [
                1.041252631147488,
                47.45307644130084
              ],
              [
                1.03920608986963,
                47.45582448701964
              ],
              [
                1.037159548591774,
                47.45857253273845
              ],
              [
                1.040760202546598,
                47.46371589586964
              ],
              [
                1.044360856501422,
                47.46885925900083
              ],
              [
                1.047961510456246,
                47.47400262213202
              ],
              [
                1.051562164411071,
                47.47914598526321
              ],
              [
                1.055162818365893,
                47.484289348394405
              ],
              [
                1.058763472320718,
                47.4894327115256
              ],
              [
                1.062364126275542,
                47.494576074656784
              ],
              [
                1.065964780230365,
                47.499719437787974
              ],
              [
                1.06956543418519,
                47.50486280091917
              ],
              [
                1.073166088140014,
                47.51000616405035
              ],
              [
                1.073174130976488,
                47.51417333248371
              ],
              [
                1.073182173812962,
                47.51834050091707
              ],
              [
                1.073190216649436,
                47.52250766935043
              ],
              [
                1.07319825948591,
                47.52667483778378
              ],
              [
                1.073206302322384,
                47.53084200621714
              ],
              [
                1.073214345158858,
                47.5350091746505
              ],
              [
                1.073222387995333,
                47.53917634308385
              ],
              [
                1.073230430831806,
                47.54334351151721
              ],
              [
                1.07323847366828,
                47.54751067995056
              ],
              [
                1.073246516504755,
                47.55167784838392
              ],
              [
                1.075561689349215,
                47.55522494834282
              ],
              [
                1.077876862193677,
                47.5587720483017
              ],
              [
                1.080192035038138,
                47.5623191482606
              ],
              [
                1.0825072078826,
                47.565866248219486
              ],
              [
                1.084822380727061,
                47.56941334817839
              ],
              [
                1.087137553571522,
                47.57296044813727
              ],
              [
                1.089452726415983,
                47.576507548096174
              ],
              [
                1.091767899260444,
                47.58005464805506
              ],
              [
                1.094083072104906,
                47.583601748013955
              ],
              [
                1.096398244949367,
                47.58714884797284
              ],
              [
                1.094224147293554,
                47.59025151571635
              ],
              [
                1.092050049637742,
                47.593354183459866
              ],
              [
                1.089875951981929,
                47.59645685120337
              ],
              [
                1.087701854326117,
                47.59955951894688
              ],
              [
                1.085527756670304,
                47.60266218669039
              ],
              [
                1.08335365901449,
                47.60576485443389
              ],
              [
                1.081179561358679,
                47.60886752217741
              ],
              [
                1.079005463702865,
                47.611970189920925
              ],
              [
                1.076831366047053,
                47.61507285766442
              ],
              [
                1.07465726839124,
                47.618175525407935
              ],
              [
                1.072354593460641,
                47.621099767612804
              ],
              [
                1.070051918530042,
                47.62402400981767
              ],
              [
                1.067749243599442,
                47.62694825202254
              ],
              [
                1.065446568668843,
                47.62987249422739
              ],
              [
                1.063143893738243,
                47.632796736432255
              ],
              [
                1.060841218807644,
                47.635720978637124
              ],
              [
                1.058538543877045,
                47.63864522084199
              ],
              [
                1.056235868946445,
                47.64156946304686
              ],
              [
                1.053933194015846,
                47.64449370525172
              ],
              [
                1.051630519085247,
                47.64741794745659
              ],
              [
                1.04765763457043,
                47.6487469024652
              ],
              [
                1.043684750055615,
                47.65007585747381
              ],
              [
                1.039711865540799,
                47.65140481248242
              ],
              [
                1.035738981025982,
                47.652733767491036
              ],
              [
                1.031766096511167,
                47.65406272249965
              ],
              [
                1.027793211996352,
                47.65539167750826
              ],
              [
                1.023820327481536,
                47.65672063251688
              ],
              [
                1.01984744296672,
                47.65804958752549
              ],
              [
                1.015874558451903,
                47.659378542534114
              ],
              [
                1.011901673937088,
                47.660707497542724
              ],
              [
                1.008821505053488,
                47.659465445807875
              ],
              [
                1.005741336169888,
                47.65822339407303
              ],
              [
                1.002661167286288,
                47.656981342338185
              ],
              [
                0.99958099840269,
                47.65573929060334
              ],
              [
                0.99650082951909,
                47.6544972388685
              ],
              [
                0.993420660635489,
                47.65325518713365
              ],
              [
                0.990340491751891,
                47.6520131353988
              ],
              [
                0.987260322868291,
                47.65077108366396
              ],
              [
                0.984180153984691,
                47.64952903192912
              ],
              [
                0.981099985101092,
                47.64828698019427
              ],
              [
                0.975842817349893,
                47.648640316581435
              ],
              [
                0.970585649598692,
                47.64899365296859
              ],
              [
                0.965328481847491,
                47.64934698935575
              ],
              [
                0.960071314096292,
                47.64970032574291
              ],
              [
                0.954814146345093,
                47.65005366213007
              ],
              [
                0.949556978593893,
                47.65040699851723
              ],
              [
                0.944299810842692,
                47.65076033490439
              ],
              [
                0.939042643091493,
                47.65111367129155
              ],
              [
                0.933785475340293,
                47.65146700767871
              ],
              [
                0.928528307589092,
                47.65182034406587
              ],
              [
                0.92454704005709,
                47.64880587561768
              ],
              [
                0.920565772525086,
                47.6457914071695
              ],
              [
                0.916584504993083,
                47.64277693872131
              ],
              [
                0.912603237461078,
                47.63976247027312
              ],
              [
                0.908621969929075,
                47.636748001824934
              ],
              [
                0.904640702397072,
                47.63373353337674
              ],
              [
                0.900659434865068,
                47.630719064928556
              ],
              [
                0.896678167333065,
                47.62770459648037
              ],
              [
                0.892696899801061,
                47.624690128032185
              ],
              [
                0.888715632269058,
                47.621675659584
              ],
              [
                0.883200950593434,
                47.62069899067519
              ],
              [
                0.87768626891781,
                47.61972232176637
              ],
              [
                0.872171587242185,
                47.61874565285756
              ],
              [
                0.866656905566562,
                47.61776898394874
              ],
              [
                0.861142223890936,
                47.616792315039945
              ],
              [
                0.855627542215313,
                47.615815646131125
              ],
              [
                0.850112860539689,
                47.61483897722231
              ],
              [
                0.844598178864064,
                47.6138623083135
              ],
              [
                0.83908349718844,
                47.61288563940469
              ],
              [
                0.833568815512815,
                47.61190897049587
              ],
              [
                0.829337574780593,
                47.61226256291786
              ],
              [
                0.825106334048369,
                47.61261615533984
              ],
              [
                0.820875093316146,
                47.612969747761824
              ],
              [
                0.816643852583923,
                47.61332334018381
              ],
              [
                0.812412611851701,
                47.61367693260579
              ],
              [
                0.808181371119478,
                47.61403052502778
              ],
              [
                0.803950130387254,
                47.61438411744977
              ],
              [
                0.799718889655032,
                47.61473770987175
              ],
              [
                0.795487648922808,
                47.61509130229373
              ],
              [
                0.791256408190585,
                47.61544489471572
              ],
              [
                0.788176581556695,
                47.61438016999541
              ],
              [
                0.785096754922802,
                47.613315445275084
              ],
              [
                0.782016928288911,
                47.61225072055476
              ],
              [
                0.77893710165502,
                47.61118599583445
              ],
              [
                0.775857275021128,
                47.610121271114124
              ],
              [
                0.772777448387236,
                47.60905654639381
              ],
              [
                0.769697621753346,
                47.60799182167349
              ],
              [
                0.766617795119453,
                47.60692709695318
              ],
              [
                0.763537968485562,
                47.605862372232856
              ],
              [
                0.760458141851672,
                47.604797647512534
              ],
              [
                0.758533852102405,
                47.60444251342017
              ],
              [
                0.756609562353139,
                47.60408737932779
              ],
              [
                0.754685272603873,
                47.603732245235406
              ],
              [
                0.752760982854607,
                47.60337711114304
              ],
              [
                0.750836693105341,
                47.60302197705066
              ],
              [
                0.748912403356076,
                47.602666842958286
              ],
              [
                0.74698811360681,
                47.60231170886591
              ],
              [
                0.745063823857543,
                47.60195657477354
              ],
              [
                0.743139534108277,
                47.601601440681165
              ],
              [
                0.741215244359012,
                47.601246306588784
              ],
              [
                0.739168531956301,
                47.603905688800324
              ],
              [
                0.73712181955359,
                47.60656507101187
              ],
              [
                0.735075107150878,
                47.60922445322342
              ],
              [
                0.733028394748167,
                47.611883835434966
              ],
              [
                0.730981682345457,
                47.614543217646506
              ],
              [
                0.728934969942746,
                47.617202599858054
              ],
              [
                0.726888257540035,
                47.6198619820696
              ],
              [
                0.724841545137323,
                47.62252136428115
              ],
              [
                0.722794832734613,
                47.625180746492696
              ],
              [
                0.720748120331902,
                47.627840128704236
              ],
              [
                0.721263819770061,
                47.62925780084678
              ],
              [
                0.72177951920822,
                47.63067547298933
              ],
              [
                0.72229521864638,
                47.632093145131876
              ],
              [
                0.722810918084539,
                47.63351081727442
              ],
              [
                0.723326617522698,
                47.63492848941697
              ],
              [
                0.723842316960859,
                47.636346161559516
              ],
              [
                0.724358016399018,
                47.63776383370206
              ],
              [
                0.724873715837176,
                47.639181505844604
              ],
              [
                0.725389415275336,
                47.64059917798715
              ],
              [
                0.725905114713495,
                47.6420168501297
              ],
              [
                0.732703731934128,
                47.642993839463074
              ],
              [
                0.739502349154759,
                47.643970828796434
              ],
              [
                0.746300966375392,
                47.64494781812981
              ],
              [
                0.753099583596023,
                47.64592480746318
              ],
              [
                0.759898200816656,
                47.64690179679654
              ],
              [
                0.766696818037289,
                47.647878786129915
              ],
              [
                0.773495435257921,
                47.64885577546328
              ],
              [
                0.780294052478553,
                47.649832764796656
              ],
              [
                0.787092669699185,
                47.65080975413003
              ],
              [
                0.793891286919817,
                47.6517867434634
              ],
              [
                0.799666902065457,
                47.65427075638937
              ],
              [
                0.805442517211095,
                47.65675476931534
              ],
              [
                0.811218132356734,
                47.65923878224132
              ],
              [
                0.816993747502373,
                47.66172279516729
              ],
              [
                0.822769362648013,
                47.66420680809326
              ],
              [
                0.828544977793652,
                47.66669082101923
              ],
              [
                0.834320592939291,
                47.66917483394521
              ],
              [
                0.840096208084931,
                47.671658846871175
              ],
              [
                0.84587182323057,
                47.67414285979716
              ],
              [
                0.851647438376208,
                47.676626872723126
              ],
              [
                0.854854982133113,
                47.678223610104425
              ],
              [
                0.858062525890019,
                47.67982034748574
              ],
              [
                0.861270069646924,
                47.68141708486703
              ],
              [
                0.864477613403829,
                47.68301382224833
              ],
              [
                0.867685157160733,
                47.68461055962964
              ],
              [
                0.870892700917639,
                47.68620729701093
              ],
              [
                0.874100244674544,
                47.687804034392244
              ],
              [
                0.877307788431449,
                47.68940077177354
              ],
              [
                0.880515332188353,
                47.69099750915483
              ],
              [
                0.883722875945258,
                47.692594246536146
              ],
              [
                0.887184679313425,
                47.69224045662067
              ],
              [
                0.890646482681591,
                47.6918866667052
              ],
              [
                0.894108286049758,
                47.691532876789736
              ],
              [
                0.897570089417924,
                47.69117908687426
              ],
              [
                0.901031892786091,
                47.69082529695879
              ],
              [
                0.904493696154256,
                47.69047150704332
              ],
              [
                0.907955499522422,
                47.69011771712785
              ],
              [
                0.911417302890589,
                47.689763927212375
              ],
              [
                0.914879106258756,
                47.68941013729691
              ],
              [
                0.918340909626922,
                47.68905634738144
              ],
              [
                0.922573013883591,
                47.6891460670284
              ],
              [
                0.926805118140261,
                47.689235786675376
              ],
              [
                0.93103722239693,
                47.689325506322334
              ],
              [
                0.9352693266536,
                47.6894152259693
              ],
              [
                0.939501430910269,
                47.689504945616264
              ],
              [
                0.943733535166937,
                47.68959466526323
              ],
              [
                0.947965639423609,
                47.689684384910194
              ],
              [
                0.952197743680277,
                47.68977410455716
              ],
              [
                0.956429847936947,
                47.689863824204124
              ],
              [
                0.960661952193616,
                47.68995354385109
              ],
              [
                0.962593429155085,
                47.6940325288405
              ],
              [
                0.964524906116555,
                47.698111513829915
              ],
              [
                0.966456383078025,
                47.702190498819334
              ],
              [
                0.968387860039495,
                47.706269483808754
              ],
              [
                0.970319337000963,
                47.71034846879816
              ],
              [
                0.972250813962433,
                47.71442745378757
              ],
              [
                0.974182290923902,
                47.718506438776984
              ],
              [
                0.976113767885373,
                47.722585423766404
              ],
              [
                0.978045244846842,
                47.72666440875582
              ],
              [
                0.979976721808312,
                47.730743393745236
              ],
              [
                0.980113690021573,
                47.735265248211995
              ],
              [
                0.980250658234836,
                47.739787102678754
              ],
              [
                0.980387626448098,
                47.74430895714552
              ],
              [
                0.980524594661362,
                47.74883081161228
              ],
              [
                0.980661562874624,
                47.753352666079046
              ],
              [
                0.980798531087886,
                47.75787452054581
              ],
              [
                0.980935499301149,
                47.76239637501257
              ],
              [
                0.981072467514411,
                47.76691822947934
              ],
              [
                0.981209435727675,
                47.7714400839461
              ],
              [
                0.981346403940937,
                47.77596193841286
              ],
              [
                0.97801506606269,
                47.77746838045777
              ],
              [
                0.974683728184442,
                47.77897482250267
              ],
              [
                0.971352390306195,
                47.780481264547575
              ],
              [
                0.968021052427948,
                47.78198770659249
              ],
              [
                0.9646897145497,
                47.783494148637395
              ],
              [
                0.961358376671454,
                47.7850005906823
              ],
              [
                0.958027038793207,
                47.78650703272721
              ],
              [
                0.95469570091496,
                47.788013474772114
              ],
              [
                0.951364363036712,
                47.789519916817014
              ],
              [
                0.948033025158465,
                47.79102635886193
              ],
              [
                0.945215156242982,
                47.792798913974714
              ],
              [
                0.942397287327496,
                47.7945714690875
              ],
              [
                0.939579418412012,
                47.79634402420031
              ],
              [
                0.936761549496528,
                47.798116579313096
              ],
              [
                0.933943680581043,
                47.79988913442588
              ],
              [
                0.931125811665558,
                47.80166168953868
              ],
              [
                0.928307942750074,
                47.80343424465147
              ],
              [
                0.925490073834589,
                47.80520679976426
              ],
              [
                0.922672204919105,
                47.80697935487706
              ],
              [
                0.91985433600362,
                47.808751909989844
              ],
              [
                0.915385600401389,
                47.81894705489134
              ],
              [
                0.910916864799157,
                47.829142199792834
              ],
              [
                0.906448129196926,
                47.83933734469433
              ],
              [
                0.901979393594694,
                47.84953248959582
              ],
              [
                0.897510657992463,
                47.85972763449732
              ],
              [
                0.893041922390231,
                47.86992277939882
              ],
              [
                0.888573186787999,
                47.880117924300315
              ],
              [
                0.884104451185768,
                47.89031306920181
              ],
              [
                0.879635715583536,
                47.900508214103304
              ],
              [
                0.875166979981305,
                47.9107033590048
              ],
              [
                0.874274435474943,
                47.91336302925552
              ],
              [
                0.87338189096858,
                47.91602269950624
              ],
              [
                0.872489346462219,
                47.918682369756965
              ],
              [
                0.871596801955856,
                47.92134204000769
              ],
              [
                0.870704257449495,
                47.92400171025841
              ],
              [
                0.869811712943132,
                47.92666138050913
              ],
              [
                0.86891916843677,
                47.92932105075986
              ],
              [
                0.868026623930408,
                47.931980721010575
              ],
              [
                0.867134079424046,
                47.9346403912613
              ],
              [
                0.866241534917685,
                47.937300061512026
              ],
              [
                0.863939027739266,
                47.93951606803286
              ],
              [
                0.861636520560847,
                47.941732074553705
              ],
              [
                0.859334013382428,
                47.94394808107454
              ],
              [
                0.857031506204009,
                47.946164087595385
              ],
              [
                0.854728999025591,
                47.94838009411622
              ],
              [
                0.852426491847173,
                47.950596100637064
              ],
              [
                0.850123984668754,
                47.952812107157904
              ],
              [
                0.847821477490336,
                47.95502811367874
              ],
              [
                0.845518970311917,
                47.95724412019958
              ],
              [
                0.843216463133498,
                47.95946012672043
              ],
              [
                0.844248721740408,
                47.96274091611597
              ],
              [
                0.845280980347318,
                47.966021705511515
              ],
              [
                0.846313238954229,
                47.969302494907055
              ],
              [
                0.847345497561138,
                47.972583284302615
              ],
              [
                0.848377756168048,
                47.975864073698155
              ],
              [
                0.849410014774959,
                47.9791448630937
              ],
              [
                0.850442273381868,
                47.98242565248924
              ],
              [
                0.851474531988778,
                47.985706441884794
              ],
              [
                0.852506790595688,
                47.98898723128033
              ],
              [
                0.853539049202598,
                47.99226802067588
              ],
              [
                0.856236707628395,
                47.99545950117944
              ],
              [
                0.85893436605419,
                47.998650981682985
              ],
              [
                0.861632024479986,
                48.00184246218653
              ],
              [
                0.864329682905781,
                48.00503394269008
              ],
              [
                0.867027341331576,
                48.00822542319363
              ],
              [
                0.869724999757372,
                48.01141690369718
              ],
              [
                0.872422658183168,
                48.014608384200734
              ],
              [
                0.875120316608963,
                48.01779986470429
              ],
              [
                0.877817975034759,
                48.02099134520783
              ],
              [
                0.880515633460555,
                48.02418282571138
              ],
              [
                0.880262060817774,
                48.02569003585681
              ],
              [
                0.880008488174993,
                48.02719724600224
              ],
              [
                0.879754915532212,
                48.02870445614767
              ],
              [
                0.879501342889431,
                48.030211666293106
              ],
              [
                0.879247770246652,
                48.03171887643853
              ],
              [
                0.878994197603871,
                48.033226086583966
              ],
              [
                0.87874062496109,
                48.0347332967294
              ],
              [
                0.878487052318309,
                48.03624050687483
              ],
              [
                0.878233479675529,
                48.03774771702026
              ],
              [
                0.877979907032749,
                48.03925492716569
              ],
              [
                0.874264533490865,
                48.04031795604619
              ],
              [
                0.870549159948982,
                48.041380984926704
              ],
              [
                0.866833786407101,
                48.04244401380721
              ],
              [
                0.863118412865217,
                48.04350704268771
              ],
              [
                0.859403039323334,
                48.04457007156822
              ],
              [
                0.855687665781451,
                48.04563310044873
              ],
              [
                0.851972292239568,
                48.04669612932923
              ],
              [
                0.848256918697686,
                48.047759158209736
              ],
              [
                0.844541545155803,
                48.04882218709024
              ],
              [
                0.84082617161392,
                48.049885215970754
              ],
              [
                0.834542050105175,
                48.049706320748854
              ],
              [
                0.82825792859643,
                48.04952742552694
              ],
              [
                0.821973807087684,
                48.04934853030503
              ],
              [
                0.815689685578939,
                48.04916963508313
              ],
              [
                0.809405564070193,
                48.04899073986123
              ],
              [
                0.803121442561448,
                48.04881184463933
              ],
              [
                0.796837321052703,
                48.048632949417424
              ],
              [
                0.790553199543957,
                48.04845405419552
              ],
              [
                0.784269078035213,
                48.04827515897362
              ],
              [
                0.777984956526467,
                48.04809626375172
              ],
              [
                0.773881264272025,
                48.048095239616366
              ],
              [
                0.769777572017581,
                48.04809421548102
              ],
              [
                0.765673879763138,
                48.048093191345664
              ],
              [
                0.761570187508694,
                48.04809216721032
              ],
              [
                0.757466495254252,
                48.04809114307497
              ],
              [
                0.753362802999809,
                48.048090118939626
              ],
              [
                0.749259110745365,
                48.048089094804276
              ],
              [
                0.745155418490922,
                48.048088070668925
              ],
              [
                0.741051726236478,
                48.048087046533574
              ],
              [
                0.736948033982036,
                48.04808602239822
              ],
              [
                0.737466302340889,
                48.050834708202125
              ],
              [
                0.737984570699742,
                48.053583394006026
              ],
              [
                0.738502839058594,
                48.05633207980991
              ],
              [
                0.739021107417448,
                48.059080765613814
              ],
              [
                0.739539375776301,
                48.06182945141771
              ],
              [
                0.740057644135155,
                48.0645781372216
              ],
              [
                0.740575912494008,
                48.067326823025496
              ],
              [
                0.741094180852861,
                48.0700755088294
              ],
              [
                0.741612449211714,
                48.072824194633284
              ],
              [
                0.742130717570567,
                48.075572880437186
              ],
              [
                0.745725211051755,
                48.07752436824557
              ],
              [
                0.749319704532944,
                48.07947585605395
              ],
              [
                0.752914198014133,
                48.08142734386235
              ],
              [
                0.756508691495321,
                48.08337883167074
              ],
              [
                0.760103184976511,
                48.085330319479134
              ],
              [
                0.7636976784577,
                48.087281807287525
              ],
              [
                0.767292171938888,
                48.08923329509591
              ],
              [
                0.770886665420076,
                48.09118478290431
              ],
              [
                0.774481158901266,
                48.0931362707127
              ],
              [
                0.778075652382454,
                48.09508775852109
              ],
              [
                0.781797017742182,
                48.096329970275725
              ],
              [
                0.785518383101911,
                48.09757218203036
              ],
              [
                0.789239748461638,
                48.098814393785
              ],
              [
                0.792961113821367,
                48.100056605539635
              ],
              [
                0.796682479181095,
                48.101298817294264
              ],
              [
                0.800403844540823,
                48.1025410290489
              ],
              [
                0.804125209900551,
                48.10378324080354
              ],
              [
                0.807846575260279,
                48.10502545255817
              ],
              [
                0.811567940620008,
                48.10626766431282
              ],
              [
                0.815289305979736,
                48.10750987606744
              ],
              [
                0.818498742489832,
                48.109283940850226
              ],
              [
                0.821708178999929,
                48.111058005633005
              ],
              [
                0.824917615510025,
                48.112832070415784
              ],
              [
                0.828127052020121,
                48.114606135198564
              ],
              [
                0.831336488530217,
                48.116380199981336
              ],
              [
                0.834545925040314,
                48.11815426476412
              ],
              [
                0.83775536155041,
                48.1199283295469
              ],
              [
                0.840964798060505,
                48.121702394329674
              ],
              [
                0.844174234570603,
                48.12347645911245
              ],
              [
                0.847383671080698,
                48.12525052389524
              ],
              [
                0.846749482781187,
                48.12888555126324
              ],
              [
                0.846115294481677,
                48.13252057863126
              ],
              [
                0.845481106182167,
                48.13615560599927
              ],
              [
                0.844846917882655,
                48.13979063336727
              ],
              [
                0.844212729583144,
                48.14342566073529
              ],
              [
                0.843578541283633,
                48.14706068810329
              ],
              [
                0.842944352984122,
                48.15069571547131
              ],
              [
                0.842310164684611,
                48.15433074283932
              ],
              [
                0.8416759763851,
                48.157965770207326
              ],
              [
                0.841041788085589,
                48.16160079757534
              ],
              [
                0.838998498169404,
                48.166033444462805
              ],
              [
                0.83695520825322,
                48.170466091350285
              ],
              [
                0.834911918337033,
                48.17489873823775
              ],
              [
                0.832868628420848,
                48.179331385125224
              ],
              [
                0.830825338504663,
                48.1837640320127
              ],
              [
                0.828782048588478,
                48.18819667890016
              ],
              [
                0.826738758672293,
                48.19262932578765
              ],
              [
                0.824695468756107,
                48.197061972675115
              ],
              [
                0.822652178839921,
                48.20149461956259
              ],
              [
                0.820608888923736,
                48.20592726645006
              ],
              [
                0.819457124675521,
                48.20716826204521
              ],
              [
                0.818305360427305,
                48.20840925764034
              ],
              [
                0.817153596179089,
                48.209650253235495
              ],
              [
                0.816001831930874,
                48.210891248830634
              ],
              [
                0.814850067682658,
                48.212132244425774
              ],
              [
                0.813698303434442,
                48.213373240020914
              ],
              [
                0.812546539186227,
                48.21461423561606
              ],
              [
                0.811394774938011,
                48.21585523121121
              ],
              [
                0.810243010689796,
                48.21709622680634
              ],
              [
                0.80909124644158,
                48.218337222401495
              ],
              [
                0.798817707859226,
                48.22052880440583
              ],
              [
                0.788544169276872,
                48.22272038641017
              ],
              [
                0.778270630694518,
                48.22491196841451
              ],
              [
                0.767997092112164,
                48.227103550418846
              ],
              [
                0.757723553529809,
                48.22929513242319
              ],
              [
                0.747450014947455,
                48.23148671442753
              ],
              [
                0.737176476365101,
                48.23367829643187
              ],
              [
                0.726902937782747,
                48.23586987843621
              ],
              [
                0.716629399200393,
                48.238061460440555
              ],
              [
                0.706355860618039,
                48.240253042444884
              ],
              [
                0.711713226174268,
                48.24458071460015
              ],
              [
                0.717070591730498,
                48.24890838675541
              ],
              [
                0.722427957286727,
                48.253236058910666
              ],
              [
                0.727785322842957,
                48.25756373106593
              ],
              [
                0.733142688399186,
                48.261891403221185
              ],
              [
                0.738500053955415,
                48.26621907537645
              ],
              [
                0.743857419511645,
                48.27054674753172
              ],
              [
                0.749214785067874,
                48.27487441968697
              ],
              [
                0.754572150624104,
                48.27920209184223
              ],
              [
                0.759929516180333,
                48.28352976399749
              ],
              [
                0.764286315793439,
                48.28578695389208
              ],
              [
                0.768643115406546,
                48.28804414378667
              ],
              [
                0.772999915019651,
                48.290301333681256
              ],
              [
                0.777356714632757,
                48.29255852357585
              ],
              [
                0.781713514245862,
                48.29481571347044
              ],
              [
                0.786070313858969,
                48.29707290336503
              ],
              [
                0.790427113472075,
                48.29933009325963
              ],
              [
                0.794783913085181,
                48.30158728315421
              ],
              [
                0.799140712698285,
                48.303844473048805
              ],
              [
                0.803497512311391,
                48.3061016629434
              ],
              [
                0.805589643268527,
                48.30936242012598
              ],
              [
                0.807681774225661,
                48.31262317730857
              ],
              [
                0.809773905182795,
                48.31588393449116
              ],
              [
                0.811866036139929,
                48.319144691673756
              ],
              [
                0.813958167097065,
                48.32240544885634
              ],
              [
                0.816050298054199,
                48.32566620603893
              ],
              [
                0.818142429011333,
                48.32892696322152
              ],
              [
                0.820234559968469,
                48.332187720404114
              ],
              [
                0.822326690925602,
                48.3354484775867
              ],
              [
                0.824418821882737,
                48.33870923476929
              ],
              [
                0.823065578883741,
                48.34203216624843
              ],
              [
                0.821712335884743,
                48.34535509772756
              ],
              [
                0.820359092885747,
                48.3486780292067
              ],
              [
                0.81900584988675,
                48.35200096068583
              ],
              [
                0.817652606887754,
                48.35532389216497
              ],
              [
                0.816299363888757,
                48.358646823644094
              ],
              [
                0.81494612088976,
                48.361969755123226
              ],
              [
                0.813592877890764,
                48.365292686602366
              ],
              [
                0.812239634891766,
                48.36861561808149
              ],
              [
                0.810886391892769,
                48.37193854956063
              ],
              [
                0.808080398409789,
                48.37425697507774
              ],
              [
                0.805274404926807,
                48.376575400594845
              ],
              [
                0.802468411443826,
                48.378893826111955
              ],
              [
                0.799662417960843,
                48.381212251629066
              ],
              [
                0.796856424477863,
                48.38353067714618
              ],
              [
                0.794050430994881,
                48.38584910266329
              ],
              [
                0.7912444375119,
                48.3881675281804
              ],
              [
                0.788438444028917,
                48.390485953697514
              ],
              [
                0.785632450545937,
                48.39280437921462
              ],
              [
                0.782826457062956,
                48.39512280473173
              ],
              [
                0.776299793366545,
                48.396563287624964
              ],
              [
                0.769773129670134,
                48.398003770518194
              ],
              [
                0.763246465973724,
                48.39944425341143
              ],
              [
                0.756719802277314,
                48.400884736304654
              ],
              [
                0.750193138580902,
                48.40232521919789
              ],
              [
                0.743666474884492,
                48.40376570209112
              ],
              [
                0.737139811188082,
                48.405206184984365
              ],
              [
                0.730613147491672,
                48.406646667877595
              ],
              [
                0.724086483795261,
                48.40808715077083
              ],
              [
                0.71755982009885,
                48.40952763366407
              ],
              [
                0.71430187746115,
                48.41303809287809
              ],
              [
                0.71104393482345,
                48.41654855209212
              ],
              [
                0.707785992185751,
                48.420059011306144
              ],
              [
                0.704528049548052,
                48.42356947052017
              ],
              [
                0.701270106910352,
                48.427079929734205
              ],
              [
                0.698012164272651,
                48.43059038894824
              ],
              [
                0.694754221634952,
                48.43410084816227
              ],
              [
                0.691496278997252,
                48.43761130737629
              ],
              [
                0.688238336359552,
                48.441121766590314
              ],
              [
                0.684980393721852,
                48.44463222580435
              ],
              [
                0.683991930183166,
                48.448832262396614
              ],
              [
                0.68300346664448,
                48.45303229898888
              ],
              [
                0.682015003105795,
                48.45723233558114
              ],
              [
                0.68102653956711,
                48.46143237217341
              ],
              [
                0.680038076028424,
                48.46563240876568
              ],
              [
                0.679049612489739,
                48.469832445357945
              ],
              [
                0.678061148951052,
                48.47403248195021
              ],
              [
                0.677072685412367,
                48.47823251854248
              ],
              [
                0.676084221873682,
                48.48243255513474
              ],
              [
                0.675095758334996,
                48.48663259172701
              ],
              [
                0.676099950866741,
                48.49058208839607
              ],
              [
                0.677104143398483,
                48.494531585065126
              ],
              [
                0.678108335930228,
                48.498481081734184
              ],
              [
                0.679112528461971,
                48.50243057840325
              ],
              [
                0.680116720993716,
                48.50638007507231
              ],
              [
                0.681120913525459,
                48.51032957174136
              ],
              [
                0.682125106057203,
                48.51427906841042
              ],
              [
                0.683129298588947,
                48.51822856507948
              ],
              [
                0.684133491120691,
                48.52217806174854
              ],
              [
                0.685137683652435,
                48.5261275584176
              ],
              [
                0.68151225936831,
                48.52656569940944
              ],
              [
                0.677886835084184,
                48.52700384040128
              ],
              [
                0.674261410800058,
                48.52744198139311
              ],
              [
                0.670635986515932,
                48.52788012238494
              ],
              [
                0.667010562231808,
                48.528318263376775
              ],
              [
                0.663385137947682,
                48.528756404368615
              ],
              [
                0.659759713663557,
                48.52919454536045
              ],
              [
                0.65613428937943,
                48.52963268635228
              ],
              [
                0.652508865095305,
                48.530070827344126
              ],
              [
                0.648883440811179,
                48.53050896833595
              ],
              [
                0.647708672949143,
                48.53263979239946
              ],
              [
                0.646533905087107,
                48.53477061646297
              ],
              [
                0.64535913722507,
                48.53690144052647
              ],
              [
                0.644184369363033,
                48.53903226458998
              ],
              [
                0.643009601500995,
                48.541163088653484
              ],
              [
                0.641834833638959,
                48.54329391271698
              ],
              [
                0.640660065776924,
                48.54542473678049
              ],
              [
                0.639485297914887,
                48.547555560844
              ],
              [
                0.63831053005285,
                48.5496863849075
              ],
              [
                0.637135762190814,
                48.55181720897101
              ],
              [
                0.634146604755154,
                48.55369761499895
              ],
              [
                0.631157447319495,
                48.55557802102689
              ],
              [
                0.628168289883835,
                48.55745842705482
              ],
              [
                0.625179132448176,
                48.559338833082755
              ],
              [
                0.622189975012517,
                48.5612192391107
              ],
              [
                0.619200817576857,
                48.563099645138635
              ],
              [
                0.616211660141198,
                48.56498005116657
              ],
              [
                0.613222502705539,
                48.56686045719451
              ],
              [
                0.61023334526988,
                48.56874086322245
              ],
              [
                0.607244187834221,
                48.57062126925039
              ],
              [
                0.606252730239738,
                48.57406927089788
              ],
              [
                0.605261272645256,
                48.577517272545386
              ],
              [
                0.604269815050773,
                48.58096527419289
              ],
              [
                0.60327835745629,
                48.58441327584039
              ],
              [
                0.602286899861807,
                48.587861277487896
              ],
              [
                0.601295442267325,
                48.591309279135395
              ],
              [
                0.600303984672842,
                48.5947572807829
              ],
              [
                0.599312527078359,
                48.5982052824304
              ],
              [
                0.598321069483877,
                48.601653284077905
              ],
              [
                0.597329611889394,
                48.605101285725404
              ],
              [
                0.600510767821322,
                48.60823626828897
              ],
              [
                0.603691923753249,
                48.611371250852535
              ],
              [
                0.606873079685175,
                48.61450623341611
              ],
              [
                0.610054235617103,
                48.617641215979674
              ],
              [
                0.613235391549031,
                48.62077619854323
              ],
              [
                0.616416547480957,
                48.62391118110681
              ],
              [
                0.619597703412884,
                48.62704616367037
              ],
              [
                0.622778859344812,
                48.63018114623394
              ],
              [
                0.62596001527674,
                48.6333161287975
              ],
              [
                0.629141171208666,
                48.63645111136106
              ],
              [
                0.633766879730689,
                48.63714234329144
              ],
              [
                0.63839258825271,
                48.6378335752218
              ],
              [
                0.643018296774734,
                48.63852480715216
              ],
              [
                0.647644005296756,
                48.63921603908252
              ],
              [
                0.652269713818777,
                48.63990727101288
              ],
              [
                0.6568954223408,
                48.64059850294324
              ],
              [
                0.661521130862821,
                48.6412897348736
              ],
              [
                0.666146839384845,
                48.64198096680396
              ],
              [
                0.670772547906866,
                48.642672198734324
              ],
              [
                0.675398256428889,
                48.64336343066469
              ],
              [
                0.678122772331942,
                48.646059253498635
              ],
              [
                0.680847288234994,
                48.648755076332584
              ],
              [
                0.683571804138047,
                48.65145089916653
              ],
              [
                0.6862963200411,
                48.654146722000476
              ],
              [
                0.689020835944153,
                48.656842544834426
              ],
              [
                0.691745351847206,
                48.65953836766837
              ],
              [
                0.694469867750258,
                48.66223419050231
              ],
              [
                0.69719438365331,
                48.66493001333626
              ],
              [
                0.699918899556363,
                48.66762583617021
              ],
              [
                0.702643415459416,
                48.67032165900415
              ],
              [
                0.70626881130436,
                48.66906953259781
              ],
              [
                0.709894207149304,
                48.66781740619146
              ],
              [
                0.713519602994247,
                48.66656527978511
              ],
              [
                0.717144998839192,
                48.66531315337876
              ],
              [
                0.720770394684135,
                48.66406102697242
              ],
              [
                0.724395790529079,
                48.66280890056608
              ],
              [
                0.728021186374023,
                48.66155677415972
              ],
              [
                0.731646582218966,
                48.66030464775338
              ],
              [
                0.735271978063911,
                48.65905252134703
              ],
              [
                0.738897373908854,
                48.657800394940686
              ],
              [
                0.7426164936188,
                48.65867833717761
              ],
              [
                0.746335613328746,
                48.65955627941453
              ],
              [
                0.750054733038692,
                48.66043422165146
              ],
              [
                0.753773852748637,
                48.66131216388838
              ],
              [
                0.757492972458584,
                48.66219010612531
              ],
              [
                0.76121209216853,
                48.663068048362234
              ],
              [
                0.764931211878475,
                48.66394599059915
              ],
              [
                0.768650331588422,
                48.66482393283608
              ],
              [
                0.772369451298367,
                48.665701875073005
              ],
              [
                0.776088571008314,
                48.66657981730993
              ],
              [
                0.778358082684499,
                48.668085524084844
              ],
              [
                0.780627594360683,
                48.66959123085976
              ],
              [
                0.782897106036868,
                48.67109693763467
              ],
              [
                0.785166617713053,
                48.67260264440959
              ],
              [
                0.787436129389238,
                48.6741083511845
              ],
              [
                0.789705641065424,
                48.675614057959415
              ],
              [
                0.791975152741609,
                48.67711976473433
              ],
              [
                0.794244664417793,
                48.67862547150924
              ],
              [
                0.796514176093979,
                48.68013117828415
              ],
              [
                0.798783687770164,
                48.68163688505906
              ],
              [
                0.801141577306927,
                48.68169943018347
              ],
              [
                0.803499466843689,
                48.68176197530788
              ],
              [
                0.805857356380453,
                48.68182452043227
              ],
              [
                0.808215245917217,
                48.68188706555668
              ],
              [
                0.81057313545398,
                48.68194961068107
              ],
              [
                0.812931024990743,
                48.68201215580548
              ],
              [
                0.815288914527506,
                48.68207470092989
              ],
              [
                0.817646804064271,
                48.68213724605428
              ],
              [
                0.820004693601033,
                48.6821997911787
              ],
              [
                0.822362583137796,
                48.6822623363031
              ],
              [
                0.824994463762575,
                48.68339211094427
              ],
              [
                0.827626344387354,
                48.68452188558544
              ],
              [
                0.830258225012133,
                48.68565166022661
              ],
              [
                0.832890105636913,
                48.68678143486779
              ],
              [
                0.835521986261692,
                48.687911209508954
              ],
              [
                0.838153866886471,
                48.68904098415013
              ],
              [
                0.840785747511251,
                48.690170758791304
              ],
              [
                0.843417628136029,
                48.69130053343247
              ],
              [
                0.846049508760808,
                48.69243030807365
              ],
              [
                0.848681389385587,
                48.69356008271482
              ],
              [
                0.8531257236173,
                48.69393720896104
              ],
              [
                0.857570057849012,
                48.694314335207274
              ],
              [
                0.862014392080726,
                48.6946914614535
              ],
              [
                0.86645872631244,
                48.69506858769972
              ],
              [
                0.870903060544152,
                48.695445713945944
              ],
              [
                0.875347394775865,
                48.695822840192164
              ],
              [
                0.879791729007578,
                48.69619996643839
              ],
              [
                0.884236063239291,
                48.69657709268462
              ],
              [
                0.888680397471004,
                48.69695421893084
              ],
              [
                0.893124731702717,
                48.69733134517706
              ],
              [
                0.897843651136361,
                48.69908762299612
              ],
              [
                0.902562570570006,
                48.70084390081517
              ],
              [
                0.907281490003649,
                48.70260017863422
              ],
              [
                0.912000409437293,
                48.704356456453276
              ],
              [
                0.916719328870936,
                48.706112734272324
              ],
              [
                0.92143824830458,
                48.70786901209138
              ],
              [
                0.926157167738224,
                48.709625289910434
              ],
              [
                0.930876087171867,
                48.71138156772948
              ],
              [
                0.935595006605511,
                48.71313784554854
              ],
              [
                0.940313926039154,
                48.71489412336759
              ],
              [
                0.941495235454068,
                48.71614852134684
              ],
              [
                0.942676544868982,
                48.71740291932609
              ],
              [
                0.943857854283896,
                48.71865731730535
              ],
              [
                0.94503916369881,
                48.7199117152846
              ],
              [
                0.946220473113724,
                48.721166113263855
              ],
              [
                0.947401782528637,
                48.722420511243115
              ],
              [
                0.948583091943552,
                48.72367490922237
              ],
              [
                0.949764401358466,
                48.72492930720162
              ],
              [
                0.950945710773379,
                48.72618370518088
              ],
              [
                0.952127020188293,
                48.727438103160125
              ],
              [
                0.955926800616941,
                48.723677813940924
              ],
              [
                0.959726581045586,
                48.71991752472171
              ],
              [
                0.963526361474234,
                48.71615723550249
              ],
              [
                0.967326141902879,
                48.712396946283285
              ],
              [
                0.971125922331527,
                48.70863665706406
              ],
              [
                0.974925702760174,
                48.70487636784486
              ],
              [
                0.978725483188819,
                48.701116078625645
              ],
              [
                0.982525263617467,
                48.69735578940643
              ],
              [
                0.986325044046113,
                48.69359550018722
              ],
              [
                0.99012482447476,
                48.689835210968006
              ],
              [
                0.992483683029364,
                48.69039982530321
              ],
              [
                0.994842541583969,
                48.690964439638414
              ],
              [
                0.997201400138575,
                48.69152905397362
              ],
              [
                0.99956025869318,
                48.692093668308814
              ],
              [
                1.001919117247784,
                48.69265828264401
              ],
              [
                1.004277975802391,
                48.693222896979215
              ],
              [
                1.006636834356996,
                48.69378751131442
              ],
              [
                1.008995692911601,
                48.69435212564963
              ],
              [
                1.011354551466205,
                48.694916739984826
              ],
              [
                1.01371341002081,
                48.69548135432002
              ],
              [
                1.015710262482027,
                48.69660990395957
              ],
              [
                1.017707114943243,
                48.69773845359913
              ],
              [
                1.01970396740446,
                48.69886700323867
              ],
              [
                1.021700819865675,
                48.699995552878214
              ],
              [
                1.023697672326892,
                48.70112410251777
              ],
              [
                1.025694524788108,
                48.702252652157306
              ],
              [
                1.027691377249325,
                48.70338120179686
              ],
              [
                1.029688229710542,
                48.704509751436404
              ],
              [
                1.031685082171756,
                48.70563830107594
              ],
              [
                1.033681934632973,
                48.706766850715496
              ],
              [
                1.03413751657274,
                48.70745704193087
              ],
              [
                1.034593098512506,
                48.70814723314624
              ],
              [
                1.035048680452273,
                48.70883742436162
              ],
              [
                1.035504262392039,
                48.70952761557699
              ],
              [
                1.035959844331805,
                48.710217806792365
              ],
              [
                1.036415426271571,
                48.710907998007734
              ],
              [
                1.036871008211337,
                48.7115981892231
              ],
              [
                1.037326590151104,
                48.71228838043848
              ],
              [
                1.03778217209087,
                48.71297857165385
              ],
              [
                1.038237754030636,
                48.71366876286922
              ],
              [
                1.037061775933435,
                48.71517253778211
              ],
              [
                1.035885797836232,
                48.71667631269499
              ],
              [
                1.034709819739029,
                48.71818008760788
              ],
              [
                1.033533841641827,
                48.71968386252076
              ],
              [
                1.032357863544626,
                48.721187637433644
              ],
              [
                1.031181885447422,
                48.72269141234652
              ],
              [
                1.030005907350219,
                48.724195187259404
              ],
              [
                1.028829929253018,
                48.725698962172295
              ],
              [
                1.027653951155816,
                48.72720273708518
              ],
              [
                1.026477973058614,
                48.728706511998055
              ],
              [
                1.029200646183119,
                48.72964830074841
              ],
              [
                1.031923319307629,
                48.730590089498776
              ],
              [
                1.034645992432135,
                48.73153187824913
              ],
              [
                1.037368665556644,
                48.73247366699949
              ],
              [
                1.040091338681151,
                48.73341545574984
              ],
              [
                1.042814011805659,
                48.734357244500195
              ],
              [
                1.045536684930166,
                48.73529903325055
              ],
              [
                1.048259358054673,
                48.7362408220009
              ],
              [
                1.050982031179181,
                48.73718261075127
              ],
              [
                1.053704704303689,
                48.73812439950163
              ],
              [
                1.056604763988984,
                48.7373100658552
              ],
              [
                1.059504823674279,
                48.736495732208766
              ],
              [
                1.062404883359574,
                48.73568139856234
              ],
              [
                1.06530494304487,
                48.73486706491592
              ],
              [
                1.068205002730165,
                48.734052731269486
              ],
              [
                1.071105062415461,
                48.73323839762306
              ],
              [
                1.074005122100757,
                48.73242406397663
              ],
              [
                1.076905181786052,
                48.731609730330206
              ],
              [
                1.079805241471347,
                48.730795396683774
              ],
              [
                1.082705301156643,
                48.72998106303734
              ],
              [
                1.084339429703679,
                48.731297530703316
              ],
              [
                1.085973558250716,
                48.732613998369295
              ],
              [
                1.087607686797753,
                48.73393046603526
              ],
              [
                1.08924181534479,
                48.735246933701234
              ],
              [
                1.090875943891826,
                48.736563401367206
              ],
              [
                1.092510072438862,
                48.73787986903318
              ],
              [
                1.0941442009859,
                48.73919633669915
              ],
              [
                1.095778329532937,
                48.740512804365125
              ],
              [
                1.097412458079974,
                48.741829272031104
              ],
              [
                1.09904658662701,
                48.74314573969708
              ],
              [
                1.101222370289648,
                48.74251922837721
              ],
              [
                1.103398153952285,
                48.74189271705735
              ],
              [
                1.105573937614924,
                48.741266205737475
              ],
              [
                1.10774972127756,
                48.74063969441762
              ],
              [
                1.109925504940199,
                48.74001318309775
              ],
              [
                1.112101288602837,
                48.739386671777886
              ],
              [
                1.114277072265474,
                48.73876016045803
              ],
              [
                1.116452855928113,
                48.738133649138156
              ],
              [
                1.11862863959075,
                48.73750713781829
              ],
              [
                1.120804423253388,
                48.73688062649844
              ],
              [
                1.12315883628915,
                48.73594117132909
              ],
              [
                1.125513249324911,
                48.73500171615973
              ],
              [
                1.127867662360674,
                48.734062260990385
              ],
              [
                1.130222075396436,
                48.733122805821026
              ],
              [
                1.132576488432198,
                48.732183350651674
              ],
              [
                1.13493090146796,
                48.73124389548233
              ],
              [
                1.137285314503722,
                48.73030444031298
              ],
              [
                1.139639727539484,
                48.729364985143626
              ],
              [
                1.141994140575246,
                48.728425529974274
              ],
              [
                1.144348553611008,
                48.72748607480492
              ],
              [
                1.149700200317326,
                48.7280514360334
              ],
              [
                1.155051847023643,
                48.72861679726188
              ],
              [
                1.160403493729961,
                48.729182158490346
              ],
              [
                1.165755140436279,
                48.72974751971882
              ],
              [
                1.171106787142598,
                48.730312880947295
              ],
              [
                1.176458433848913,
                48.73087824217577
              ],
              [
                1.181810080555232,
                48.731443603404244
              ],
              [
                1.18716172726155,
                48.73200896463272
              ],
              [
                1.192513373967868,
                48.732574325861194
              ],
              [
                1.197865020674184,
                48.73313968708966
              ],
              [
                1.202398120309232,
                48.73307779518937
              ],
              [
                1.20693121994428,
                48.73301590328907
              ],
              [
                1.211464319579328,
                48.73295401138878
              ],
              [
                1.215997419214377,
                48.732892119488476
              ],
              [
                1.220530518849424,
                48.73283022758819
              ],
              [
                1.225063618484472,
                48.73276833568789
              ],
              [
                1.22959671811952,
                48.73270644378759
              ],
              [
                1.234129817754567,
                48.7326445518873
              ],
              [
                1.238662917389616,
                48.732582659987
              ],
              [
                1.243196017024663,
                48.7325207680867
              ],
              [
                1.246006577664369,
                48.731769435304926
              ],
              [
                1.248817138304073,
                48.73101810252315
              ],
              [
                1.251627698943781,
                48.73026676974138
              ],
              [
                1.254438259583486,
                48.7295154369596
              ],
              [
                1.257248820223192,
                48.72876410417783
              ],
              [
                1.260059380862897,
                48.72801277139605
              ],
              [
                1.262869941502602,
                48.72726143861428
              ],
              [
                1.265680502142309,
                48.7265101058325
              ],
              [
                1.268491062782015,
                48.72575877305073
              ],
              [
                1.27130162342172,
                48.72500744026895
              ],
              [
                1.276198545537401,
                48.72532272278579
              ],
              [
                1.281095467653084,
                48.72563800530262
              ],
              [
                1.285992389768767,
                48.72595328781945
              ],
              [
                1.290889311884449,
                48.72626857033629
              ],
              [
                1.295786234000131,
                48.72658385285312
              ],
              [
                1.300683156115814,
                48.72689913536995
              ],
              [
                1.305580078231495,
                48.72721441788678
              ],
              [
                1.310477000347178,
                48.727529700403615
              ],
              [
                1.31537392246286,
                48.727844982920445
              ],
              [
                1.320270844578542,
                48.728160265437275
              ],
              [
                1.323626991246253,
                48.72910114575883
              ],
              [
                1.326983137913963,
                48.73004202608038
              ],
              [
                1.330339284581673,
                48.730982906401934
              ],
              [
                1.333695431249384,
                48.73192378672349
              ],
              [
                1.337051577917093,
                48.73286466704504
              ],
              [
                1.340407724584804,
                48.7338055473666
              ],
              [
                1.343763871252513,
                48.73474642768815
              ],
              [
                1.347120017920224,
                48.73568730800971
              ],
              [
                1.350476164587934,
                48.73662818833126
              ],
              [
                1.353832311255645,
                48.73756906865281
              ],
              [
                1.354560669920827,
                48.73869730172151
              ],
              [
                1.35528902858601,
                48.739825534790214
              ],
              [
                1.356017387251194,
                48.74095376785891
              ],
              [
                1.356745745916377,
                48.7420820009276
              ],
              [
                1.357474104581561,
                48.74321023399631
              ],
              [
                1.358202463246743,
                48.744338467065006
              ],
              [
                1.358930821911926,
                48.745466700133704
              ],
              [
                1.35965918057711,
                48.74659493320241
              ],
              [
                1.360387539242292,
                48.74772316627111
              ],
              [
                1.361115897907477,
                48.748851399339806
              ],
              [
                1.361849975412015,
                48.75374193786595
              ],
              [
                1.362584052916553,
                48.75863247639209
              ],
              [
                1.363318130421093,
                48.763523014918235
              ],
              [
                1.364052207925631,
                48.76841355344438
              ],
              [
                1.36478628543017,
                48.77330409197052
              ],
              [
                1.365520362934709,
                48.778194630496664
              ],
              [
                1.366254440439248,
                48.783085169022804
              ],
              [
                1.366988517943786,
                48.787975707548945
              ],
              [
                1.367722595448325,
                48.792866246075086
              ],
              [
                1.368456672952864,
                48.797756784601226
              ],
              [
                1.372363913383964,
                48.80164505455773
              ],
              [
                1.376271153815062,
                48.805533324514236
              ],
              [
                1.380178394246161,
                48.80942159447074
              ],
              [
                1.384085634677259,
                48.81330986442725
              ],
              [
                1.387992875108358,
                48.81719813438375
              ],
              [
                1.391900115539457,
                48.82108640434025
              ],
              [
                1.395807355970557,
                48.824974674296755
              ],
              [
                1.399714596401655,
                48.82886294425326
              ],
              [
                1.403621836832754,
                48.832751214209765
              ],
              [
                1.407529077263852,
                48.83663948416626
              ],
              [
                1.411065855734643,
                48.83670232349933
              ],
              [
                1.414602634205432,
                48.8367651628324
              ],
              [
                1.418139412676222,
                48.836828002165475
              ],
              [
                1.421676191147011,
                48.836890841498544
              ],
              [
                1.425212969617802,
                48.83695368083161
              ],
              [
                1.428749748088591,
                48.83701652016468
              ],
              [
                1.432286526559381,
                48.83707935949775
              ],
              [
                1.435823305030171,
                48.837142198830826
              ],
              [
                1.43936008350096,
                48.83720503816389
              ],
              [
                1.44289686197175,
                48.83726787749696
              ],
              [
                1.444527968013251,
                48.83701831933431
              ],
              [
                1.446159074054754,
                48.83676876117167
              ],
              [
                1.447790180096255,
                48.83651920300902
              ],
              [
                1.449421286137758,
                48.836269644846375
              ],
              [
                1.45105239217926,
                48.83602008668373
              ],
              [
                1.452683498220761,
                48.83577052852108
              ],
              [
                1.454314604262264,
                48.83552097035844
              ],
              [
                1.455945710303766,
                48.835271412195794
              ],
              [
                1.45757681634527,
                48.83502185403315
              ],
              [
                1.459207922386771,
                48.83477229587051
              ],
              [
                1.46011838106323,
                48.8365906464339
              ],
              [
                1.461028839739689,
                48.83840899699728
              ],
              [
                1.461939298416148,
                48.84022734756067
              ],
              [
                1.462849757092607,
                48.84204569812406
              ],
              [
                1.463760215769067,
                48.84386404868745
              ],
              [
                1.464670674445526,
                48.84568239925084
              ],
              [
                1.465581133121985,
                48.84750074981423
              ],
              [
                1.466491591798444,
                48.84931910037762
              ],
              [
                1.467402050474904,
                48.851137450941
              ],
              [
                1.468312509151363,
                48.85295580150439
              ],
              [
                1.467410639663179,
                48.855587696121354
              ],
              [
                1.466508770174997,
                48.8582195907383
              ],
              [
                1.465606900686816,
                48.86085148535526
              ],
              [
                1.464705031198632,
                48.863483379972216
              ],
              [
                1.46380316171045,
                48.86611527458918
              ],
              [
                1.462901292222267,
                48.868747169206124
              ],
              [
                1.461999422734085,
                48.871379063823085
              ],
              [
                1.461097553245903,
                48.87401095844004
              ],
              [
                1.46019568375772,
                48.876642853057
              ],
              [
                1.459293814269538,
                48.87927474767396
              ],
              [
                1.464009105056123,
                48.87915094456288
              ],
              [
                1.468724395842708,
                48.8790271414518
              ],
              [
                1.473439686629292,
                48.87890333834073
              ],
              [
                1.478154977415878,
                48.878779535229654
              ],
              [
                1.482870268202463,
                48.878655732118574
              ],
              [
                1.487585558989048,
                48.8785319290075
              ],
              [
                1.492300849775633,
                48.87840812589642
              ],
              [
                1.497016140562218,
                48.87828432278534
              ],
              [
                1.501731431348803,
                48.87816051967427
              ],
              [
                1.506446722135388,
                48.87803671656319
              ],
              [
                1.508896865604096,
                48.87866437688028
              ],
              [
                1.511347009072804,
                48.87929203719736
              ],
              [
                1.513797152541513,
                48.87991969751445
              ],
              [
                1.516247296010221,
                48.880547357831546
              ],
              [
                1.518697439478929,
                48.881175018148625
              ],
              [
                1.521147582947638,
                48.88180267846572
              ],
              [
                1.523597726416346,
                48.88243033878281
              ],
              [
                1.526047869885054,
                48.8830579990999
              ],
              [
                1.528498013353763,
                48.88368565941698
              ],
              [
                1.530948156822471,
                48.88431331973407
              ],
              [
                1.530864737434116,
                48.88832557364372
              ],
              [
                1.530781318045762,
                48.89233782755336
              ],
              [
                1.530697898657406,
                48.89635008146301
              ],
              [
                1.530614479269051,
                48.900362335372655
              ],
              [
                1.530531059880696,
                48.9043745892823
              ],
              [
                1.530447640492342,
                48.90838684319195
              ],
              [
                1.530364221103987,
                48.91239909710159
              ],
              [
                1.530280801715632,
                48.91641135101124
              ],
              [
                1.530197382327277,
                48.920423604920884
              ],
              [
                1.530113962938921,
                48.924435858830535
              ],
              [
                1.527847115029942,
                48.92431030775711
              ],
              [
                1.525580267120964,
                48.92418475668369
              ],
              [
                1.523313419211985,
                48.92405920561027
              ],
              [
                1.521046571303007,
                48.923933654536846
              ],
              [
                1.518779723394027,
                48.92380810346343
              ],
              [
                1.516512875485049,
                48.923682552390005
              ],
              [
                1.514246027576071,
                48.92355700131659
              ],
              [
                1.511979179667092,
                48.923431450243164
              ],
              [
                1.509712331758114,
                48.92330589916974
              ],
              [
                1.507445483849135,
                48.923180348096324
              ],
              [
                1.505453107425493,
                48.92437093083626
              ],
              [
                1.503460731001853,
                48.925561513576206
              ],
              [
                1.501468354578212,
                48.926752096316136
              ],
              [
                1.499475978154571,
                48.92794267905608
              ],
              [
                1.497483601730929,
                48.92913326179602
              ],
              [
                1.495491225307288,
                48.93032384453596
              ],
              [
                1.493498848883647,
                48.931514427275914
              ],
              [
                1.491506472460006,
                48.93270501001585
              ],
              [
                1.489514096036366,
                48.93389559275579
              ],
              [
                1.487521719612723,
                48.93508617549573
              ],
              [
                1.489430070495931,
                48.93759378609458
              ],
              [
                1.491338421379136,
                48.940101396693436
              ],
              [
                1.493246772262341,
                48.94260900729229
              ],
              [
                1.495155123145548,
                48.945116617891145
              ],
              [
                1.497063474028753,
                48.94762422848999
              ],
              [
                1.498971824911959,
                48.95013183908885
              ],
              [
                1.500880175795166,
                48.9526394496877
              ],
              [
                1.50278852667837,
                48.95514706028655
              ],
              [
                1.504696877561578,
                48.957654670885404
              ],
              [
                1.506605228444783,
                48.960162281484266
              ],
              [
                1.503614497908197,
                48.96122762972163
              ],
              [
                1.500623767371611,
                48.962292977959
              ],
              [
                1.497633036835024,
                48.963358326196364
              ],
              [
                1.494642306298437,
                48.96442367443373
              ],
              [
                1.49165157576185,
                48.96548902267109
              ],
              [
                1.488660845225264,
                48.96655437090847
              ],
              [
                1.485670114688677,
                48.96761971914583
              ],
              [
                1.482679384152091,
                48.9686850673832
              ],
              [
                1.479688653615504,
                48.96975041562056
              ],
              [
                1.476697923078917,
                48.970815763857935
              ],
              [
                1.47498352720823,
                48.97514060463233
              ],
              [
                1.473269131337543,
                48.97946544540672
              ],
              [
                1.471554735466855,
                48.983790286181105
              ],
              [
                1.469840339596167,
                48.98811512695549
              ],
              [
                1.46812594372548,
                48.99243996772988
              ],
              [
                1.466411547854792,
                48.996764808504274
              ],
              [
                1.464697151984105,
                49.00108964927866
              ],
              [
                1.462982756113417,
                49.00541449005305
              ],
              [
                1.461268360242729,
                49.00973933082744
              ],
              [
                1.459553964372042,
                49.01406417160183
              ],
              [
                1.461369081735626,
                49.01469167343903
              ],
              [
                1.46318419909921,
                49.01531917527623
              ],
              [
                1.464999316462795,
                49.01594667711344
              ],
              [
                1.466814433826379,
                49.016574178950634
              ],
              [
                1.468629551189963,
                49.017201680787835
              ],
              [
                1.470444668553547,
                49.01782918262505
              ],
              [
                1.472259785917131,
                49.018456684462244
              ],
              [
                1.474074903280715,
                49.019084186299445
              ],
              [
                1.4758900206443,
                49.019711688136645
              ],
              [
                1.477705138007884,
                49.02033918997385
              ],
              [
                1.482240046119445,
                49.02121840779306
              ],
              [
                1.486774954231006,
                49.02209762561226
              ],
              [
                1.491309862342568,
                49.022976843431465
              ],
              [
                1.49584477045413,
                49.02385606125067
              ],
              [
                1.500379678565692,
                49.02473527906987
              ],
              [
                1.504914586677253,
                49.02561449688907
              ],
              [
                1.509449494788814,
                49.02649371470828
              ],
              [
                1.513984402900376,
                49.027372932527484
              ],
              [
                1.518519311011938,
                49.02825215034669
              ],
              [
                1.5230542191235,
                49.0291313681659
              ],
              [
                1.526407318619236,
                49.02769009326413
              ],
              [
                1.529760418114973,
                49.026248818362355
              ],
              [
                1.53311351761071,
                49.0248075434606
              ],
              [
                1.536466617106446,
                49.023366268558824
              ],
              [
                1.539819716602183,
                49.02192499365706
              ],
              [
                1.543172816097921,
                49.0204837187553
              ],
              [
                1.546525915593656,
                49.01904244385353
              ],
              [
                1.549879015089393,
                49.017601168951764
              ],
              [
                1.553232114585131,
                49.01615989404999
              ],
              [
                1.556585214080867,
                49.014718619148226
              ],
              [
                1.559487572598613,
                49.01509536057227
              ],
              [
                1.562389931116358,
                49.015472101996295
              ],
              [
                1.565292289634104,
                49.015848843420336
              ],
              [
                1.56819464815185,
                49.01622558484437
              ],
              [
                1.571097006669596,
                49.016602326268405
              ],
              [
                1.57399936518734,
                49.01697906769244
              ],
              [
                1.576901723705086,
                49.01735580911648
              ],
              [
                1.579804082222833,
                49.017732550540515
              ],
              [
                1.582706440740578,
                49.01810929196455
              ],
              [
                1.585608799258324,
                49.01848603338859
              ],
              [
                1.588606185085494,
                49.02086893589213
              ],
              [
                1.591603570912662,
                49.02325183839567
              ],
              [
                1.594600956739831,
                49.025634740899214
              ],
              [
                1.597598342567001,
                49.02801764340276
              ],
              [
                1.60059572839417,
                49.0304005459063
              ],
              [
                1.603593114221339,
                49.03278344840984
              ],
              [
                1.606590500048509,
                49.03516635091338
              ],
              [
                1.609587885875677,
                49.03754925341692
              ],
              [
                1.612585271702847,
                49.03993215592047
              ],
              [
                1.615582657530015,
                49.04231505842401
              ],
              [
                1.617037471460308,
                49.04438458205823
              ],
              [
                1.6184922853906,
                49.04645410569244
              ],
              [
                1.619947099320892,
                49.04852362932665
              ],
              [
                1.621401913251185,
                49.05059315296088
              ],
              [
                1.622856727181476,
                49.052662676595084
              ],
              [
                1.624311541111769,
                49.054732200229296
              ],
              [
                1.625766355042061,
                49.056801723863515
              ],
              [
                1.627221168972353,
                49.05887124749773
              ],
              [
                1.628675982902645,
                49.060940771131946
              ],
              [
                1.630130796832938,
                49.06301029476616
              ],
              [
                1.634573943426928,
                49.06357542926538
              ],
              [
                1.639017090020921,
                49.0641405637646
              ],
              [
                1.643460236614912,
                49.06470569826382
              ],
              [
                1.647903383208903,
                49.06527083276305
              ],
              [
                1.652346529802893,
                49.06583596726227
              ],
              [
                1.656789676396886,
                49.06640110176149
              ],
              [
                1.661232822990878,
                49.066966236260704
              ],
              [
                1.665675969584868,
                49.06753137075993
              ],
              [
                1.67011911617886,
                49.06809650525915
              ],
              [
                1.674562262772852,
                49.068661639758375
              ],
              [
                1.675921897247662,
                49.067846921676704
              ],
              [
                1.677281531722474,
                49.06703220359504
              ],
              [
                1.678641166197285,
                49.06621748551337
              ],
              [
                1.680000800672097,
                49.06540276743171
              ],
              [
                1.681360435146908,
                49.06458804935004
              ],
              [
                1.682720069621718,
                49.06377333126838
              ],
              [
                1.684079704096531,
                49.06295861318671
              ],
              [
                1.685439338571341,
                49.06214389510504
              ],
              [
                1.686798973046153,
                49.061329177023374
              ],
              [
                1.688158607520964,
                49.060514458941704
              ],
              [
                1.68897210292131,
                49.05932358199507
              ],
              [
                1.689785598321657,
                49.05813270504844
              ],
              [
                1.690599093722004,
                49.056941828101806
              ],
              [
                1.69141258912235,
                49.05575095115517
              ],
              [
                1.692226084522699,
                49.054560074208545
              ],
              [
                1.693039579923045,
                49.0533691972619
              ],
              [
                1.693853075323391,
                49.05217832031527
              ],
              [
                1.694666570723739,
                49.05098744336863
              ],
              [
                1.695480066124086,
                49.049796566422
              ],
              [
                1.696293561524433,
                49.048605689475366
              ],
              [
                1.695473169605624,
                49.04622333027193
              ],
              [
                1.694652777686813,
                49.04384097106848
              ],
              [
                1.693832385768003,
                49.041458611865046
              ],
              [
                1.693011993849194,
                49.0390762526616
              ],
              [
                1.692191601930384,
                49.03669389345816
              ],
              [
                1.691371210011574,
                49.03431153425472
              ],
              [
                1.690550818092765,
                49.03192917505128
              ],
              [
                1.689730426173954,
                49.02954681584783
              ],
              [
                1.688910034255144,
                49.02716445664439
              ],
              [
                1.688089642336335,
                49.024782097440955
              ],
              [
                1.683190664674521,
                49.023401791784565
              ],
              [
                1.678291687012707,
                49.02202148612817
              ],
              [
                1.673392709350894,
                49.02064118047178
              ],
              [
                1.66849373168908,
                49.01926087481539
              ],
              [
                1.663594754027266,
                49.017880569159
              ],
              [
                1.658695776365452,
                49.01650026350261
              ],
              [
                1.653796798703639,
                49.01511995784622
              ],
              [
                1.648897821041824,
                49.01373965218982
              ],
              [
                1.64399884338001,
                49.01235934653342
              ],
              [
                1.639099865718197,
                49.01097904087703
              ],
              [
                1.636556880045366,
                49.0094732713221
              ],
              [
                1.634013894372534,
                49.00796750176716
              ],
              [
                1.631470908699704,
                49.00646173221222
              ],
              [
                1.628927923026872,
                49.004955962657284
              ],
              [
                1.626384937354041,
                49.003450193102346
              ],
              [
                1.623841951681211,
                49.001944423547414
              ],
              [
                1.62129896600838,
                49.00043865399247
              ],
              [
                1.618755980335548,
                48.99893288443753
              ],
              [
                1.616212994662718,
                48.9974271148826
              ],
              [
                1.613670008989887,
                48.995921345327666
              ],
              [
                1.613849053929013,
                48.9942293130664
              ],
              [
                1.614028098868141,
                48.99253728080514
              ],
              [
                1.614207143807267,
                48.99084524854387
              ],
              [
                1.614386188746393,
                48.98915321628261
              ],
              [
                1.614565233685519,
                48.98746118402135
              ],
              [
                1.614744278624647,
                48.98576915176009
              ],
              [
                1.614923323563774,
                48.98407711949882
              ],
              [
                1.6151023685029,
                48.98238508723756
              ],
              [
                1.615281413442027,
                48.98069305497629
              ],
              [
                1.615460458381154,
                48.97900102271504
              ],
              [
                1.618361485015297,
                48.978687686288325
              ],
              [
                1.621262511649439,
                48.97837434986162
              ],
              [
                1.62416353828358,
                48.97806101343491
              ],
              [
                1.627064564917723,
                48.9777476770082
              ],
              [
                1.629965591551866,
                48.97743434058148
              ],
              [
                1.632866618186008,
                48.977121004154775
              ],
              [
                1.635767644820151,
                48.97680766772806
              ],
              [
                1.638668671454294,
                48.97649433130136
              ],
              [
                1.641569698088436,
                48.97618099487465
              ],
              [
                1.644470724722578,
                48.97586765844793
              ],
              [
                1.650273870715582,
                48.97580715002718
              ],
              [
                1.656077016708582,
                48.97574664160642
              ],
              [
                1.661880162701586,
                48.975686133185654
              ],
              [
                1.667683308694589,
                48.9756256247649
              ],
              [
                1.673486454687592,
                48.97556511634414
              ],
              [
                1.679289600680594,
                48.975504607923384
              ],
              [
                1.685092746673596,
                48.975444099502624
              ],
              [
                1.6908958926666,
                48.975383591081865
              ],
              [
                1.696699038659601,
                48.97532308266111
              ],
              [
                1.702502184652604,
                48.975262574240354
              ],
              [
                1.704945332572969,
                48.973069038049545
              ],
              [
                1.707388480493333,
                48.970875501858735
              ],
              [
                1.709831628413698,
                48.968681965667926
              ],
              [
                1.712274776334061,
                48.966488429477124
              ],
              [
                1.714717924254427,
                48.964294893286315
              ],
              [
                1.717161072174792,
                48.962101357095506
              ],
              [
                1.719604220095155,
                48.9599078209047
              ],
              [
                1.722047368015521,
                48.957714284713894
              ],
              [
                1.724490515935884,
                48.955520748523085
              ],
              [
                1.726933663856249,
                48.953327212332276
              ],
              [
                1.731283325733568,
                48.951886186136974
              ],
              [
                1.735632987610887,
                48.95044515994166
              ],
              [
                1.739982649488205,
                48.94900413374635
              ],
              [
                1.744332311365524,
                48.94756310755104
              ],
              [
                1.748681973242843,
                48.94612208135573
              ],
              [
                1.753031635120162,
                48.94468105516042
              ],
              [
                1.757381296997482,
                48.943240028965114
              ],
              [
                1.7617309588748,
                48.941799002769805
              ],
              [
                1.766080620752119,
                48.94035797657449
              ],
              [
                1.770430282629438,
                48.93891695037919
              ],
              [
                1.778595915834661,
                48.941301142693106
              ],
              [
                1.786761549039883,
                48.94368533500701
              ],
              [
                1.794927182245105,
                48.94606952732093
              ],
              [
                1.803092815450328,
                48.94845371963484
              ],
              [
                1.81125844865555,
                48.95083791194875
              ],
              [
                1.819424081860773,
                48.95322210426267
              ],
              [
                1.827589715065996,
                48.955606296576576
              ],
              [
                1.835755348271218,
                48.957990488890495
              ],
              [
                1.843920981476439,
                48.96037468120441
              ],
              [
                1.852086614681662,
                48.96275887351832
              ],
              [
                1.859615164166634,
                48.964076812221705
              ],
              [
                1.867143713651606,
                48.9653947509251
              ],
              [
                1.874672263136579,
                48.96671268962849
              ],
              [
                1.882200812621551,
                48.968030628331874
              ],
              [
                1.889729362106523,
                48.96934856703526
              ],
              [
                1.897257911591495,
                48.97066650573864
              ],
              [
                1.904786461076467,
                48.971984444442036
              ],
              [
                1.91231501056144,
                48.973302383145416
              ],
              [
                1.919843560046412,
                48.9746203218488
              ],
              [
                1.927372109531384,
                48.97593826055219
              ],
              [
                1.933991866628967,
                48.97550193882969
              ],
              [
                1.940611623726551,
                48.975065617107184
              ],
              [
                1.947231380824135,
                48.97462929538468
              ],
              [
                1.953851137921719,
                48.97419297366218
              ],
              [
                1.960470895019303,
                48.97375665193967
              ],
              [
                1.967090652116887,
                48.97332033021716
              ],
              [
                1.973710409214471,
                48.97288400849466
              ],
              [
                1.980330166312055,
                48.972447686772156
              ],
              [
                1.986949923409637,
                48.972011365049646
              ],
              [
                1.993569680507222,
                48.97157504332714
              ],
              [
                1.993382036400091,
                48.968815758415005
              ],
              [
                1.993194392292961,
                48.966056473502874
              ],
              [
                1.993006748185831,
                48.96329718859072
              ],
              [
                1.992819104078702,
                48.960537903678585
              ],
              [
                1.992631459971571,
                48.957778618766454
              ],
              [
                1.992443815864441,
                48.95501933385431
              ],
              [
                1.99225617175731,
                48.95226004894217
              ],
              [
                1.992068527650181,
                48.949500764030034
              ],
              [
                1.991880883543051,
                48.9467414791179
              ],
              [
                1.991693239435921,
                48.94398219420576
              ],
              [
                1.993136315896531,
                48.93997027961806
              ],
              [
                1.994579392357141,
                48.935958365030366
              ],
              [
                1.996022468817752,
                48.93194645044268
              ],
              [
                1.997465545278362,
                48.92793453585499
              ],
              [
                1.998908621738972,
                48.92392262126729
              ],
              [
                2.000351698199582,
                48.919910706679595
              ],
              [
                2.001794774660192,
                48.9158987920919
              ],
              [
                2.003237851120802,
                48.9118868775042
              ],
              [
                2.004680927581413,
                48.907874962916516
              ],
              [
                2.006124004042023,
                48.90386304832882
              ],
              [
                2.008209723005451,
                48.90380161217076
              ],
              [
                2.010295441968877,
                48.903740176012676
              ],
              [
                2.012381160932305,
                48.903678739854605
              ],
              [
                2.014466879895731,
                48.903617303696535
              ],
              [
                2.016552598859157,
                48.90355586753846
              ],
              [
                2.018638317822585,
                48.903494431380395
              ],
              [
                2.020724036786012,
                48.90343299522232
              ],
              [
                2.022809755749438,
                48.903371559064254
              ],
              [
                2.024895474712864,
                48.90331012290617
              ],
              [
                2.026981193676291,
                48.90324868674811
              ],
              [
                2.032524376972678,
                48.90939346210097
              ],
              [
                2.038067560269065,
                48.91553823745384
              ],
              [
                2.043610743565452,
                48.9216830128067
              ],
              [
                2.04915392686184,
                48.927827788159576
              ],
              [
                2.054697110158226,
                48.93397256351244
              ],
              [
                2.060240293454613,
                48.94011733886531
              ],
              [
                2.065783476750999,
                48.94626211421818
              ],
              [
                2.071326660047387,
                48.95240688957105
              ],
              [
                2.076869843343775,
                48.95855166492392
              ],
              [
                2.082413026640161,
                48.96469644027679
              ],
              [
                2.091795304658161,
                48.96421487099761
              ],
              [
                2.101177582676161,
                48.96373330171842
              ],
              [
                2.11055986069416,
                48.96325173243924
              ],
              [
                2.119942138712162,
                48.96277016316006
              ],
              [
                2.129324416730162,
                48.96228859388087
              ],
              [
                2.138706694748162,
                48.96180702460169
              ],
              [
                2.148088972766162,
                48.9613254553225
              ],
              [
                2.157471250784162,
                48.96084388604332
              ],
              [
                2.166853528802162,
                48.96036231676414
              ],
              [
                2.176235806820162,
                48.95988074748495
              ],
              [
                2.176232555458491,
                48.95819614631629
              ],
              [
                2.176229304096819,
                48.95651154514762
              ],
              [
                2.176226052735147,
                48.95482694397896
              ],
              [
                2.176222801373476,
                48.953142342810295
              ],
              [
                2.176219550011803,
                48.951457741641626
              ],
              [
                2.176216298650132,
                48.94977314047297
              ],
              [
                2.176213047288461,
                48.9480885393043
              ],
              [
                2.176209795926789,
                48.946403938135646
              ],
              [
                2.176206544565117,
                48.944719336966976
              ],
              [
                2.176203293203446,
                48.943034735798314
              ],
              [
                2.172608425840177,
                48.94090592643684
              ],
              [
                2.169013558476907,
                48.93877711707537
              ],
              [
                2.165418691113639,
                48.936648307713895
              ],
              [
                2.161823823750369,
                48.93451949835242
              ],
              [
                2.1582289563871,
                48.93239068899095
              ],
              [
                2.154634089023832,
                48.930261879629484
              ],
              [
                2.151039221660561,
                48.928133070268004
              ],
              [
                2.147444354297293,
                48.92600426090654
              ],
              [
                2.143849486934024,
                48.923875451545065
              ],
              [
                2.140254619570755,
                48.92174664218359
              ],
              [
                2.133829593998215,
                48.91500664276655
              ],
              [
                2.127404568425675,
                48.908266643349506
              ],
              [
                2.120979542853136,
                48.90152664393246
              ],
              [
                2.114554517280597,
                48.89478664451543
              ],
              [
                2.108129491708056,
                48.888046645098385
              ],
              [
                2.101704466135516,
                48.88130664568135
              ],
              [
                2.095279440562978,
                48.874566646264306
              ],
              [
                2.088854414990438,
                48.86782664684726
              ],
              [
                2.082429389417899,
                48.86108664743022
              ],
              [
                2.076004363845358,
                48.854346648013184
              ],
              [
                2.068693638728952,
                48.853812842729376
              ],
              [
                2.061382913612547,
                48.85327903744556
              ],
              [
                2.054072188496139,
                48.85274523216175
              ],
              [
                2.046761463379733,
                48.85221142687794
              ],
              [
                2.039450738263328,
                48.85167762159414
              ],
              [
                2.032140013146921,
                48.85114381631034
              ],
              [
                2.024829288030515,
                48.85061001102653
              ],
              [
                2.017518562914108,
                48.85007620574272
              ],
              [
                2.010207837797702,
                48.84954240045891
              ],
              [
                2.002897112681296,
                48.84900859517511
              ],
              [
                2.003016112848215,
                48.84422081419526
              ],
              [
                2.003135113015135,
                48.839433033215414
              ],
              [
                2.003254113182054,
                48.83464525223557
              ],
              [
                2.003373113348973,
                48.829857471255714
              ],
              [
                2.003492113515893,
                48.825069690275875
              ],
              [
                2.003611113682812,
                48.82028190929602
              ],
              [
                2.00373011384973,
                48.815494128316175
              ],
              [
                2.003849114016651,
                48.81070634733633
              ],
              [
                2.003968114183569,
                48.80591856635649
              ],
              [
                2.004087114350489,
                48.801130785376635
              ],
              [
                2.006650375963336,
                48.80033345936372
              ],
              [
                2.009213637576183,
                48.799536133350806
              ],
              [
                2.011776899189031,
                48.798738807337884
              ],
              [
                2.014340160801878,
                48.79794148132496
              ],
              [
                2.016903422414725,
                48.79714415531205
              ],
              [
                2.019466684027572,
                48.79634682929913
              ],
              [
                2.022029945640419,
                48.79554950328622
              ],
              [
                2.024593207253267,
                48.7947521772733
              ],
              [
                2.027156468866114,
                48.79395485126039
              ],
              [
                2.029719730478961,
                48.79315752524747
              ],
              [
                2.031905464582628,
                48.796083954120505
              ],
              [
                2.034091198686295,
                48.79901038299354
              ],
              [
                2.036276932789962,
                48.80193681186658
              ],
              [
                2.038462666893628,
                48.80486324073962
              ],
              [
                2.040648400997294,
                48.80778966961265
              ],
              [
                2.042834135100961,
                48.81071609848569
              ],
              [
                2.045019869204627,
                48.81364252735873
              ],
              [
                2.047205603308294,
                48.81656895623177
              ],
              [
                2.049391337411961,
                48.8194953851048
              ],
              [
                2.051577071515628,
                48.82242181397784
              ],
              [
                2.05580849127288,
                48.82215687959575
              ],
              [
                2.060039911030134,
                48.821891945213665
              ],
              [
                2.064271330787386,
                48.82162701083158
              ],
              [
                2.06850275054464,
                48.82136207644948
              ],
              [
                2.072734170301892,
                48.821097142067394
              ],
              [
                2.076965590059145,
                48.82083220768531
              ],
              [
                2.081197009816398,
                48.820567273303226
              ],
              [
                2.085428429573652,
                48.820302338921124
              ],
              [
                2.089659849330905,
                48.82003740453904
              ],
              [
                2.093891269088158,
                48.819772470156956
              ],
              [
                2.092603050001242,
                48.81675760180712
              ],
              [
                2.091314830914326,
                48.813742733457296
              ],
              [
                2.09002661182741,
                48.81072786510747
              ],
              [
                2.088738392740495,
                48.80771299675763
              ],
              [
                2.087450173653578,
                48.80469812840781
              ],
              [
                2.086161954566661,
                48.80168326005798
              ],
              [
                2.084873735479746,
                48.79866839170815
              ],
              [
                2.08358551639283,
                48.79565352335832
              ],
              [
                2.082297297305914,
                48.79263865500849
              ],
              [
                2.081009078218999,
                48.78962378665866
              ],
              [
                2.078053898851099,
                48.786697165759506
              ],
              [
                2.0750987194832,
                48.783770544860346
              ],
              [
                2.072143540115301,
                48.7808439239612
              ],
              [
                2.069188360747402,
                48.77791730306204
              ],
              [
                2.066233181379502,
                48.77499068216288
              ],
              [
                2.063278002011603,
                48.77206406126373
              ],
              [
                2.060322822643704,
                48.76913744036457
              ],
              [
                2.057367643275805,
                48.766210819465414
              ],
              [
                2.054412463907905,
                48.76328419856626
              ],
              [
                2.051457284540006,
                48.7603575776671
              ],
              [
                2.040296782072202,
                48.75849287058639
              ],
              [
                2.029136279604397,
                48.75662816350567
              ],
              [
                2.017975777136593,
                48.75476345642495
              ],
              [
                2.006815274668788,
                48.75289874934424
              ],
              [
                1.995654772200984,
                48.75103404226351
              ],
              [
                1.98449426973318,
                48.7491693351828
              ],
              [
                1.973333767265375,
                48.74730462810208
              ],
              [
                1.96217326479757,
                48.745439921021365
              ],
              [
                1.951012762329766,
                48.74357521394065
              ],
              [
                1.939852259861962,
                48.74171050685993
              ],
              [
                1.937667043660359,
                48.73825316385003
              ],
              [
                1.935481827458757,
                48.73479582084013
              ],
              [
                1.933296611257156,
                48.73133847783023
              ],
              [
                1.931111395055555,
                48.727881134820315
              ],
              [
                1.928926178853953,
                48.724423791810416
              ],
              [
                1.926740962652353,
                48.72096644880052
              ],
              [
                1.92455574645075,
                48.71750910579061
              ],
              [
                1.922370530249148,
                48.714051762780706
              ],
              [
                1.920185314047547,
                48.71059441977081
              ],
              [
                1.918000097845945,
                48.70713707676091
              ],
              [
                1.917610925988735,
                48.704831740497674
              ],
              [
                1.917221754131524,
                48.702526404234455
              ],
              [
                1.916832582274314,
                48.70022106797123
              ],
              [
                1.916443410417104,
                48.697915731708
              ],
              [
                1.916054238559892,
                48.69561039544478
              ],
              [
                1.915665066702681,
                48.693305059181554
              ],
              [
                1.91527589484547,
                48.69099972291833
              ],
              [
                1.91488672298826,
                48.68869438665511
              ],
              [
                1.91449755113105,
                48.68638905039188
              ],
              [
                1.91410837927384,
                48.68408371412866
              ],
              [
                1.909738108940485,
                48.678851500933426
              ],
              [
                1.90536783860713,
                48.6736192877382
              ],
              [
                1.900997568273775,
                48.66838707454297
              ],
              [
                1.896627297940421,
                48.66315486134774
              ],
              [
                1.892257027607067,
                48.657922648152514
              ],
              [
                1.887886757273713,
                48.65269043495727
              ],
              [
                1.883516486940358,
                48.647458221762044
              ],
              [
                1.879146216607003,
                48.642226008566816
              ],
              [
                1.874775946273648,
                48.63699379537158
              ],
              [
                1.870405675940294,
                48.63176158217635
              ],
              [
                1.870911794476732,
                48.62821518084191
              ],
              [
                1.871417913013169,
                48.62466877950747
              ],
              [
                1.871924031549605,
                48.62112237817303
              ],
              [
                1.872430150086041,
                48.61757597683859
              ],
              [
                1.87293626862248,
                48.61402957550414
              ],
              [
                1.873442387158917,
                48.6104831741697
              ],
              [
                1.873948505695354,
                48.60693677283526
              ],
              [
                1.87445462423179,
                48.60339037150082
              ],
              [
                1.874960742768228,
                48.599843970166376
              ],
              [
                1.875466861304663,
                48.596297568831936
              ],
              [
                1.879953736078093,
                48.59550072288431
              ],
              [
                1.884440610851521,
                48.59470387693669
              ],
              [
                1.88892748562495,
                48.59390703098907
              ],
              [
                1.893414360398379,
                48.59311018504145
              ],
              [
                1.897901235171808,
                48.59231333909383
              ],
              [
                1.902388109945236,
                48.59151649314621
              ],
              [
                1.906874984718664,
                48.59071964719858
              ],
              [
                1.911361859492093,
                48.58992280125097
              ],
              [
                1.915848734265523,
                48.589125955303345
              ],
              [
                1.920335609038952,
                48.58832910935572
              ],
              [
                1.923668484561265,
                48.58841860458724
              ],
              [
                1.927001360083578,
                48.58850809981876
              ],
              [
                1.930334235605892,
                48.588597595050274
              ],
              [
                1.933667111128206,
                48.5886870902818
              ],
              [
                1.936999986650519,
                48.588776585513315
              ],
              [
                1.940332862172833,
                48.58886608074483
              ],
              [
                1.943665737695147,
                48.58895557597635
              ],
              [
                1.946998613217461,
                48.58904507120786
              ],
              [
                1.950331488739774,
                48.58913456643938
              ],
              [
                1.953664364262088,
                48.5892240616709
              ],
              [
                1.955592589861884,
                48.591618445491655
              ],
              [
                1.957520815461682,
                48.594012829312405
              ],
              [
                1.959449041061481,
                48.596407213133155
              ],
              [
                1.96137726666128,
                48.5988015969539
              ],
              [
                1.963305492261078,
                48.601195980774655
              ],
              [
                1.965233717860874,
                48.603590364595405
              ],
              [
                1.967161943460672,
                48.605984748416155
              ],
              [
                1.969090169060471,
                48.6083791322369
              ],
              [
                1.971018394660268,
                48.61077351605765
              ],
              [
                1.972946620260066,
                48.61316789987841
              ],
              [
                1.976280696125422,
                48.613080068480365
              ],
              [
                1.979614771990779,
                48.61299223708234
              ],
              [
                1.982948847856136,
                48.612904405684304
              ],
              [
                1.986282923721493,
                48.61281657428628
              ],
              [
                1.989616999586848,
                48.61272874288824
              ],
              [
                1.992951075452205,
                48.6126409114902
              ],
              [
                1.996285151317561,
                48.61255308009217
              ],
              [
                1.999619227182918,
                48.61246524869414
              ],
              [
                2.002953303048276,
                48.612377417296116
              ],
              [
                2.006287378913631,
                48.612289585898075
              ],
              [
                2.008465070180824,
                48.61104884633776
              ],
              [
                2.010642761448015,
                48.609808106777436
              ],
              [
                2.012820452715209,
                48.60856736721712
              ],
              [
                2.014998143982401,
                48.6073266276568
              ],
              [
                2.017175835249594,
                48.60608588809648
              ],
              [
                2.019353526516786,
                48.604845148536164
              ],
              [
                2.021531217783977,
                48.60360440897584
              ],
              [
                2.023708909051171,
                48.602363669415524
              ],
              [
                2.025886600318364,
                48.60112292985521
              ],
              [
                2.028064291585556,
                48.599882190294885
              ],
              [
                2.042931645506755,
                48.595452743836795
              ],
              [
                2.057798999427955,
                48.591023297378705
              ],
              [
                2.072666353349155,
                48.58659385092061
              ],
              [
                2.087533707270354,
                48.582164404462524
              ],
              [
                2.102401061191553,
                48.577734958004434
              ],
              [
                2.117268415112753,
                48.57330551154634
              ],
              [
                2.132135769033953,
                48.56887606508825
              ],
              [
                2.147003122955152,
                48.56444661863016
              ],
              [
                2.161870476876351,
                48.56001717217207
              ],
              [
                2.176737830797551,
                48.55558772571398
              ],
              [
                2.174039988808668,
                48.55310448635984
              ],
              [
                2.171342146819782,
                48.55062124700571
              ],
              [
                2.168644304830897,
                48.54813800765158
              ],
              [
                2.165946462842014,
                48.545654768297446
              ],
              [
                2.163248620853129,
                48.54317152894332
              ],
              [
                2.160550778864244,
                48.54068828958918
              ],
              [
                2.15785293687536,
                48.53820505023505
              ],
              [
                2.155155094886475,
                48.535721810880915
              ],
              [
                2.152457252897591,
                48.53323857152679
              ],
              [
                2.149759410908706,
                48.53075533217265
              ],
              [
                2.150191043543626,
                48.528636070790576
              ],
              [
                2.150622676178547,
                48.5265168094085
              ],
              [
                2.151054308813468,
                48.52439754802643
              ],
              [
                2.151485941448388,
                48.52227828664435
              ],
              [
                2.151917574083308,
                48.520159025262274
              ],
              [
                2.152349206718229,
                48.518039763880196
              ],
              [
                2.152780839353149,
                48.515920502498126
              ],
              [
                2.15321247198807,
                48.51380124111605
              ],
              [
                2.15364410462299,
                48.51168197973397
              ],
              [
                2.15407573725791,
                48.509562718351894
              ],
              [
                2.152438340860582,
                48.50655310640466
              ],
              [
                2.150800944463253,
                48.503543494457425
              ],
              [
                2.149163548065924,
                48.50053388251019
              ],
              [
                2.147526151668596,
                48.497524270562955
              ],
              [
                2.145888755271267,
                48.494514658615714
              ],
              [
                2.144251358873939,
                48.491505046668486
              ],
              [
                2.14261396247661,
                48.48849543472125
              ],
              [
                2.140976566079282,
                48.48548582277401
              ],
              [
                2.139339169681953,
                48.482476210826775
              ],
              [
                2.137701773284624,
                48.47946659887955
              ],
              [
                2.139329007382193,
                48.47721090238652
              ],
              [
                2.140956241479762,
                48.474955205893494
              ],
              [
                2.14258347557733,
                48.47269950940048
              ],
              [
                2.144210709674898,
                48.470443812907455
              ],
              [
                2.145837943772466,
                48.46818811641443
              ],
              [
                2.147465177870034,
                48.46593241992141
              ],
              [
                2.149092411967604,
                48.4636767234284
              ],
              [
                2.150719646065172,
                48.461421026935376
              ],
              [
                2.152346880162741,
                48.45916533044235
              ],
              [
                2.153974114260309,
                48.45690963394933
              ],
              [
                2.153970483533699,
                48.45502847555878
              ],
              [
                2.153966852807091,
                48.453147317168224
              ],
              [
                2.153963222080481,
                48.45126615877768
              ],
              [
                2.153959591353872,
                48.449385000387124
              ],
              [
                2.153955960627262,
                48.447503841996564
              ],
              [
                2.153952329900652,
                48.44562268360602
              ],
              [
                2.153948699174042,
                48.443741525215465
              ],
              [
                2.153945068447434,
                48.44186036682491
              ],
              [
                2.153941437720824,
                48.439979208434366
              ],
              [
                2.153937806994215,
                48.438098050043806
              ],
              [
                2.15103469901275,
                48.437345291333955
              ],
              [
                2.148131591031284,
                48.436592532624104
              ],
              [
                2.145228483049821,
                48.435839773914246
              ],
              [
                2.142325375068355,
                48.435087015204395
              ],
              [
                2.139422267086891,
                48.434334256494544
              ],
              [
                2.136519159105426,
                48.433581497784694
              ],
              [
                2.133616051123961,
                48.43282873907484
              ],
              [
                2.130712943142496,
                48.43207598036499
              ],
              [
                2.127809835161032,
                48.431323221655134
              ],
              [
                2.124906727179567,
                48.43057046294528
              ],
              [
                2.121644894718032,
                48.43207371730325
              ],
              [
                2.118383062256495,
                48.43357697166121
              ],
              [
                2.115121229794958,
                48.43508022601918
              ],
              [
                2.111859397333422,
                48.43658348037714
              ],
              [
                2.108597564871887,
                48.43808673473511
              ],
              [
                2.10533573241035,
                48.43958998909307
              ],
              [
                2.102073899948815,
                48.441093243451036
              ],
              [
                2.098812067487279,
                48.442596497809
              ],
              [
                2.095550235025742,
                48.44409975216697
              ],
              [
                2.092288402564206,
                48.44560300652493
              ],
              [
                2.089930640517618,
                48.44560241811154
              ],
              [
                2.08757287847103,
                48.44560182969816
              ],
              [
                2.085215116424442,
                48.44560124128478
              ],
              [
                2.082857354377853,
                48.445600652871384
              ],
              [
                2.080499592331264,
                48.445600064458
              ],
              [
                2.078141830284677,
                48.44559947604461
              ],
              [
                2.075784068238087,
                48.44559888763123
              ],
              [
                2.073426306191499,
                48.445598299217835
              ],
              [
                2.07106854414491,
                48.445597710804456
              ],
              [
                2.068710782098322,
                48.44559712239107
              ],
              [
                2.06779946813117,
                48.44333972584569
              ],
              [
                2.066888154164019,
                48.44108232930031
              ],
              [
                2.065976840196867,
                48.438824932754926
              ],
              [
                2.065065526229716,
                48.436567536209544
              ],
              [
                2.064154212262564,
                48.43431013966416
              ],
              [
                2.063242898295413,
                48.43205274311878
              ],
              [
                2.062331584328259,
                48.42979534657341
              ],
              [
                2.061420270361109,
                48.42753795002802
              ],
              [
                2.060508956393957,
                48.42528055348264
              ],
              [
                2.059597642426806,
                48.42302315693726
              ],
              [
                2.06177100767755,
                48.42114361383789
              ],
              [
                2.063944372928295,
                48.41926407073852
              ],
              [
                2.06611773817904,
                48.41738452763914
              ],
              [
                2.068291103429785,
                48.41550498453978
              ],
              [
                2.070464468680528,
                48.41362544144041
              ],
              [
                2.072637833931274,
                48.411745898341046
              ],
              [
                2.074811199182019,
                48.409866355241675
              ],
              [
                2.076984564432763,
                48.4079868121423
              ],
              [
                2.079157929683507,
                48.406107269042934
              ],
              [
                2.081331294934253,
                48.40422772594356
              ],
              [
                2.081686402450739,
                48.400089487967406
              ],
              [
                2.082041509967227,
                48.39595124999124
              ],
              [
                2.082396617483715,
                48.39181301201508
              ],
              [
                2.082751725000203,
                48.38767477403892
              ],
              [
                2.083106832516689,
                48.383536536062756
              ],
              [
                2.083461940033177,
                48.37939829808659
              ],
              [
                2.083817047549664,
                48.37526006011044
              ],
              [
                2.08417215506615,
                48.37112182213428
              ],
              [
                2.084527262582638,
                48.36698358415811
              ],
              [
                2.084882370099125,
                48.362845346181956
              ],
              [
                2.085419942572202,
                48.359586311800854
              ],
              [
                2.085957515045277,
                48.35632727741976
              ],
              [
                2.086495087518352,
                48.353068243038656
              ],
              [
                2.087032659991428,
                48.349809208657554
              ],
              [
                2.087570232464504,
                48.34655017427645
              ],
              [
                2.08810780493758,
                48.34329113989536
              ],
              [
                2.088645377410655,
                48.34003210551426
              ],
              [
                2.08918294988373,
                48.33677307113316
              ],
              [
                2.089720522356806,
                48.33351403675206
              ],
              [
                2.090258094829882,
                48.330255002370954
              ],
              [
                2.085901049872018,
                48.32787069402373
              ],
              [
                2.081544004914155,
                48.32548638567649
              ],
              [
                2.077186959956293,
                48.32310207732925
              ],
              [
                2.072829914998429,
                48.320717768982014
              ],
              [
                2.068472870040566,
                48.31833346063478
              ],
              [
                2.064115825082704,
                48.31594915228755
              ],
              [
                2.059758780124841,
                48.31356484394031
              ],
              [
                2.055401735166977,
                48.31118053559308
              ],
              [
                2.051044690209114,
                48.30879622724585
              ],
              [
                2.046687645251251,
                48.30641191889861
              ],
              [
                2.044687397439012,
                48.30352826279744
              ],
              [
                2.042687149626773,
                48.300644606696274
              ],
              [
                2.040686901814535,
                48.297760950595105
              ],
              [
                2.038686654002295,
                48.29487729449394
              ],
              [
                2.036686406190057,
                48.29199363839277
              ],
              [
                2.034686158377817,
                48.2891099822916
              ],
              [
                2.032685910565578,
                48.28622632619044
              ],
              [
                2.030685662753338,
                48.28334267008927
              ],
              [
                2.0286854149411,
                48.28045901398809
              ],
              [
                2.02668516712886,
                48.277575357886924
              ],
              [
                2.021595891561881,
                48.272056678140615
              ],
              [
                2.016506615994901,
                48.26653799839431
              ],
              [
                2.011417340427922,
                48.261019318647996
              ],
              [
                2.006328064860941,
                48.255500638901694
              ],
              [
                2.001238789293961,
                48.24998195915538
              ],
              [
                1.996149513726982,
                48.244463279409075
              ],
              [
                1.991060238160002,
                48.23894459966276
              ],
              [
                1.985970962593022,
                48.23342591991645
              ],
              [
                1.980881687026042,
                48.22790724017014
              ],
              [
                1.975792411459063,
                48.22238856042383
              ],
              [
                1.970304642112289,
                48.22254315456073
              ],
              [
                1.964816872765514,
                48.22269774869763
              ],
              [
                1.95932910341874,
                48.222852342834514
              ],
              [
                1.953841334071966,
                48.22300693697141
              ],
              [
                1.948353564725192,
                48.2231615311083
              ],
              [
                1.942865795378416,
                48.223316125245205
              ],
              [
                1.937378026031642,
                48.22347071938211
              ],
              [
                1.931890256684869,
                48.223625313518994
              ],
              [
                1.926402487338095,
                48.22377990765589
              ],
              [
                1.920914717991319,
                48.22393450179278
              ],
              [
                1.919627012278966,
                48.22118562396475
              ],
              [
                1.918339306566612,
                48.21843674613671
              ],
              [
                1.917051600854258,
                48.21568786830866
              ],
              [
                1.915763895141906,
                48.21293899048062
              ],
              [
                1.914476189429551,
                48.21019011265259
              ],
              [
                1.913188483717197,
                48.20744123482455
              ],
              [
                1.911900778004844,
                48.20469235699651
              ],
              [
                1.91061307229249,
                48.20194347916847
              ],
              [
                1.909325366580136,
                48.19919460134044
              ],
              [
                1.908037660867782,
                48.1964457235124
              ],
              [
                1.903036282471735,
                48.196444475346574
              ],
              [
                1.898034904075687,
                48.19644322718075
              ],
              [
                1.893033525679638,
                48.196441979014935
              ],
              [
                1.888032147283591,
                48.19644073084911
              ],
              [
                1.883030768887543,
                48.19643948268329
              ],
              [
                1.878029390491495,
                48.19643823451747
              ],
              [
                1.873028012095446,
                48.19643698635166
              ],
              [
                1.868026633699399,
                48.19643573818583
              ],
              [
                1.863025255303352,
                48.19643449002002
              ],
              [
                1.858023876907303,
                48.196433241854194
              ],
              [
                1.853027803360619,
                48.19918055147485
              ],
              [
                1.848031729813937,
                48.20192786109552
              ],
              [
                1.843035656267255,
                48.20467517071618
              ],
              [
                1.83803958272057,
                48.207422480336845
              ],
              [
                1.833043509173887,
                48.21016978995751
              ],
              [
                1.828047435627204,
                48.21291709957817
              ],
              [
                1.823051362080521,
                48.21566440919883
              ],
              [
                1.818055288533837,
                48.218411718819496
              ],
              [
                1.813059214987154,
                48.221159028440155
              ],
              [
                1.808063141440471,
                48.22390633806082
              ],
              [
                1.804213021828808,
                48.22239810378004
              ],
              [
                1.800362902217145,
                48.22088986949927
              ],
              [
                1.796512782605483,
                48.21938163521849
              ],
              [
                1.79266266299382,
                48.217873400937705
              ],
              [
                1.788812543382158,
                48.21636516665693
              ],
              [
                1.784962423770496,
                48.21485693237615
              ],
              [
                1.781112304158833,
                48.213348698095366
              ],
              [
                1.777262184547171,
                48.21184046381458
              ],
              [
                1.773412064935508,
                48.210332229533805
              ],
              [
                1.769561945323845,
                48.20882399525303
              ],
              [
                1.764286638412004,
                48.19977903815566
              ]
            ]
          ]
        ]
      }
    },
    {
      "type": "Feature",
      "properties": {
        "diocese": "Senonen",
        "province": "Senonen",
        "start": 1592,
        "end": 1622
      },
      "geometry": {
        "type": "Polygon",
        "coordinates": [
          [
            [
              3.9557779213766033,
              48.01474867055914
            ],
            [
              3.951802816730391,
              48.02214517365306
            ],
            [
              3.94782771208418,
              48.029541676746966
            ],
            [
              3.943852607437972,
              48.036938179840874
            ],
            [
              3.93987750279176,
              48.04433468293478
            ],
            [
              3.9359023981455477,
              48.05173118602869
            ],
            [
              3.931927293499339,
              48.059127689122604
            ],
            [
              3.927952188853127,
              48.06652419221652
            ],
            [
              3.9239770842069164,
              48.07392069531043
            ],
            [
              3.920001979560707,
              48.081317198404335
            ],
            [
              3.9160268749144955,
              48.08871370149825
            ],
            [
              3.9160268749144955,
              48.08871370149825
            ],
            [
              3.9104089988879305,
              48.09109445393944
            ],
            [
              3.904791122861368,
              48.09347520638064
            ],
            [
              3.899173246834804,
              48.095855958821836
            ],
            [
              3.8935553708082407,
              48.09823671126303
            ],
            [
              3.8879374947816765,
              48.100617463704225
            ],
            [
              3.8823196187551114,
              48.102998216145416
            ],
            [
              3.876701742728549,
              48.105378968586614
            ],
            [
              3.871083866701985,
              48.107759721027804
            ],
            [
              3.8654659906754216,
              48.110140473468995
            ],
            [
              3.8598481146488575,
              48.11252122591019
            ],
            [
              3.8598481146488575,
              48.11252122591019
            ],
            [
              3.8553124491628465,
              48.1112659908032
            ],
            [
              3.850776783676833,
              48.1100107556962
            ],
            [
              3.8462411181908185,
              48.108755520589206
            ],
            [
              3.8417054527048076,
              48.10750028548221
            ],
            [
              3.837169787218794,
              48.10624505037522
            ],
            [
              3.8326341217327813,
              48.10498981526822
            ],
            [
              3.8280984562467704,
              48.10373458016123
            ],
            [
              3.823562790760755,
              48.102479345054235
            ],
            [
              3.8190271252747423,
              48.10122410994723
            ],
            [
              3.8144914597887305,
              48.09996887484024
            ],
            [
              3.8144914597887305,
              48.09996887484024
            ],
            [
              3.8123151541272278,
              48.10034542080125
            ],
            [
              3.810138848465724,
              48.10072196676225
            ],
            [
              3.807962542804223,
              48.101098512723254
            ],
            [
              3.8057862371427214,
              48.10147505868425
            ],
            [
              3.8036099314812195,
              48.101851604645255
            ],
            [
              3.801433625819716,
              48.102228150606265
            ],
            [
              3.799257320158213,
              48.10260469656726
            ],
            [
              3.797081014496714,
              48.10298124252827
            ],
            [
              3.7949047088352104,
              48.10335778848928
            ],
            [
              3.7927284031737067,
              48.10373433445028
            ],
            [
              3.7927284031737067,
              48.10373433445028
            ],
            [
              3.79091411848226,
              48.10273081025276
            ],
            [
              3.7890998337908104,
              48.10172728605526
            ],
            [
              3.7872855490993618,
              48.100723761857736
            ],
            [
              3.785471264407914,
              48.09972023766022
            ],
            [
              3.783656979716469,
              48.09871671346271
            ],
            [
              3.781842695025022,
              48.0977131892652
            ],
            [
              3.7800284103335726,
              48.096709665067685
            ],
            [
              3.778214125642124,
              48.09570614087016
            ],
            [
              3.7763998409506763,
              48.094702616672656
            ],
            [
              3.7745855562592276,
              48.09369909247514
            ],
            [
              3.7745855562592276,
              48.09369909247514
            ],
            [
              3.77150163647422,
              48.093698322838655
            ],
            [
              3.7684177166892137,
              48.093697553202176
            ],
            [
              3.765333796904209,
              48.093696783565704
            ],
            [
              3.7622498771192014,
              48.09369601392922
            ],
            [
              3.759165957334195,
              48.09369524429274
            ],
            [
              3.7560820375491883,
              48.09369447465626
            ],
            [
              3.752998117764179,
              48.09369370501978
            ],
            [
              3.7499141979791744,
              48.093692935383295
            ],
            [
              3.746830278194168,
              48.093692165746816
            ],
            [
              3.7437463584091604,
              48.09369139611033
            ],
            [
              3.7437463584091604,
              48.09369139611033
            ],
            [
              3.743023428043689,
              48.094568235239194
            ],
            [
              3.7423004976782157,
              48.09544507436806
            ],
            [
              3.7415775673127443,
              48.09632191349692
            ],
            [
              3.740854636947271,
              48.09719875262578
            ],
            [
              3.740131706581796,
              48.09807559175464
            ],
            [
              3.7394087762163246,
              48.09895243088351
            ],
            [
              3.7386858458508505,
              48.099829270012364
            ],
            [
              3.737962915485379,
              48.10070610914123
            ],
            [
              3.737239985119906,
              48.10158294827009
            ],
            [
              3.7365170547544344,
              48.10245978739895
            ],
            [
              3.7365170547544344,
              48.10245978739895
            ],
            [
              3.7372474857214537,
              48.10546917299993
            ],
            [
              3.737977916688475,
              48.108478558600915
            ],
            [
              3.738708347655496,
              48.111487944201905
            ],
            [
              3.739438778622517,
              48.11449732980289
            ],
            [
              3.740169209589538,
              48.11750671540387
            ],
            [
              3.7408996405565618,
              48.12051610100486
            ],
            [
              3.741630071523583,
              48.12352548660584
            ],
            [
              3.742360502490604,
              48.12653487220683
            ],
            [
              3.743090933457625,
              48.12954425780781
            ],
            [
              3.7438213644246443,
              48.1325536434088
            ],
            [
              3.7438213644246443,
              48.1325536434088
            ],
            [
              3.7425522654107746,
              48.13305539565587
            ],
            [
              3.741283166396905,
              48.133557147902955
            ],
            [
              3.7400140673830324,
              48.13405890015002
            ],
            [
              3.738744968369161,
              48.13456065239711
            ],
            [
              3.737475869355294,
              48.13506240464419
            ],
            [
              3.7362067703414223,
              48.13556415689126
            ],
            [
              3.734937671327549,
              48.13606590913834
            ],
            [
              3.7336685723136775,
              48.13656766138542
            ],
            [
              3.7323994732998105,
              48.137069413632496
            ],
            [
              3.731130374285939,
              48.13757116587958
            ],
            [
              3.731130374285939,
              48.13757116587958
            ],
            [
              3.728589158670712,
              48.136191448636566
            ],
            [
              3.726047943055487,
              48.13481173139357
            ],
            [
              3.723506727440261,
              48.133432014150564
            ],
            [
              3.7209655118250375,
              48.13205229690755
            ],
            [
              3.7184242962098097,
              48.13067257966455
            ],
            [
              3.7158830805945837,
              48.12929286242155
            ],
            [
              3.7133418649793613,
              48.12791314517854
            ],
            [
              3.7108006493641343,
              48.12653342793554
            ],
            [
              3.708259433748909,
              48.12515371069252
            ],
            [
              3.705718218133683,
              48.123773993449525
            ],
            [
              3.705718218133683,
              48.123773993449525
            ],
            [
              3.704276179818509,
              48.128286905274706
            ],
            [
              3.702834141503334,
              48.13279981709988
            ],
            [
              3.701392103188159,
              48.13731272892506
            ],
            [
              3.6999500648729833,
              48.14182564075024
            ],
            [
              3.69850802655781,
              48.146338552575415
            ],
            [
              3.697065988242635,
              48.1508514644006
            ],
            [
              3.69562394992746,
              48.15536437622577
            ],
            [
              3.694181911612286,
              48.15987728805095
            ],
            [
              3.6927398732971093,
              48.16439019987614
            ],
            [
              3.691297834981936,
              48.168903111701304
            ],
            [
              3.691297834981936,
              48.168903111701304
            ],
            [
              3.693115317451284,
              48.17078471729528
            ],
            [
              3.694932799920631,
              48.17266632288925
            ],
            [
              3.6967502823899783,
              48.174547928483214
            ],
            [
              3.698567764859327,
              48.17642953407719
            ],
            [
              3.7003852473286742,
              48.17831113967115
            ],
            [
              3.7022027297980222,
              48.180192745265124
            ],
            [
              3.70402021226737,
              48.1820743508591
            ],
            [
              3.7058376947367164,
              48.18395595645306
            ],
            [
              3.7076551772060644,
              48.185837562047034
            ],
            [
              3.7094726596754115,
              48.18771916764101
            ],
            [
              3.7094726596754115,
              48.18771916764101
            ],
            [
              3.707296672280115,
              48.18821962703984
            ],
            [
              3.705120684884817,
              48.18872008643867
            ],
            [
              3.702944697489525,
              48.18922054583749
            ],
            [
              3.7007687100942257,
              48.18972100523633
            ],
            [
              3.69859272269893,
              48.19022146463516
            ],
            [
              3.6964167353036337,
              48.190721924033994
            ],
            [
              3.6942407479083363,
              48.191222383432816
            ],
            [
              3.6920647605130434,
              48.19172284283165
            ],
            [
              3.689888773117745,
              48.192223302230474
            ],
            [
              3.6877127857224488,
              48.19272376162932
            ],
            [
              3.6877127857224488,
              48.19272376162932
            ],
            [
              3.6840838444388635,
              48.1913437674594
            ],
            [
              3.6804549031552782,
              48.18996377328949
            ],
            [
              3.676825961871693,
              48.188583779119575
            ],
            [
              3.6731970205881077,
              48.187203784949666
            ],
            [
              3.6695680793045216,
              48.18582379077976
            ],
            [
              3.6659391380209345,
              48.18444379660985
            ],
            [
              3.6623101967373493,
              48.18306380243994
            ],
            [
              3.658681255453764,
              48.18168380827002
            ],
            [
              3.6550523141701796,
              48.18030381410012
            ],
            [
              3.6514233728865944,
              48.17892381993021
            ],
            [
              3.6514233728865944,
              48.17892381993021
            ],
            [
              3.6481590982809684,
              48.179174042502744
            ],
            [
              3.6448948236753433,
              48.17942426507528
            ],
            [
              3.6416305490697174,
              48.179674487647816
            ],
            [
              3.638366274464094,
              48.17992471022036
            ],
            [
              3.6351019998584673,
              48.180174932792895
            ],
            [
              3.631837725252842,
              48.18042515536543
            ],
            [
              3.628573450647218,
              48.180675377937966
            ],
            [
              3.625309176041593,
              48.1809256005105
            ],
            [
              3.622044901435969,
              48.18117582308304
            ],
            [
              3.618780626830342,
              48.18142604565558
            ],
            [
              3.618780626830342,
              48.18142604565558
            ],
            [
              3.6186032540325805,
              48.183181101534565
            ],
            [
              3.6184258812348173,
              48.18493615741356
            ],
            [
              3.618248508437057,
              48.186691213292555
            ],
            [
              3.6180711356392936,
              48.18844626917155
            ],
            [
              3.6178937628415304,
              48.19020132505054
            ],
            [
              3.617716390043768,
              48.19195638092953
            ],
            [
              3.617539017246005,
              48.193711436808535
            ],
            [
              3.6173616444482453,
              48.19546649268752
            ],
            [
              3.617184271650482,
              48.19722154856652
            ],
            [
              3.617006898852719,
              48.198976604445505
            ],
            [
              3.617006898852719,
              48.198976604445505
            ],
            [
              3.6175563283749175,
              48.20186096499536
            ],
            [
              3.6181057578971187,
              48.20474532554522
            ],
            [
              3.61865518741932,
              48.20762968609506
            ],
            [
              3.6192046169415195,
              48.21051404664491
            ],
            [
              3.619754046463719,
              48.21339840719476
            ],
            [
              3.6203034759859203,
              48.21628276774461
            ],
            [
              3.6208529055081216,
              48.219167128294465
            ],
            [
              3.62140233503032,
              48.22205148884431
            ],
            [
              3.6219517645525214,
              48.224935849394164
            ],
            [
              3.6225011940747227,
              48.227820209944014
            ],
            [
              3.6225011940747227,
              48.227820209944014
            ],
            [
              3.6188797038856353,
              48.23107954667971
            ],
            [
              3.615258213696546,
              48.23433888341542
            ],
            [
              3.611636723507457,
              48.23759822015111
            ],
            [
              3.6080152333183713,
              48.240857556886816
            ],
            [
              3.604393743129284,
              48.24411689362252
            ],
            [
              3.6007722529401964,
              48.24737623035822
            ],
            [
              3.597150762751109,
              48.250635567093916
            ],
            [
              3.5935292725620216,
              48.253894903829625
            ],
            [
              3.589907782372934,
              48.25715424056532
            ],
            [
              3.586286292183845,
              48.26041357730102
            ],
            [
              3.586286292183845,
              48.26041357730102
            ],
            [
              3.585748478493447,
              48.2635476317423
            ],
            [
              3.585210664803047,
              48.266681686183574
            ],
            [
              3.584672851112647,
              48.26981574062485
            ],
            [
              3.584135037422245,
              48.27294979506613
            ],
            [
              3.583597223731847,
              48.2760838495074
            ],
            [
              3.583059410041449,
              48.279217903948684
            ],
            [
              3.582521596351047,
              48.28235195838995
            ],
            [
              3.581983782660649,
              48.285486012831235
            ],
            [
              3.581445968970248,
              48.28862006727251
            ],
            [
              3.580908155279848,
              48.29175412171379
            ],
            [
              3.580908155279848,
              48.29175412171379
            ],
            [
              3.5760120488906435,
              48.29187787969974
            ],
            [
              3.5711159425014363,
              48.29200163768568
            ],
            [
              3.5662198361122317,
              48.292125395671626
            ],
            [
              3.5613237297230254,
              48.29224915365757
            ],
            [
              3.556427623333819,
              48.29237291164352
            ],
            [
              3.551531516944611,
              48.29249666962946
            ],
            [
              3.5466354105554037,
              48.292620427615404
            ],
            [
              3.541739304166199,
              48.29274418560135
            ],
            [
              3.5368431977769927,
              48.292867943587304
            ],
            [
              3.5319470913877864,
              48.29299170157324
            ],
            [
              3.5319470913877864,
              48.29299170157324
            ],
            [
              3.530320828366499,
              48.2957505337988
            ],
            [
              3.528694565345211,
              48.29850936602436
            ],
            [
              3.5270683023239218,
              48.30126819824992
            ],
            [
              3.5254420393026327,
              48.30402703047548
            ],
            [
              3.5238157762813462,
              48.306785862701034
            ],
            [
              3.522189513260057,
              48.3095446949266
            ],
            [
              3.52056325023877,
              48.31230352715215
            ],
            [
              3.51893698721748,
              48.31506235937772
            ],
            [
              3.5173107241961907,
              48.31782119160327
            ],
            [
              3.5156844611749025,
              48.32058002382884
            ],
            [
              3.5156844611749025,
              48.32058002382884
            ],
            [
              3.511514751709337,
              48.32158205463465
            ],
            [
              3.5073450422437715,
              48.32258408544047
            ],
            [
              3.5031753327782043,
              48.32358611624629
            ],
            [
              3.4990056233126414,
              48.324588147052104
            ],
            [
              3.4948359138470724,
              48.32559017785792
            ],
            [
              3.490666204381507,
              48.32659220866373
            ],
            [
              3.4864964949159405,
              48.32759423946955
            ],
            [
              3.482326785450374,
              48.32859627027536
            ],
            [
              3.4781570759848113,
              48.32959830108118
            ],
            [
              3.4739873665192422,
              48.33060033188699
            ],
            [
              3.4739873665192422,
              48.33060033188699
            ],
            [
              3.4709085784309415,
              48.33247964902509
            ],
            [
              3.4678297903426425,
              48.334358966163194
            ],
            [
              3.4647510022543417,
              48.336238283301284
            ],
            [
              3.461672214166041,
              48.338117600439375
            ],
            [
              3.4585934260777402,
              48.33999691757747
            ],
            [
              3.455514637989437,
              48.34187623471557
            ],
            [
              3.452435849901138,
              48.34375555185367
            ],
            [
              3.449357061812837,
              48.34563486899175
            ],
            [
              3.4462782737245363,
              48.34751418612985
            ],
            [
              3.4431994856362356,
              48.349393503267954
            ],
            [
              3.4431994856362356,
              48.349393503267954
            ],
            [
              3.4448388180108087,
              48.35340618711504
            ],
            [
              3.446478150385381,
              48.357418870962135
            ],
            [
              3.4481174827599568,
              48.36143155480923
            ],
            [
              3.449756815134529,
              48.36544423865632
            ],
            [
              3.451396147509103,
              48.369456922503424
            ],
            [
              3.4530354798836753,
              48.37346960635052
            ],
            [
              3.4546748122582476,
              48.377482290197605
            ],
            [
              3.456314144632825,
              48.381494974044706
            ],
            [
              3.4579534770073974,
              48.3855076578918
            ],
            [
              3.4595928093819706,
              48.38952034173889
            ],
            [
              3.4595928093819706,
              48.38952034173889
            ],
            [
              3.460519377807707,
              48.39967730619858
            ],
            [
              3.461445946233446,
              48.40983427065827
            ],
            [
              3.4623725146591817,
              48.41999123511796
            ],
            [
              3.4632990830849217,
              48.430148199577665
            ],
            [
              3.4642256515106573,
              48.440305164037355
            ],
            [
              3.465152219936393,
              48.450462128497044
            ],
            [
              3.466078788362133,
              48.46061909295674
            ],
            [
              3.4670053567878685,
              48.47077605741643
            ],
            [
              3.4679319252136085,
              48.48093302187612
            ],
            [
              3.468858493639344,
              48.491089986335815
            ],
            [
              3.468858493639344,
              48.491089986335815
            ],
            [
              3.4637823032471133,
              48.492342822666096
            ],
            [
              3.4587061128548853,
              48.49359565899639
            ],
            [
              3.4536299224626537,
              48.49484849532669
            ],
            [
              3.4485537320704247,
              48.49610133165698
            ],
            [
              3.443477541678193,
              48.49735416798727
            ],
            [
              3.4384013512859615,
              48.49860700431757
            ],
            [
              3.4333251608937325,
              48.499859840647865
            ],
            [
              3.428248970501501,
              48.501112676978146
            ],
            [
              3.423172780109271,
              48.50236551330845
            ],
            [
              3.4180965897170403,
              48.50361834963874
            ],
            [
              3.4180965897170403,
              48.50361834963874
            ],
            [
              3.417016364660785,
              48.50750430291103
            ],
            [
              3.4159361396045305,
              48.511390256183304
            ],
            [
              3.414855914548274,
              48.51527620945559
            ],
            [
              3.413775689492018,
              48.51916216272788
            ],
            [
              3.4126954644357634,
              48.52304811600017
            ],
            [
              3.4116152393795054,
              48.52693406927245
            ],
            [
              3.410535014323249,
              48.530820022544724
            ],
            [
              3.4094547892669955,
              48.53470597581701
            ],
            [
              3.4083745642107393,
              48.53859192908929
            ],
            [
              3.407294339154483,
              48.54247788236158
            ],
            [
              3.407294339154483,
              48.54247788236158
            ],
            [
              3.4067572532540455,
              48.545989020604495
            ],
            [
              3.4062201673536046,
              48.549500158847394
            ],
            [
              3.405683081453169,
              48.55301129709031
            ],
            [
              3.4051459955527297,
              48.55652243533323
            ],
            [
              3.4046089096522905,
              48.56003357357613
            ],
            [
              3.404071823751855,
              48.56354471181904
            ],
            [
              3.4035347378514156,
              48.56705585006195
            ],
            [
              3.4029976519509764,
              48.57056698830486
            ],
            [
              3.402460566050539,
              48.574078126547775
            ],
            [
              3.4019234801500997,
              48.577589264790674
            ],
            [
              3.4019234801500997,
              48.577589264790674
            ],
            [
              3.4073699038924787,
              48.58085085908522
            ],
            [
              3.412816327634854,
              48.58411245337976
            ],
            [
              3.4182627513772315,
              48.58737404767429
            ],
            [
              3.4237091751196087,
              48.59063564196883
            ],
            [
              3.429155598861984,
              48.593897236263366
            ],
            [
              3.434602022604363,
              48.5971588305579
            ],
            [
              3.4400484463467396,
              48.60042042485244
            ],
            [
              3.4454948700891177,
              48.60368201914698
            ],
            [
              3.450941293831494,
              48.606943613441516
            ],
            [
              3.456387717573872,
              48.61020520773606
            ],
            [
              3.456387717573872,
              48.61020520773606
            ],
            [
              3.456031874356689,
              48.6139663619086
            ],
            [
              3.4556760311395087,
              48.61772751608116
            ],
            [
              3.4553201879223283,
              48.62148867025371
            ],
            [
              3.454964344705148,
              48.62524982442627
            ],
            [
              3.4546085014879675,
              48.62901097859882
            ],
            [
              3.4542526582707853,
              48.63277213277137
            ],
            [
              3.453896815053605,
              48.63653328694392
            ],
            [
              3.453540971836422,
              48.640294441116474
            ],
            [
              3.453185128619243,
              48.644055595289025
            ],
            [
              3.452829285402061,
              48.647816749461576
            ],
            [
              3.452829285402061,
              48.647816749461576
            ],
            [
              3.454828220334797,
              48.64919633137065
            ],
            [
              3.4568271552675287,
              48.650575913279724
            ],
            [
              3.458826090200264,
              48.6519554951888
            ],
            [
              3.460825025132998,
              48.653335077097864
            ],
            [
              3.4628239600657342,
              48.654714659006935
            ],
            [
              3.4648228949984694,
              48.65609424091601
            ],
            [
              3.4668218299312055,
              48.65747382282508
            ],
            [
              3.468820764863939,
              48.65885340473416
            ],
            [
              3.4708196997966714,
              48.66023298664322
            ],
            [
              3.4728186347294074,
              48.6616125685523
            ],
            [
              3.4728186347294074,
              48.6616125685523
            ],
            [
              3.4724642450337107,
              48.66612682380638
            ],
            [
              3.4721098553380148,
              48.67064107906046
            ],
            [
              3.471755465642319,
              48.67515533431453
            ],
            [
              3.471401075946621,
              48.67966958956861
            ],
            [
              3.4710466862509253,
              48.6841838448227
            ],
            [
              3.4706922965552285,
              48.68869810007678
            ],
            [
              3.4703379068595326,
              48.69321235533086
            ],
            [
              3.469983517163835,
              48.697726610584944
            ],
            [
              3.469629127468139,
              48.702240865839016
            ],
            [
              3.4692747377724413,
              48.706755121093096
            ],
            [
              3.4692747377724413,
              48.706755121093096
            ],
            [
              3.4678275381708485,
              48.708634845417535
            ],
            [
              3.466380338569253,
              48.710514569741974
            ],
            [
              3.4649331389676603,
              48.712394294066414
            ],
            [
              3.463485939366065,
              48.714274018390846
            ],
            [
              3.4620387397644703,
              48.716153742715285
            ],
            [
              3.4605915401628757,
              48.71803346703973
            ],
            [
              3.4591443405612803,
              48.719913191364164
            ],
            [
              3.4576971409596866,
              48.7217929156886
            ],
            [
              3.456249941358092,
              48.723672640013035
            ],
            [
              3.4548027417564993,
              48.72555236433748
            ],
            [
              3.4548027417564993,
              48.72555236433748
            ],
            [
              3.452080473109851,
              48.724799650758676
            ],
            [
              3.4493582044632025,
              48.72404693717988
            ],
            [
              3.446635935816557,
              48.72329422360109
            ],
            [
              3.44391366716991,
              48.72254151002229
            ],
            [
              3.441191398523262,
              48.72178879644349
            ],
            [
              3.4384691298766143,
              48.72103608286469
            ],
            [
              3.435746861229967,
              48.72028336928589
            ],
            [
              3.433024592583321,
              48.71953065570709
            ],
            [
              3.430302323936671,
              48.71877794212829
            ],
            [
              3.4275800552900244,
              48.718025228549486
            ],
            [
              3.4275800552900244,
              48.718025228549486
            ],
            [
              3.426860192019085,
              48.72053218323975
            ],
            [
              3.4261403287481476,
              48.72303913793001
            ],
            [
              3.4254204654772082,
              48.72554609262027
            ],
            [
              3.424700602206269,
              48.72805304731052
            ],
            [
              3.4239807389353296,
              48.730560002000786
            ],
            [
              3.4232608756643903,
              48.73306695669104
            ],
            [
              3.422541012393451,
              48.7355739113813
            ],
            [
              3.4218211491225135,
              48.738080866071556
            ],
            [
              3.421101285851574,
              48.74058782076182
            ],
            [
              3.420381422580635,
              48.74309477545207
            ],
            [
              3.420381422580635,
              48.74309477545207
            ],
            [
              3.418572896303314,
              48.74585356766056
            ],
            [
              3.416764370025993,
              48.74861235986904
            ],
            [
              3.414955843748674,
              48.75137115207753
            ],
            [
              3.413147317471356,
              48.754129944286014
            ],
            [
              3.411338791194035,
              48.7568887364945
            ],
            [
              3.409530264916714,
              48.75964752870299
            ],
            [
              3.407721738639394,
              48.762406320911474
            ],
            [
              3.405913212362077,
              48.76516511311996
            ],
            [
              3.404104686084756,
              48.76792390532845
            ],
            [
              3.402296159807435,
              48.77068269753693
            ],
            [
              3.402296159807435,
              48.77068269753693
            ],
            [
              3.396308214599165,
              48.768675065795115
            ],
            [
              3.3903202693908994,
              48.7666674340533
            ],
            [
              3.3843323241826284,
              48.764659802311485
            ],
            [
              3.3783443789743637,
              48.762652170569666
            ],
            [
              3.3723564337660927,
              48.76064453882785
            ],
            [
              3.366368488557826,
              48.758636907086036
            ],
            [
              3.360380543349557,
              48.75662927534422
            ],
            [
              3.3543925981412896,
              48.754621643602405
            ],
            [
              3.3484046529330214,
              48.752614011860594
            ],
            [
              3.342416707724754,
              48.75060638011878
            ],
            [
              3.342416707724754,
              48.75060638011878
            ],
            [
              3.3387819069545004,
              48.74696921537266
            ],
            [
              3.3351471061842486,
              48.74333205062654
            ],
            [
              3.331512305413996,
              48.73969488588042
            ],
            [
              3.3278775046437414,
              48.736057721134294
            ],
            [
              3.3242427038734896,
              48.732420556388185
            ],
            [
              3.320607903103236,
              48.72878339164206
            ],
            [
              3.316973102332985,
              48.725146226895944
            ],
            [
              3.31333830156273,
              48.72150906214983
            ],
            [
              3.309703500792478,
              48.717871897403704
            ],
            [
              3.3060687000222253,
              48.71423473265758
            ],
            [
              3.3060687000222253,
              48.71423473265758
            ],
            [
              3.301715004998877,
              48.71360659181252
            ],
            [
              3.2973613099755235,
              48.71297845096746
            ],
            [
              3.293007614952175,
              48.7123503101224
            ],
            [
              3.2886539199288243,
              48.71172216927734
            ],
            [
              3.2843002249054742,
              48.71109402843227
            ],
            [
              3.279946529882126,
              48.71046588758722
            ],
            [
              3.275592834858774,
              48.70983774674215
            ],
            [
              3.271239139835425,
              48.709209605897094
            ],
            [
              3.266885444812073,
              48.70858146505203
            ],
            [
              3.262531749788725,
              48.707953324206976
            ],
            [
              3.262531749788725,
              48.707953324206976
            ],
            [
              3.2543753198451477,
              48.710333443115566
            ],
            [
              3.2462188899015696,
              48.71271356202417
            ],
            [
              3.2380624599579915,
              48.715093680932775
            ],
            [
              3.2299060300144125,
              48.71747379984137
            ],
            [
              3.221749600070836,
              48.719853918749976
            ],
            [
              3.2135931701272606,
              48.72223403765857
            ],
            [
              3.2054367401836825,
              48.72461415656716
            ],
            [
              3.197280310240106,
              48.72699427547577
            ],
            [
              3.189123880296528,
              48.72937439438437
            ],
            [
              3.180967450352951,
              48.73175451329298
            ],
            [
              3.180967450352951,
              48.73175451329298
            ],
            [
              3.1795069422391866,
              48.72673880812667
            ],
            [
              3.178046434125419,
              48.72172310296037
            ],
            [
              3.176585926011654,
              48.71670739779407
            ],
            [
              3.175125417897888,
              48.711691692627774
            ],
            [
              3.1736649097841236,
              48.706675987461466
            ],
            [
              3.1722044016703594,
              48.70166028229517
            ],
            [
              3.1707438935565952,
              48.69664457712888
            ],
            [
              3.16928338544283,
              48.69162887196257
            ],
            [
              3.1678228773290624,
              48.68661316679627
            ],
            [
              3.1663623692152982,
              48.68159746162997
            ],
            [
              3.1663623692152982,
              48.68159746162997
            ],
            [
              3.17034908969331,
              48.68021937352719
            ],
            [
              3.1743358101713217,
              48.678841285424404
            ],
            [
              3.1783225306493326,
              48.677463197321615
            ],
            [
              3.1823092511273443,
              48.67608510921884
            ],
            [
              3.186295971605358,
              48.67470702111605
            ],
            [
              3.190282692083365,
              48.67332893301327
            ],
            [
              3.1942694125613786,
              48.671950844910484
            ],
            [
              3.1982561330393904,
              48.6705727568077
            ],
            [
              3.2022428535173995,
              48.66919466870491
            ],
            [
              3.206229573995411,
              48.667816580602135
            ],
            [
              3.206229573995411,
              48.667816580602135
            ],
            [
              3.206226669000326,
              48.66631143949147
            ],
            [
              3.2062237640052396,
              48.66480629838082
            ],
            [
              3.2062208590101524,
              48.66330115727016
            ],
            [
              3.206217954015066,
              48.6617960161595
            ],
            [
              3.206215049019979,
              48.660290875048844
            ],
            [
              3.2062121440248927,
              48.65878573393818
            ],
            [
              3.2062092390298056,
              48.657280592827526
            ],
            [
              3.20620633403472,
              48.65577545171687
            ],
            [
              3.206203429039634,
              48.65427031060621
            ],
            [
              3.2062005240445477,
              48.65276516949555
            ],
            [
              3.2062005240445477,
              48.65276516949555
            ],
            [
              3.2011217235301515,
              48.65188688793075
            ],
            [
              3.1960429230157517,
              48.651008606365956
            ],
            [
              3.1909641225013545,
              48.65013032480115
            ],
            [
              3.1858853219869583,
              48.64925204323635
            ],
            [
              3.180806521472562,
              48.64837376167155
            ],
            [
              3.175727720958165,
              48.64749548010675
            ],
            [
              3.170648920443765,
              48.64661719854194
            ],
            [
              3.165570119929369,
              48.64573891697715
            ],
            [
              3.1604913194149735,
              48.64486063541234
            ],
            [
              3.1554125189005755,
              48.64398235384755
            ],
            [
              3.1554125189005755,
              48.64398235384755
            ],
            [
              3.15595129953982,
              48.64134929662598
            ],
            [
              3.156490080179069,
              48.638716239404424
            ],
            [
              3.1570288608183152,
              48.63608318218287
            ],
            [
              3.1575676414575606,
              48.6334501249613
            ],
            [
              3.158106422096808,
              48.63081706773975
            ],
            [
              3.158645202736054,
              48.6281840105182
            ],
            [
              3.1591839833753013,
              48.625550953296624
            ],
            [
              3.1597227640145475,
              48.62291789607507
            ],
            [
              3.1602615446537965,
              48.620284838853514
            ],
            [
              3.16080032529304,
              48.61765178163195
            ],
            [
              3.16080032529304,
              48.61765178163195
            ],
            [
              3.1537236359020766,
              48.61589491539754
            ],
            [
              3.146646946511113,
              48.61413804916313
            ],
            [
              3.139570257120147,
              48.612381182928715
            ],
            [
              3.1324935677291834,
              48.610624316694306
            ],
            [
              3.12541687833822,
              48.60886745045988
            ],
            [
              3.1183401889472546,
              48.60711058422548
            ],
            [
              3.1112634995562902,
              48.605353717991065
            ],
            [
              3.1041868101653267,
              48.603596851756656
            ],
            [
              3.097110120774363,
              48.60183998552225
            ],
            [
              3.090033431383397,
              48.600083119287824
            ],
            [
              3.090033431383397,
              48.600083119287824
            ],
            [
              3.078980021704178,
              48.604844669676375
            ],
            [
              3.06792661202496,
              48.60960622006492
            ],
            [
              3.05687320234574,
              48.61436777045348
            ],
            [
              3.045819792666523,
              48.61912932084201
            ],
            [
              3.034766382987304,
              48.62389087123057
            ],
            [
              3.023712973308084,
              48.62865242161911
            ],
            [
              3.0126595636288633,
              48.633413972007666
            ],
            [
              3.0016061539496453,
              48.63817552239621
            ],
            [
              2.9905527442704263,
              48.64293707278476
            ],
            [
              2.9794993345912073,
              48.647698623173305
            ],
            [
              2.9794993345912073,
              48.647698623173305
            ],
            [
              2.977328239723176,
              48.649955250459286
            ],
            [
              2.9751571448551437,
              48.652211877745266
            ],
            [
              2.9729860499871097,
              48.65446850503124
            ],
            [
              2.9708149551190797,
              48.65672513231723
            ],
            [
              2.9686438602510474,
              48.6589817596032
            ],
            [
              2.966472765383014,
              48.66123838688918
            ],
            [
              2.9643016705149816,
              48.663495014175155
            ],
            [
              2.96213057564695,
              48.66575164146114
            ],
            [
              2.95995948077892,
              48.66800826874712
            ],
            [
              2.9577883859108858,
              48.670264896033096
            ],
            [
              2.9577883859108858,
              48.670264896033096
            ],
            [
              2.9508951184456285,
              48.669887158620405
            ],
            [
              2.944001850980375,
              48.66950942120772
            ],
            [
              2.9371085835151196,
              48.66913168379503
            ],
            [
              2.9302153160498645,
              48.66875394638234
            ],
            [
              2.9233220485846076,
              48.66837620896965
            ],
            [
              2.9164287811193508,
              48.667998471556956
            ],
            [
              2.909535513654095,
              48.667620734144265
            ],
            [
              2.9026422461888397,
              48.66724299673158
            ],
            [
              2.8957489787235864,
              48.66686525931889
            ],
            [
              2.8888557112583295,
              48.66648752190619
            ],
            [
              2.8888557112583295,
              48.66648752190619
            ],
            [
              2.884690407757946,
              48.66899362220669
            ],
            [
              2.880525104257563,
              48.67149972250719
            ],
            [
              2.8763598007571782,
              48.67400582280769
            ],
            [
              2.8721944972567974,
              48.67651192310819
            ],
            [
              2.868029193756414,
              48.67901802340868
            ],
            [
              2.863863890256028,
              48.68152412370918
            ],
            [
              2.859698586755646,
              48.684030224009675
            ],
            [
              2.8555332832552613,
              48.686536324310175
            ],
            [
              2.85136797975488,
              48.689042424610676
            ],
            [
              2.847202676254495,
              48.69154852491117
            ],
            [
              2.847202676254495,
              48.69154852491117
            ],
            [
              2.843928963001082,
              48.68690837886292
            ],
            [
              2.8406552497476705,
              48.68226823281467
            ],
            [
              2.837381536494257,
              48.67762808676642
            ],
            [
              2.834107823240845,
              48.67298794071817
            ],
            [
              2.8308341099874323,
              48.66834779466991
            ],
            [
              2.8275603967340186,
              48.66370764862167
            ],
            [
              2.824286683480605,
              48.659067502573414
            ],
            [
              2.8210129702271916,
              48.65442735652517
            ],
            [
              2.81773925697378,
              48.649787210476916
            ],
            [
              2.814465543720367,
              48.64514706442867
            ],
            [
              2.814465543720367,
              48.64514706442867
            ],
            [
              2.810481807344762,
              48.648030293661854
            ],
            [
              2.8064980709691576,
              48.65091352289503
            ],
            [
              2.802514334593553,
              48.653796752128216
            ],
            [
              2.798530598217948,
              48.65667998136141
            ],
            [
              2.7945468618423455,
              48.65956321059459
            ],
            [
              2.7905631254667393,
              48.662446439827775
            ],
            [
              2.7865793890911363,
              48.66532966906096
            ],
            [
              2.78259565271553,
              48.66821289829414
            ],
            [
              2.778611916339925,
              48.67109612752733
            ],
            [
              2.774628179964323,
              48.67397935676051
            ],
            [
              2.774628179964323,
              48.67397935676051
            ],
            [
              2.7720913187382332,
              48.67485574319687
            ],
            [
              2.7695544575121454,
              48.675732129633225
            ],
            [
              2.7670175962860575,
              48.67660851606959
            ],
            [
              2.7644807350599714,
              48.67748490250595
            ],
            [
              2.7619438738338835,
              48.67836128894231
            ],
            [
              2.7594070126077956,
              48.679237675378666
            ],
            [
              2.7568701513817078,
              48.680114061815026
            ],
            [
              2.7543332901556217,
              48.680990448251386
            ],
            [
              2.7517964289295325,
              48.681866834687746
            ],
            [
              2.7492595677034464,
              48.682743221124106
            ],
            [
              2.7492595677034464,
              48.682743221124106
            ],
            [
              2.7521521909809556,
              48.67810461397371
            ],
            [
              2.755044814258465,
              48.67346600682331
            ],
            [
              2.7579374375359746,
              48.66882739967292
            ],
            [
              2.760830060813484,
              48.66418879252252
            ],
            [
              2.7637226840909936,
              48.65955018537213
            ],
            [
              2.7666153073685034,
              48.654911578221736
            ],
            [
              2.769507930646012,
              48.650272971071345
            ],
            [
              2.772400553923522,
              48.645634363920955
            ],
            [
              2.7752931772010307,
              48.640995756770565
            ],
            [
              2.7781858004785405,
              48.63635714962017
            ],
            [
              2.7781858004785405,
              48.63635714962017
            ],
            [
              2.773462065884311,
              48.63209373625695
            ],
            [
              2.7687383312900837,
              48.62783032289372
            ],
            [
              2.764014596695856,
              48.6235669095305
            ],
            [
              2.7592908621016283,
              48.61930349616728
            ],
            [
              2.7545671275074004,
              48.61504008280406
            ],
            [
              2.749843392913171,
              48.61077666944083
            ],
            [
              2.7451196583189437,
              48.60651325607761
            ],
            [
              2.7403959237247153,
              48.602249842714386
            ],
            [
              2.735672189130486,
              48.59798642935117
            ],
            [
              2.7309484545362586,
              48.59372301598794
            ],
            [
              2.7309484545362586,
              48.59372301598794
            ],
            [
              2.729134280389325,
              48.593596511364545
            ],
            [
              2.727320106242391,
              48.593470006741136
            ],
            [
              2.725505932095459,
              48.59334350211772
            ],
            [
              2.723691757948527,
              48.593216997494316
            ],
            [
              2.7218775838015934,
              48.59309049287091
            ],
            [
              2.7200634096546596,
              48.592963988247504
            ],
            [
              2.718249235507726,
              48.592837483624095
            ],
            [
              2.716435061360792,
              48.592710979000685
            ],
            [
              2.7146208872138597,
              48.59258447437728
            ],
            [
              2.7128067130669264,
              48.59245796975388
            ],
            [
              2.7128067130669264,
              48.59245796975388
            ],
            [
              2.708636762373479,
              48.59333501515052
            ],
            [
              2.7044668116800348,
              48.59421206054718
            ],
            [
              2.700296860986589,
              48.59508910594382
            ],
            [
              2.6961269102931413,
              48.59596615134048
            ],
            [
              2.6919569595996955,
              48.596843196737126
            ],
            [
              2.687787008906248,
              48.597720242133775
            ],
            [
              2.6836170582128043,
              48.598597287530424
            ],
            [
              2.679447107519356,
              48.59947433292707
            ],
            [
              2.6752771568259104,
              48.60035137832373
            ],
            [
              2.671107206132465,
              48.60122842372038
            ],
            [
              2.671107206132465,
              48.60122842372038
            ],
            [
              2.657137621176933,
              48.598466765848165
            ],
            [
              2.6431680362214034,
              48.59570510797593
            ],
            [
              2.6291984512658737,
              48.59294345010371
            ],
            [
              2.6152288663103436,
              48.5901817922315
            ],
            [
              2.6012592813548117,
              48.58742013435928
            ],
            [
              2.58728969639928,
              48.58465847648706
            ],
            [
              2.5733201114437523,
              48.58189681861484
            ],
            [
              2.5593505264882204,
              48.579135160742624
            ],
            [
              2.5453809415326885,
              48.576373502870396
            ],
            [
              2.5314113565771605,
              48.573611844998176
            ],
            [
              2.5314113565771605,
              48.573611844998176
            ],
            [
              2.5288655412174834,
              48.56984890015382
            ],
            [
              2.5263197258578067,
              48.56608595530946
            ],
            [
              2.5237739104981283,
              48.56232301046511
            ],
            [
              2.521228095138454,
              48.55856006562075
            ],
            [
              2.518682279778777,
              48.5547971207764
            ],
            [
              2.5161364644191004,
              48.55103417593204
            ],
            [
              2.5135906490594238,
              48.54727123108769
            ],
            [
              2.511044833699749,
              48.54350828624333
            ],
            [
              2.5084990183400704,
              48.53974534139897
            ],
            [
              2.5059532029803955,
              48.53598239655461
            ],
            [
              2.5059532029803955,
              48.53598239655461
            ],
            [
              2.504678780559542,
              48.53372597591152
            ],
            [
              2.503404358138693,
              48.531469555268444
            ],
            [
              2.502129935717845,
              48.52921313462536
            ],
            [
              2.5008555132969934,
              48.52695671398227
            ],
            [
              2.4995810908761418,
              48.52470029333919
            ],
            [
              2.498306668455291,
              48.5224438726961
            ],
            [
              2.497032246034441,
              48.520187452053015
            ],
            [
              2.4957578236135936,
              48.51793103140993
            ],
            [
              2.49448340119274,
              48.51567461076684
            ],
            [
              2.4932089787718907,
              48.51341819012376
            ],
            [
              2.4932089787718907,
              48.51341819012376
            ],
            [
              2.482328878236228,
              48.51354046018735
            ],
            [
              2.4714487777005605,
              48.513662730250935
            ],
            [
              2.4605686771648982,
              48.51378500031453
            ],
            [
              2.449688576629234,
              48.51390727037812
            ],
            [
              2.4388084760935698,
              48.514029540441705
            ],
            [
              2.427928375557905,
              48.5141518105053
            ],
            [
              2.4170482750222413,
              48.51427408056889
            ],
            [
              2.406168174486577,
              48.51439635063248
            ],
            [
              2.3952880739509124,
              48.514518620696066
            ],
            [
              2.3844079734152483,
              48.51464089075966
            ],
            [
              2.3844079734152483,
              48.51464089075966
            ],
            [
              2.3708031046341707,
              48.51275633798478
            ],
            [
              2.3571982358530965,
              48.5108717852099
            ],
            [
              2.3435933670720206,
              48.50898723243501
            ],
            [
              2.3299884982909442,
              48.507102679660136
            ],
            [
              2.3163836295098683,
              48.505218126885254
            ],
            [
              2.302778760728794,
              48.50333357411037
            ],
            [
              2.2891738919477183,
              48.50144902133549
            ],
            [
              2.275569023166642,
              48.499564468560614
            ],
            [
              2.261964154385566,
              48.49767991578573
            ],
            [
              2.24835928560449,
              48.495795363010856
            ],
            [
              2.24835928560449,
              48.495795363010856
            ],
            [
              2.243641600138208,
              48.49466613434835
            ],
            [
              2.2389239146719255,
              48.493536905685836
            ],
            [
              2.2342062292056455,
              48.49240767702332
            ],
            [
              2.229488543739363,
              48.491278448360816
            ],
            [
              2.224770858273081,
              48.49014921969832
            ],
            [
              2.2200531728067987,
              48.48901999103581
            ],
            [
              2.2153354873405164,
              48.487890762373304
            ],
            [
              2.210617801874236,
              48.4867615337108
            ],
            [
              2.2059001164079537,
              48.48563230504829
            ],
            [
              2.2011824309416714,
              48.48450307638579
            ],
            [
              2.2011824309416714,
              48.48450307638579
            ],
            [
              2.198284646367186,
              48.486508490566095
            ],
            [
              2.1953868617927004,
              48.488513904746405
            ],
            [
              2.1924890772182164,
              48.490519318926715
            ],
            [
              2.18959129264373,
              48.492524733107025
            ],
            [
              2.186693508069245,
              48.49453014728734
            ],
            [
              2.1837957234947605,
              48.49653556146765
            ],
            [
              2.180897938920275,
              48.49854097564796
            ],
            [
              2.1780001543457894,
              48.50054638982827
            ],
            [
              2.1751023697713037,
              48.50255180400858
            ],
            [
              2.1722045851968175,
              48.50455721818889
            ],
            [
              2.1722045851968175,
              48.50455721818889
            ],
            [
              2.1703917004029276,
              48.5050577682052
            ],
            [
              2.168578815609037,
              48.505558318221496
            ],
            [
              2.1667659308151466,
              48.5060588682378
            ],
            [
              2.1649530460212554,
              48.5065594182541
            ],
            [
              2.1631401612273637,
              48.5070599682704
            ],
            [
              2.161327276433474,
              48.507560518286695
            ],
            [
              2.1595143916395827,
              48.508061068303
            ],
            [
              2.1577015068456924,
              48.5085616183193
            ],
            [
              2.1558886220518008,
              48.509062168335596
            ],
            [
              2.15407573725791,
              48.509562718351894
            ],
            [
              2.15407573725791,
              48.509562718351894
            ],
            [
              2.1524383408605816,
              48.50655310640466
            ],
            [
              2.1508009444632528,
              48.503543494457425
            ],
            [
              2.1491635480659244,
              48.50053388251019
            ],
            [
              2.1475261516685955,
              48.497524270562955
            ],
            [
              2.1458887552712667,
              48.494514658615714
            ],
            [
              2.1442513588739387,
              48.491505046668486
            ],
            [
              2.14261396247661,
              48.48849543472125
            ],
            [
              2.140976566079282,
              48.48548582277401
            ],
            [
              2.1393391696819526,
              48.482476210826775
            ],
            [
              2.137701773284624,
              48.47946659887955
            ],
            [
              2.137701773284624,
              48.47946659887955
            ],
            [
              2.139329007382193,
              48.47721090238652
            ],
            [
              2.1409562414797616,
              48.474955205893494
            ],
            [
              2.14258347557733,
              48.47269950940048
            ],
            [
              2.144210709674898,
              48.470443812907455
            ],
            [
              2.145837943772466,
              48.46818811641443
            ],
            [
              2.147465177870034,
              48.46593241992141
            ],
            [
              2.149092411967604,
              48.4636767234284
            ],
            [
              2.150719646065172,
              48.461421026935376
            ],
            [
              2.152346880162741,
              48.45916533044235
            ],
            [
              2.1539741142603086,
              48.45690963394933
            ],
            [
              2.1539741142603086,
              48.45690963394933
            ],
            [
              2.153970483533699,
              48.45502847555878
            ],
            [
              2.1539668528070908,
              48.453147317168224
            ],
            [
              2.1539632220804807,
              48.45126615877768
            ],
            [
              2.1539595913538716,
              48.449385000387124
            ],
            [
              2.1539559606272616,
              48.447503841996564
            ],
            [
              2.1539523299006516,
              48.44562268360602
            ],
            [
              2.1539486991740424,
              48.443741525215465
            ],
            [
              2.1539450684474337,
              48.44186036682491
            ],
            [
              2.153941437720824,
              48.439979208434366
            ],
            [
              2.1539378069942146,
              48.438098050043806
            ],
            [
              2.1539378069942146,
              48.438098050043806
            ],
            [
              2.1510346990127505,
              48.437345291333955
            ],
            [
              2.148131591031284,
              48.436592532624104
            ],
            [
              2.1452284830498205,
              48.435839773914246
            ],
            [
              2.142325375068355,
              48.435087015204395
            ],
            [
              2.1394222670868905,
              48.434334256494544
            ],
            [
              2.136519159105426,
              48.433581497784694
            ],
            [
              2.1336160511239615,
              48.43282873907484
            ],
            [
              2.130712943142496,
              48.43207598036499
            ],
            [
              2.1278098351610315,
              48.431323221655134
            ],
            [
              2.1249067271795665,
              48.43057046294528
            ],
            [
              2.1249067271795665,
              48.43057046294528
            ],
            [
              2.1216448947180315,
              48.43207371730325
            ],
            [
              2.118383062256495,
              48.43357697166121
            ],
            [
              2.115121229794958,
              48.43508022601918
            ],
            [
              2.1118593973334217,
              48.43658348037714
            ],
            [
              2.108597564871887,
              48.43808673473511
            ],
            [
              2.1053357324103503,
              48.43958998909307
            ],
            [
              2.102073899948815,
              48.441093243451036
            ],
            [
              2.098812067487279,
              48.442596497809
            ],
            [
              2.095550235025742,
              48.44409975216697
            ],
            [
              2.0922884025642063,
              48.44560300652493
            ],
            [
              2.0922884025642063,
              48.44560300652493
            ],
            [
              2.089930640517618,
              48.44560241811154
            ],
            [
              2.0875728784710303,
              48.44560182969816
            ],
            [
              2.085215116424442,
              48.44560124128478
            ],
            [
              2.0828573543778526,
              48.445600652871384
            ],
            [
              2.080499592331264,
              48.445600064458
            ],
            [
              2.0781418302846766,
              48.44559947604461
            ],
            [
              2.0757840682380873,
              48.44559888763123
            ],
            [
              2.073426306191499,
              48.445598299217835
            ],
            [
              2.07106854414491,
              48.445597710804456
            ],
            [
              2.0687107820983224,
              48.44559712239107
            ],
            [
              2.0687107820983224,
              48.44559712239107
            ],
            [
              2.0677994681311698,
              48.44333972584569
            ],
            [
              2.066888154164019,
              48.44108232930031
            ],
            [
              2.0659768401968672,
              48.438824932754926
            ],
            [
              2.0650655262297155,
              48.436567536209544
            ],
            [
              2.064154212262564,
              48.43431013966416
            ],
            [
              2.0632428982954125,
              48.43205274311878
            ],
            [
              2.0623315843282595,
              48.42979534657341
            ],
            [
              2.061420270361109,
              48.42753795002802
            ],
            [
              2.0605089563939574,
              48.42528055348264
            ],
            [
              2.0595976424268057,
              48.42302315693726
            ],
            [
              2.0595976424268057,
              48.42302315693726
            ],
            [
              2.0617710076775504,
              48.42114361383789
            ],
            [
              2.063944372928295,
              48.41926407073852
            ],
            [
              2.0661177381790403,
              48.41738452763914
            ],
            [
              2.0682911034297846,
              48.41550498453978
            ],
            [
              2.070464468680528,
              48.41362544144041
            ],
            [
              2.072637833931274,
              48.411745898341046
            ],
            [
              2.0748111991820184,
              48.409866355241675
            ],
            [
              2.0769845644327627,
              48.4079868121423
            ],
            [
              2.0791579296835065,
              48.406107269042934
            ],
            [
              2.0813312949342526,
              48.40422772594356
            ],
            [
              2.0813312949342526,
              48.40422772594356
            ],
            [
              2.0816864024507393,
              48.400089487967406
            ],
            [
              2.0820415099672274,
              48.39595124999124
            ],
            [
              2.082396617483715,
              48.39181301201508
            ],
            [
              2.0827517250002026,
              48.38767477403892
            ],
            [
              2.083106832516689,
              48.383536536062756
            ],
            [
              2.083461940033177,
              48.37939829808659
            ],
            [
              2.0838170475496636,
              48.37526006011044
            ],
            [
              2.0841721550661503,
              48.37112182213428
            ],
            [
              2.0845272625826383,
              48.36698358415811
            ],
            [
              2.0848823700991255,
              48.362845346181956
            ],
            [
              2.0848823700991255,
              48.362845346181956
            ],
            [
              2.085419942572202,
              48.359586311800854
            ],
            [
              2.0859575150452767,
              48.35632727741976
            ],
            [
              2.086495087518352,
              48.353068243038656
            ],
            [
              2.087032659991428,
              48.349809208657554
            ],
            [
              2.087570232464504,
              48.34655017427645
            ],
            [
              2.08810780493758,
              48.34329113989536
            ],
            [
              2.088645377410655,
              48.34003210551426
            ],
            [
              2.0891829498837295,
              48.33677307113316
            ],
            [
              2.0897205223568056,
              48.33351403675206
            ],
            [
              2.0902580948298817,
              48.330255002370954
            ],
            [
              2.0902580948298817,
              48.330255002370954
            ],
            [
              2.085901049872018,
              48.32787069402373
            ],
            [
              2.0815440049141554,
              48.32548638567649
            ],
            [
              2.077186959956293,
              48.32310207732925
            ],
            [
              2.072829914998429,
              48.320717768982014
            ],
            [
              2.068472870040566,
              48.31833346063478
            ],
            [
              2.0641158250827036,
              48.31594915228755
            ],
            [
              2.059758780124841,
              48.31356484394031
            ],
            [
              2.0554017351669773,
              48.31118053559308
            ],
            [
              2.0510446902091144,
              48.30879622724585
            ],
            [
              2.046687645251251,
              48.30641191889861
            ],
            [
              2.046687645251251,
              48.30641191889861
            ],
            [
              2.0446873974390116,
              48.30352826279744
            ],
            [
              2.042687149626773,
              48.300644606696274
            ],
            [
              2.0406869018145346,
              48.297760950595105
            ],
            [
              2.038686654002295,
              48.29487729449394
            ],
            [
              2.0366864061900567,
              48.29199363839277
            ],
            [
              2.034686158377817,
              48.2891099822916
            ],
            [
              2.032685910565578,
              48.28622632619044
            ],
            [
              2.030685662753338,
              48.28334267008927
            ],
            [
              2.0286854149410996,
              48.28045901398809
            ],
            [
              2.02668516712886,
              48.277575357886924
            ],
            [
              2.02668516712886,
              48.277575357886924
            ],
            [
              2.021595891561881,
              48.272056678140615
            ],
            [
              2.016506615994901,
              48.26653799839431
            ],
            [
              2.0114173404279216,
              48.261019318647996
            ],
            [
              2.006328064860941,
              48.255500638901694
            ],
            [
              2.001238789293961,
              48.24998195915538
            ],
            [
              1.9961495137269822,
              48.244463279409075
            ],
            [
              1.991060238160002,
              48.23894459966276
            ],
            [
              1.9859709625930217,
              48.23342591991645
            ],
            [
              1.980881687026042,
              48.22790724017014
            ],
            [
              1.975792411459063,
              48.22238856042383
            ],
            [
              1.975792411459063,
              48.22238856042383
            ],
            [
              1.9795949447156262,
              48.21925532074022
            ],
            [
              1.9833974779721895,
              48.21612208105661
            ],
            [
              1.9872000112287531,
              48.21298884137299
            ],
            [
              1.9910025444853168,
              48.20985560168938
            ],
            [
              1.994805077741879,
              48.20672236200576
            ],
            [
              1.9986076109984432,
              48.20358912232215
            ],
            [
              2.002410144255006,
              48.200455882638536
            ],
            [
              2.0062126775115696,
              48.19732264295492
            ],
            [
              2.0100152107681333,
              48.19418940327131
            ],
            [
              2.0138177440246965,
              48.191056163587696
            ],
            [
              2.0138177440246965,
              48.191056163587696
            ],
            [
              2.0223382356183497,
              48.189177137983656
            ],
            [
              2.0308587272120042,
              48.18729811237961
            ],
            [
              2.0393792188056583,
              48.18541908677556
            ],
            [
              2.047899710399311,
              48.18354006117152
            ],
            [
              2.056420201992965,
              48.18166103556747
            ],
            [
              2.064940693586619,
              48.17978200996343
            ],
            [
              2.0734611851802716,
              48.17790298435938
            ],
            [
              2.081981676773927,
              48.176023958755344
            ],
            [
              2.0905021683675797,
              48.1741449331513
            ],
            [
              2.0990226599612334,
              48.172265907547256
            ],
            [
              2.0990226599612334,
              48.172265907547256
            ],
            [
              2.102289113830422,
              48.17314480880548
            ],
            [
              2.1055555676996107,
              48.1740237100637
            ],
            [
              2.108822021568799,
              48.17490261132193
            ],
            [
              2.112088475437988,
              48.175781512580166
            ],
            [
              2.1153549293071774,
              48.17666041383839
            ],
            [
              2.1186213831763663,
              48.17753931509662
            ],
            [
              2.121887837045554,
              48.17841821635484
            ],
            [
              2.1251542909147423,
              48.17929711761307
            ],
            [
              2.128420744783932,
              48.1801760188713
            ],
            [
              2.1316871986531205,
              48.18105492012953
            ],
            [
              2.1316871986531205,
              48.18105492012953
            ],
            [
              2.1393078634759406,
              48.18369000818857
            ],
            [
              2.1469285282987607,
              48.18632509624761
            ],
            [
              2.1545491931215794,
              48.188960184306644
            ],
            [
              2.1621698579444,
              48.19159527236569
            ],
            [
              2.169790522767219,
              48.19423036042473
            ],
            [
              2.177411187590038,
              48.196865448483756
            ],
            [
              2.1850318524128576,
              48.1995005365428
            ],
            [
              2.1926525172356772,
              48.20213562460184
            ],
            [
              2.200273182058497,
              48.20477071266088
            ],
            [
              2.207893846881317,
              48.20740580071992
            ],
            [
              2.207893846881317,
              48.20740580071992
            ],
            [
              2.2129697960562233,
              48.206027984449804
            ],
            [
              2.2180457452311297,
              48.20465016817969
            ],
            [
              2.223121694406036,
              48.20327235190957
            ],
            [
              2.2281976435809416,
              48.20189453563945
            ],
            [
              2.233273592755848,
              48.20051671936933
            ],
            [
              2.238349541930756,
              48.199138903099225
            ],
            [
              2.2434254911056626,
              48.197761086829104
            ],
            [
              2.248501440280569,
              48.19638327055899
            ],
            [
              2.2535773894554767,
              48.195005454288875
            ],
            [
              2.2586533386303813,
              48.193627638018754
            ],
            [
              2.2586533386303813,
              48.193627638018754
            ],
            [
              2.263541214559084,
              48.18923949951024
            ],
            [
              2.2684290904877846,
              48.18485136100175
            ],
            [
              2.273316966416487,
              48.18046322249323
            ],
            [
              2.278204842345188,
              48.17607508398473
            ],
            [
              2.2830927182738905,
              48.17168694547622
            ],
            [
              2.2879805942025935,
              48.167298806967715
            ],
            [
              2.292868470131292,
              48.162910668459205
            ],
            [
              2.297756346059997,
              48.158522529950694
            ],
            [
              2.3026442219886976,
              48.1541343914422
            ],
            [
              2.3075320979174,
              48.14974625293369
            ],
            [
              2.3075320979174,
              48.14974625293369
            ],
            [
              2.311882085165257,
              48.148494301890196
            ],
            [
              2.316232072413119,
              48.147242350846696
            ],
            [
              2.320582059660975,
              48.1459903998032
            ],
            [
              2.324932046908834,
              48.14473844875971
            ],
            [
              2.3292820341566904,
              48.14348649771622
            ],
            [
              2.333632021404553,
              48.142234546672725
            ],
            [
              2.3379820086524092,
              48.140982595629225
            ],
            [
              2.342331995900268,
              48.13973064458574
            ],
            [
              2.346681983148128,
              48.13847869354224
            ],
            [
              2.3510319703959865,
              48.137226742498754
            ],
            [
              2.3510319703959865,
              48.137226742498754
            ],
            [
              2.352840334563301,
              48.134342970370184
            ],
            [
              2.354648698730618,
              48.131459198241615
            ],
            [
              2.3564570628979347,
              48.128575426113045
            ],
            [
              2.3582654270652514,
              48.125691653984475
            ],
            [
              2.360073791232567,
              48.12280788185592
            ],
            [
              2.361882155399885,
              48.11992410972735
            ],
            [
              2.363690519567202,
              48.11704033759879
            ],
            [
              2.3654988837345168,
              48.11415656547021
            ],
            [
              2.367307247901834,
              48.11127279334165
            ],
            [
              2.369115612069151,
              48.108389021213085
            ],
            [
              2.369115612069151,
              48.108389021213085
            ],
            [
              2.367116564533463,
              48.10613135320816
            ],
            [
              2.3651175169977727,
              48.10387368520325
            ],
            [
              2.363118469462087,
              48.10161601719833
            ],
            [
              2.361119421926399,
              48.09935834919341
            ],
            [
              2.3591203743907108,
              48.0971006811885
            ],
            [
              2.357121326855023,
              48.09484301318358
            ],
            [
              2.355122279319335,
              48.09258534517866
            ],
            [
              2.353123231783649,
              48.09032767717375
            ],
            [
              2.351124184247961,
              48.08807000916882
            ],
            [
              2.349125136712271,
              48.08581234116391
            ],
            [
              2.349125136712271,
              48.08581234116391
            ],
            [
              2.3451347360006016,
              48.08606237705191
            ],
            [
              2.3411443352889294,
              48.0863124129399
            ],
            [
              2.33715393457726,
              48.0865624488279
            ],
            [
              2.3331635338655863,
              48.08681248471589
            ],
            [
              2.3291731331539145,
              48.087062520603894
            ],
            [
              2.3251827324422463,
              48.08731255649189
            ],
            [
              2.321192331730575,
              48.08756259237989
            ],
            [
              2.3172019310189027,
              48.08781262826788
            ],
            [
              2.3132115303072314,
              48.08806266415588
            ],
            [
              2.3092211295955614,
              48.08831270004387
            ],
            [
              2.3092211295955614,
              48.08831270004387
            ],
            [
              2.304854851802119,
              48.08116515245732
            ],
            [
              2.300488574008677,
              48.07401760487074
            ],
            [
              2.2961222962152346,
              48.066870057284184
            ],
            [
              2.2917560184217938,
              48.059722509697615
            ],
            [
              2.2873897406283508,
              48.05257496211106
            ],
            [
              2.2830234628349095,
              48.0454274145245
            ],
            [
              2.2786571850414683,
              48.03827986693793
            ],
            [
              2.274290907248027,
              48.03113231935137
            ],
            [
              2.2699246294545845,
              48.0239847717648
            ],
            [
              2.2655583516611437,
              48.016837224178246
            ],
            [
              2.2655583516611437,
              48.016837224178246
            ],
            [
              2.2660970197079915,
              48.01332608633018
            ],
            [
              2.2666356877548433,
              48.009814948482116
            ],
            [
              2.267174355801692,
              48.00630381063406
            ],
            [
              2.26771302384854,
              48.00279267278599
            ],
            [
              2.2682516918953923,
              47.99928153493793
            ],
            [
              2.26879035994224,
              47.99577039708986
            ],
            [
              2.26932902798909,
              47.992259259241806
            ],
            [
              2.2698676960359405,
              47.98874812139374
            ],
            [
              2.2704063640827887,
              47.98523698354567
            ],
            [
              2.2709450321296383,
              47.98172584569762
            ],
            [
              2.2709450321296383,
              47.98172584569762
            ],
            [
              2.274385712573624,
              47.97921956455702
            ],
            [
              2.2778263930176075,
              47.97671328341643
            ],
            [
              2.2812670734615907,
              47.97420700227584
            ],
            [
              2.284707753905574,
              47.97170072113525
            ],
            [
              2.28814843434956,
              47.969194439994666
            ],
            [
              2.291589114793543,
              47.966688158854076
            ],
            [
              2.2950297952375283,
              47.964181877713486
            ],
            [
              2.2984704756815115,
              47.961675596572896
            ],
            [
              2.301911156125497,
              47.959169315432305
            ],
            [
              2.3053518365694803,
              47.956663034291715
            ],
            [
              2.3053518365694803,
              47.956663034291715
            ],
            [
              2.3075207521845065,
              47.95327728864432
            ],
            [
              2.309689667799528,
              47.949891542996916
            ],
            [
              2.3118585834145553,
              47.946505797349516
            ],
            [
              2.3140274990295793,
              47.94312005170211
            ],
            [
              2.316196414644605,
              47.93973430605471
            ],
            [
              2.318365330259628,
              47.93634856040731
            ],
            [
              2.320534245874652,
              47.93296281475991
            ],
            [
              2.322703161489678,
              47.92957706911251
            ],
            [
              2.3248720771047036,
              47.92619132346511
            ],
            [
              2.3270409927197266,
              47.922805577817705
            ],
            [
              2.3270409927197266,
              47.922805577817705
            ],
            [
              2.327935375358831,
              47.916286386483776
            ],
            [
              2.328829757997934,
              47.90976719514983
            ],
            [
              2.3297241406370377,
              47.903248003815904
            ],
            [
              2.3306185232761405,
              47.89672881248197
            ],
            [
              2.3315129059152455,
              47.890209621148024
            ],
            [
              2.33240728855435,
              47.883690429814095
            ],
            [
              2.3333016711934538,
              47.87717123848016
            ],
            [
              2.3341960538325566,
              47.87065204714622
            ],
            [
              2.335090436471661,
              47.864132855812294
            ],
            [
              2.335984819110763,
              47.85761366447836
            ],
            [
              2.335984819110763,
              47.85761366447836
            ],
            [
              2.338518452969236,
              47.855106095919375
            ],
            [
              2.341052086827711,
              47.85259852736039
            ],
            [
              2.343585720686186,
              47.85009095880142
            ],
            [
              2.3461193545446584,
              47.84758339024243
            ],
            [
              2.3486529884031335,
              47.84507582168345
            ],
            [
              2.3511866222616065,
              47.84256825312447
            ],
            [
              2.353720256120081,
              47.84006068456549
            ],
            [
              2.3562538899785563,
              47.83755311600651
            ],
            [
              2.3587875238370297,
              47.83504554744753
            ],
            [
              2.3613211576955044,
              47.83253797888855
            ],
            [
              2.3613211576955044,
              47.83253797888855
            ],
            [
              2.370747414442913,
              47.830033191534504
            ],
            [
              2.3801736711903216,
              47.82752840418047
            ],
            [
              2.389599927937732,
              47.82502361682642
            ],
            [
              2.3990261846851406,
              47.82251882947238
            ],
            [
              2.4084524414325528,
              47.82001404211833
            ],
            [
              2.4178786981799636,
              47.81750925476428
            ],
            [
              2.4273049549273717,
              47.81500446741024
            ],
            [
              2.436731211674782,
              47.81249968005619
            ],
            [
              2.4461574684221907,
              47.80999489270215
            ],
            [
              2.4555837251695993,
              47.8074901053481
            ],
            [
              2.4555837251695993,
              47.8074901053481
            ],
            [
              2.4621058533522144,
              47.80448252972744
            ],
            [
              2.4686279815348295,
              47.801474954106766
            ],
            [
              2.4751501097174446,
              47.798467378486095
            ],
            [
              2.481672237900059,
              47.79545980286542
            ],
            [
              2.488194366082672,
              47.792452227244745
            ],
            [
              2.494716494265287,
              47.78944465162407
            ],
            [
              2.5012386224479015,
              47.7864370760034
            ],
            [
              2.5077607506305166,
              47.78342950038274
            ],
            [
              2.514282878813131,
              47.78042192476207
            ],
            [
              2.520805006995744,
              47.777414349141395
            ],
            [
              2.520805006995744,
              47.777414349141395
            ],
            [
              2.530593318229954,
              47.77440758864362
            ],
            [
              2.5403816294641604,
              47.77140082814584
            ],
            [
              2.5501699406983707,
              47.768394067648074
            ],
            [
              2.559958251932579,
              47.7653873071503
            ],
            [
              2.569746563166787,
              47.76238054665252
            ],
            [
              2.579534874400997,
              47.759373786154754
            ],
            [
              2.589323185635204,
              47.75636702565698
            ],
            [
              2.5991114968694133,
              47.7533602651592
            ],
            [
              2.608899808103622,
              47.750353504661426
            ],
            [
              2.6186881193378304,
              47.74734674416365
            ],
            [
              2.6186881193378304,
              47.74734674416365
            ],
            [
              2.6203134153997145,
              47.74408690924904
            ],
            [
              2.6219387114616013,
              47.74082707433442
            ],
            [
              2.6235640075234876,
              47.737567239419796
            ],
            [
              2.6251893035853717,
              47.734307404505174
            ],
            [
              2.6268145996472563,
              47.73104756959056
            ],
            [
              2.628439895709143,
              47.727787734675935
            ],
            [
              2.630065191771027,
              47.72452789976131
            ],
            [
              2.631690487832914,
              47.7212680648467
            ],
            [
              2.6333157838948,
              47.71800822993208
            ],
            [
              2.6349410799566844,
              47.71474839501746
            ],
            [
              2.6349410799566844,
              47.71474839501746
            ],
            [
              2.632943001428281,
              47.712992790753994
            ],
            [
              2.6309449228998782,
              47.71123718649054
            ],
            [
              2.6289468443714745,
              47.709481582227085
            ],
            [
              2.6269487658430735,
              47.70772597796362
            ],
            [
              2.6249506873146697,
              47.705970373700154
            ],
            [
              2.62295260878627,
              47.704214769436696
            ],
            [
              2.6209545302578667,
              47.70245916517324
            ],
            [
              2.6189564517294652,
              47.70070356090978
            ],
            [
              2.616958373201062,
              47.698947956646315
            ],
            [
              2.614960294672659,
              47.69719235238286
            ],
            [
              2.614960294672659,
              47.69719235238286
            ],
            [
              2.6256581814593427,
              47.69631693612643
            ],
            [
              2.6363560682460268,
              47.695441519869995
            ],
            [
              2.647053955032709,
              47.69456610361357
            ],
            [
              2.6577518418193926,
              47.69369068735714
            ],
            [
              2.6684497286060753,
              47.69281527110071
            ],
            [
              2.679147615392757,
              47.69193985484428
            ],
            [
              2.6898455021794425,
              47.69106443858785
            ],
            [
              2.7005433889661252,
              47.690189022331424
            ],
            [
              2.711241275752807,
              47.68931360607499
            ],
            [
              2.721939162539489,
              47.68843818981856
            ],
            [
              2.721939162539489,
              47.68843818981856
            ],
            [
              2.7330045083857097,
              47.689820039850055
            ],
            [
              2.7440698542319306,
              47.69120188988154
            ],
            [
              2.755135200078153,
              47.692583739913026
            ],
            [
              2.7662005459243724,
              47.69396558994451
            ],
            [
              2.777265891770591,
              47.695347439976004
            ],
            [
              2.7883312376168123,
              47.69672929000749
            ],
            [
              2.799396583463031,
              47.698111140038975
            ],
            [
              2.8104619293092554,
              47.69949299007046
            ],
            [
              2.821527275155474,
              47.700874840101946
            ],
            [
              2.832592621001695,
              47.70225669013344
            ],
            [
              2.832592621001695,
              47.70225669013344
            ],
            [
              2.846919500637453,
              47.702009228392896
            ],
            [
              2.8612463802732093,
              47.701761766652346
            ],
            [
              2.875573259908967,
              47.70151430491181
            ],
            [
              2.889900139544723,
              47.70126684317126
            ],
            [
              2.904227019180481,
              47.70101938143071
            ],
            [
              2.918553898816239,
              47.700771919690176
            ],
            [
              2.9328807784519966,
              47.700524457949626
            ],
            [
              2.947207658087751,
              47.70027699620908
            ],
            [
              2.961534537723511,
              47.700029534468534
            ],
            [
              2.975861417359267,
              47.69978207272799
            ],
            [
              2.975861417359267,
              47.69978207272799
            ],
            [
              2.986922165530031,
              47.69878176714921
            ],
            [
              2.997982913700796,
              47.69778146157043
            ],
            [
              3.00904366187156,
              47.696781155991644
            ],
            [
              3.020104410042324,
              47.69578085041286
            ],
            [
              3.031165158213087,
              47.694780544834074
            ],
            [
              3.042225906383853,
              47.69378023925529
            ],
            [
              3.0532866545546153,
              47.69277993367651
            ],
            [
              3.0643474027253785,
              47.691779628097734
            ],
            [
              3.0754081508961444,
              47.69077932251895
            ],
            [
              3.0864688990669067,
              47.689779016940165
            ],
            [
              3.0864688990669067,
              47.689779016940165
            ],
            [
              3.0973521458149817,
              47.69128686792706
            ],
            [
              3.1082353925630586,
              47.69279471891395
            ],
            [
              3.1191186393111328,
              47.69430256990084
            ],
            [
              3.130001886059207,
              47.69581042088773
            ],
            [
              3.140885132807281,
              47.697318271874614
            ],
            [
              3.151768379555356,
              47.69882612286152
            ],
            [
              3.162651626303431,
              47.7003339738484
            ],
            [
              3.1735348730515045,
              47.7018418248353
            ],
            [
              3.1844181197995813,
              47.70334967582219
            ],
            [
              3.1953013665476546,
              47.70485752680908
            ],
            [
              3.1953013665476546,
              47.70485752680908
            ],
            [
              3.2025549442327397,
              47.704608305293775
            ],
            [
              3.209808521917823,
              47.70435908377846
            ],
            [
              3.2170620996029062,
              47.704109862263145
            ],
            [
              3.2243156772879904,
              47.70386064074785
            ],
            [
              3.2315692549730755,
              47.70361141923253
            ],
            [
              3.2388228326581587,
              47.70336219771722
            ],
            [
              3.246076410343243,
              47.70311297620191
            ],
            [
              3.2533299880283244,
              47.702863754686604
            ],
            [
              3.2605835657134112,
              47.70261453317129
            ],
            [
              3.2678371433984936,
              47.70236531165598
            ],
            [
              3.2678371433984936,
              47.70236531165598
            ],
            [
              3.2732878109960493,
              47.70700599552512
            ],
            [
              3.2787384785936076,
              47.711646679394256
            ],
            [
              3.284189146191164,
              47.7162873632634
            ],
            [
              3.289639813788717,
              47.72092804713254
            ],
            [
              3.2950904813862745,
              47.72556873100167
            ],
            [
              3.300541148983831,
              47.73020941487081
            ],
            [
              3.3059918165813857,
              47.73485009873994
            ],
            [
              3.311442484178943,
              47.739490782609074
            ],
            [
              3.3168931517764997,
              47.744131466478215
            ],
            [
              3.3223438193740535,
              47.74877215034736
            ],
            [
              3.3223438193740535,
              47.74877215034736
            ],
            [
              3.33413790349637,
              47.75228636601088
            ],
            [
              3.3459319876186853,
              47.75580058167439
            ],
            [
              3.3577260717410007,
              47.759314797337915
            ],
            [
              3.3695201558633188,
              47.76282901300142
            ],
            [
              3.3813142399856315,
              47.766343228664944
            ],
            [
              3.393108324107948,
              47.76985744432846
            ],
            [
              3.404902408230265,
              47.77337165999198
            ],
            [
              3.4166964923525796,
              47.7768858756555
            ],
            [
              3.4284905764748967,
              47.78040009131902
            ],
            [
              3.4402846605972113,
              47.78391430698254
            ],
            [
              3.4402846605972113,
              47.78391430698254
            ],
            [
              3.444283125521395,
              47.78780152771486
            ],
            [
              3.448281590445578,
              47.79168874844717
            ],
            [
              3.452280055369759,
              47.795575969179495
            ],
            [
              3.4562785202939437,
              47.79946318991182
            ],
            [
              3.4602769852181265,
              47.80335041064414
            ],
            [
              3.4642754501423076,
              47.80723763137645
            ],
            [
              3.4682739150664923,
              47.81112485210878
            ],
            [
              3.472272379990675,
              47.8150120728411
            ],
            [
              3.4762708449148563,
              47.81889929357342
            ],
            [
              3.480269309839041,
              47.82278651430573
            ],
            [
              3.480269309839041,
              47.82278651430573
            ],
            [
              3.4831827463682576,
              47.82893170535809
            ],
            [
              3.4860961828974752,
              47.83507689641045
            ],
            [
              3.489009619426693,
              47.8412220874628
            ],
            [
              3.4919230559559105,
              47.847367278515144
            ],
            [
              3.494836492485129,
              47.853512469567505
            ],
            [
              3.4977499290143466,
              47.85965766061986
            ],
            [
              3.500663365543564,
              47.86580285167222
            ],
            [
              3.503576802072779,
              47.87194804272456
            ],
            [
              3.5064902386019967,
              47.878093233776916
            ],
            [
              3.509403675131216,
              47.88423842482928
            ],
            [
              3.509403675131216,
              47.88423842482928
            ],
            [
              3.529713176568261,
              47.88324042194038
            ],
            [
              3.5500226780053077,
              47.882242419051494
            ],
            [
              3.5703321794423535,
              47.8812444161626
            ],
            [
              3.590641680879401,
              47.8802464132737
            ],
            [
              3.610951182316445,
              47.87924841038481
            ],
            [
              3.6312606837534926,
              47.87825040749592
            ],
            [
              3.6515701851905384,
              47.87725240460703
            ],
            [
              3.671879686627585,
              47.876254401718136
            ],
            [
              3.69218918806463,
              47.87525639882924
            ],
            [
              3.712498689501675,
              47.874258395940345
            ],
            [
              3.712498689501675,
              47.874258395940345
            ],
            [
              3.7170377424279786,
              47.877268737506995
            ],
            [
              3.721576795354283,
              47.88027907907363
            ],
            [
              3.7261158482805876,
              47.883289420640274
            ],
            [
              3.730654901206892,
              47.886299762206924
            ],
            [
              3.735193954133195,
              47.88931010377355
            ],
            [
              3.7397330070594967,
              47.8923204453402
            ],
            [
              3.7442720599858004,
              47.89533078690685
            ],
            [
              3.748811112912105,
              47.89834112847349
            ],
            [
              3.7533501658384076,
              47.901351470040126
            ],
            [
              3.757889218764712,
              47.904361811606776
            ],
            [
              3.757889218764712,
              47.904361811606776
            ],
            [
              3.7707776117045833,
              47.910508420062214
            ],
            [
              3.783666004644456,
              47.91665502851765
            ],
            [
              3.7965543975843254,
              47.922801636973105
            ],
            [
              3.809442790524199,
              47.92894824542855
            ],
            [
              3.8223311834640703,
              47.93509485388398
            ],
            [
              3.8352195764039414,
              47.941241462339434
            ],
            [
              3.8481079693438134,
              47.94738807079488
            ],
            [
              3.8609963622836827,
              47.953534679250325
            ],
            [
              3.8738847552235574,
              47.95968128770576
            ],
            [
              3.8867731481634267,
              47.96582789616121
            ],
            [
              3.8867731481634267,
              47.96582789616121
            ],
            [
              3.8904086230786032,
              47.97059310690256
            ],
            [
              3.894044097993777,
              47.975358317643924
            ],
            [
              3.897679572908951,
              47.98012352838527
            ],
            [
              3.901315047824125,
              47.984888739126625
            ],
            [
              3.904950522739299,
              47.98965394986798
            ],
            [
              3.9085859976544772,
              47.99441916060934
            ],
            [
              3.912221472569651,
              47.99918437135069
            ],
            [
              3.915856947484827,
              48.00394958209204
            ],
            [
              3.9194924224000016,
              48.008714792833395
            ],
            [
              3.9231278973151773,
              48.01348000357475
            ],
            [
              3.9231278973151773,
              48.01348000357475
            ],
            [
              3.92639289972132,
              48.01360687027319
            ],
            [
              3.929657902127462,
              48.01373373697163
            ],
            [
              3.9329229045336054,
              48.01386060367007
            ],
            [
              3.9361879069397454,
              48.013987470368505
            ],
            [
              3.93945290934589,
              48.01411433706695
            ],
            [
              3.9427179117520335,
              48.01424120376538
            ],
            [
              3.9459829141581735,
              48.014368070463824
            ],
            [
              3.949247916564318,
              48.01449493716226
            ],
            [
              3.9525129189704615,
              48.014621803860706
            ],
            [
              3.9557779213766033,
              48.01474867055914
            ]
          ],
          [
            [
              2.7940914438763516,
              48.57233310114084,
              0
            ],
            [
              2.8026619628967895,
              48.553401441954044,
              0
            ],
            [
              2.8434901948571762,
              48.537952436978294,
              0
            ],
            [
              2.8710477272305632,
              48.517569041900416,
              0
            ],
            [
              2.869174655032683,
              48.49401709827768,
              0
            ],
            [
              2.8948275021753114,
              48.49224829716029,
              0
            ],
            [
              2.9154843610866705,
              48.50574244960374,
              0
            ],
            [
              2.926600858290377,
              48.53539197171752,
              0
            ],
            [
              2.8975055776746355,
              48.52949007332703,
              0
            ],
            [
              2.8692672360576155,
              48.55055775606672,
              0
            ],
            [
              2.8564537964103276,
              48.57812169394976,
              0
            ],
            [
              2.8420698664513773,
              48.58608524821155,
              0
            ],
            [
              2.8061518159188625,
              48.579164451674494,
              0
            ],
            [
              2.7940914438763516,
              48.57233310114084,
              0
            ]
          ],
          [
            [
              2.9620923729165467,
              48.60514169843773,
              0
            ],
            [
              2.964031294395148,
              48.58867115394156,
              0
            ],
            [
              2.99285139598816,
              48.56494983084784,
              0
            ],
            [
              3.0048197946216018,
              48.57487746873076,
              0
            ],
            [
              3.0020777821767504,
              48.60005191412404,
              0
            ],
            [
              2.9866252042742087,
              48.59496048980021,
              0
            ],
            [
              2.9620923729165467,
              48.60514169843773,
              0
            ]
          ]
        ]
      }
    },
    {
      "type": "Feature",
      "properties": {
        "diocese": "Aurelianen",
        "province": "Senonen",
        "start": 1592,
        "end": 1622
      },
      "geometry": {
        "type": "Polygon",
        "coordinates": [
          [
            [
              1.975792411459063,
              48.22238856042383
            ],
            [
              1.9703046421122887,
              48.22254315456073
            ],
            [
              1.964816872765514,
              48.22269774869763
            ],
            [
              1.9593291034187401,
              48.222852342834514
            ],
            [
              1.9538413340719658,
              48.22300693697141
            ],
            [
              1.948353564725192,
              48.2231615311083
            ],
            [
              1.9428657953784163,
              48.223316125245205
            ],
            [
              1.937378026031642,
              48.22347071938211
            ],
            [
              1.931890256684869,
              48.223625313518994
            ],
            [
              1.9264024873380952,
              48.22377990765589
            ],
            [
              1.920914717991319,
              48.22393450179278
            ],
            [
              1.920914717991319,
              48.22393450179278
            ],
            [
              1.919627012278966,
              48.22118562396475
            ],
            [
              1.9183393065666121,
              48.21843674613671
            ],
            [
              1.9170516008542582,
              48.21568786830866
            ],
            [
              1.9157638951419056,
              48.21293899048062
            ],
            [
              1.9144761894295508,
              48.21019011265259
            ],
            [
              1.9131884837171969,
              48.20744123482455
            ],
            [
              1.9119007780048438,
              48.20469235699651
            ],
            [
              1.9106130722924903,
              48.20194347916847
            ],
            [
              1.9093253665801364,
              48.19919460134044
            ],
            [
              1.9080376608677825,
              48.1964457235124
            ],
            [
              1.9080376608677825,
              48.1964457235124
            ],
            [
              1.903036282471735,
              48.196444475346574
            ],
            [
              1.8980349040756868,
              48.19644322718075
            ],
            [
              1.893033525679638,
              48.196441979014935
            ],
            [
              1.888032147283591,
              48.19644073084911
            ],
            [
              1.8830307688875432,
              48.19643948268329
            ],
            [
              1.8780293904914953,
              48.19643823451747
            ],
            [
              1.8730280120954461,
              48.19643698635166
            ],
            [
              1.8680266336993987,
              48.19643573818583
            ],
            [
              1.8630252553033517,
              48.19643449002002
            ],
            [
              1.8580238769073034,
              48.196433241854194
            ],
            [
              1.8580238769073034,
              48.196433241854194
            ],
            [
              1.8530278033606193,
              48.19918055147485
            ],
            [
              1.848031729813937,
              48.20192786109552
            ],
            [
              1.8430356562672547,
              48.20467517071618
            ],
            [
              1.8380395827205698,
              48.207422480336845
            ],
            [
              1.8330435091738866,
              48.21016978995751
            ],
            [
              1.8280474356272043,
              48.21291709957817
            ],
            [
              1.823051362080521,
              48.21566440919883
            ],
            [
              1.818055288533837,
              48.218411718819496
            ],
            [
              1.8130592149871538,
              48.221159028440155
            ],
            [
              1.8080631414404706,
              48.22390633806082
            ],
            [
              1.8080631414404706,
              48.22390633806082
            ],
            [
              1.8042130218288084,
              48.22239810378004
            ],
            [
              1.8003629022171448,
              48.22088986949927
            ],
            [
              1.796512782605483,
              48.21938163521849
            ],
            [
              1.7926626629938198,
              48.217873400937705
            ],
            [
              1.7888125433821584,
              48.21636516665693
            ],
            [
              1.7849624237704957,
              48.21485693237615
            ],
            [
              1.7811123041588326,
              48.213348698095366
            ],
            [
              1.7772621845471712,
              48.21184046381458
            ],
            [
              1.7734120649355076,
              48.210332229533805
            ],
            [
              1.769561945323845,
              48.20882399525303
            ],
            [
              1.769561945323845,
              48.20882399525303
            ],
            [
              1.7642866384120035,
              48.19977903815566
            ],
            [
              1.759011331500163,
              48.19073408105828
            ],
            [
              1.7537360245883225,
              48.181689123960915
            ],
            [
              1.748460717676481,
              48.172644166863535
            ],
            [
              1.7431854107646405,
              48.16359920976617
            ],
            [
              1.737910103852799,
              48.154554252668795
            ],
            [
              1.7326347969409586,
              48.14550929557143
            ],
            [
              1.7273594900291172,
              48.136464338474056
            ],
            [
              1.7220841831172753,
              48.127419381376676
            ],
            [
              1.7168088762054352,
              48.11837442427931
            ],
            [
              1.7168088762054352,
              48.11837442427931
            ],
            [
              1.716799977744691,
              48.11376393830963
            ],
            [
              1.7167910792839467,
              48.10915345233996
            ],
            [
              1.7167821808232016,
              48.10454296637028
            ],
            [
              1.7167732823624573,
              48.09993248040061
            ],
            [
              1.716764383901713,
              48.09532199443093
            ],
            [
              1.716755485440968,
              48.09071150846127
            ],
            [
              1.7167465869802236,
              48.0861010224916
            ],
            [
              1.7167376885194794,
              48.08149053652192
            ],
            [
              1.7167287900587342,
              48.07688005055225
            ],
            [
              1.71671989159799,
              48.07226956458257
            ],
            [
              1.71671989159799,
              48.07226956458257
            ],
            [
              1.7146649652445065,
              48.07067312032284
            ],
            [
              1.712610038891023,
              48.069076676063105
            ],
            [
              1.71055511253754,
              48.06748023180337
            ],
            [
              1.7085001861840574,
              48.06588378754364
            ],
            [
              1.7064452598305744,
              48.064287343283915
            ],
            [
              1.704390333477091,
              48.062690899024176
            ],
            [
              1.7023354071236083,
              48.061094454764444
            ],
            [
              1.700280480770124,
              48.05949801050471
            ],
            [
              1.6982255544166418,
              48.05790156624498
            ],
            [
              1.6961706280631583,
              48.05630512198525
            ],
            [
              1.6961706280631583,
              48.05630512198525
            ],
            [
              1.6987296194759414,
              48.05329121376206
            ],
            [
              1.7012886108887249,
              48.05027730553888
            ],
            [
              1.7038476023015083,
              48.04726339731569
            ],
            [
              1.7064065937142905,
              48.0442494890925
            ],
            [
              1.708965585127074,
              48.04123558086931
            ],
            [
              1.711524576539857,
              48.03822167264613
            ],
            [
              1.7140835679526396,
              48.03520776442294
            ],
            [
              1.716642559365423,
              48.032193856199754
            ],
            [
              1.719201550778207,
              48.02917994797657
            ],
            [
              1.7217605421909896,
              48.026166039753384
            ],
            [
              1.7217605421909896,
              48.026166039753384
            ],
            [
              1.7207305081860702,
              48.02403786501358
            ],
            [
              1.7197004741811521,
              48.021909690273766
            ],
            [
              1.7186704401762332,
              48.019781515533964
            ],
            [
              1.7176404061713133,
              48.01765334079416
            ],
            [
              1.7166103721663943,
              48.01552516605435
            ],
            [
              1.7155803381614754,
              48.01339699131455
            ],
            [
              1.7145503041565564,
              48.01126881657475
            ],
            [
              1.7135202701516383,
              48.00914064183494
            ],
            [
              1.712490236146719,
              48.00701246709513
            ],
            [
              1.7114602021418,
              48.00488429235533
            ],
            [
              1.7114602021418,
              48.00488429235533
            ],
            [
              1.7076123071426852,
              48.004528678199634
            ],
            [
              1.703764412143569,
              48.00417306404394
            ],
            [
              1.699916517144454,
              48.00381744988824
            ],
            [
              1.6960686221453378,
              48.003461835732544
            ],
            [
              1.6922207271462226,
              48.00310622157685
            ],
            [
              1.6883728321471074,
              48.002750607421156
            ],
            [
              1.6845249371479922,
              48.002394993265455
            ],
            [
              1.680677042148877,
              48.00203937910976
            ],
            [
              1.676829147149761,
              48.001683764954066
            ],
            [
              1.6729812521506457,
              48.001328150798365
            ],
            [
              1.6729812521506457,
              48.001328150798365
            ],
            [
              1.6704109686087114,
              47.99849136141061
            ],
            [
              1.6678406850667766,
              47.995654572022865
            ],
            [
              1.6652704015248427,
              47.99281778263511
            ],
            [
              1.6627001179829084,
              47.98998099324736
            ],
            [
              1.6601298344409745,
              47.9871442038596
            ],
            [
              1.6575595508990402,
              47.98430741447186
            ],
            [
              1.6549892673571063,
              47.98147062508411
            ],
            [
              1.652418983815172,
              47.97863383569635
            ],
            [
              1.6498487002732372,
              47.97579704630861
            ],
            [
              1.6472784167313033,
              47.97296025692084
            ],
            [
              1.6472784167313033,
              47.97296025692084
            ],
            [
              1.6431743822271523,
              47.97278190577098
            ],
            [
              1.6390703477230004,
              47.9726035546211
            ],
            [
              1.634966313218849,
              47.972425203471225
            ],
            [
              1.6308622787146976,
              47.97224685232135
            ],
            [
              1.6267582442105457,
              47.97206850117147
            ],
            [
              1.6226542097063947,
              47.9718901500216
            ],
            [
              1.6185501752022433,
              47.971711798871716
            ],
            [
              1.614446140698091,
              47.971533447721846
            ],
            [
              1.61034210619394,
              47.97135509657197
            ],
            [
              1.606238071689789,
              47.97117674542209
            ],
            [
              1.606238071689789,
              47.97117674542209
            ],
            [
              1.6021285612114196,
              47.96816117297847
            ],
            [
              1.5980190507330483,
              47.96514560053485
            ],
            [
              1.5939095402546783,
              47.962130028091224
            ],
            [
              1.5898000297763075,
              47.9591144556476
            ],
            [
              1.585690519297938,
              47.956098883203985
            ],
            [
              1.5815810088195676,
              47.953083310760356
            ],
            [
              1.5774714983411973,
              47.95006773831674
            ],
            [
              1.5733619878628278,
              47.94705216587312
            ],
            [
              1.5692524773844565,
              47.94403659342949
            ],
            [
              1.5651429669060866,
              47.94102102098587
            ],
            [
              1.5651429669060866,
              47.94102102098587
            ],
            [
              1.5597356543911967,
              47.93002544566304
            ],
            [
              1.5543283418763054,
              47.9190298703402
            ],
            [
              1.5489210293614133,
              47.90803429501736
            ],
            [
              1.543513716846523,
              47.89703871969453
            ],
            [
              1.5381064043316326,
              47.88604314437169
            ],
            [
              1.5326990918167414,
              47.875047569048846
            ],
            [
              1.5272917793018492,
              47.864051993726015
            ],
            [
              1.5218844667869584,
              47.853056418403185
            ],
            [
              1.516477154272068,
              47.84206084308034
            ],
            [
              1.5110698417571773,
              47.8310652677575
            ],
            [
              1.5110698417571773,
              47.8310652677575
            ],
            [
              1.5043879921801842,
              47.82414787731723
            ],
            [
              1.4977061426031928,
              47.81723048687696
            ],
            [
              1.4910242930262014,
              47.81031309643667
            ],
            [
              1.4843424434492092,
              47.80339570599641
            ],
            [
              1.4776605938722174,
              47.79647831555613
            ],
            [
              1.4709787442952247,
              47.789560925115865
            ],
            [
              1.4642968947182324,
              47.782643534675586
            ],
            [
              1.4576150451412406,
              47.775726144235314
            ],
            [
              1.4509331955642497,
              47.768808753795035
            ],
            [
              1.4442513459872575,
              47.76189136335476
            ],
            [
              1.4442513459872575,
              47.76189136335476
            ],
            [
              1.456019343441333,
              47.74629065714952
            ],
            [
              1.4677873408954096,
              47.730689950944296
            ],
            [
              1.4795553383494862,
              47.715089244739055
            ],
            [
              1.4913233358035627,
              47.69948853853383
            ],
            [
              1.5030913332576397,
              47.6838878323286
            ],
            [
              1.5148593307117157,
              47.66828712612337
            ],
            [
              1.5266273281657923,
              47.65268641991814
            ],
            [
              1.5383953256198688,
              47.63708571371291
            ],
            [
              1.5501633230739458,
              47.62148500750767
            ],
            [
              1.5619313205280219,
              47.60588430130244
            ],
            [
              1.5619313205280219,
              47.60588430130244
            ],
            [
              1.5624254603774523,
              47.59613148180627
            ],
            [
              1.5629196002268828,
              47.586378662310096
            ],
            [
              1.5634137400763142,
              47.57662584281392
            ],
            [
              1.5639078799257442,
              47.56687302331775
            ],
            [
              1.5644020197751765,
              47.557120203821576
            ],
            [
              1.5648961596246074,
              47.547367384325405
            ],
            [
              1.5653902994740374,
              47.53761456482922
            ],
            [
              1.5658844393234683,
              47.52786174533305
            ],
            [
              1.5663785791728997,
              47.51810892583688
            ],
            [
              1.566872719022331,
              47.508356106340706
            ],
            [
              1.566872719022331,
              47.508356106340706
            ],
            [
              1.5591687150627718,
              47.50338904608869
            ],
            [
              1.5514647111032125,
              47.49842198583668
            ],
            [
              1.543760707143654,
              47.493454925584665
            ],
            [
              1.5360567031840948,
              47.48848786533266
            ],
            [
              1.5283526992245355,
              47.483520805080644
            ],
            [
              1.5206486952649767,
              47.47855374482863
            ],
            [
              1.5129446913054165,
              47.47358668457661
            ],
            [
              1.5052406873458586,
              47.4686196243246
            ],
            [
              1.4975366833862993,
              47.463652564072596
            ],
            [
              1.4898326794267405,
              47.458685503820575
            ],
            [
              1.4898326794267405,
              47.458685503820575
            ],
            [
              1.4859745169786036,
              47.45301010110644
            ],
            [
              1.4821163545304668,
              47.44733469839231
            ],
            [
              1.4782581920823308,
              47.44165929567817
            ],
            [
              1.4744000296341935,
              47.43598389296403
            ],
            [
              1.470541867186058,
              47.4303084902499
            ],
            [
              1.466683704737921,
              47.42463308753576
            ],
            [
              1.4628255422897842,
              47.418957684821635
            ],
            [
              1.4589673798416491,
              47.413282282107495
            ],
            [
              1.4551092173935114,
              47.40760687939336
            ],
            [
              1.4512510549453745,
              47.40193147667922
            ],
            [
              1.4512510549453745,
              47.40193147667922
            ],
            [
              1.4415011966869957,
              47.39926915046402
            ],
            [
              1.4317513384286165,
              47.39660682424881
            ],
            [
              1.4220014801702376,
              47.39394449803362
            ],
            [
              1.412251621911858,
              47.39128217181841
            ],
            [
              1.4025017636534787,
              47.3886198456032
            ],
            [
              1.3927519053950999,
              47.38595751938801
            ],
            [
              1.3830020471367201,
              47.3832951931728
            ],
            [
              1.37325218887834,
              47.3806328669576
            ],
            [
              1.3635023306199612,
              47.377970540742396
            ],
            [
              1.3537524723615824,
              47.375308214527195
            ],
            [
              1.3537524723615824,
              47.375308214527195
            ],
            [
              1.3457935267709655,
              47.37113906183184
            ],
            [
              1.3378345811803496,
              47.3669699091365
            ],
            [
              1.3298756355897337,
              47.362800756441146
            ],
            [
              1.321916689999116,
              47.3586316037458
            ],
            [
              1.3139577444085004,
              47.35446245105046
            ],
            [
              1.3059987988178845,
              47.350293298355105
            ],
            [
              1.2980398532272677,
              47.346124145659765
            ],
            [
              1.2900809076366522,
              47.34195499296442
            ],
            [
              1.2821219620460362,
              47.33778584026907
            ],
            [
              1.2741630164554203,
              47.333616687573716
            ],
            [
              1.2741630164554203,
              47.333616687573716
            ],
            [
              1.2749249243470082,
              47.32971570168629
            ],
            [
              1.275686832238597,
              47.32581471579888
            ],
            [
              1.2764487401301854,
              47.32191372991145
            ],
            [
              1.2772106480217746,
              47.31801274402403
            ],
            [
              1.277972555913363,
              47.31411175813661
            ],
            [
              1.2787344638049518,
              47.310210772249185
            ],
            [
              1.2794963716965406,
              47.30630978636177
            ],
            [
              1.280258279588129,
              47.302408800474346
            ],
            [
              1.2810201874797182,
              47.29850781458691
            ],
            [
              1.2817820953713066,
              47.2946068286995
            ],
            [
              1.2817820953713066,
              47.2946068286995
            ],
            [
              1.284346733883163,
              47.29451880527733
            ],
            [
              1.2869113723950192,
              47.29443078185515
            ],
            [
              1.2894760109068746,
              47.29434275843297
            ],
            [
              1.2920406494187295,
              47.294254735010796
            ],
            [
              1.2946052879305867,
              47.294166711588616
            ],
            [
              1.297169926442443,
              47.294078688166444
            ],
            [
              1.299734564954298,
              47.293990664744264
            ],
            [
              1.3022992034661542,
              47.293902641322084
            ],
            [
              1.3048638419780105,
              47.293814617899905
            ],
            [
              1.307428480489866,
              47.293726594477725
            ],
            [
              1.307428480489866,
              47.293726594477725
            ],
            [
              1.3107567381312957,
              47.29062421477143
            ],
            [
              1.3140849957727263,
              47.28752183506512
            ],
            [
              1.3174132534141552,
              47.28441945535881
            ],
            [
              1.3207415110555836,
              47.2813170756525
            ],
            [
              1.3240697686970146,
              47.2782146959462
            ],
            [
              1.327398026338444,
              47.27511231623989
            ],
            [
              1.3307262839798732,
              47.272009936533586
            ],
            [
              1.3340545416213017,
              47.26890755682728
            ],
            [
              1.3373827992627327,
              47.265805177120974
            ],
            [
              1.3407110569041611,
              47.26270279741467
            ],
            [
              1.3407110569041611,
              47.26270279741467
            ],
            [
              1.3449397407432993,
              47.26102032437678
            ],
            [
              1.3491684245824387,
              47.259337851338906
            ],
            [
              1.353397108421576,
              47.25765537830102
            ],
            [
              1.3576257922607158,
              47.25597290526314
            ],
            [
              1.361854476099852,
              47.25429043222526
            ],
            [
              1.3660831599389907,
              47.25260795918738
            ],
            [
              1.3703118437781296,
              47.250925486149505
            ],
            [
              1.3745405276172677,
              47.24924301311162
            ],
            [
              1.3787692114564059,
              47.24756054007375
            ],
            [
              1.382997895295544,
              47.24587806703586
            ],
            [
              1.382997895295544,
              47.24587806703586
            ],
            [
              1.3916715483682833,
              47.24490172852744
            ],
            [
              1.4003452014410214,
              47.24392539001901
            ],
            [
              1.4090188545137607,
              47.24294905151058
            ],
            [
              1.4176925075864992,
              47.24197271300216
            ],
            [
              1.4263661606592377,
              47.24099637449373
            ],
            [
              1.4350398137319766,
              47.2400200359853
            ],
            [
              1.443713466804716,
              47.23904369747687
            ],
            [
              1.4523871198774545,
              47.23806735896846
            ],
            [
              1.4610607729501939,
              47.23709102046003
            ],
            [
              1.4697344260229328,
              47.236114681951605
            ],
            [
              1.4697344260229328,
              47.236114681951605
            ],
            [
              1.4755390214205426,
              47.2368051415689
            ],
            [
              1.4813436168181524,
              47.23749560118618
            ],
            [
              1.4871482122157627,
              47.23818606080347
            ],
            [
              1.4929528076133716,
              47.23887652042077
            ],
            [
              1.4987574030109818,
              47.239566980038056
            ],
            [
              1.5045619984085925,
              47.240257439655345
            ],
            [
              1.5103665938062019,
              47.24094789927264
            ],
            [
              1.5161711892038112,
              47.24163835888993
            ],
            [
              1.521975784601422,
              47.242328818507204
            ],
            [
              1.5277803799990317,
              47.2430192781245
            ],
            [
              1.5277803799990317,
              47.2430192781245
            ],
            [
              1.5323202565625427,
              47.2464686601959
            ],
            [
              1.5368601331260563,
              47.24991804226729
            ],
            [
              1.5414000096895677,
              47.25336742433869
            ],
            [
              1.5459398862530782,
              47.256816806410086
            ],
            [
              1.55047976281659,
              47.260266188481474
            ],
            [
              1.5550196393801028,
              47.263715570552876
            ],
            [
              1.5595595159436138,
              47.26716495262428
            ],
            [
              1.5640993925071252,
              47.270614334695665
            ],
            [
              1.5686392690706383,
              47.27406371676706
            ],
            [
              1.5731791456341488,
              47.27751309883846
            ],
            [
              1.5731791456341488,
              47.27751309883846
            ],
            [
              1.5806126619574044,
              47.2768259429821
            ],
            [
              1.5880461782806585,
              47.27613878712575
            ],
            [
              1.5954796946039136,
              47.27545163126939
            ],
            [
              1.6029132109271695,
              47.274764475413036
            ],
            [
              1.6103467272504237,
              47.27407731955669
            ],
            [
              1.6177802435736792,
              47.273390163700334
            ],
            [
              1.6252137598969347,
              47.27270300784398
            ],
            [
              1.632647276220189,
              47.272015851987625
            ],
            [
              1.6400807925434444,
              47.27132869613127
            ],
            [
              1.647514308866699,
              47.270641540274916
            ],
            [
              1.647514308866699,
              47.270641540274916
            ],
            [
              1.6519622717560263,
              47.27289875292061
            ],
            [
              1.6564102346453544,
              47.275155965566306
            ],
            [
              1.6608581975346826,
              47.277413178212
            ],
            [
              1.6653061604240111,
              47.279670390857696
            ],
            [
              1.6697541233133397,
              47.28192760350339
            ],
            [
              1.674202086202667,
              47.284184816149086
            ],
            [
              1.6786500490919942,
              47.28644202879478
            ],
            [
              1.6830980119813224,
              47.288699241440476
            ],
            [
              1.68754597487065,
              47.29095645408617
            ],
            [
              1.6919939377599786,
              47.293213666731866
            ],
            [
              1.6919939377599786,
              47.293213666731866
            ],
            [
              1.6969809266438651,
              47.29296494607799
            ],
            [
              1.7019679155277543,
              47.292716225424115
            ],
            [
              1.7069549044116412,
              47.29246750477024
            ],
            [
              1.7119418932955308,
              47.29221878411636
            ],
            [
              1.7169288821794177,
              47.29197006346248
            ],
            [
              1.7219158710633047,
              47.29172134280859
            ],
            [
              1.7269028599471934,
              47.29147262215472
            ],
            [
              1.7318898488310803,
              47.29122390150084
            ],
            [
              1.73687683771497,
              47.29097518084697
            ],
            [
              1.7418638265988569,
              47.29072646019309
            ],
            [
              1.7418638265988569,
              47.29072646019309
            ],
            [
              1.7456730130875648,
              47.29104040472864
            ],
            [
              1.749482199576272,
              47.29135434926421
            ],
            [
              1.753291386064979,
              47.29166829379976
            ],
            [
              1.757100572553687,
              47.29198223833532
            ],
            [
              1.7609097590423937,
              47.29229618287088
            ],
            [
              1.764718945531102,
              47.292610127406434
            ],
            [
              1.7685281320198087,
              47.29292407194199
            ],
            [
              1.7723373185085163,
              47.293238016477545
            ],
            [
              1.7761465049972247,
              47.29355196101311
            ],
            [
              1.7799556914859322,
              47.29386590554866
            ],
            [
              1.7799556914859322,
              47.29386590554866
            ],
            [
              1.7831371212123543,
              47.297941997448724
            ],
            [
              1.786318550938777,
              47.30201808934879
            ],
            [
              1.7894999806651994,
              47.30609418124885
            ],
            [
              1.7926814103916202,
              47.31017027314892
            ],
            [
              1.7958628401180428,
              47.31424636504898
            ],
            [
              1.7990442698444653,
              47.31832245694905
            ],
            [
              1.802225699570887,
              47.32239854884912
            ],
            [
              1.8054071292973095,
              47.32647464074918
            ],
            [
              1.808588559023732,
              47.33055073264925
            ],
            [
              1.8117699887501533,
              47.33462682454931
            ],
            [
              1.8117699887501533,
              47.33462682454931
            ],
            [
              1.8083303010456508,
              47.33763516943728
            ],
            [
              1.8048906133411493,
              47.340643514325244
            ],
            [
              1.801450925636646,
              47.343651859213224
            ],
            [
              1.7980112379321436,
              47.346660204101184
            ],
            [
              1.7945715502276416,
              47.34966854898916
            ],
            [
              1.7911318625231387,
              47.352676893877124
            ],
            [
              1.7876921748186363,
              47.35568523876509
            ],
            [
              1.784252487114133,
              47.358693583653064
            ],
            [
              1.7808127994096314,
              47.36170192854103
            ],
            [
              1.7773731117051277,
              47.364710273429004
            ],
            [
              1.7773731117051277,
              47.364710273429004
            ],
            [
              1.778557808549778,
              47.367719772398566
            ],
            [
              1.7797425053944242,
              47.37072927136813
            ],
            [
              1.7809272022390736,
              47.37373877033768
            ],
            [
              1.7821118990837221,
              47.37674826930724
            ],
            [
              1.783296595928371,
              47.3797577682768
            ],
            [
              1.78448129277302,
              47.38276726724636
            ],
            [
              1.7856659896176676,
              47.38577676621591
            ],
            [
              1.786850686462317,
              47.38878626518547
            ],
            [
              1.788035383306965,
              47.39179576415504
            ],
            [
              1.789220080151614,
              47.394805263124596
            ],
            [
              1.789220080151614,
              47.394805263124596
            ],
            [
              1.7916707286735285,
              47.39649795166364
            ],
            [
              1.7941213771954403,
              47.39819064020267
            ],
            [
              1.7965720257173534,
              47.399883328741716
            ],
            [
              1.7990226742392657,
              47.40157601728075
            ],
            [
              1.8014733227611788,
              47.4032687058198
            ],
            [
              1.803923971283092,
              47.40496139435883
            ],
            [
              1.8063746198050041,
              47.406654082897866
            ],
            [
              1.808825268326919,
              47.40834677143691
            ],
            [
              1.8112759168488308,
              47.41003945997594
            ],
            [
              1.813726565370744,
              47.41173214851498
            ],
            [
              1.813726565370744,
              47.41173214851498
            ],
            [
              1.8141005422509626,
              47.41737463683974
            ],
            [
              1.8144745191311813,
              47.42301712516449
            ],
            [
              1.8148484960114,
              47.42865961348925
            ],
            [
              1.8152224728916182,
              47.434302101814005
            ],
            [
              1.8155964497718373,
              47.43994459013875
            ],
            [
              1.8159704266520564,
              47.44558707846351
            ],
            [
              1.8163444035322747,
              47.451229566788264
            ],
            [
              1.816718380412493,
              47.45687205511302
            ],
            [
              1.817092357292713,
              47.46251454343777
            ],
            [
              1.8174663341729311,
              47.46815703176252
            ],
            [
              1.8174663341729311,
              47.46815703176252
            ],
            [
              1.8213688631908687,
              47.46960011741061
            ],
            [
              1.8252713922088053,
              47.47104320305869
            ],
            [
              1.8291739212267415,
              47.472486288706776
            ],
            [
              1.8330764502446795,
              47.47392937435486
            ],
            [
              1.8369789792626157,
              47.475372460002944
            ],
            [
              1.8408815082805527,
              47.47681554565102
            ],
            [
              1.8447840372984907,
              47.478258631299106
            ],
            [
              1.848686566316427,
              47.47970171694719
            ],
            [
              1.8525890953343631,
              47.481144802595274
            ],
            [
              1.8564916243523015,
              47.482587888243366
            ],
            [
              1.8564916243523015,
              47.482587888243366
            ],
            [
              1.859663374224167,
              47.48164863705216
            ],
            [
              1.8628351240960344,
              47.480709385860955
            ],
            [
              1.8660068739678999,
              47.47977013466975
            ],
            [
              1.8691786238397667,
              47.47883088347855
            ],
            [
              1.8723503737116318,
              47.477891632287346
            ],
            [
              1.8755221235834987,
              47.47695238109614
            ],
            [
              1.8786938734553664,
              47.47601312990494
            ],
            [
              1.8818656233272315,
              47.47507387871374
            ],
            [
              1.8850373731990988,
              47.47413462752254
            ],
            [
              1.8882091230709643,
              47.47319537633133
            ],
            [
              1.8882091230709643,
              47.47319537633133
            ],
            [
              1.8909211778418071,
              47.46943481565456
            ],
            [
              1.89363323261265,
              47.465674254977785
            ],
            [
              1.8963452873834914,
              47.461913694301
            ],
            [
              1.8990573421543337,
              47.458153133624236
            ],
            [
              1.9017693969251765,
              47.45439257294746
            ],
            [
              1.9044814516960193,
              47.45063201227069
            ],
            [
              1.9071935064668617,
              47.44687145159391
            ],
            [
              1.909905561237704,
              47.44311089091713
            ],
            [
              1.912617616008546,
              47.439350330240366
            ],
            [
              1.9153296707793883,
              47.435589769563585
            ],
            [
              1.9153296707793883,
              47.435589769563585
            ],
            [
              1.9201323724671489,
              47.43352180211294
            ],
            [
              1.924935074154909,
              47.43145383466229
            ],
            [
              1.9297377758426686,
              47.42938586721165
            ],
            [
              1.9345404775304296,
              47.42731789976099
            ],
            [
              1.93934317921819,
              47.42524993231035
            ],
            [
              1.9441458809059484,
              47.42318196485971
            ],
            [
              1.9489485825937094,
              47.42111399740906
            ],
            [
              1.9537512842814686,
              47.41904602995841
            ],
            [
              1.95855398596923,
              47.41697806250776
            ],
            [
              1.9633566876569906,
              47.41491009505712
            ],
            [
              1.9633566876569906,
              47.41491009505712
            ],
            [
              1.969071330013544,
              47.416227581073926
            ],
            [
              1.9747859723700967,
              47.41754506709073
            ],
            [
              1.9805006147266506,
              47.41886255310754
            ],
            [
              1.9862152570832055,
              47.42018003912435
            ],
            [
              1.9919298994397585,
              47.42149752514115
            ],
            [
              1.997644541796312,
              47.42281501115795
            ],
            [
              2.0033591841528655,
              47.42413249717477
            ],
            [
              2.0090738265094186,
              47.42544998319158
            ],
            [
              2.0147884688659725,
              47.426767469208386
            ],
            [
              2.0205031112225265,
              47.428084955225195
            ],
            [
              2.0205031112225265,
              47.428084955225195
            ],
            [
              2.0251285864379565,
              47.428651207217705
            ],
            [
              2.0297540616533865,
              47.42921745921022
            ],
            [
              2.034379536868818,
              47.42978371120273
            ],
            [
              2.0390050120842473,
              47.43034996319523
            ],
            [
              2.043630487299678,
              47.43091621518776
            ],
            [
              2.0482559625151073,
              47.43148246718027
            ],
            [
              2.052881437730537,
              47.43204871917278
            ],
            [
              2.0575069129459678,
              47.43261497116529
            ],
            [
              2.0621323881613987,
              47.4331812231578
            ],
            [
              2.0667578633768287,
              47.43374747515032
            ],
            [
              2.0667578633768287,
              47.43374747515032
            ],
            [
              2.0740167881905323,
              47.436256421061756
            ],
            [
              2.0812757130042354,
              47.43876536697319
            ],
            [
              2.0885346378179386,
              47.44127431288463
            ],
            [
              2.0957935626316413,
              47.44378325879606
            ],
            [
              2.103052487445346,
              47.4462922047075
            ],
            [
              2.110311412259049,
              47.448801150618934
            ],
            [
              2.117570337072752,
              47.451310096530364
            ],
            [
              2.1248292618864553,
              47.4538190424418
            ],
            [
              2.1320881867001584,
              47.45632798835324
            ],
            [
              2.1393471115138616,
              47.45883693426467
            ],
            [
              2.1393471115138616,
              47.45883693426467
            ],
            [
              2.141800877798448,
              47.46134575297033
            ],
            [
              2.1442546440830337,
              47.463854571676
            ],
            [
              2.1467084103676193,
              47.46636339038166
            ],
            [
              2.1491621766522058,
              47.46887220908733
            ],
            [
              2.151615942936791,
              47.471381027792994
            ],
            [
              2.154069709221376,
              47.47388984649866
            ],
            [
              2.156523475505962,
              47.47639866520432
            ],
            [
              2.1589772417905473,
              47.47890748390999
            ],
            [
              2.1614310080751333,
              47.481416302615656
            ],
            [
              2.16388477435972,
              47.48392512132133
            ],
            [
              2.16388477435972,
              47.48392512132133
            ],
            [
              2.1675138867882366,
              47.48461503254625
            ],
            [
              2.171142999216755,
              47.485304943771176
            ],
            [
              2.174772111645271,
              47.4859948549961
            ],
            [
              2.1784012240737898,
              47.486684766221025
            ],
            [
              2.182030336502306,
              47.48737467744596
            ],
            [
              2.185659448930823,
              47.48806458867089
            ],
            [
              2.189288561359341,
              47.48875449989581
            ],
            [
              2.192917673787858,
              47.48944441112074
            ],
            [
              2.196546786216376,
              47.49013432234566
            ],
            [
              2.2001758986448925,
              47.490824233570585
            ],
            [
              2.2001758986448925,
              47.490824233570585
            ],
            [
              2.2046181336651607,
              47.490888370863914
            ],
            [
              2.20906036868543,
              47.490952508157235
            ],
            [
              2.2135026037056984,
              47.49101664545056
            ],
            [
              2.2179448387259684,
              47.49108078274388
            ],
            [
              2.222387073746236,
              47.49114492003721
            ],
            [
              2.2268293087665043,
              47.49120905733053
            ],
            [
              2.2312715437867743,
              47.49127319462385
            ],
            [
              2.235713778807042,
              47.49133733191717
            ],
            [
              2.240156013827312,
              47.4914014692105
            ],
            [
              2.2445982488475784,
              47.49146560650383
            ],
            [
              2.2445982488475784,
              47.49146560650383
            ],
            [
              2.2460508123282756,
              47.492406011758845
            ],
            [
              2.2475033758089715,
              47.493346417013875
            ],
            [
              2.2489559392896674,
              47.4942868222689
            ],
            [
              2.2504085027703646,
              47.495227227523934
            ],
            [
              2.251861066251061,
              47.49616763277895
            ],
            [
              2.253313629731758,
              47.49710803803397
            ],
            [
              2.254766193212454,
              47.498048443289
            ],
            [
              2.25621875669315,
              47.49898884854402
            ],
            [
              2.257671320173847,
              47.499929253799046
            ],
            [
              2.2591238836545413,
              47.500869659054075
            ],
            [
              2.2591238836545413,
              47.500869659054075
            ],
            [
              2.260308913719196,
              47.50562571514324
            ],
            [
              2.2614939437838486,
              47.51038177123239
            ],
            [
              2.262678973848502,
              47.51513782732155
            ],
            [
              2.2638640039131546,
              47.5198938834107
            ],
            [
              2.265049033977807,
              47.52464993949987
            ],
            [
              2.2662340640424623,
              47.52940599558903
            ],
            [
              2.2674190941071153,
              47.53416205167818
            ],
            [
              2.2686041241717683,
              47.538918107767344
            ],
            [
              2.269789154236421,
              47.5436741638565
            ],
            [
              2.2709741843010742,
              47.548430219945665
            ],
            [
              2.2709741843010742,
              47.548430219945665
            ],
            [
              2.272262582423578,
              47.551533751804726
            ],
            [
              2.2735509805460796,
              47.554637283663794
            ],
            [
              2.2748393786685814,
              47.55774081552286
            ],
            [
              2.2761277767910837,
              47.56084434738193
            ],
            [
              2.277416174913584,
              47.563947879241
            ],
            [
              2.2787045730360878,
              47.56705141110006
            ],
            [
              2.27999297115859,
              47.57015494295913
            ],
            [
              2.2812813692810923,
              47.573258474818196
            ],
            [
              2.2825697674035945,
              47.576362006677265
            ],
            [
              2.2838581655260963,
              47.579465538536326
            ],
            [
              2.2838581655260963,
              47.579465538536326
            ],
            [
              2.288214730102439,
              47.57760469849324
            ],
            [
              2.2925712946787837,
              47.57574385845017
            ],
            [
              2.296927859255126,
              47.573883018407074
            ],
            [
              2.3012844238314685,
              47.572022178363994
            ],
            [
              2.3056409884078133,
              47.57016133832091
            ],
            [
              2.309997552984156,
              47.56830049827782
            ],
            [
              2.3143541175605002,
              47.56643965823474
            ],
            [
              2.318710682136843,
              47.564578818191656
            ],
            [
              2.3230672467131854,
              47.56271797814858
            ],
            [
              2.32742381128953,
              47.56085713810549
            ],
            [
              2.32742381128953,
              47.56085713810549
            ],
            [
              2.3304993360909845,
              47.55970528607698
            ],
            [
              2.3335748608924396,
              47.55855343404848
            ],
            [
              2.3366503856938965,
              47.55740158201997
            ],
            [
              2.339725910495353,
              47.55624972999146
            ],
            [
              2.342801435296806,
              47.55509787796296
            ],
            [
              2.3458769600982605,
              47.55394602593445
            ],
            [
              2.348952484899717,
              47.55279417390594
            ],
            [
              2.3520280097011743,
              47.55164232187744
            ],
            [
              2.355103534502627,
              47.550490469848924
            ],
            [
              2.358179059304082,
              47.549338617820425
            ],
            [
              2.358179059304082,
              47.549338617820425
            ],
            [
              2.3640798034367925,
              47.550226719612105
            ],
            [
              2.3699805475695004,
              47.55111482140379
            ],
            [
              2.375881291702211,
              47.552002923195474
            ],
            [
              2.381782035834919,
              47.55289102498716
            ],
            [
              2.3876827799676295,
              47.55377912677885
            ],
            [
              2.393583524100338,
              47.554667228570544
            ],
            [
              2.399484268233046,
              47.555555330362225
            ],
            [
              2.4053850123657563,
              47.55644343215391
            ],
            [
              2.4112857564984664,
              47.5573315339456
            ],
            [
              2.4171865006311752,
              47.55821963573729
            ],
            [
              2.4171865006311752,
              47.55821963573729
            ],
            [
              2.418728021307752,
              47.55954996694493
            ],
            [
              2.420269541984329,
              47.56088029815256
            ],
            [
              2.421811062660906,
              47.5622106293602
            ],
            [
              2.423352583337484,
              47.56354096056785
            ],
            [
              2.4248941040140597,
              47.564871291775496
            ],
            [
              2.4264356246906384,
              47.56620162298313
            ],
            [
              2.427977145367214,
              47.56753195419077
            ],
            [
              2.429518666043791,
              47.56886228539841
            ],
            [
              2.4310601867203703,
              47.57019261660605
            ],
            [
              2.4326017073969455,
              47.57152294781368
            ],
            [
              2.4326017073969455,
              47.57152294781368
            ],
            [
              2.4389007042664246,
              47.58021244000814
            ],
            [
              2.445199701135905,
              47.588901932202596
            ],
            [
              2.4514986980053837,
              47.597591424397045
            ],
            [
              2.4577976948748628,
              47.6062809165915
            ],
            [
              2.464096691744345,
              47.61497040878595
            ],
            [
              2.470395688613826,
              47.6236599009804
            ],
            [
              2.4766946854833063,
              47.632349393174856
            ],
            [
              2.482993682352785,
              47.64103888536931
            ],
            [
              2.4892926792222636,
              47.64972837756376
            ],
            [
              2.495591676091745,
              47.65841786975821
            ],
            [
              2.495591676091745,
              47.65841786975821
            ],
            [
              2.4964911892210626,
              47.65939338688542
            ],
            [
              2.4973907023503825,
              47.66036890401263
            ],
            [
              2.498290215479702,
              47.66134442113984
            ],
            [
              2.49918972860902,
              47.66231993826704
            ],
            [
              2.50008924173834,
              47.663295455394255
            ],
            [
              2.5009887548676595,
              47.664270972521464
            ],
            [
              2.5018882679969776,
              47.665246489648666
            ],
            [
              2.502787781126299,
              47.666222006775875
            ],
            [
              2.5036872942556188,
              47.66719752390308
            ],
            [
              2.504586807384937,
              47.668173041030286
            ],
            [
              2.504586807384937,
              47.668173041030286
            ],
            [
              2.5038206609467673,
              47.66985745018468
            ],
            [
              2.503054514508599,
              47.67154185933907
            ],
            [
              2.5022883680704306,
              47.67322626849346
            ],
            [
              2.5015222216322606,
              47.67491067764785
            ],
            [
              2.500756075194093,
              47.676595086802244
            ],
            [
              2.4999899287559244,
              47.67827949595663
            ],
            [
              2.4992237823177548,
              47.67996390511103
            ],
            [
              2.498457635879587,
              47.681648314265416
            ],
            [
              2.4976914894414186,
              47.68333272341981
            ],
            [
              2.4969253430032508,
              47.6850171325742
            ],
            [
              2.4969253430032508,
              47.6850171325742
            ],
            [
              2.499234984508925,
              47.68572701669486
            ],
            [
              2.5015446260145997,
              47.68643690081553
            ],
            [
              2.503854267520272,
              47.6871467849362
            ],
            [
              2.5061639090259473,
              47.68785666905687
            ],
            [
              2.5084735505316216,
              47.68856655317754
            ],
            [
              2.510783192037294,
              47.68927643729821
            ],
            [
              2.5130928335429688,
              47.68998632141888
            ],
            [
              2.5154024750486434,
              47.690696205539545
            ],
            [
              2.517712116554318,
              47.69140608966021
            ],
            [
              2.520021758059991,
              47.69211597378088
            ],
            [
              2.520021758059991,
              47.69211597378088
            ],
            [
              2.529515611721258,
              47.692623611641075
            ],
            [
              2.539009465382525,
              47.69313124950128
            ],
            [
              2.5485033190437925,
              47.69363888736147
            ],
            [
              2.5579971727050594,
              47.694146525221676
            ],
            [
              2.567491026366325,
              47.69465416308187
            ],
            [
              2.576984880027592,
              47.69516180094207
            ],
            [
              2.586478733688861,
              47.69566943880226
            ],
            [
              2.5959725873501265,
              47.69617707666246
            ],
            [
              2.6054664410113917,
              47.69668471452266
            ],
            [
              2.614960294672659,
              47.69719235238286
            ],
            [
              2.614960294672659,
              47.69719235238286
            ],
            [
              2.616958373201062,
              47.698947956646315
            ],
            [
              2.6189564517294652,
              47.70070356090978
            ],
            [
              2.6209545302578667,
              47.70245916517324
            ],
            [
              2.62295260878627,
              47.704214769436696
            ],
            [
              2.6249506873146697,
              47.705970373700154
            ],
            [
              2.6269487658430735,
              47.70772597796362
            ],
            [
              2.6289468443714745,
              47.709481582227085
            ],
            [
              2.6309449228998782,
              47.71123718649054
            ],
            [
              2.632943001428281,
              47.712992790753994
            ],
            [
              2.6349410799566844,
              47.71474839501746
            ],
            [
              2.6349410799566844,
              47.71474839501746
            ],
            [
              2.6333157838948,
              47.71800822993208
            ],
            [
              2.631690487832914,
              47.7212680648467
            ],
            [
              2.630065191771027,
              47.72452789976131
            ],
            [
              2.628439895709143,
              47.727787734675935
            ],
            [
              2.6268145996472563,
              47.73104756959056
            ],
            [
              2.6251893035853717,
              47.734307404505174
            ],
            [
              2.6235640075234876,
              47.737567239419796
            ],
            [
              2.6219387114616013,
              47.74082707433442
            ],
            [
              2.6203134153997145,
              47.74408690924904
            ],
            [
              2.6186881193378304,
              47.74734674416365
            ],
            [
              2.6186881193378304,
              47.74734674416365
            ],
            [
              2.608899808103622,
              47.750353504661426
            ],
            [
              2.5991114968694133,
              47.7533602651592
            ],
            [
              2.589323185635204,
              47.75636702565698
            ],
            [
              2.579534874400997,
              47.759373786154754
            ],
            [
              2.569746563166787,
              47.76238054665252
            ],
            [
              2.559958251932579,
              47.7653873071503
            ],
            [
              2.5501699406983707,
              47.768394067648074
            ],
            [
              2.5403816294641604,
              47.77140082814584
            ],
            [
              2.530593318229954,
              47.77440758864362
            ],
            [
              2.520805006995744,
              47.777414349141395
            ],
            [
              2.520805006995744,
              47.777414349141395
            ],
            [
              2.514282878813131,
              47.78042192476207
            ],
            [
              2.5077607506305166,
              47.78342950038274
            ],
            [
              2.5012386224479015,
              47.7864370760034
            ],
            [
              2.494716494265287,
              47.78944465162407
            ],
            [
              2.488194366082672,
              47.792452227244745
            ],
            [
              2.481672237900059,
              47.79545980286542
            ],
            [
              2.4751501097174446,
              47.798467378486095
            ],
            [
              2.4686279815348295,
              47.801474954106766
            ],
            [
              2.4621058533522144,
              47.80448252972744
            ],
            [
              2.4555837251695993,
              47.8074901053481
            ],
            [
              2.4555837251695993,
              47.8074901053481
            ],
            [
              2.4461574684221907,
              47.80999489270215
            ],
            [
              2.436731211674782,
              47.81249968005619
            ],
            [
              2.4273049549273717,
              47.81500446741024
            ],
            [
              2.4178786981799636,
              47.81750925476428
            ],
            [
              2.4084524414325528,
              47.82001404211833
            ],
            [
              2.3990261846851406,
              47.82251882947238
            ],
            [
              2.389599927937732,
              47.82502361682642
            ],
            [
              2.3801736711903216,
              47.82752840418047
            ],
            [
              2.370747414442913,
              47.830033191534504
            ],
            [
              2.3613211576955044,
              47.83253797888855
            ],
            [
              2.3613211576955044,
              47.83253797888855
            ],
            [
              2.3587875238370297,
              47.83504554744753
            ],
            [
              2.3562538899785563,
              47.83755311600651
            ],
            [
              2.353720256120081,
              47.84006068456549
            ],
            [
              2.3511866222616065,
              47.84256825312447
            ],
            [
              2.3486529884031335,
              47.84507582168345
            ],
            [
              2.3461193545446584,
              47.84758339024243
            ],
            [
              2.343585720686186,
              47.85009095880142
            ],
            [
              2.341052086827711,
              47.85259852736039
            ],
            [
              2.338518452969236,
              47.855106095919375
            ],
            [
              2.335984819110763,
              47.85761366447836
            ],
            [
              2.335984819110763,
              47.85761366447836
            ],
            [
              2.335090436471661,
              47.864132855812294
            ],
            [
              2.3341960538325566,
              47.87065204714622
            ],
            [
              2.3333016711934538,
              47.87717123848016
            ],
            [
              2.33240728855435,
              47.883690429814095
            ],
            [
              2.3315129059152455,
              47.890209621148024
            ],
            [
              2.3306185232761405,
              47.89672881248197
            ],
            [
              2.3297241406370377,
              47.903248003815904
            ],
            [
              2.328829757997934,
              47.90976719514983
            ],
            [
              2.327935375358831,
              47.916286386483776
            ],
            [
              2.3270409927197266,
              47.922805577817705
            ],
            [
              2.3270409927197266,
              47.922805577817705
            ],
            [
              2.3248720771047036,
              47.92619132346511
            ],
            [
              2.322703161489678,
              47.92957706911251
            ],
            [
              2.320534245874652,
              47.93296281475991
            ],
            [
              2.318365330259628,
              47.93634856040731
            ],
            [
              2.316196414644605,
              47.93973430605471
            ],
            [
              2.3140274990295793,
              47.94312005170211
            ],
            [
              2.3118585834145553,
              47.946505797349516
            ],
            [
              2.309689667799528,
              47.949891542996916
            ],
            [
              2.3075207521845065,
              47.95327728864432
            ],
            [
              2.3053518365694803,
              47.956663034291715
            ],
            [
              2.3053518365694803,
              47.956663034291715
            ],
            [
              2.301911156125497,
              47.959169315432305
            ],
            [
              2.2984704756815115,
              47.961675596572896
            ],
            [
              2.2950297952375283,
              47.964181877713486
            ],
            [
              2.291589114793543,
              47.966688158854076
            ],
            [
              2.28814843434956,
              47.969194439994666
            ],
            [
              2.284707753905574,
              47.97170072113525
            ],
            [
              2.2812670734615907,
              47.97420700227584
            ],
            [
              2.2778263930176075,
              47.97671328341643
            ],
            [
              2.274385712573624,
              47.97921956455702
            ],
            [
              2.2709450321296383,
              47.98172584569762
            ],
            [
              2.2709450321296383,
              47.98172584569762
            ],
            [
              2.2704063640827887,
              47.98523698354567
            ],
            [
              2.2698676960359405,
              47.98874812139374
            ],
            [
              2.26932902798909,
              47.992259259241806
            ],
            [
              2.26879035994224,
              47.99577039708986
            ],
            [
              2.2682516918953923,
              47.99928153493793
            ],
            [
              2.26771302384854,
              48.00279267278599
            ],
            [
              2.267174355801692,
              48.00630381063406
            ],
            [
              2.2666356877548433,
              48.009814948482116
            ],
            [
              2.2660970197079915,
              48.01332608633018
            ],
            [
              2.2655583516611437,
              48.016837224178246
            ],
            [
              2.2655583516611437,
              48.016837224178246
            ],
            [
              2.2699246294545845,
              48.0239847717648
            ],
            [
              2.274290907248027,
              48.03113231935137
            ],
            [
              2.2786571850414683,
              48.03827986693793
            ],
            [
              2.2830234628349095,
              48.0454274145245
            ],
            [
              2.2873897406283508,
              48.05257496211106
            ],
            [
              2.2917560184217938,
              48.059722509697615
            ],
            [
              2.2961222962152346,
              48.066870057284184
            ],
            [
              2.300488574008677,
              48.07401760487074
            ],
            [
              2.304854851802119,
              48.08116515245732
            ],
            [
              2.3092211295955614,
              48.08831270004387
            ],
            [
              2.3092211295955614,
              48.08831270004387
            ],
            [
              2.3132115303072314,
              48.08806266415588
            ],
            [
              2.3172019310189027,
              48.08781262826788
            ],
            [
              2.321192331730575,
              48.08756259237989
            ],
            [
              2.3251827324422463,
              48.08731255649189
            ],
            [
              2.3291731331539145,
              48.087062520603894
            ],
            [
              2.3331635338655863,
              48.08681248471589
            ],
            [
              2.33715393457726,
              48.0865624488279
            ],
            [
              2.3411443352889294,
              48.0863124129399
            ],
            [
              2.3451347360006016,
              48.08606237705191
            ],
            [
              2.349125136712271,
              48.08581234116391
            ],
            [
              2.349125136712271,
              48.08581234116391
            ],
            [
              2.351124184247961,
              48.08807000916882
            ],
            [
              2.353123231783649,
              48.09032767717375
            ],
            [
              2.355122279319335,
              48.09258534517866
            ],
            [
              2.357121326855023,
              48.09484301318358
            ],
            [
              2.3591203743907108,
              48.0971006811885
            ],
            [
              2.361119421926399,
              48.09935834919341
            ],
            [
              2.363118469462087,
              48.10161601719833
            ],
            [
              2.3651175169977727,
              48.10387368520325
            ],
            [
              2.367116564533463,
              48.10613135320816
            ],
            [
              2.369115612069151,
              48.108389021213085
            ],
            [
              2.369115612069151,
              48.108389021213085
            ],
            [
              2.367307247901834,
              48.11127279334165
            ],
            [
              2.3654988837345168,
              48.11415656547021
            ],
            [
              2.363690519567202,
              48.11704033759879
            ],
            [
              2.361882155399885,
              48.11992410972735
            ],
            [
              2.360073791232567,
              48.12280788185592
            ],
            [
              2.3582654270652514,
              48.125691653984475
            ],
            [
              2.3564570628979347,
              48.128575426113045
            ],
            [
              2.354648698730618,
              48.131459198241615
            ],
            [
              2.352840334563301,
              48.134342970370184
            ],
            [
              2.3510319703959865,
              48.137226742498754
            ],
            [
              2.3510319703959865,
              48.137226742498754
            ],
            [
              2.346681983148128,
              48.13847869354224
            ],
            [
              2.342331995900268,
              48.13973064458574
            ],
            [
              2.3379820086524092,
              48.140982595629225
            ],
            [
              2.333632021404553,
              48.142234546672725
            ],
            [
              2.3292820341566904,
              48.14348649771622
            ],
            [
              2.324932046908834,
              48.14473844875971
            ],
            [
              2.320582059660975,
              48.1459903998032
            ],
            [
              2.316232072413119,
              48.147242350846696
            ],
            [
              2.311882085165257,
              48.148494301890196
            ],
            [
              2.3075320979174,
              48.14974625293369
            ],
            [
              2.3075320979174,
              48.14974625293369
            ],
            [
              2.3026442219886976,
              48.1541343914422
            ],
            [
              2.297756346059997,
              48.158522529950694
            ],
            [
              2.292868470131292,
              48.162910668459205
            ],
            [
              2.2879805942025935,
              48.167298806967715
            ],
            [
              2.2830927182738905,
              48.17168694547622
            ],
            [
              2.278204842345188,
              48.17607508398473
            ],
            [
              2.273316966416487,
              48.18046322249323
            ],
            [
              2.2684290904877846,
              48.18485136100175
            ],
            [
              2.263541214559084,
              48.18923949951024
            ],
            [
              2.2586533386303813,
              48.193627638018754
            ],
            [
              2.2586533386303813,
              48.193627638018754
            ],
            [
              2.2535773894554767,
              48.195005454288875
            ],
            [
              2.248501440280569,
              48.19638327055899
            ],
            [
              2.2434254911056626,
              48.197761086829104
            ],
            [
              2.238349541930756,
              48.199138903099225
            ],
            [
              2.233273592755848,
              48.20051671936933
            ],
            [
              2.2281976435809416,
              48.20189453563945
            ],
            [
              2.223121694406036,
              48.20327235190957
            ],
            [
              2.2180457452311297,
              48.20465016817969
            ],
            [
              2.2129697960562233,
              48.206027984449804
            ],
            [
              2.207893846881317,
              48.20740580071992
            ],
            [
              2.207893846881317,
              48.20740580071992
            ],
            [
              2.200273182058497,
              48.20477071266088
            ],
            [
              2.1926525172356772,
              48.20213562460184
            ],
            [
              2.1850318524128576,
              48.1995005365428
            ],
            [
              2.177411187590038,
              48.196865448483756
            ],
            [
              2.169790522767219,
              48.19423036042473
            ],
            [
              2.1621698579444,
              48.19159527236569
            ],
            [
              2.1545491931215794,
              48.188960184306644
            ],
            [
              2.1469285282987607,
              48.18632509624761
            ],
            [
              2.1393078634759406,
              48.18369000818857
            ],
            [
              2.1316871986531205,
              48.18105492012953
            ],
            [
              2.1316871986531205,
              48.18105492012953
            ],
            [
              2.128420744783932,
              48.1801760188713
            ],
            [
              2.1251542909147423,
              48.17929711761307
            ],
            [
              2.121887837045554,
              48.17841821635484
            ],
            [
              2.1186213831763663,
              48.17753931509662
            ],
            [
              2.1153549293071774,
              48.17666041383839
            ],
            [
              2.112088475437988,
              48.175781512580166
            ],
            [
              2.108822021568799,
              48.17490261132193
            ],
            [
              2.1055555676996107,
              48.1740237100637
            ],
            [
              2.102289113830422,
              48.17314480880548
            ],
            [
              2.0990226599612334,
              48.172265907547256
            ],
            [
              2.0990226599612334,
              48.172265907547256
            ],
            [
              2.0905021683675797,
              48.1741449331513
            ],
            [
              2.081981676773927,
              48.176023958755344
            ],
            [
              2.0734611851802716,
              48.17790298435938
            ],
            [
              2.064940693586619,
              48.17978200996343
            ],
            [
              2.056420201992965,
              48.18166103556747
            ],
            [
              2.047899710399311,
              48.18354006117152
            ],
            [
              2.0393792188056583,
              48.18541908677556
            ],
            [
              2.0308587272120042,
              48.18729811237961
            ],
            [
              2.0223382356183497,
              48.189177137983656
            ],
            [
              2.0138177440246965,
              48.191056163587696
            ],
            [
              2.0138177440246965,
              48.191056163587696
            ],
            [
              2.0100152107681333,
              48.19418940327131
            ],
            [
              2.0062126775115696,
              48.19732264295492
            ],
            [
              2.002410144255006,
              48.200455882638536
            ],
            [
              1.9986076109984432,
              48.20358912232215
            ],
            [
              1.994805077741879,
              48.20672236200576
            ],
            [
              1.9910025444853168,
              48.20985560168938
            ],
            [
              1.9872000112287531,
              48.21298884137299
            ],
            [
              1.9833974779721895,
              48.21612208105661
            ],
            [
              1.9795949447156262,
              48.21925532074022
            ],
            [
              1.975792411459063,
              48.22238856042383
            ]
          ]
        ]
      }
    },
    {
      "type": "Feature",
      "properties": {
        "diocese": "Parisien",
        "province": "Senonen",
        "start": 1592,
        "end": 1622
      },
      "geometry": {
        "type": "Polygon",
        "coordinates": [
          [
            [
              2.847202676254495,
              48.69154852491117
            ],
            [
              2.8529011191794305,
              48.69570322681231
            ],
            [
              2.8585995621043705,
              48.69985792871346
            ],
            [
              2.864298005029306,
              48.704012630614606
            ],
            [
              2.8699964479542444,
              48.70816733251576
            ],
            [
              2.875694890879179,
              48.7123220344169
            ],
            [
              2.881393333804118,
              48.71647673631804
            ],
            [
              2.8870917767290547,
              48.720631438219186
            ],
            [
              2.8927902196539894,
              48.72478614012033
            ],
            [
              2.8984886625789286,
              48.72894084202147
            ],
            [
              2.904187105503865,
              48.733095543922616
            ],
            [
              2.904187105503865,
              48.733095543922616
            ],
            [
              2.8980391340687786,
              48.736994113649956
            ],
            [
              2.8918911626336894,
              48.74089268337728
            ],
            [
              2.885743191198603,
              48.744791253104616
            ],
            [
              2.8795952197635146,
              48.748689822831956
            ],
            [
              2.873447248328429,
              48.75258839255928
            ],
            [
              2.8672992768933407,
              48.75648696228661
            ],
            [
              2.861151305458254,
              48.76038553201395
            ],
            [
              2.8550033340231655,
              48.764284101741275
            ],
            [
              2.8488553625880786,
              48.768182671468615
            ],
            [
              2.842707391152992,
              48.77208124119595
            ],
            [
              2.842707391152992,
              48.77208124119595
            ],
            [
              2.840667826419381,
              48.778464479764
            ],
            [
              2.8386282616857694,
              48.78484771833206
            ],
            [
              2.8365886969521568,
              48.7912309569001
            ],
            [
              2.834549132218545,
              48.797614195468164
            ],
            [
              2.8325095674849328,
              48.80399743403622
            ],
            [
              2.8304700027513223,
              48.810380672604275
            ],
            [
              2.82843043801771,
              48.81676391117233
            ],
            [
              2.826390873284098,
              48.823147149740386
            ],
            [
              2.824351308550486,
              48.82953038830844
            ],
            [
              2.822311743816875,
              48.8359136268765
            ],
            [
              2.822311743816875,
              48.8359136268765
            ],
            [
              2.817571335954326,
              48.83821768297942
            ],
            [
              2.812830928091778,
              48.840521739082334
            ],
            [
              2.808090520229227,
              48.84282579518526
            ],
            [
              2.803350112366679,
              48.845129851288185
            ],
            [
              2.798609704504129,
              48.84743390739111
            ],
            [
              2.7938692966415783,
              48.849737963494036
            ],
            [
              2.78912888877903,
              48.85204201959696
            ],
            [
              2.7843884809164785,
              48.85434607569988
            ],
            [
              2.779648073053931,
              48.8566501318028
            ],
            [
              2.7749076651913813,
              48.85895418790573
            ],
            [
              2.7749076651913813,
              48.85895418790573
            ],
            [
              2.7678565099878267,
              48.86001638976334
            ],
            [
              2.760805354784268,
              48.86107859162096
            ],
            [
              2.7537541995807135,
              48.862140793478574
            ],
            [
              2.7467030443771567,
              48.86320299533619
            ],
            [
              2.7396518891736017,
              48.8642651971938
            ],
            [
              2.732600733970045,
              48.865327399051424
            ],
            [
              2.7255495787664885,
              48.86638960090903
            ],
            [
              2.7184984235629335,
              48.86745180276665
            ],
            [
              2.711447268359373,
              48.86851400462426
            ],
            [
              2.7043961131558185,
              48.86957620648189
            ],
            [
              2.7043961131558185,
              48.86957620648189
            ],
            [
              2.700171546271794,
              48.873387664748456
            ],
            [
              2.695946979387768,
              48.87719912301503
            ],
            [
              2.6917224125037413,
              48.88101058128161
            ],
            [
              2.6874978456197147,
              48.884822039548176
            ],
            [
              2.6832732787356908,
              48.88863349781476
            ],
            [
              2.6790487118516646,
              48.89244495608133
            ],
            [
              2.67482414496764,
              48.89625641434791
            ],
            [
              2.6705995780836136,
              48.90006787261448
            ],
            [
              2.666375011199588,
              48.903879330881054
            ],
            [
              2.662150444315563,
              48.90769078914763
            ],
            [
              2.662150444315563,
              48.90769078914763
            ],
            [
              2.6608728270166453,
              48.91017303636879
            ],
            [
              2.6595952097177267,
              48.912655283589956
            ],
            [
              2.658317592418807,
              48.915137530811116
            ],
            [
              2.6570399751198885,
              48.91761977803228
            ],
            [
              2.655762357820971,
              48.92010202525344
            ],
            [
              2.6544847405220504,
              48.92258427247461
            ],
            [
              2.6532071232231322,
              48.92506651969576
            ],
            [
              2.6519295059242123,
              48.92754876691692
            ],
            [
              2.6506518886252945,
              48.93003101413809
            ],
            [
              2.6493742713263777,
              48.93251326135925
            ],
            [
              2.6493742713263777,
              48.93251326135925
            ],
            [
              2.646166498600429,
              48.93162583163726
            ],
            [
              2.642958725874482,
              48.93073840191527
            ],
            [
              2.639750953148533,
              48.92985097219328
            ],
            [
              2.6365431804225854,
              48.928963542471294
            ],
            [
              2.6333354076966384,
              48.9280761127493
            ],
            [
              2.6301276349706915,
              48.92718868302731
            ],
            [
              2.6269198622447445,
              48.92630125330532
            ],
            [
              2.6237120895187958,
              48.925413823583334
            ],
            [
              2.620504316792849,
              48.92452639386134
            ],
            [
              2.6172965440669,
              48.92363896413936
            ],
            [
              2.6172965440669,
              48.92363896413936
            ],
            [
              2.613837175989795,
              48.925234037697045
            ],
            [
              2.610377807912691,
              48.926829111254726
            ],
            [
              2.606918439835586,
              48.92842418481242
            ],
            [
              2.6034590717584805,
              48.93001925837011
            ],
            [
              2.599999703681377,
              48.93161433192779
            ],
            [
              2.59654033560427,
              48.93320940548548
            ],
            [
              2.5930809675271647,
              48.93480447904317
            ],
            [
              2.5896215994500595,
              48.93639955260086
            ],
            [
              2.5861622313729558,
              48.93799462615855
            ],
            [
              2.5827028632958524,
              48.93958969971623
            ],
            [
              2.5827028632958524,
              48.93958969971623
            ],
            [
              2.58424481823967,
              48.941186021425914
            ],
            [
              2.585786773183489,
              48.94278234313561
            ],
            [
              2.5873287281273063,
              48.944378664845296
            ],
            [
              2.5888706830711254,
              48.94597498655499
            ],
            [
              2.5904126380149464,
              48.94757130826468
            ],
            [
              2.5919545929587637,
              48.94916762997436
            ],
            [
              2.593496547902584,
              48.95076395168405
            ],
            [
              2.5950385028464016,
              48.95236027339374
            ],
            [
              2.5965804577902207,
              48.953956595103435
            ],
            [
              2.59812241273404,
              48.95555291681312
            ],
            [
              2.59812241273404,
              48.95555291681312
            ],
            [
              2.5985110474844917,
              48.95759226254862
            ],
            [
              2.598899682234943,
              48.959631608284134
            ],
            [
              2.599288316985395,
              48.96167095401965
            ],
            [
              2.5996769517358485,
              48.963710299755164
            ],
            [
              2.6000655864863,
              48.96574964549068
            ],
            [
              2.6004542212367516,
              48.967788991226186
            ],
            [
              2.6008428559872034,
              48.96982833696169
            ],
            [
              2.6012314907376566,
              48.9718676826972
            ],
            [
              2.6016201254881084,
              48.97390702843272
            ],
            [
              2.60200876023856,
              48.97594637416823
            ],
            [
              2.60200876023856,
              48.97594637416823
            ],
            [
              2.598033985450175,
              48.97630003606432
            ],
            [
              2.5940592106617877,
              48.9766536979604
            ],
            [
              2.5900844358733996,
              48.97700735985648
            ],
            [
              2.5861096610850125,
              48.977361021752564
            ],
            [
              2.582134886296626,
              48.97771468364865
            ],
            [
              2.578160111508239,
              48.978068345544735
            ],
            [
              2.5741853367198524,
              48.97842200744081
            ],
            [
              2.5702105619314657,
              48.978775669336905
            ],
            [
              2.5662357871430785,
              48.97912933123298
            ],
            [
              2.5622610123546923,
              48.97948299312907
            ],
            [
              2.5622610123546923,
              48.97948299312907
            ],
            [
              2.560854990964279,
              48.981876544840595
            ],
            [
              2.5594489695738667,
              48.984270096552116
            ],
            [
              2.5580429481834535,
              48.98666364826363
            ],
            [
              2.556636926793041,
              48.98905719997515
            ],
            [
              2.555230905402628,
              48.99145075168667
            ],
            [
              2.5538248840122155,
              48.99384430339819
            ],
            [
              2.5524188626218027,
              48.99623785510971
            ],
            [
              2.55101284123139,
              48.99863140682123
            ],
            [
              2.5496068198409767,
              49.00102495853275
            ],
            [
              2.5482007984505644,
              49.003418510244266
            ],
            [
              2.5482007984505644,
              49.003418510244266
            ],
            [
              2.5505108613132648,
              49.004305721399206
            ],
            [
              2.5528209241759696,
              49.005192932554145
            ],
            [
              2.555130987038672,
              49.00608014370909
            ],
            [
              2.557441049901375,
              49.00696735486402
            ],
            [
              2.559751112764077,
              49.007854566018956
            ],
            [
              2.5620611756267815,
              49.0087417771739
            ],
            [
              2.564371238489484,
              49.00962898832883
            ],
            [
              2.5666813013521868,
              49.010516199483774
            ],
            [
              2.5689913642148894,
              49.011403410638714
            ],
            [
              2.571301427077592,
              49.012290621793646
            ],
            [
              2.571301427077592,
              49.012290621793646
            ],
            [
              2.5736135434174305,
              49.01424178409706
            ],
            [
              2.5759256597572713,
              49.01619294640047
            ],
            [
              2.578237776097114,
              49.01814410870389
            ],
            [
              2.580549892436952,
              49.02009527100731
            ],
            [
              2.5828620087767926,
              49.02204643331073
            ],
            [
              2.5851741251166316,
              49.02399759561414
            ],
            [
              2.58748624145647,
              49.025948757917554
            ],
            [
              2.5897983577963126,
              49.02789992022096
            ],
            [
              2.592110474136153,
              49.029851082524374
            ],
            [
              2.594422590475992,
              49.0318022448278
            ],
            [
              2.594422590475992,
              49.0318022448278
            ],
            [
              2.5989104682557933,
              49.0315373744485
            ],
            [
              2.603398346035593,
              49.03127250406919
            ],
            [
              2.607886223815395,
              49.03100763368988
            ],
            [
              2.6123741015951962,
              49.03074276331058
            ],
            [
              2.6168619793749976,
              49.03047789293127
            ],
            [
              2.6213498571547995,
              49.03021302255197
            ],
            [
              2.6258377349345974,
              49.02994815217266
            ],
            [
              2.6303256127144006,
              49.02968328179335
            ],
            [
              2.6348134904942024,
              49.02941841141405
            ],
            [
              2.639301368274004,
              49.029153541034745
            ],
            [
              2.639301368274004,
              49.029153541034745
            ],
            [
              2.6417523916534265,
              49.03106094500208
            ],
            [
              2.644203415032853,
              49.03296834896941
            ],
            [
              2.6466544384122788,
              49.03487575293675
            ],
            [
              2.6491054617917054,
              49.03678315690409
            ],
            [
              2.6515564851711297,
              49.03869056087142
            ],
            [
              2.654007508550554,
              49.04059796483876
            ],
            [
              2.656458531929979,
              49.042505368806104
            ],
            [
              2.6589095553094064,
              49.044412772773434
            ],
            [
              2.6613605786888312,
              49.04632017674077
            ],
            [
              2.663811602068257,
              49.0482275807081
            ],
            [
              2.663811602068257,
              49.0482275807081
            ],
            [
              2.665264970387797,
              49.04954400326277
            ],
            [
              2.6667183387073368,
              49.050860425817426
            ],
            [
              2.668171707026874,
              49.052176848372085
            ],
            [
              2.6696250753464157,
              49.05349327092675
            ],
            [
              2.6710784436659556,
              49.05480969348141
            ],
            [
              2.6725318119854964,
              49.05612611603607
            ],
            [
              2.6739851803050345,
              49.057442538590735
            ],
            [
              2.675438548624576,
              49.058758961145394
            ],
            [
              2.676891916944116,
              49.06007538370005
            ],
            [
              2.678345285263654,
              49.06139180625472
            ],
            [
              2.678345285263654,
              49.06139180625472
            ],
            [
              2.678620039578416,
              49.06283398653951
            ],
            [
              2.6788947938931753,
              49.064276166824314
            ],
            [
              2.6791695482079354,
              49.06571834710911
            ],
            [
              2.6794443025226964,
              49.06716052739391
            ],
            [
              2.6797190568374556,
              49.0686027076787
            ],
            [
              2.679993811152216,
              49.0700448879635
            ],
            [
              2.680268565466979,
              49.071487068248295
            ],
            [
              2.6805433197817377,
              49.072929248533086
            ],
            [
              2.680818074096497,
              49.07437142881789
            ],
            [
              2.681092828411258,
              49.07581360910268
            ],
            [
              2.681092828411258,
              49.07581360910268
            ],
            [
              2.668758996690294,
              49.07443144797166
            ],
            [
              2.6564251649693262,
              49.07304928684064
            ],
            [
              2.644091333248362,
              49.071667125709624
            ],
            [
              2.6317575015273964,
              49.070284964578605
            ],
            [
              2.6194236698064306,
              49.0689028034476
            ],
            [
              2.6070898380854635,
              49.06752064231657
            ],
            [
              2.5947560063644994,
              49.066138481185554
            ],
            [
              2.5824221746435336,
              49.064756320054535
            ],
            [
              2.570088342922568,
              49.063374158923516
            ],
            [
              2.557754511201602,
              49.0619919977925
            ],
            [
              2.557754511201602,
              49.0619919977925
            ],
            [
              2.5559411844240736,
              49.06230453367977
            ],
            [
              2.5541278576465447,
              49.06261706956703
            ],
            [
              2.5523145308690167,
              49.0629296054543
            ],
            [
              2.550501204091488,
              49.063242141341576
            ],
            [
              2.548687877313957,
              49.06355467722884
            ],
            [
              2.5468745505364283,
              49.06386721311611
            ],
            [
              2.5450612237588994,
              49.06417974900337
            ],
            [
              2.543247896981369,
              49.06449228489064
            ],
            [
              2.541434570203841,
              49.064804820777915
            ],
            [
              2.539621243426312,
              49.065117356665176
            ],
            [
              2.539621243426312,
              49.065117356665176
            ],
            [
              2.5370892231620017,
              49.06850195064271
            ],
            [
              2.534557202897688,
              49.07188654462025
            ],
            [
              2.532025182633376,
              49.07527113859778
            ],
            [
              2.5294931623690635,
              49.07865573257532
            ],
            [
              2.5269611421047533,
              49.08204032655285
            ],
            [
              2.5244291218404378,
              49.085424920530386
            ],
            [
              2.521897101576127,
              49.08880951450792
            ],
            [
              2.519365081311815,
              49.09219410848546
            ],
            [
              2.5168330610475014,
              49.09557870246298
            ],
            [
              2.5143010407831894,
              49.09896329644052
            ],
            [
              2.5143010407831894,
              49.09896329644052
            ],
            [
              2.5135786670416356,
              49.10090729137732
            ],
            [
              2.512856293300079,
              49.10285128631411
            ],
            [
              2.512133919558524,
              49.1047952812509
            ],
            [
              2.511411545816969,
              49.10673927618769
            ],
            [
              2.510689172075413,
              49.10868327112449
            ],
            [
              2.5099667983338585,
              49.110627266061286
            ],
            [
              2.5092444245923047,
              49.112571260998074
            ],
            [
              2.508522050850748,
              49.114515255934876
            ],
            [
              2.507799677109193,
              49.11645925087167
            ],
            [
              2.5070773033676397,
              49.11840324580846
            ],
            [
              2.5070773033676397,
              49.11840324580846
            ],
            [
              2.506626386500836,
              49.11934317602262
            ],
            [
              2.5061754696340355,
              49.12028310623678
            ],
            [
              2.505724552767236,
              49.12122303645094
            ],
            [
              2.5052736359004357,
              49.12216296666511
            ],
            [
              2.504822719033633,
              49.12310289687927
            ],
            [
              2.504371802166833,
              49.12404282709343
            ],
            [
              2.5039208853000328,
              49.1249827573076
            ],
            [
              2.503469968433231,
              49.12592268752176
            ],
            [
              2.503019051566431,
              49.126862617735924
            ],
            [
              2.5025681346996307,
              49.12780254795008
            ],
            [
              2.5025681346996307,
              49.12780254795008
            ],
            [
              2.4988497454387484,
              49.128114613870984
            ],
            [
              2.4951313561778674,
              49.128426679791886
            ],
            [
              2.491412966916985,
              49.12873874571278
            ],
            [
              2.487694577656104,
              49.12905081163368
            ],
            [
              2.4839761883952236,
              49.129362877554584
            ],
            [
              2.480257799134341,
              49.129674943475486
            ],
            [
              2.4765394098734603,
              49.12998700939638
            ],
            [
              2.4728210206125794,
              49.13029907531729
            ],
            [
              2.4691026313516966,
              49.130611141238184
            ],
            [
              2.465384242090816,
              49.13092320715909
            ],
            [
              2.465384242090816,
              49.13092320715909
            ],
            [
              2.4640211154940483,
              49.12910473815658
            ],
            [
              2.462657988897281,
              49.12728626915407
            ],
            [
              2.4612948623005164,
              49.12546780015156
            ],
            [
              2.4599317357037465,
              49.123649331149046
            ],
            [
              2.4585686091069783,
              49.12183086214653
            ],
            [
              2.4572054825102114,
              49.12001239314403
            ],
            [
              2.4558423559134472,
              49.118193924141515
            ],
            [
              2.454479229316678,
              49.116375455139
            ],
            [
              2.45311610271991,
              49.1145569861365
            ],
            [
              2.4517529761231454,
              49.112738517133984
            ],
            [
              2.4517529761231454,
              49.112738517133984
            ],
            [
              2.4464886870224283,
              49.11023006901254
            ],
            [
              2.441224397921711,
              49.107721620891105
            ],
            [
              2.435960108820994,
              49.10521317276966
            ],
            [
              2.430695819720279,
              49.10270472464822
            ],
            [
              2.4254315306195644,
              49.10019627652678
            ],
            [
              2.4201672415188473,
              49.097687828405334
            ],
            [
              2.4149029524181285,
              49.0951793802839
            ],
            [
              2.4096386633174136,
              49.09267093216246
            ],
            [
              2.4043743742166983,
              49.09016248404102
            ],
            [
              2.3991100851159812,
              49.08765403591958
            ],
            [
              2.3991100851159812,
              49.08765403591958
            ],
            [
              2.3953015422745767,
              49.087653085443
            ],
            [
              2.3914929994331704,
              49.087652134966426
            ],
            [
              2.387684456591764,
              49.08765118448986
            ],
            [
              2.3838759137503596,
              49.08765023401328
            ],
            [
              2.3800673709089533,
              49.087649283536706
            ],
            [
              2.37625882806755,
              49.08764833306014
            ],
            [
              2.3724502852261438,
              49.08764738258356
            ],
            [
              2.3686417423847375,
              49.087646432106986
            ],
            [
              2.3648331995433325,
              49.087645481630425
            ],
            [
              2.3610246567019266,
              49.08764453115385
            ],
            [
              2.3610246567019266,
              49.08764453115385
            ],
            [
              2.358571304859147,
              49.084571686903445
            ],
            [
              2.3561179530163674,
              49.08149884265304
            ],
            [
              2.353664601173589,
              49.07842599840264
            ],
            [
              2.351211249330809,
              49.07535315415224
            ],
            [
              2.3487578974880297,
              49.072280309901835
            ],
            [
              2.3463045456452485,
              49.06920746565143
            ],
            [
              2.3438511938024713,
              49.06613462140103
            ],
            [
              2.3413978419596915,
              49.06306177715062
            ],
            [
              2.3389444901169103,
              49.05998893290022
            ],
            [
              2.3364911382741327,
              49.05691608864982
            ],
            [
              2.3364911382741327,
              49.05691608864982
            ],
            [
              2.333045335168371,
              49.056727220150776
            ],
            [
              2.3295995320626086,
              49.056538351651724
            ],
            [
              2.326153728956846,
              49.05634948315267
            ],
            [
              2.3227079258510845,
              49.05616061465362
            ],
            [
              2.3192621227453203,
              49.05597174615457
            ],
            [
              2.31581631963956,
              49.055782877655524
            ],
            [
              2.3123705165337998,
              49.05559400915647
            ],
            [
              2.308924713428038,
              49.05540514065743
            ],
            [
              2.305478910322274,
              49.05521627215837
            ],
            [
              2.3020331072165114,
              49.055027403659324
            ],
            [
              2.3020331072165114,
              49.055027403659324
            ],
            [
              2.298499361220427,
              49.05653165667858
            ],
            [
              2.2949656152243443,
              49.05803590969785
            ],
            [
              2.2914318692282607,
              49.05954016271711
            ],
            [
              2.2878981232321762,
              49.061044415736376
            ],
            [
              2.2843643772360918,
              49.062548668755625
            ],
            [
              2.2808306312400073,
              49.06405292177489
            ],
            [
              2.277296885243923,
              49.06555717479416
            ],
            [
              2.2737631392478383,
              49.06706142781342
            ],
            [
              2.270229393251752,
              49.06856568083268
            ],
            [
              2.2666956472556694,
              49.07006993385194
            ],
            [
              2.2666956472556694,
              49.07006993385194
            ],
            [
              2.2624360568640993,
              49.07176094775447
            ],
            [
              2.2581764664725257,
              49.07345196165701
            ],
            [
              2.253916876080954,
              49.07514297555953
            ],
            [
              2.249657285689382,
              49.07683398946206
            ],
            [
              2.2453976952978105,
              49.07852500336459
            ],
            [
              2.2411381049062387,
              49.08021601726713
            ],
            [
              2.236878514514667,
              49.08190703116965
            ],
            [
              2.232618924123095,
              49.08359804507218
            ],
            [
              2.2283593337315213,
              49.08528905897471
            ],
            [
              2.2240997433399516,
              49.086980072877246
            ],
            [
              2.2240997433399516,
              49.086980072877246
            ],
            [
              2.2231895211632735,
              49.08447271137574
            ],
            [
              2.222279298986598,
              49.081965349874245
            ],
            [
              2.2213690768099204,
              49.07945798837275
            ],
            [
              2.220458854633243,
              49.07695062687125
            ],
            [
              2.219548632456567,
              49.07444326536975
            ],
            [
              2.2186384102798917,
              49.071935903868265
            ],
            [
              2.2177281881032136,
              49.069428542366765
            ],
            [
              2.216817965926538,
              49.066921180865265
            ],
            [
              2.2159077437498627,
              49.06441381936377
            ],
            [
              2.214997521573185,
              49.06190645786228
            ],
            [
              2.214997521573185,
              49.06190645786228
            ],
            [
              2.2129967702426483,
              49.05958576076239
            ],
            [
              2.210996018912111,
              49.0572650636625
            ],
            [
              2.2089952675815745,
              49.05494436656261
            ],
            [
              2.206994516251038,
              49.05262366946272
            ],
            [
              2.2049937649205007,
              49.05030297236283
            ],
            [
              2.202993013589966,
              49.047982275262946
            ],
            [
              2.200992262259429,
              49.045661578163056
            ],
            [
              2.1989915109288907,
              49.043340881063166
            ],
            [
              2.1969907595983535,
              49.041020183963276
            ],
            [
              2.1949900082678186,
              49.038699486863386
            ],
            [
              2.1949900082678186,
              49.038699486863386
            ],
            [
              2.189096904516218,
              49.038573030805736
            ],
            [
              2.1832038007646184,
              49.03844657474808
            ],
            [
              2.177310697013018,
              49.03832011869043
            ],
            [
              2.1714175932614173,
              49.038193662632764
            ],
            [
              2.1655244895098167,
              49.03806720657511
            ],
            [
              2.159631385758216,
              49.03794075051746
            ],
            [
              2.1537382820066164,
              49.03781429445981
            ],
            [
              2.147845178255016,
              49.03768783840215
            ],
            [
              2.1419520745034153,
              49.03756138234449
            ],
            [
              2.1360589707518156,
              49.037434926286835
            ],
            [
              2.1360589707518156,
              49.037434926286835
            ],
            [
              2.132515179976975,
              49.03373476105315
            ],
            [
              2.1289713892021354,
              49.03003459581946
            ],
            [
              2.125427598427294,
              49.026334430585756
            ],
            [
              2.121883807652454,
              49.02263426535207
            ],
            [
              2.1183400168776148,
              49.01893410011838
            ],
            [
              2.1147962261027735,
              49.01523393488469
            ],
            [
              2.1112524353279336,
              49.01153376965099
            ],
            [
              2.107708644553093,
              49.0078336044173
            ],
            [
              2.1041648537782534,
              49.00413343918361
            ],
            [
              2.100621063003413,
              49.00043327394991
            ],
            [
              2.100621063003413,
              49.00043327394991
            ],
            [
              2.096906660548365,
              49.0019994440323
            ],
            [
              2.093192258093319,
              49.0035656141147
            ],
            [
              2.0894778556382727,
              49.005131784197076
            ],
            [
              2.085763453183226,
              49.00669795427947
            ],
            [
              2.0820490507281795,
              49.008264124361844
            ],
            [
              2.078334648273133,
              49.00983029444424
            ],
            [
              2.074620245818086,
              49.01139646452662
            ],
            [
              2.07090584336304,
              49.01296263460901
            ],
            [
              2.0671914409079934,
              49.014528804691395
            ],
            [
              2.063477038452947,
              49.016094974773786
            ],
            [
              2.063477038452947,
              49.016094974773786
            ],
            [
              2.0620248961900374,
              49.01540560137369
            ],
            [
              2.0605727539271266,
              49.01471622797361
            ],
            [
              2.0591206116642167,
              49.01402685457351
            ],
            [
              2.057668469401307,
              49.013337481173416
            ],
            [
              2.0562163271383964,
              49.01264810777333
            ],
            [
              2.054764184875488,
              49.01195873437324
            ],
            [
              2.053312042612578,
              49.011269360973145
            ],
            [
              2.0518599003496676,
              49.01057998757306
            ],
            [
              2.050407758086758,
              49.00989061417297
            ],
            [
              2.0489556158238478,
              49.00920124077287
            ],
            [
              2.0489556158238478,
              49.00920124077287
            ],
            [
              2.050674246514785,
              49.00707055243816
            ],
            [
              2.0523928772057247,
              49.004939864103434
            ],
            [
              2.0541115078966636,
              49.002809175768704
            ],
            [
              2.0558301385876026,
              49.00067848743398
            ],
            [
              2.0575487692785406,
              48.998547799099256
            ],
            [
              2.0592673999694795,
              48.996417110764526
            ],
            [
              2.0609860306604184,
              48.9942864224298
            ],
            [
              2.0627046613513564,
              48.99215573409508
            ],
            [
              2.0644232920422962,
              48.990025045760355
            ],
            [
              2.066141922733235,
              48.98789435742563
            ],
            [
              2.066141922733235,
              48.98789435742563
            ],
            [
              2.067769033123927,
              48.98557456571075
            ],
            [
              2.06939614351462,
              48.98325477399586
            ],
            [
              2.0710232539053117,
              48.98093498228098
            ],
            [
              2.072650364296005,
              48.978615190566096
            ],
            [
              2.074277474686697,
              48.97629539885121
            ],
            [
              2.075904585077389,
              48.973975607136325
            ],
            [
              2.077531695468083,
              48.97165581542144
            ],
            [
              2.079158805858776,
              48.96933602370655
            ],
            [
              2.0807859162494693,
              48.96701623199167
            ],
            [
              2.0824130266401615,
              48.96469644027679
            ],
            [
              2.0824130266401615,
              48.96469644027679
            ],
            [
              2.0917953046581608,
              48.96421487099761
            ],
            [
              2.101177582676161,
              48.96373330171842
            ],
            [
              2.1105598606941602,
              48.96325173243924
            ],
            [
              2.1199421387121617,
              48.96277016316006
            ],
            [
              2.129324416730162,
              48.96228859388087
            ],
            [
              2.1387066947481617,
              48.96180702460169
            ],
            [
              2.148088972766162,
              48.9613254553225
            ],
            [
              2.1574712507841616,
              48.96084388604332
            ],
            [
              2.166853528802162,
              48.96036231676414
            ],
            [
              2.1762358068201624,
              48.95988074748495
            ],
            [
              2.1762358068201624,
              48.95988074748495
            ],
            [
              2.176232555458491,
              48.95819614631629
            ],
            [
              2.1762293040968195,
              48.95651154514762
            ],
            [
              2.176226052735147,
              48.95482694397896
            ],
            [
              2.1762228013734757,
              48.953142342810295
            ],
            [
              2.1762195500118033,
              48.951457741641626
            ],
            [
              2.1762162986501323,
              48.94977314047297
            ],
            [
              2.176213047288461,
              48.9480885393043
            ],
            [
              2.1762097959267885,
              48.946403938135646
            ],
            [
              2.176206544565117,
              48.944719336966976
            ],
            [
              2.176203293203446,
              48.943034735798314
            ],
            [
              2.176203293203446,
              48.943034735798314
            ],
            [
              2.172608425840177,
              48.94090592643684
            ],
            [
              2.1690135584769066,
              48.93877711707537
            ],
            [
              2.1654186911136386,
              48.936648307713895
            ],
            [
              2.161823823750369,
              48.93451949835242
            ],
            [
              2.1582289563871,
              48.93239068899095
            ],
            [
              2.154634089023832,
              48.930261879629484
            ],
            [
              2.1510392216605614,
              48.928133070268004
            ],
            [
              2.1474443542972925,
              48.92600426090654
            ],
            [
              2.1438494869340237,
              48.923875451545065
            ],
            [
              2.140254619570755,
              48.92174664218359
            ],
            [
              2.140254619570755,
              48.92174664218359
            ],
            [
              2.1338295939982146,
              48.91500664276655
            ],
            [
              2.1274045684256753,
              48.908266643349506
            ],
            [
              2.1209795428531355,
              48.90152664393246
            ],
            [
              2.1145545172805966,
              48.89478664451543
            ],
            [
              2.1081294917080564,
              48.888046645098385
            ],
            [
              2.101704466135516,
              48.88130664568135
            ],
            [
              2.0952794405629778,
              48.874566646264306
            ],
            [
              2.0888544149904376,
              48.86782664684726
            ],
            [
              2.082429389417899,
              48.86108664743022
            ],
            [
              2.0760043638453585,
              48.854346648013184
            ],
            [
              2.0760043638453585,
              48.854346648013184
            ],
            [
              2.068693638728952,
              48.853812842729376
            ],
            [
              2.0613829136125466,
              48.85327903744556
            ],
            [
              2.0540721884961393,
              48.85274523216175
            ],
            [
              2.046761463379733,
              48.85221142687794
            ],
            [
              2.039450738263328,
              48.85167762159414
            ],
            [
              2.0321400131469214,
              48.85114381631034
            ],
            [
              2.024829288030515,
              48.85061001102653
            ],
            [
              2.0175185629141077,
              48.85007620574272
            ],
            [
              2.010207837797702,
              48.84954240045891
            ],
            [
              2.0028971126812958,
              48.84900859517511
            ],
            [
              2.0028971126812958,
              48.84900859517511
            ],
            [
              2.003016112848215,
              48.84422081419526
            ],
            [
              2.003135113015135,
              48.839433033215414
            ],
            [
              2.003254113182054,
              48.83464525223557
            ],
            [
              2.003373113348973,
              48.829857471255714
            ],
            [
              2.0034921135158927,
              48.825069690275875
            ],
            [
              2.0036111136828123,
              48.82028190929602
            ],
            [
              2.00373011384973,
              48.815494128316175
            ],
            [
              2.0038491140166506,
              48.81070634733633
            ],
            [
              2.0039681141835692,
              48.80591856635649
            ],
            [
              2.004087114350489,
              48.801130785376635
            ],
            [
              2.004087114350489,
              48.801130785376635
            ],
            [
              2.006650375963336,
              48.80033345936372
            ],
            [
              2.0092136375761833,
              48.799536133350806
            ],
            [
              2.0117768991890306,
              48.798738807337884
            ],
            [
              2.014340160801878,
              48.79794148132496
            ],
            [
              2.016903422414725,
              48.79714415531205
            ],
            [
              2.019466684027572,
              48.79634682929913
            ],
            [
              2.0220299456404187,
              48.79554950328622
            ],
            [
              2.024593207253267,
              48.7947521772733
            ],
            [
              2.027156468866114,
              48.79395485126039
            ],
            [
              2.0297197304789614,
              48.79315752524747
            ],
            [
              2.0297197304789614,
              48.79315752524747
            ],
            [
              2.031905464582628,
              48.796083954120505
            ],
            [
              2.0340911986862946,
              48.79901038299354
            ],
            [
              2.036276932789962,
              48.80193681186658
            ],
            [
              2.038462666893628,
              48.80486324073962
            ],
            [
              2.0406484009972945,
              48.80778966961265
            ],
            [
              2.042834135100961,
              48.81071609848569
            ],
            [
              2.045019869204627,
              48.81364252735873
            ],
            [
              2.0472056033082944,
              48.81656895623177
            ],
            [
              2.049391337411961,
              48.8194953851048
            ],
            [
              2.0515770715156276,
              48.82242181397784
            ],
            [
              2.0515770715156276,
              48.82242181397784
            ],
            [
              2.0558084912728796,
              48.82215687959575
            ],
            [
              2.060039911030134,
              48.821891945213665
            ],
            [
              2.064271330787386,
              48.82162701083158
            ],
            [
              2.06850275054464,
              48.82136207644948
            ],
            [
              2.0727341703018918,
              48.821097142067394
            ],
            [
              2.0769655900591455,
              48.82083220768531
            ],
            [
              2.0811970098163983,
              48.820567273303226
            ],
            [
              2.0854284295736516,
              48.820302338921124
            ],
            [
              2.089659849330905,
              48.82003740453904
            ],
            [
              2.0938912690881577,
              48.819772470156956
            ],
            [
              2.0938912690881577,
              48.819772470156956
            ],
            [
              2.0926030500012422,
              48.81675760180712
            ],
            [
              2.0913148309143264,
              48.813742733457296
            ],
            [
              2.0900266118274105,
              48.81072786510747
            ],
            [
              2.088738392740495,
              48.80771299675763
            ],
            [
              2.087450173653578,
              48.80469812840781
            ],
            [
              2.0861619545666614,
              48.80168326005798
            ],
            [
              2.084873735479746,
              48.79866839170815
            ],
            [
              2.08358551639283,
              48.79565352335832
            ],
            [
              2.082297297305914,
              48.79263865500849
            ],
            [
              2.0810090782189987,
              48.78962378665866
            ],
            [
              2.0810090782189987,
              48.78962378665866
            ],
            [
              2.0780538988510995,
              48.786697165759506
            ],
            [
              2.0750987194832002,
              48.783770544860346
            ],
            [
              2.0721435401153006,
              48.7808439239612
            ],
            [
              2.0691883607474018,
              48.77791730306204
            ],
            [
              2.0662331813795016,
              48.77499068216288
            ],
            [
              2.0632780020116033,
              48.77206406126373
            ],
            [
              2.0603228226437036,
              48.76913744036457
            ],
            [
              2.0573676432758052,
              48.766210819465414
            ],
            [
              2.0544124639079047,
              48.76328419856626
            ],
            [
              2.0514572845400063,
              48.7603575776671
            ],
            [
              2.0514572845400063,
              48.7603575776671
            ],
            [
              2.040296782072202,
              48.75849287058639
            ],
            [
              2.029136279604397,
              48.75662816350567
            ],
            [
              2.0179757771365927,
              48.75476345642495
            ],
            [
              2.006815274668788,
              48.75289874934424
            ],
            [
              1.995654772200984,
              48.75103404226351
            ],
            [
              1.98449426973318,
              48.7491693351828
            ],
            [
              1.9733337672653746,
              48.74730462810208
            ],
            [
              1.96217326479757,
              48.745439921021365
            ],
            [
              1.951012762329766,
              48.74357521394065
            ],
            [
              1.9398522598619619,
              48.74171050685993
            ],
            [
              1.9398522598619619,
              48.74171050685993
            ],
            [
              1.9376670436603591,
              48.73825316385003
            ],
            [
              1.9354818274587573,
              48.73479582084013
            ],
            [
              1.933296611257156,
              48.73133847783023
            ],
            [
              1.931111395055555,
              48.727881134820315
            ],
            [
              1.9289261788539531,
              48.724423791810416
            ],
            [
              1.9267409626523526,
              48.72096644880052
            ],
            [
              1.9245557464507503,
              48.71750910579061
            ],
            [
              1.922370530249148,
              48.714051762780706
            ],
            [
              1.9201853140475467,
              48.71059441977081
            ],
            [
              1.9180000978459453,
              48.70713707676091
            ],
            [
              1.9180000978459453,
              48.70713707676091
            ],
            [
              1.9176109259887353,
              48.704831740497674
            ],
            [
              1.9172217541315244,
              48.702526404234455
            ],
            [
              1.916832582274314,
              48.70022106797123
            ],
            [
              1.9164434104171035,
              48.697915731708
            ],
            [
              1.9160542385598918,
              48.69561039544478
            ],
            [
              1.9156650667026809,
              48.693305059181554
            ],
            [
              1.9152758948454705,
              48.69099972291833
            ],
            [
              1.91488672298826,
              48.68869438665511
            ],
            [
              1.9144975511310496,
              48.68638905039188
            ],
            [
              1.9141083792738396,
              48.68408371412866
            ],
            [
              1.9141083792738396,
              48.68408371412866
            ],
            [
              1.909738108940485,
              48.678851500933426
            ],
            [
              1.90536783860713,
              48.6736192877382
            ],
            [
              1.9009975682737754,
              48.66838707454297
            ],
            [
              1.8966272979404208,
              48.66315486134774
            ],
            [
              1.8922570276070672,
              48.657922648152514
            ],
            [
              1.887886757273713,
              48.65269043495727
            ],
            [
              1.8835164869403576,
              48.647458221762044
            ],
            [
              1.8791462166070034,
              48.642226008566816
            ],
            [
              1.874775946273648,
              48.63699379537158
            ],
            [
              1.8704056759402943,
              48.63176158217635
            ],
            [
              1.8704056759402943,
              48.63176158217635
            ],
            [
              1.8709117944767315,
              48.62821518084191
            ],
            [
              1.8714179130131687,
              48.62466877950747
            ],
            [
              1.8719240315496046,
              48.62112237817303
            ],
            [
              1.8724301500860414,
              48.61757597683859
            ],
            [
              1.8729362686224795,
              48.61402957550414
            ],
            [
              1.8734423871589168,
              48.6104831741697
            ],
            [
              1.8739485056953535,
              48.60693677283526
            ],
            [
              1.8744546242317903,
              48.60339037150082
            ],
            [
              1.8749607427682276,
              48.599843970166376
            ],
            [
              1.8754668613046626,
              48.596297568831936
            ],
            [
              1.8754668613046626,
              48.596297568831936
            ],
            [
              1.8799537360780927,
              48.59550072288431
            ],
            [
              1.8844406108515215,
              48.59470387693669
            ],
            [
              1.8889274856249498,
              48.59390703098907
            ],
            [
              1.893414360398379,
              48.59311018504145
            ],
            [
              1.8979012351718079,
              48.59231333909383
            ],
            [
              1.9023881099452358,
              48.59151649314621
            ],
            [
              1.9068749847186641,
              48.59071964719858
            ],
            [
              1.9113618594920934,
              48.58992280125097
            ],
            [
              1.915848734265523,
              48.589125955303345
            ],
            [
              1.9203356090389518,
              48.58832910935572
            ],
            [
              1.9203356090389518,
              48.58832910935572
            ],
            [
              1.9236684845612655,
              48.58841860458724
            ],
            [
              1.9270013600835783,
              48.58850809981876
            ],
            [
              1.930334235605892,
              48.588597595050274
            ],
            [
              1.9336671111282056,
              48.5886870902818
            ],
            [
              1.9369999866505192,
              48.588776585513315
            ],
            [
              1.9403328621728333,
              48.58886608074483
            ],
            [
              1.9436657376951474,
              48.58895557597635
            ],
            [
              1.9469986132174606,
              48.58904507120786
            ],
            [
              1.9503314887397738,
              48.58913456643938
            ],
            [
              1.953664364262088,
              48.5892240616709
            ],
            [
              1.953664364262088,
              48.5892240616709
            ],
            [
              1.9555925898618844,
              48.591618445491655
            ],
            [
              1.9575208154616823,
              48.594012829312405
            ],
            [
              1.959449041061481,
              48.596407213133155
            ],
            [
              1.9613772666612799,
              48.5988015969539
            ],
            [
              1.9633054922610778,
              48.601195980774655
            ],
            [
              1.9652337178608743,
              48.603590364595405
            ],
            [
              1.9671619434606722,
              48.605984748416155
            ],
            [
              1.9690901690604705,
              48.6083791322369
            ],
            [
              1.9710183946602684,
              48.61077351605765
            ],
            [
              1.9729466202600663,
              48.61316789987841
            ],
            [
              1.9729466202600663,
              48.61316789987841
            ],
            [
              1.9762806961254218,
              48.613080068480365
            ],
            [
              1.979614771990779,
              48.61299223708234
            ],
            [
              1.982948847856136,
              48.612904405684304
            ],
            [
              1.9862829237214927,
              48.61281657428628
            ],
            [
              1.9896169995868482,
              48.61272874288824
            ],
            [
              1.9929510754522046,
              48.6126409114902
            ],
            [
              1.996285151317561,
              48.61255308009217
            ],
            [
              1.9996192271829183,
              48.61246524869414
            ],
            [
              2.0029533030482756,
              48.612377417296116
            ],
            [
              2.006287378913631,
              48.612289585898075
            ],
            [
              2.006287378913631,
              48.612289585898075
            ],
            [
              2.0084650701808235,
              48.61104884633776
            ],
            [
              2.010642761448015,
              48.609808106777436
            ],
            [
              2.0128204527152094,
              48.60856736721712
            ],
            [
              2.014998143982401,
              48.6073266276568
            ],
            [
              2.017175835249594,
              48.60608588809648
            ],
            [
              2.019353526516786,
              48.604845148536164
            ],
            [
              2.0215312177839775,
              48.60360440897584
            ],
            [
              2.0237089090511713,
              48.602363669415524
            ],
            [
              2.0258866003183638,
              48.60112292985521
            ],
            [
              2.028064291585556,
              48.599882190294885
            ],
            [
              2.028064291585556,
              48.599882190294885
            ],
            [
              2.042931645506755,
              48.595452743836795
            ],
            [
              2.057798999427955,
              48.591023297378705
            ],
            [
              2.0726663533491547,
              48.58659385092061
            ],
            [
              2.087533707270354,
              48.582164404462524
            ],
            [
              2.102401061191553,
              48.577734958004434
            ],
            [
              2.117268415112753,
              48.57330551154634
            ],
            [
              2.1321357690339533,
              48.56887606508825
            ],
            [
              2.147003122955152,
              48.56444661863016
            ],
            [
              2.1618704768763513,
              48.56001717217207
            ],
            [
              2.1767378307975513,
              48.55558772571398
            ],
            [
              2.1767378307975513,
              48.55558772571398
            ],
            [
              2.174039988808668,
              48.55310448635984
            ],
            [
              2.171342146819782,
              48.55062124700571
            ],
            [
              2.1686443048308974,
              48.54813800765158
            ],
            [
              2.1659464628420135,
              48.545654768297446
            ],
            [
              2.163248620853129,
              48.54317152894332
            ],
            [
              2.1605507788642444,
              48.54068828958918
            ],
            [
              2.15785293687536,
              48.53820505023505
            ],
            [
              2.155155094886475,
              48.535721810880915
            ],
            [
              2.1524572528975914,
              48.53323857152679
            ],
            [
              2.1497594109087057,
              48.53075533217265
            ],
            [
              2.1497594109087057,
              48.53075533217265
            ],
            [
              2.1501910435436264,
              48.528636070790576
            ],
            [
              2.1506226761785467,
              48.5265168094085
            ],
            [
              2.151054308813468,
              48.52439754802643
            ],
            [
              2.151485941448388,
              48.52227828664435
            ],
            [
              2.151917574083308,
              48.520159025262274
            ],
            [
              2.152349206718229,
              48.518039763880196
            ],
            [
              2.1527808393531487,
              48.515920502498126
            ],
            [
              2.1532124719880703,
              48.51380124111605
            ],
            [
              2.1536441046229897,
              48.51168197973397
            ],
            [
              2.15407573725791,
              48.509562718351894
            ],
            [
              2.15407573725791,
              48.509562718351894
            ],
            [
              2.1558886220518008,
              48.509062168335596
            ],
            [
              2.1577015068456924,
              48.5085616183193
            ],
            [
              2.1595143916395827,
              48.508061068303
            ],
            [
              2.161327276433474,
              48.507560518286695
            ],
            [
              2.1631401612273637,
              48.5070599682704
            ],
            [
              2.1649530460212554,
              48.5065594182541
            ],
            [
              2.1667659308151466,
              48.5060588682378
            ],
            [
              2.168578815609037,
              48.505558318221496
            ],
            [
              2.1703917004029276,
              48.5050577682052
            ],
            [
              2.1722045851968175,
              48.50455721818889
            ],
            [
              2.1722045851968175,
              48.50455721818889
            ],
            [
              2.1751023697713037,
              48.50255180400858
            ],
            [
              2.1780001543457894,
              48.50054638982827
            ],
            [
              2.180897938920275,
              48.49854097564796
            ],
            [
              2.1837957234947605,
              48.49653556146765
            ],
            [
              2.186693508069245,
              48.49453014728734
            ],
            [
              2.18959129264373,
              48.492524733107025
            ],
            [
              2.1924890772182164,
              48.490519318926715
            ],
            [
              2.1953868617927004,
              48.488513904746405
            ],
            [
              2.198284646367186,
              48.486508490566095
            ],
            [
              2.2011824309416714,
              48.48450307638579
            ],
            [
              2.2011824309416714,
              48.48450307638579
            ],
            [
              2.2059001164079537,
              48.48563230504829
            ],
            [
              2.210617801874236,
              48.4867615337108
            ],
            [
              2.2153354873405164,
              48.487890762373304
            ],
            [
              2.2200531728067987,
              48.48901999103581
            ],
            [
              2.224770858273081,
              48.49014921969832
            ],
            [
              2.229488543739363,
              48.491278448360816
            ],
            [
              2.2342062292056455,
              48.49240767702332
            ],
            [
              2.2389239146719255,
              48.493536905685836
            ],
            [
              2.243641600138208,
              48.49466613434835
            ],
            [
              2.24835928560449,
              48.495795363010856
            ],
            [
              2.24835928560449,
              48.495795363010856
            ],
            [
              2.261964154385566,
              48.49767991578573
            ],
            [
              2.275569023166642,
              48.499564468560614
            ],
            [
              2.2891738919477183,
              48.50144902133549
            ],
            [
              2.302778760728794,
              48.50333357411037
            ],
            [
              2.3163836295098683,
              48.505218126885254
            ],
            [
              2.3299884982909442,
              48.507102679660136
            ],
            [
              2.3435933670720206,
              48.50898723243501
            ],
            [
              2.3571982358530965,
              48.5108717852099
            ],
            [
              2.3708031046341707,
              48.51275633798478
            ],
            [
              2.3844079734152483,
              48.51464089075966
            ],
            [
              2.3844079734152483,
              48.51464089075966
            ],
            [
              2.3952880739509124,
              48.514518620696066
            ],
            [
              2.406168174486577,
              48.51439635063248
            ],
            [
              2.4170482750222413,
              48.51427408056889
            ],
            [
              2.427928375557905,
              48.5141518105053
            ],
            [
              2.4388084760935698,
              48.514029540441705
            ],
            [
              2.449688576629234,
              48.51390727037812
            ],
            [
              2.4605686771648982,
              48.51378500031453
            ],
            [
              2.4714487777005605,
              48.513662730250935
            ],
            [
              2.482328878236228,
              48.51354046018735
            ],
            [
              2.4932089787718907,
              48.51341819012376
            ],
            [
              2.4932089787718907,
              48.51341819012376
            ],
            [
              2.49448340119274,
              48.51567461076684
            ],
            [
              2.4957578236135936,
              48.51793103140993
            ],
            [
              2.497032246034441,
              48.520187452053015
            ],
            [
              2.498306668455291,
              48.5224438726961
            ],
            [
              2.4995810908761418,
              48.52470029333919
            ],
            [
              2.5008555132969934,
              48.52695671398227
            ],
            [
              2.502129935717845,
              48.52921313462536
            ],
            [
              2.503404358138693,
              48.531469555268444
            ],
            [
              2.504678780559542,
              48.53372597591152
            ],
            [
              2.5059532029803955,
              48.53598239655461
            ],
            [
              2.5059532029803955,
              48.53598239655461
            ],
            [
              2.5084990183400704,
              48.53974534139897
            ],
            [
              2.511044833699749,
              48.54350828624333
            ],
            [
              2.5135906490594238,
              48.54727123108769
            ],
            [
              2.5161364644191004,
              48.55103417593204
            ],
            [
              2.518682279778777,
              48.5547971207764
            ],
            [
              2.521228095138454,
              48.55856006562075
            ],
            [
              2.5237739104981283,
              48.56232301046511
            ],
            [
              2.5263197258578067,
              48.56608595530946
            ],
            [
              2.5288655412174834,
              48.56984890015382
            ],
            [
              2.5314113565771605,
              48.573611844998176
            ],
            [
              2.5314113565771605,
              48.573611844998176
            ],
            [
              2.5453809415326885,
              48.576373502870396
            ],
            [
              2.5593505264882204,
              48.579135160742624
            ],
            [
              2.5733201114437523,
              48.58189681861484
            ],
            [
              2.58728969639928,
              48.58465847648706
            ],
            [
              2.6012592813548117,
              48.58742013435928
            ],
            [
              2.6152288663103436,
              48.5901817922315
            ],
            [
              2.6291984512658737,
              48.59294345010371
            ],
            [
              2.6431680362214034,
              48.59570510797593
            ],
            [
              2.657137621176933,
              48.598466765848165
            ],
            [
              2.671107206132465,
              48.60122842372038
            ],
            [
              2.671107206132465,
              48.60122842372038
            ],
            [
              2.6752771568259104,
              48.60035137832373
            ],
            [
              2.679447107519356,
              48.59947433292707
            ],
            [
              2.6836170582128043,
              48.598597287530424
            ],
            [
              2.687787008906248,
              48.597720242133775
            ],
            [
              2.6919569595996955,
              48.596843196737126
            ],
            [
              2.6961269102931413,
              48.59596615134048
            ],
            [
              2.700296860986589,
              48.59508910594382
            ],
            [
              2.7044668116800348,
              48.59421206054718
            ],
            [
              2.708636762373479,
              48.59333501515052
            ],
            [
              2.7128067130669264,
              48.59245796975388
            ],
            [
              2.7128067130669264,
              48.59245796975388
            ],
            [
              2.7146208872138597,
              48.59258447437728
            ],
            [
              2.716435061360792,
              48.592710979000685
            ],
            [
              2.718249235507726,
              48.592837483624095
            ],
            [
              2.7200634096546596,
              48.592963988247504
            ],
            [
              2.7218775838015934,
              48.59309049287091
            ],
            [
              2.723691757948527,
              48.593216997494316
            ],
            [
              2.725505932095459,
              48.59334350211772
            ],
            [
              2.727320106242391,
              48.593470006741136
            ],
            [
              2.729134280389325,
              48.593596511364545
            ],
            [
              2.7309484545362586,
              48.59372301598794
            ],
            [
              2.7309484545362586,
              48.59372301598794
            ],
            [
              2.735672189130486,
              48.59798642935117
            ],
            [
              2.7403959237247153,
              48.602249842714386
            ],
            [
              2.7451196583189437,
              48.60651325607761
            ],
            [
              2.749843392913171,
              48.61077666944083
            ],
            [
              2.7545671275074004,
              48.61504008280406
            ],
            [
              2.7592908621016283,
              48.61930349616728
            ],
            [
              2.764014596695856,
              48.6235669095305
            ],
            [
              2.7687383312900837,
              48.62783032289372
            ],
            [
              2.773462065884311,
              48.63209373625695
            ],
            [
              2.7781858004785405,
              48.63635714962017
            ],
            [
              2.7781858004785405,
              48.63635714962017
            ],
            [
              2.7752931772010307,
              48.640995756770565
            ],
            [
              2.772400553923522,
              48.645634363920955
            ],
            [
              2.769507930646012,
              48.650272971071345
            ],
            [
              2.7666153073685034,
              48.654911578221736
            ],
            [
              2.7637226840909936,
              48.65955018537213
            ],
            [
              2.760830060813484,
              48.66418879252252
            ],
            [
              2.7579374375359746,
              48.66882739967292
            ],
            [
              2.755044814258465,
              48.67346600682331
            ],
            [
              2.7521521909809556,
              48.67810461397371
            ],
            [
              2.7492595677034464,
              48.682743221124106
            ],
            [
              2.7492595677034464,
              48.682743221124106
            ],
            [
              2.7517964289295325,
              48.681866834687746
            ],
            [
              2.7543332901556217,
              48.680990448251386
            ],
            [
              2.7568701513817078,
              48.680114061815026
            ],
            [
              2.7594070126077956,
              48.679237675378666
            ],
            [
              2.7619438738338835,
              48.67836128894231
            ],
            [
              2.7644807350599714,
              48.67748490250595
            ],
            [
              2.7670175962860575,
              48.67660851606959
            ],
            [
              2.7695544575121454,
              48.675732129633225
            ],
            [
              2.7720913187382332,
              48.67485574319687
            ],
            [
              2.774628179964323,
              48.67397935676051
            ],
            [
              2.774628179964323,
              48.67397935676051
            ],
            [
              2.778611916339925,
              48.67109612752733
            ],
            [
              2.78259565271553,
              48.66821289829414
            ],
            [
              2.7865793890911363,
              48.66532966906096
            ],
            [
              2.7905631254667393,
              48.662446439827775
            ],
            [
              2.7945468618423455,
              48.65956321059459
            ],
            [
              2.798530598217948,
              48.65667998136141
            ],
            [
              2.802514334593553,
              48.653796752128216
            ],
            [
              2.8064980709691576,
              48.65091352289503
            ],
            [
              2.810481807344762,
              48.648030293661854
            ],
            [
              2.814465543720367,
              48.64514706442867
            ],
            [
              2.814465543720367,
              48.64514706442867
            ],
            [
              2.81773925697378,
              48.649787210476916
            ],
            [
              2.8210129702271916,
              48.65442735652517
            ],
            [
              2.824286683480605,
              48.659067502573414
            ],
            [
              2.8275603967340186,
              48.66370764862167
            ],
            [
              2.8308341099874323,
              48.66834779466991
            ],
            [
              2.834107823240845,
              48.67298794071817
            ],
            [
              2.837381536494257,
              48.67762808676642
            ],
            [
              2.8406552497476705,
              48.68226823281467
            ],
            [
              2.843928963001082,
              48.68690837886292
            ],
            [
              2.847202676254495,
              48.69154852491117
            ]
          ]
        ]
      }
    },
    {
      "type": "Feature",
      "properties": {
        "diocese": "Parisien",
        "province": "Senonen",
        "start": 1592,
        "end": 1622
      },
      "geometry": {
        "type": "Polygon",
        "coordinates": [
          [
            [
              2.841556022912703,
              48.58622409736611
            ],
            [
              2.837927621267791,
              48.58553357375254
            ],
            [
              2.8342992196228773,
              48.584843050138964
            ],
            [
              2.83067081797796,
              48.584152526525386
            ],
            [
              2.8270424163330463,
              48.58346200291181
            ],
            [
              2.82341401468813,
              48.58277147929823
            ],
            [
              2.819785613043216,
              48.58208095568465
            ],
            [
              2.8161572113983024,
              48.581390432071075
            ],
            [
              2.812528809753385,
              48.5806999084575
            ],
            [
              2.8089004081084714,
              48.58000938484392
            ],
            [
              2.8052720064635555,
              48.57931886123035
            ],
            [
              2.8052720064635555,
              48.57931886123035
            ],
            [
              2.804182554272258,
              48.578628971248065
            ],
            [
              2.8030931020809584,
              48.577939081265804
            ],
            [
              2.802003649889663,
              48.57724919128353
            ],
            [
              2.8009141976983636,
              48.57655930130126
            ],
            [
              2.7998247455070664,
              48.57586941131898
            ],
            [
              2.7987352933157683,
              48.57517952133672
            ],
            [
              2.7976458411244693,
              48.574489631354446
            ],
            [
              2.7965563889331713,
              48.57379974137218
            ],
            [
              2.7954669367418705,
              48.5731098513899
            ],
            [
              2.794377484550573,
              48.57241996140764
            ],
            [
              2.794377484550573,
              48.57241996140764
            ],
            [
              2.7951899256818673,
              48.57053938953331
            ],
            [
              2.7960023668131577,
              48.56865881765899
            ],
            [
              2.79681480794445,
              48.56677824578466
            ],
            [
              2.797627249075744,
              48.56489767391034
            ],
            [
              2.798439690207038,
              48.563017102036014
            ],
            [
              2.7992521313383283,
              48.56113653016169
            ],
            [
              2.8000645724696205,
              48.559255958287366
            ],
            [
              2.8008770136009127,
              48.55737538641304
            ],
            [
              2.801689454732207,
              48.55549481453871
            ],
            [
              2.802501895863497,
              48.553614242664395
            ],
            [
              2.802501895863497,
              48.553614242664395
            ],
            [
              2.8065793055794774,
              48.55204794987144
            ],
            [
              2.8106567152954574,
              48.55048165707848
            ],
            [
              2.814734125011436,
              48.54891536428553
            ],
            [
              2.818811534727414,
              48.54734907149257
            ],
            [
              2.8228889444433958,
              48.54578277869961
            ],
            [
              2.826966354159374,
              48.54421648590666
            ],
            [
              2.8310437638753543,
              48.5426501931137
            ],
            [
              2.835121173591334,
              48.54108390032074
            ],
            [
              2.839198583307311,
              48.53951760752779
            ],
            [
              2.8432759930232927,
              48.53795131473483
            ],
            [
              2.8432759930232927,
              48.53795131473483
            ],
            [
              2.8460829995616668,
              48.53588316098216
            ],
            [
              2.8488900061000395,
              48.53381500722948
            ],
            [
              2.8516970126384176,
              48.53174685347679
            ],
            [
              2.8545040191767916,
              48.52967869972411
            ],
            [
              2.8573110257151666,
              48.52761054597143
            ],
            [
              2.8601180322535424,
              48.52554239221875
            ],
            [
              2.8629250387919165,
              48.523474238466065
            ],
            [
              2.865732045330291,
              48.52140608471339
            ],
            [
              2.8685390518686655,
              48.51933793096071
            ],
            [
              2.8713460584070414,
              48.517269777208035
            ],
            [
              2.8713460584070414,
              48.517269777208035
            ],
            [
              2.871160267440677,
              48.51495010733824
            ],
            [
              2.8709744764743106,
              48.51263043746843
            ],
            [
              2.870788685507946,
              48.51031076759864
            ],
            [
              2.870602894541581,
              48.50799109772884
            ],
            [
              2.870417103575218,
              48.505671427859035
            ],
            [
              2.870231312608852,
              48.503351757989236
            ],
            [
              2.870045521642489,
              48.50103208811944
            ],
            [
              2.8698597306761244,
              48.49871241824964
            ],
            [
              2.86967393970976,
              48.49639274837984
            ],
            [
              2.8694881487433954,
              48.49407307851004
            ],
            [
              2.8694881487433954,
              48.49407307851004
            ],
            [
              2.872026735204576,
              48.4938856378693
            ],
            [
              2.874565321665759,
              48.49369819722855
            ],
            [
              2.8771039081269394,
              48.493510756587796
            ],
            [
              2.8796424945881225,
              48.49332331594705
            ],
            [
              2.882181081049303,
              48.4931358753063
            ],
            [
              2.8847196675104856,
              48.49294843466556
            ],
            [
              2.8872582539716682,
              48.492760994024806
            ],
            [
              2.889796840432849,
              48.49257355338406
            ],
            [
              2.8923354268940296,
              48.49238611274331
            ],
            [
              2.894874013355212,
              48.49219867210256
            ],
            [
              2.894874013355212,
              48.49219867210256
            ],
            [
              2.8969622607378827,
              48.49357842397301
            ],
            [
              2.899050508120553,
              48.49495817584346
            ],
            [
              2.901138755503223,
              48.4963379277139
            ],
            [
              2.9032270028858913,
              48.49771767958435
            ],
            [
              2.9053152502685617,
              48.49909743145479
            ],
            [
              2.907403497651232,
              48.500477183325245
            ],
            [
              2.909491745033901,
              48.50185693519568
            ],
            [
              2.911579992416575,
              48.503236687066135
            ],
            [
              2.913668239799243,
              48.50461643893658
            ],
            [
              2.9157564871819135,
              48.505996190807025
            ],
            [
              2.9157564871819135,
              48.505996190807025
            ],
            [
              2.9168502953563187,
              48.50894301033934
            ],
            [
              2.917944103530726,
              48.511889829871656
            ],
            [
              2.919037911705131,
              48.51483664940397
            ],
            [
              2.92013171987954,
              48.517783468936294
            ],
            [
              2.9212255280539448,
              48.5207302884686
            ],
            [
              2.922319336228352,
              48.523677108000925
            ],
            [
              2.9234131444027596,
              48.52662392753324
            ],
            [
              2.9245069525771643,
              48.52957074706555
            ],
            [
              2.9256007607515717,
              48.53251756659787
            ],
            [
              2.9266945689259765,
              48.53546438613019
            ],
            [
              2.9266945689259765,
              48.53546438613019
            ],
            [
              2.9237916233078636,
              48.53483673860463
            ],
            [
              2.9208886776897476,
              48.53420909107908
            ],
            [
              2.9179857320716343,
              48.53358144355351
            ],
            [
              2.915082786453518,
              48.532953796027954
            ],
            [
              2.9121798408354027,
              48.5323261485024
            ],
            [
              2.9092768952172867,
              48.53169850097684
            ],
            [
              2.9063739495991716,
              48.53107085345128
            ],
            [
              2.9034710039810583,
              48.53044320592573
            ],
            [
              2.900568058362942,
              48.52981555840017
            ],
            [
              2.897665112744827,
              48.52918791087461
            ],
            [
              2.897665112744827,
              48.52918791087461
            ],
            [
              2.894767691215556,
              48.53138142667368
            ],
            [
              2.891870269686287,
              48.53357494247277
            ],
            [
              2.888972848157016,
              48.53576845827183
            ],
            [
              2.886075426627745,
              48.53796197407091
            ],
            [
              2.883178005098476,
              48.54015548986999
            ],
            [
              2.880280583569207,
              48.54234900566907
            ],
            [
              2.877383162039936,
              48.54454252146814
            ],
            [
              2.874485740510667,
              48.54673603726722
            ],
            [
              2.8715883189813964,
              48.548929553066294
            ],
            [
              2.8686908974521255,
              48.55112306886537
            ],
            [
              2.8686908974521255,
              48.55112306886537
            ],
            [
              2.8674266652620255,
              48.553818530693334
            ],
            [
              2.8661624330719278,
              48.55651399252129
            ],
            [
              2.8648982008818282,
              48.55920945434925
            ],
            [
              2.863633968691729,
              48.56190491617721
            ],
            [
              2.8623697365016327,
              48.56460037800517
            ],
            [
              2.8611055043115328,
              48.56729583983313
            ],
            [
              2.8598412721214332,
              48.56999130166109
            ],
            [
              2.858577039931334,
              48.57268676348905
            ],
            [
              2.8573128077412364,
              48.57538222531701
            ],
            [
              2.8560485755511364,
              48.57807768714497
            ],
            [
              2.8560485755511364,
              48.57807768714497
            ],
            [
              2.854599320287293,
              48.578892328167086
            ],
            [
              2.8531500650234514,
              48.579706969189196
            ],
            [
              2.851700809759608,
              48.58052161021131
            ],
            [
              2.8502515544957627,
              48.58133625123343
            ],
            [
              2.848802299231919,
              48.58215089225554
            ],
            [
              2.847353043968077,
              48.58296553327766
            ],
            [
              2.8459037887042355,
              48.583780174299775
            ],
            [
              2.844454533440392,
              48.584594815321886
            ],
            [
              2.843005278176547,
              48.585409456344
            ],
            [
              2.841556022912703,
              48.58622409736611
            ]
          ]
        ]
      }
    },
    {
      "type": "Feature",
      "properties": {
        "diocese": "Parisien",
        "province": "Senonen",
        "start": 1592,
        "end": 1622
      },
      "geometry": {
        "type": "Polygon",
        "coordinates": [
          [
            [
              3.0020811122249147,
              48.60005646589114
            ],
            [
              3.0005385798751134,
              48.599554542487006
            ],
            [
              2.998996047525312,
              48.59905261908288
            ],
            [
              2.9974535151755126,
              48.598550695678746
            ],
            [
              2.995910982825713,
              48.59804877227462
            ],
            [
              2.99436845047591,
              48.5975468488705
            ],
            [
              2.9928259181261088,
              48.59704492546636
            ],
            [
              2.9912833857763093,
              48.59654300206224
            ],
            [
              2.989740853426508,
              48.596041078658104
            ],
            [
              2.9881983210767067,
              48.595539155253974
            ],
            [
              2.986655788726907,
              48.59503723184985
            ],
            [
              2.986655788726907,
              48.59503723184985
            ],
            [
              2.9842094322504615,
              48.59603969821249
            ],
            [
              2.981763075774015,
              48.59704216457515
            ],
            [
              2.9793167192975716,
              48.5980446309378
            ],
            [
              2.9768703628211273,
              48.59904709730044
            ],
            [
              2.974424006344679,
              48.60004956366309
            ],
            [
              2.971977649868235,
              48.601052030025734
            ],
            [
              2.969531293391791,
              48.60205449638839
            ],
            [
              2.9670849369153434,
              48.60305696275103
            ],
            [
              2.964638580438901,
              48.60405942911369
            ],
            [
              2.962192223962455,
              48.60506189547634
            ],
            [
              2.962192223962455,
              48.60506189547634
            ],
            [
              2.9623704710683403,
              48.60343194002063
            ],
            [
              2.9625487181742236,
              48.60180198456493
            ],
            [
              2.962726965280109,
              48.60017202910923
            ],
            [
              2.9629052123859925,
              48.59854207365353
            ],
            [
              2.963083459491878,
              48.59691211819783
            ],
            [
              2.963261706597763,
              48.595282162742116
            ],
            [
              2.9634399537036504,
              48.593652207286425
            ],
            [
              2.963618200809536,
              48.59202225183072
            ],
            [
              2.9637964479154197,
              48.59039229637502
            ],
            [
              2.9639746950213053,
              48.58876234091932
            ],
            [
              2.9639746950213053,
              48.58876234091932
            ],
            [
              2.9668717535475837,
              48.58638074537884
            ],
            [
              2.9697688120738626,
              48.58399914983837
            ],
            [
              2.972665870600143,
              48.5816175542979
            ],
            [
              2.9755629291264225,
              48.57923595875742
            ],
            [
              2.9784599876526996,
              48.57685436321696
            ],
            [
              2.98135704617898,
              48.57447276767649
            ],
            [
              2.9842541047052604,
              48.57209117213601
            ],
            [
              2.987151163231539,
              48.56970957659554
            ],
            [
              2.9900482217578195,
              48.567327981055065
            ],
            [
              2.992945280284099,
              48.56494638551459
            ],
            [
              2.992945280284099,
              48.56494638551459
            ],
            [
              2.9941259944662337,
              48.56594976253416
            ],
            [
              2.995306708648367,
              48.56695313955373
            ],
            [
              2.996487422830502,
              48.567956516573304
            ],
            [
              2.997668137012635,
              48.568959893592876
            ],
            [
              2.99884885119477,
              48.56996327061245
            ],
            [
              3.0000295653769045,
              48.57096664763202
            ],
            [
              3.001210279559038,
              48.57197002465159
            ],
            [
              3.0023909937411744,
              48.572973401671156
            ],
            [
              3.003571707923308,
              48.57397677869073
            ],
            [
              3.0047524221054442,
              48.57498015571031
            ],
            [
              3.0047524221054442,
              48.57498015571031
            ],
            [
              3.004485291117391,
              48.57748778672839
            ],
            [
              3.004218160129339,
              48.57999541774647
            ],
            [
              3.003951029141285,
              48.58250304876455
            ],
            [
              3.0036838981532314,
              48.58501067978264
            ],
            [
              3.0034167671651777,
              48.587518310800725
            ],
            [
              3.003149636177126,
              48.5900259418188
            ],
            [
              3.0028825051890724,
              48.59253357283689
            ],
            [
              3.0026153742010186,
              48.595041203854976
            ],
            [
              3.002348243212968,
              48.59754883487305
            ],
            [
              3.0020811122249147,
              48.60005646589114
            ]
          ]
        ]
      }
    }
  ]
}