{
    "type": "FeatureCollection",
    "features": [
        {
            "type": "Feature",
            "properties": {
                "diocese": "Gerunden",
                "province": "Tarraconen",
                "start": 1592,
                "end": 1671
            },
            "geometry": {
                "type": "MultiPolygon",
                "coordinates": [
                    [
                        [
                            [
                                2.215741864344314,
                                42.415833928665236
                            ],
                            [
                                2.215158511000027,
                                42.326490799000055
                            ],
                            [
                                2.260793019000062,
                                42.289314758000046
                            ],
                            [
                                2.354914191000034,
                                42.272960897000075
                            ],
                            [
                                2.333879535000051,
                                42.21489681800006
                            ],
                            [
                                2.347357,
                                42.121361
                            ],
                            [
                                2.399902,
                                42.102941
                            ],
                            [
                                2.395361537000042,
                                42.08678771700005
                            ],
                            [
                                2.417566,
                                42.064881
                            ],
                            [
                                2.454968,
                                42.077939
                            ],
                            [
                                2.490713,
                                42.067335
                            ],
                            [
                                2.492671,
                                42.037858
                            ],
                            [
                                2.53745222200007,
                                42.024760237000066
                            ],
                            [
                                2.558486878000053,
                                42.00091993800004
                            ],
                            [
                                2.547078251000073,
                                41.96090114100008
                            ],
                            [
                                2.602338788000054,
                                41.933058677000076
                            ],
                            [
                                2.559199917000058,
                                41.85848713200005
                            ],
                            [
                                2.525330556000029,
                                41.835381494000046
                            ],
                            [
                                2.419800757000075,
                                41.82422406100005
                            ],
                            [
                                2.387938,
                                41.805191
                            ],
                            [
                                2.472541,
                                41.789612
                            ],
                            [
                                2.469513,
                                41.777801
                            ],
                            [
                                2.516338,
                                41.761917
                            ],
                            [
                                2.537761050000029,
                                41.72202459700003
                            ],
                            [
                                2.588078004000067,
                                41.70029922500004
                            ],
                            [
                                2.575599818000057,
                                41.65050245000003
                            ],
                            [
                                2.479339529000072,
                                41.60786500100005
                            ],
                            [
                                2.509499970000036,
                                41.56057743200006
                            ],
                            [
                                2.77873610000006,
                                41.64884099900007
                            ],
                            [
                                2.834636,
                                41.694508
                            ],
                            [
                                2.935405,
                                41.715245
                            ],
                            [
                                2.977059,
                                41.757374
                            ],
                            [
                                3.05628925000002,
                                41.78759475000004
                            ],
                            [
                                3.055297,
                                41.805077
                            ],
                            [
                                3.066448,
                                41.800826
                            ],
                            [
                                3.097247,
                                41.842406
                            ],
                            [
                                3.132407525000076,
                                41.84189601300005
                            ],
                            [
                                3.177013,
                                41.866409
                            ],
                            [
                                3.220609,
                                41.92222
                            ],
                            [
                                3.214773,
                                41.936291
                            ],
                            [
                                3.233906,
                                41.950362
                            ],
                            [
                                3.234687,
                                41.96216500100007
                            ],
                            [
                                3.210784,
                                41.972926
                            ],
                            [
                                3.195826,
                                42.013063
                            ],
                            [
                                3.212384,
                                42.068728
                            ],
                            [
                                3.177158,
                                42.111655
                            ],
                            [
                                3.123934,
                                42.128831
                            ],
                            [
                                3.111067,
                                42.202952
                            ],
                            [
                                3.126898,
                                42.237975
                            ],
                            [
                                3.165567,
                                42.264653
                            ],
                            [
                                3.219324,
                                42.232351
                            ],
                            [
                                3.229832,
                                42.251554
                            ],
                            [
                                3.264937,
                                42.237707
                            ],
                            [
                                3.254184,
                                42.25277
                            ],
                            [
                                3.287979,
                                42.265191
                            ],
                            [
                                3.276497,
                                42.287272
                            ],
                            [
                                3.299296,
                                42.28445
                            ],
                            [
                                3.286895,
                                42.303514
                            ],
                            [
                                3.322531,
                                42.319422
                            ],
                            [
                                3.265838,
                                42.340819
                            ],
                            [
                                3.250259,
                                42.329954
                            ],
                            [
                                3.229733,
                                42.35149
                            ],
                            [
                                3.197026,
                                42.334979
                            ],
                            [
                                3.163271,
                                42.360551
                            ],
                            [
                                3.15541,
                                42.378788
                            ],
                            [
                                3.167278001000057,
                                42.389858
                            ],
                            [
                                3.153215,
                                42.394047
                            ],
                            [
                                3.171127309318765,
                                42.42775194678389
                            ],
                            [
                                3.168781782167658,
                                42.42895330965777
                            ],
                            [
                                3.162053902430026,
                                42.430057886928125
                            ],
                            [
                                3.155727687154342,
                                42.42965622246618
                            ],
                            [
                                3.148598142954762,
                                42.42814998073387
                            ],
                            [
                                3.137451954135699,
                                42.425037081153775
                            ],
                            [
                                3.130121577705145,
                                42.42333000719049
                            ],
                            [
                                3.124096610775922,
                                42.42272751049757
                            ],
                            [
                                3.118172059962186,
                                42.42353083942147
                            ],
                            [
                                3.11295042195686,
                                42.42654332288608
                            ],
                            [
                                3.10853211287543,
                                42.43166454477592
                            ],
                            [
                                3.102895652087037,
                                42.43372925870644
                            ],
                            [
                                3.096764182045065,
                                42.43706797085623
                            ],
                            [
                                3.090531651828909,
                                42.44116363356971
                            ],
                            [
                                3.083408760153302,
                                42.44739616378587
                            ],
                            [
                                3.076642013061476,
                                42.45487520004525
                            ],
                            [
                                3.072279241910167,
                                42.461909055574914
                            ],
                            [
                                3.069162976802089,
                                42.467874477353234
                            ],
                            [
                                3.062606394040982,
                                42.46521353781143
                            ],
                            [
                                3.056870776178544,
                                42.46423954020321
                            ],
                            [
                                3.050006167426962,
                                42.46456642633424
                            ],
                            [
                                3.044673305549047,
                                42.4652139203341
                            ],
                            [
                                3.033443936788225,
                                42.46750840151349
                            ],
                            [
                                3.028114689717019,
                                42.46800526039422
                            ],
                            [
                                3.022916985556779,
                                42.46756477699081
                            ],
                            [
                                3.01780737807722,
                                42.46580284337717
                            ],
                            [
                                3.013138254001072,
                                42.462190879469205
                            ],
                            [
                                3.007764356479467,
                                42.4602527524942
                            ],
                            [
                                3.002478555638545,
                                42.46078133257829
                            ],
                            [
                                2.997457044839668,
                                42.462631362872614
                            ],
                            [
                                2.992171243998746,
                                42.46553855333512
                            ],
                            [
                                2.986621153115777,
                                42.468533840478315
                            ],
                            [
                                2.980982965552126,
                                42.471264837579454
                            ],
                            [
                                2.975785261391886,
                                42.47258628778969
                            ],
                            [
                                2.970090271802426,
                                42.47208796268849
                            ],
                            [
                                2.964719835898029,
                                42.46888061902336
                            ],
                            [
                                2.959498578768753,
                                42.462689699855794
                            ],
                            [
                                2.958006791017532,
                                42.45657337007579
                            ],
                            [
                                2.955321573065333,
                                42.45276931131017
                            ],
                            [
                                2.951442924912158,
                                42.45008409335797
                            ],
                            [
                                2.946520025333127,
                                42.448517716219186
                            ],
                            [
                                2.940254516777996,
                                42.44777182234358
                            ],
                            [
                                2.933243114347255,
                                42.44799559050626
                            ],
                            [
                                2.927648910280175,
                                42.44866689499431
                            ],
                            [
                                2.921389927628223,
                                42.44970505930505
                            ],
                            [
                                2.906928225728252,
                                42.45268602089574
                            ],
                            [
                                2.908137880442295,
                                42.453377252160905
                            ],
                            [
                                2.90639212539758,
                                42.453450370703784
                            ],
                            [
                                2.902508705481925,
                                42.45298805880906
                            ],
                            [
                                2.896683575608444,
                                42.451832279072256
                            ],
                            [
                                2.890251835026708,
                                42.45024264837277
                            ],
                            [
                                2.882988744955886,
                                42.44777838567017
                            ],
                            [
                                2.876763239180895,
                                42.445184424930595
                            ],
                            [
                                2.869889243221011,
                                42.4414231818582
                            ],
                            [
                                2.865743292461809,
                                42.437229847096525
                            ],
                            [
                                2.863323751020813,
                                42.432621196732725
                            ],
                            [
                                2.857217289288777,
                                42.43066252032811
                            ],
                            [
                                2.849163010360149,
                                42.42740198327971
                            ],
                            [
                                2.841241188587488,
                                42.4229058141655
                            ],
                            [
                                2.824112925295249,
                                42.41262885619015
                            ],
                            [
                                2.817047516687201,
                                42.4083467903671
                            ],
                            [
                                2.808002451442212,
                                42.40511754255141
                            ],
                            [
                                2.786463046389381,
                                42.411409953016275
                            ],
                            [
                                2.770490004440091,
                                42.41407212667449
                            ],
                            [
                                2.757905183510347,
                                42.414314142461606
                            ],
                            [
                                2.745155433884128,
                                42.41141267524176
                            ],
                            [
                                2.741565692129875,
                                42.40697828836887
                            ],
                            [
                                2.736286660138326,
                                42.40412761109343
                            ],
                            [
                                2.730374144307792,
                                42.40191041765698
                            ],
                            [
                                2.724461628477257,
                                42.40032670805952
                            ],
                            [
                                2.711158467858554,
                                42.39747603078408
                            ],
                            [
                                2.706090597146667,
                                42.39546999862729
                            ],
                            [
                                2.701867371553428,
                                42.39261932135185
                            ],
                            [
                                2.699460377310568,
                                42.38906604735953
                            ],
                            [
                                2.699338605052576,
                                42.383647181878885
                            ],
                            [
                                2.691971383444054,
                                42.38291654833093
                            ],
                            [
                                2.686735176350394,
                                42.381333508977036
                            ],
                            [
                                2.68387352828758,
                                42.37895894994619
                            ],
                            [
                                2.682960236352639,
                                42.3757319851094
                            ],
                            [
                                2.683688069867068,
                                42.37223924788708
                            ],
                            [
                                2.685278286901483,
                                42.36862013325703
                            ],
                            [
                                2.687965205338944,
                                42.3643978328553
                            ],
                            [
                                2.69056646144216,
                                42.36057294194083
                            ],
                            [
                                2.697405494012366,
                                42.351146167317054
                            ],
                            [
                                2.704257908728782,
                                42.34574659005275
                            ],
                            [
                                2.707395269855152,
                                42.34164388704134
                            ],
                            [
                                2.707337967155536,
                                42.338628283943315
                            ],
                            [
                                2.703827322602405,
                                42.335897782624215
                            ],
                            [
                                2.694855675411072,
                                42.335117639390184
                            ],
                            [
                                2.687834386304812,
                                42.33531267519869
                            ],
                            [
                                2.675352094560349,
                                42.33706799747526
                            ],
                            [
                                2.666185411560509,
                                42.33960346298585
                            ],
                            [
                                2.650972618496945,
                                42.33999353460287
                            ],
                            [
                                2.633809467348308,
                                42.342138928496446
                            ],
                            [
                                2.6174264594337,
                                42.3462346804751
                            ],
                            [
                                2.605919346731773,
                                42.35091553987927
                            ],
                            [
                                2.602018630561628,
                                42.353646041198374
                            ],
                            [
                                2.592656911753281,
                                42.354231148623896
                            ],
                            [
                                2.585941263584524,
                                42.35235009866895
                            ],
                            [
                                2.581323804562585,
                                42.34935499011417
                            ],
                            [
                                2.578453492197596,
                                42.345361512041144
                            ],
                            [
                                2.572588071277835,
                                42.334753835909666
                            ],
                            [
                                2.570092147482192,
                                42.33150913497533
                            ],
                            [
                                2.566098669409163,
                                42.32851402642056
                            ],
                            [
                                2.560358044679185,
                                42.32714126833295
                            ],
                            [
                                2.552620680912692,
                                42.32764045309208
                            ],
                            [
                                2.547129648562278,
                                42.33038596926729
                            ],
                            [
                                2.537174027743324,
                                42.33354722347057
                            ],
                            [
                                2.524566664140092,
                                42.33594862606166
                            ],
                            [
                                2.512159417419451,
                                42.33875026241793
                            ],
                            [
                                2.505355443411359,
                                42.34055131436125
                            ],
                            [
                                2.499351936933629,
                                42.343953301365296
                            ],
                            [
                                2.492748079808127,
                                42.35015692472562
                            ],
                            [
                                2.479540365557122,
                                42.3593623013248
                            ],
                            [
                                2.469534521427573,
                                42.367366976628446
                            ],
                            [
                                2.463931248715026,
                                42.37257001557581
                            ],
                            [
                                2.460929495476161,
                                42.37657235322763
                            ],
                            [
                                2.459128443532842,
                                42.38117504152722
                            ],
                            [
                                2.45874927392378,
                                42.38534487641891
                            ],
                            [
                                2.452748835003538,
                                42.38485616384701
                            ],
                            [
                                2.445528486706565,
                                42.38493915635617
                            ],
                            [
                                2.438557115937074,
                                42.38568608893861
                            ],
                            [
                                2.431419760149263,
                                42.38701396908518
                            ],
                            [
                                2.418861913585694,
                                42.39024034667742
                            ],
                            [
                                2.407846178283415,
                                42.39328725218657
                            ],
                            [
                                2.401205486789133,
                                42.39484976783228
                            ],
                            [
                                2.395189801553137,
                                42.39586540300199
                            ],
                            [
                                2.384653307222222,
                                42.40076765658543
                            ],
                            [
                                2.376636009725609,
                                42.40531593112678
                            ],
                            [
                                2.367924907637943,
                                42.40994129506713
                            ],
                            [
                                2.361095529330275,
                                42.41307911753281
                            ],
                            [
                                2.356665662319896,
                                42.41483260655775
                            ],
                            [
                                2.350731250786114,
                                42.416503005522095
                            ],
                            [
                                2.344122964328724,
                                42.4180337385433
                            ],
                            [
                                2.33875283490111,
                                42.418597235152106
                            ],
                            [
                                2.328681103346049,
                                42.42041014683202
                            ],
                            [
                                2.310287602372275,
                                42.42519624689051
                            ],
                            [
                                2.292952357569329,
                                42.4298681568374
                            ],
                            [
                                2.283528819438614,
                                42.4318827822816
                            ],
                            [
                                2.276184701042491,
                                42.429672272821506
                            ],
                            [
                                2.268725319133797,
                                42.42695060644942
                            ],
                            [
                                2.246548778324163,
                                42.41858400241669
                            ],
                            [
                                2.238686186582565,
                                42.41636634833573
                            ],
                            [
                                2.231428409590321,
                                42.41515671883702
                            ],
                            [
                                2.223767422765175,
                                42.41495511392057
                            ],
                            [
                                2.215741864344314,
                                42.415833928665236
                            ]
                        ]
                    ]
                ]
            }
        },
        {
            "type": "Feature",
            "properties": {
                "diocese": "Maioricen",
                "province": "Tarraconen",
                "start": 1592,
                "end": 1671
            },
            "geometry": {
                "coordinates": [
                    [
                        [
                            [
                                2.9506109090000336,
                                39.16694272700004
                            ],
                            [
                                2.929836128000034,
                                39.14659363800006
                            ],
                            [
                                2.9125281820000732,
                                39.16052636400008
                            ],
                            [
                                2.919479999000032,
                                39.12901999600007
                            ],
                            [
                                2.9577500000000327,
                                39.125831818000044
                            ],
                            [
                                2.9566500060000753,
                                39.147610003000054
                            ],
                            [
                                2.9766499950000593,
                                39.15769000300002
                            ],
                            [
                                2.9506109090000336,
                                39.16694272700004
                            ]
                        ]
                    ],
                    [
                        [
                            [
                                2.978479997000022,
                                39.167720005000035
                            ],
                            [
                                2.975329995000038,
                                39.16967999700005
                            ],
                            [
                                2.9746299950000434,
                                39.16725999700003
                            ],
                            [
                                2.977046059000031,
                                39.16633343400008
                            ],
                            [
                                2.978479997000022,
                                39.167720005000035
                            ]
                        ]
                    ],
                    [
                        [
                            [
                                2.9676300050000464,
                                39.179340005000014
                            ],
                            [
                                2.9673609090000355,
                                39.19216545400007
                            ],
                            [
                                2.952500000000043,
                                39.18566545400006
                            ],
                            [
                                2.961809996000056,
                                39.17548000000004
                            ],
                            [
                                2.9676300050000464,
                                39.179340005000014
                            ]
                        ]
                    ],
                    [
                        [
                            [
                                2.9741600000000403,
                                39.19582999900006
                            ],
                            [
                                2.973250005000068,
                                39.19830999800007
                            ],
                            [
                                2.9710000000000605,
                                39.195889998000034
                            ],
                            [
                                2.972302443000046,
                                39.19531000100005
                            ],
                            [
                                2.9741600000000403,
                                39.19582999900006
                            ]
                        ]
                    ],
                    [
                        [
                            [
                                2.9749187940000756,
                                39.20075114900004
                            ],
                            [
                                2.9713500000000295,
                                39.200480001000074
                            ],
                            [
                                2.973780004000048,
                                39.199529999000056
                            ],
                            [
                                2.9749187940000756,
                                39.20075114900004
                            ]
                        ]
                    ],
                    [
                        [
                            [
                                2.978510006000022,
                                39.20760000000007
                            ],
                            [
                                2.978240007000068,
                                39.20652000000007
                            ],
                            [
                                2.9794249880000616,
                                39.206169997000075
                            ],
                            [
                                2.978510006000022,
                                39.20760000000007
                            ]
                        ]
                    ],
                    [
                        [
                            [
                                3.0120930000000494,
                                39.303574000000026
                            ],
                            [
                                3.010521556000071,
                                39.305881068000076
                            ],
                            [
                                3.0082140000000663,
                                39.30475500000005
                            ],
                            [
                                3.0094201570000227,
                                39.30351127100003
                            ],
                            [
                                3.0120930000000494,
                                39.303574000000026
                            ]
                        ]
                    ],
                    [
                        [
                            [
                                2.508971000000031,
                                39.45916200000005
                            ],
                            [
                                2.508821000000068,
                                39.45913400000006
                            ],
                            [
                                2.50893300000007,
                                39.45908000000002
                            ],
                            [
                                2.508971000000031,
                                39.45916200000005
                            ]
                        ]
                    ],
                    [
                        [
                            [
                                2.472443000000055,
                                39.46288500000002
                            ],
                            [
                                2.4719690000000583,
                                39.46287400000005
                            ],
                            [
                                2.4711060000000202,
                                39.46170300000006
                            ],
                            [
                                2.472443000000055,
                                39.46288500000002
                            ]
                        ]
                    ],
                    [
                        [
                            [
                                2.47279315000003,
                                39.46320149900003
                            ],
                            [
                                2.4726930000000493,
                                39.463382000000024
                            ],
                            [
                                2.4725910000000226,
                                39.46312500000004
                            ],
                            [
                                2.47279315000003,
                                39.46320149900003
                            ]
                        ]
                    ],
                    [
                        [
                            [
                                2.474820615000056,
                                39.464846000000094
                            ],
                            [
                                2.474693000000059,
                                39.46491400000008
                            ],
                            [
                                2.4745470000000296,
                                39.46481400000005
                            ],
                            [
                                2.474820615000056,
                                39.464846000000094
                            ]
                        ]
                    ],
                    [
                        [
                            [
                                2.475362000000075,
                                39.46573200000006
                            ],
                            [
                                2.474809442000037,
                                39.46590296000004
                            ],
                            [
                                2.4744770000000362,
                                39.46487700000005
                            ],
                            [
                                2.475362000000075,
                                39.46573200000006
                            ]
                        ]
                    ],
                    [
                        [
                            [
                                2.4758317500000544,
                                39.46617474300006
                            ],
                            [
                                2.475526000000059,
                                39.466098000000045
                            ],
                            [
                                2.4756570000000697,
                                39.46586400000006
                            ],
                            [
                                2.4758317500000544,
                                39.46617474300006
                            ]
                        ]
                    ],
                    [
                        [
                            [
                                2.526730000000043,
                                39.47558500000009
                            ],
                            [
                                2.526695000000075,
                                39.47544900000002
                            ],
                            [
                                2.5267820000000256,
                                39.47541400000006
                            ],
                            [
                                2.526730000000043,
                                39.47558500000009
                            ]
                        ]
                    ],
                    [
                        [
                            [
                                2.5409270000000674,
                                39.47812400000004
                            ],
                            [
                                2.54111000000006,
                                39.47912000000007
                            ],
                            [
                                2.540540608000072,
                                39.47791100000006
                            ],
                            [
                                2.5409270000000674,
                                39.47812400000004
                            ]
                        ]
                    ],
                    [
                        [
                            [
                                2.532149000000061,
                                39.48377000000005
                            ],
                            [
                                2.5321380000000318,
                                39.48372100000006
                            ],
                            [
                                2.5321957770000267,
                                39.483658000000034
                            ],
                            [
                                2.532149000000061,
                                39.48377000000005
                            ]
                        ]
                    ],
                    [
                        [
                            [
                                2.531526000000042,
                                39.484092000000025
                            ],
                            [
                                2.531492000000071,
                                39.48404700000003
                            ],
                            [
                                2.5315398560000517,
                                39.484015284000066
                            ],
                            [
                                2.531526000000042,
                                39.484092000000025
                            ]
                        ]
                    ],
                    [
                        [
                            [
                                2.4769490000000474,
                                39.48485500000004
                            ],
                            [
                                2.476886000000036,
                                39.48478300000004
                            ],
                            [
                                2.4769630000000684,
                                39.484769000000036
                            ],
                            [
                                2.4769490000000474,
                                39.48485500000004
                            ]
                        ]
                    ],
                    [
                        [
                            [
                                2.477307000000053,
                                39.48543300000004
                            ],
                            [
                                2.47726700000004,
                                39.48546500000003
                            ],
                            [
                                2.4772610000000554,
                                39.48543300000004
                            ],
                            [
                                2.477307000000053,
                                39.48543300000004
                            ]
                        ]
                    ],
                    [
                        [
                            [
                                2.476995000000045,
                                39.485562000000066
                            ],
                            [
                                2.476948225000058,
                                39.48553921400003
                            ],
                            [
                                2.477004500000021,
                                39.48552200000006
                            ],
                            [
                                2.476995000000045,
                                39.485562000000066
                            ]
                        ]
                    ],
                    [
                        [
                            [
                                2.5335620000000745,
                                39.48638400000004
                            ],
                            [
                                2.5333590000000754,
                                39.48652800000008
                            ],
                            [
                                2.5334695520000423,
                                39.486103999000065
                            ],
                            [
                                2.5335620000000745,
                                39.48638400000004
                            ]
                        ]
                    ],
                    [
                        [
                            [
                                2.5360460000000558,
                                39.48698400000006
                            ],
                            [
                                2.535955000000058,
                                39.48698400000006
                            ],
                            [
                                2.5359410000000366,
                                39.48686200000004
                            ],
                            [
                                2.5360460000000558,
                                39.48698400000006
                            ]
                        ]
                    ],
                    [
                        [
                            [
                                2.536429000000055,
                                39.48751800000007
                            ],
                            [
                                2.5363650000000466,
                                39.48742300000003
                            ],
                            [
                                2.53643100000005,
                                39.487387000000076
                            ],
                            [
                                2.536429000000055,
                                39.48751800000007
                            ]
                        ]
                    ],
                    [
                        [
                            [
                                2.4499070000000525,
                                39.498777000000075
                            ],
                            [
                                2.4498080000000755,
                                39.49875400000008
                            ],
                            [
                                2.4498380000000566,
                                39.49871000000006
                            ],
                            [
                                2.4499070000000525,
                                39.498777000000075
                            ]
                        ]
                    ],
                    [
                        [
                            [
                                2.454779201000065,
                                39.50119200000006
                            ],
                            [
                                2.4509850000000597,
                                39.499873000000036
                            ],
                            [
                                2.4475870000000555,
                                39.49535100000003
                            ],
                            [
                                2.454779201000065,
                                39.50119200000006
                            ]
                        ]
                    ],
                    [
                        [
                            [
                                2.45579900000007,
                                39.50421600000004
                            ],
                            [
                                2.4556570000000306,
                                39.50413900000006
                            ],
                            [
                                2.4558630000000217,
                                39.504099000000046
                            ],
                            [
                                2.45579900000007,
                                39.50421600000004
                            ]
                        ]
                    ],
                    [
                        [
                            [
                                2.5469960000000356,
                                39.50268300000005
                            ],
                            [
                                2.544328000000064,
                                39.50517300000006
                            ],
                            [
                                2.5431430000000432,
                                39.50507800000002
                            ],
                            [
                                2.545220000000029,
                                39.50263600000005
                            ],
                            [
                                2.5469960000000356,
                                39.50268300000005
                            ]
                        ]
                    ],
                    [
                        [
                            [
                                2.573782000000051,
                                39.52901400000007
                            ],
                            [
                                2.573393000000067,
                                39.52897200000007
                            ],
                            [
                                2.5735190000000334,
                                39.52883700000006
                            ],
                            [
                                2.573782000000051,
                                39.52901400000007
                            ]
                        ]
                    ],
                    [
                        [
                            [
                                2.574294000000066,
                                39.52940300000006
                            ],
                            [
                                2.5730660000000403,
                                39.529885000000036
                            ],
                            [
                                2.573571000000072,
                                39.52911700000003
                            ],
                            [
                                2.574294000000066,
                                39.52940300000006
                            ]
                        ]
                    ],
                    [
                        [
                            [
                                2.5894340000000398,
                                39.529751000000026
                            ],
                            [
                                2.58807900000005,
                                39.53085400000002
                            ],
                            [
                                2.5859910000000355,
                                39.52837800000003
                            ],
                            [
                                2.5869410000000244,
                                39.527687000000064
                            ],
                            [
                                2.5894340000000398,
                                39.529751000000026
                            ]
                        ]
                    ],
                    [
                        [
                            [
                                3.375814000000048,
                                39.565198000000066
                            ],
                            [
                                3.375424000000067,
                                39.56513600000005
                            ],
                            [
                                3.3757120000000214,
                                39.56497700000006
                            ],
                            [
                                3.375814000000048,
                                39.565198000000066
                            ]
                        ]
                    ],
                    [
                        [
                            [
                                2.3476060000000416,
                                39.57799900000003
                            ],
                            [
                                2.3471300000000497,
                                39.576626000000026
                            ],
                            [
                                2.348830000000021,
                                39.57654600000006
                            ],
                            [
                                2.3476060000000416,
                                39.57799900000003
                            ]
                        ]
                    ],
                    [
                        [
                            [
                                2.3247500000000514,
                                39.58150090900005
                            ],
                            [
                                2.3390190000000644,
                                39.59816000000006
                            ],
                            [
                                2.3037380000000667,
                                39.57286100000004
                            ],
                            [
                                2.3173890910000523,
                                39.572387273000054
                            ],
                            [
                                2.3247500000000514,
                                39.58150090900005
                            ]
                        ]
                    ],
                    [
                        [
                            [
                                3.3882010000000378,
                                39.60394600000008
                            ],
                            [
                                3.38806100000005,
                                39.60399600000005
                            ],
                            [
                                3.3881784950000338,
                                39.60388999900003
                            ],
                            [
                                3.3882010000000378,
                                39.60394600000008
                            ]
                        ]
                    ],
                    [
                        [
                            [
                                2.420722000000069,
                                39.63593500000007
                            ],
                            [
                                2.4205830000000215,
                                39.635889000000084
                            ],
                            [
                                2.420732195000028,
                                39.635817000000024
                            ],
                            [
                                2.420722000000069,
                                39.63593500000007
                            ]
                        ]
                    ],
                    [
                        [
                            [
                                2.420732928000064,
                                39.63624900000008
                            ],
                            [
                                2.4206840000000516,
                                39.636340000000075
                            ],
                            [
                                2.4206740000000764,
                                39.636151000000034
                            ],
                            [
                                2.420732928000064,
                                39.63624900000008
                            ]
                        ]
                    ],
                    [
                        [
                            [
                                2.424269132000063,
                                39.63864500000005
                            ],
                            [
                                2.4241360000000327,
                                39.63881700000007
                            ],
                            [
                                2.4241020000000617,
                                39.63864500000005
                            ],
                            [
                                2.424269132000063,
                                39.63864500000005
                            ]
                        ]
                    ],
                    [
                        [
                            [
                                2.427231000000063,
                                39.639382000000076
                            ],
                            [
                                2.427069000000074,
                                39.639309000000026
                            ],
                            [
                                2.427348977000065,
                                39.63918729900006
                            ],
                            [
                                2.427231000000063,
                                39.639382000000076
                            ]
                        ]
                    ],
                    [
                        [
                            [
                                2.435250000000053,
                                39.64417800000007
                            ],
                            [
                                2.4350820000000226,
                                39.64417800000007
                            ],
                            [
                                2.4351870000000413,
                                39.644097000000045
                            ],
                            [
                                2.435250000000053,
                                39.64417800000007
                            ]
                        ]
                    ],
                    [
                        [
                            [
                                2.4353290000000243,
                                39.645350000000064
                            ],
                            [
                                2.4351190000000424,
                                39.64538500000004
                            ],
                            [
                                2.4352010000000632,
                                39.64529500000004
                            ],
                            [
                                2.4353290000000243,
                                39.645350000000064
                            ]
                        ]
                    ],
                    [
                        [
                            [
                                2.4353600000000597,
                                39.645738000000044
                            ],
                            [
                                2.435292000000061,
                                39.64555700000005
                            ],
                            [
                                2.4354325240000207,
                                39.64555699900006
                            ],
                            [
                                2.4353600000000597,
                                39.645738000000044
                            ]
                        ]
                    ],
                    [
                        [
                            [
                                2.4360450000000355,
                                39.64609200000007
                            ],
                            [
                                2.435742000000061,
                                39.64613600000007
                            ],
                            [
                                2.435773551000068,
                                39.64555699800007
                            ],
                            [
                                2.4360450000000355,
                                39.64609200000007
                            ]
                        ]
                    ],
                    [
                        [
                            [
                                2.436392000000069,
                                39.646427000000074
                            ],
                            [
                                2.4361950000000547,
                                39.64634500000005
                            ],
                            [
                                2.4364463720000344,
                                39.64619200000004
                            ],
                            [
                                2.436392000000069,
                                39.646427000000074
                            ]
                        ]
                    ],
                    [
                        [
                            [
                                2.4445720000000506,
                                39.646629000000075
                            ],
                            [
                                2.444340000000068,
                                39.646547000000055
                            ],
                            [
                                2.444504000000052,
                                39.646430000000066
                            ],
                            [
                                2.4445720000000506,
                                39.646629000000075
                            ]
                        ]
                    ],
                    [
                        [
                            [
                                2.4446270770000638,
                                39.64687200000002
                            ],
                            [
                                2.4444760000000656,
                                39.64696200000002
                            ],
                            [
                                2.4444540000000643,
                                39.64687200000002
                            ],
                            [
                                2.4446270770000638,
                                39.64687200000002
                            ]
                        ]
                    ],
                    [
                        [
                            [
                                2.445362000000045,
                                39.647002000000036
                            ],
                            [
                                2.444747000000063,
                                39.64663000000008
                            ],
                            [
                                2.444933608000042,
                                39.64645000000006
                            ],
                            [
                                2.445362000000045,
                                39.647002000000036
                            ]
                        ]
                    ],
                    [
                        [
                            [
                                2.4453720000000203,
                                39.64721799900007
                            ],
                            [
                                2.445209000000034,
                                39.647218000000066
                            ],
                            [
                                2.4453720000000203,
                                39.64714600000006
                            ],
                            [
                                2.4453720000000203,
                                39.64721799900007
                            ]
                        ]
                    ],
                    [
                        [
                            [
                                2.4459190000000604,
                                39.64730200000001
                            ],
                            [
                                2.4457790000000728,
                                39.64728400000006
                            ],
                            [
                                2.4458914120000372,
                                39.647175000000054
                            ],
                            [
                                2.4459190000000604,
                                39.64730200000001
                            ]
                        ]
                    ],
                    [
                        [
                            [
                                2.445568000000037,
                                39.64749000000006
                            ],
                            [
                                2.4454280000000495,
                                39.64742600000004
                            ],
                            [
                                2.4456030000000624,
                                39.64740000000006
                            ],
                            [
                                2.445568000000037,
                                39.64749000000006
                            ]
                        ]
                    ],
                    [
                        [
                            [
                                2.445928000000038,
                                39.64768100000003
                            ],
                            [
                                2.445742000000053,
                                39.64761700000002
                            ],
                            [
                                2.4458756230000627,
                                39.647489999000065
                            ],
                            [
                                2.445928000000038,
                                39.64768100000003
                            ]
                        ]
                    ],
                    [
                        [
                            [
                                2.4465340000000424,
                                39.647620000000074
                            ],
                            [
                                2.44648600000005,
                                39.647755000000075
                            ],
                            [
                                2.4463010000000622,
                                39.64759200000003
                            ],
                            [
                                2.4465340000000424,
                                39.647620000000074
                            ]
                        ]
                    ],
                    [
                        [
                            [
                                2.583086000000037,
                                39.715632000000035
                            ],
                            [
                                2.5829220000000532,
                                39.71572100000002
                            ],
                            [
                                2.5830160000000433,
                                39.71559600000005
                            ],
                            [
                                2.583086000000037,
                                39.715632000000035
                            ]
                        ]
                    ],
                    [
                        [
                            [
                                2.5863550000000255,
                                39.71718400000004
                            ],
                            [
                                2.586309000000029,
                                39.71711200000003
                            ],
                            [
                                2.5863985270000285,
                                39.717111999000046
                            ],
                            [
                                2.5863550000000255,
                                39.71718400000004
                            ]
                        ]
                    ],
                    [
                        [
                            [
                                2.5867620000000215,
                                39.71752800000006
                            ],
                            [
                                2.586586000000068,
                                39.71752800000006
                            ],
                            [
                                2.586750000000052,
                                39.71745600000003
                            ],
                            [
                                2.5867620000000215,
                                39.71752800000006
                            ]
                        ]
                    ],
                    [
                        [
                            [
                                2.5903080000000496,
                                39.72153200000003
                            ],
                            [
                                2.5902270000000276,
                                39.721442000000025
                            ],
                            [
                                2.5904020000000396,
                                39.72140600000006
                            ],
                            [
                                2.5903080000000496,
                                39.72153200000003
                            ]
                        ]
                    ],
                    [
                        [
                            [
                                2.592977000000076,
                                39.72401000000008
                            ],
                            [
                                2.5927900000000363,
                                39.72402800000003
                            ],
                            [
                                2.5929101990000736,
                                39.723902000000066
                            ],
                            [
                                2.592977000000076,
                                39.72401000000008
                            ]
                        ]
                    ],
                    [
                        [
                            [
                                2.5970500000000247,
                                39.72785400000003
                            ],
                            [
                                2.5968980000000674,
                                39.72787100000004
                            ],
                            [
                                2.596969000000058,
                                39.72776300000004
                            ],
                            [
                                2.5970500000000247,
                                39.72785400000003
                            ]
                        ]
                    ],
                    [
                        [
                            [
                                2.596768000000054,
                                39.72811400000006
                            ],
                            [
                                2.596652000000063,
                                39.72806000000003
                            ],
                            [
                                2.5968131250000397,
                                39.72797900000006
                            ],
                            [
                                2.596768000000054,
                                39.72811400000006
                            ]
                        ]
                    ],
                    [
                        [
                            [
                                2.597959931000048,
                                39.72992900000002
                            ],
                            [
                                2.597889000000066,
                                39.73005500000004
                            ],
                            [
                                2.5978430000000685,
                                39.72992900000002
                            ],
                            [
                                2.597959931000048,
                                39.72992900000002
                            ]
                        ]
                    ],
                    [
                        [
                            [
                                2.5983650000000584,
                                39.730435000000035
                            ],
                            [
                                2.5983650000000584,
                                39.73057900000001
                            ],
                            [
                                2.5982490000000666,
                                39.73034500000005
                            ],
                            [
                                2.5983650000000584,
                                39.730435000000035
                            ]
                        ]
                    ],
                    [
                        [
                            [
                                2.5985620000000726,
                                39.73080500000002
                            ],
                            [
                                2.598433000000057,
                                39.730922000000085
                            ],
                            [
                                2.5984220000000278,
                                39.73075100000005
                            ],
                            [
                                2.5985620000000726,
                                39.73080500000002
                            ]
                        ]
                    ],
                    [
                        [
                            [
                                2.5990320000000224,
                                39.73217700000002
                            ],
                            [
                                2.598903000000064,
                                39.73233800000003
                            ],
                            [
                                2.598869000000036,
                                39.73215800000002
                            ],
                            [
                                2.5990320000000224,
                                39.73217700000002
                            ]
                        ]
                    ],
                    [
                        [
                            [
                                2.5994307800000342,
                                39.73289800000003
                            ],
                            [
                                2.5994470000000547,
                                39.73300700000004
                            ],
                            [
                                2.599215000000072,
                                39.73289800000003
                            ],
                            [
                                2.5994307800000342,
                                39.73289800000003
                            ]
                        ]
                    ],
                    [
                        [
                            [
                                2.6003310000000397,
                                39.73348800000007
                            ],
                            [
                                2.600203000000022,
                                39.733577000000025
                            ],
                            [
                                2.6002150000000483,
                                39.733451000000045
                            ],
                            [
                                2.6003310000000397,
                                39.73348800000007
                            ]
                        ]
                    ],
                    [
                        [
                            [
                                2.6067240000000425,
                                39.73795100000005
                            ],
                            [
                                2.60653700000006,
                                39.73799600000007
                            ],
                            [
                                2.6066320000000474,
                                39.73786100000006
                            ],
                            [
                                2.6067240000000425,
                                39.73795100000005
                            ]
                        ]
                    ],
                    [
                        [
                            [
                                2.607166000000064,
                                39.738241000000066
                            ],
                            [
                                2.6071780000000335,
                                39.73815100000007
                            ],
                            [
                                2.6073275550000403,
                                39.73815099900002
                            ],
                            [
                                2.607166000000064,
                                39.738241000000066
                            ]
                        ]
                    ],
                    [
                        [
                            [
                                2.609677000000033,
                                39.74007000000005
                            ],
                            [
                                2.6095490000000723,
                                39.74005100000005
                            ],
                            [
                                2.609737222000035,
                                39.73997900000006
                            ],
                            [
                                2.609677000000033,
                                39.74007000000005
                            ]
                        ]
                    ],
                    [
                        [
                            [
                                2.6103860000000623,
                                39.74056800000005
                            ],
                            [
                                2.6102570000000465,
                                39.740621000000026
                            ],
                            [
                                2.6102664970000546,
                                39.74046817500004
                            ],
                            [
                                2.6103860000000623,
                                39.74056800000005
                            ]
                        ]
                    ],
                    [
                        [
                            [
                                2.6152180000000267,
                                39.74464700000004
                            ],
                            [
                                2.614998000000071,
                                39.74435800000002
                            ],
                            [
                                2.615267000000074,
                                39.74426000000006
                            ],
                            [
                                2.6152180000000267,
                                39.74464700000004
                            ]
                        ]
                    ],
                    [
                        [
                            [
                                3.1881700000000706,
                                39.75503000000002
                            ],
                            [
                                3.187688000000037,
                                39.75472400000006
                            ],
                            [
                                3.1879024050000453,
                                39.754350000000045
                            ],
                            [
                                3.1881700000000706,
                                39.75503000000002
                            ]
                        ]
                    ],
                    [
                        [
                            [
                                3.4069230000000625,
                                39.76998900000006
                            ],
                            [
                                3.406194000000028,
                                39.77021200000007
                            ],
                            [
                                3.4060850000000755,
                                39.76959100000005
                            ],
                            [
                                3.4069230000000625,
                                39.76998900000006
                            ]
                        ]
                    ],
                    [
                        [
                            [
                                4.295459335000032,
                                39.803017499000084
                            ],
                            [
                                4.295219000000031,
                                39.803018000000066
                            ],
                            [
                                4.295498000000066,
                                39.802866000000044
                            ],
                            [
                                4.295459335000032,
                                39.803017499000084
                            ]
                        ]
                    ],
                    [
                        [
                            [
                                4.28890433600003,
                                39.80361799900003
                            ],
                            [
                                4.281911000000036,
                                39.801071000000036
                            ],
                            [
                                4.295905000000062,
                                39.799988000000035
                            ],
                            [
                                4.295130000000029,
                                39.80197400000003
                            ],
                            [
                                4.28890433600003,
                                39.80361799900003
                            ]
                        ]
                    ],
                    [
                        [
                            [
                                4.2418890000000715,
                                39.81292600000005
                            ],
                            [
                                4.241774000000021,
                                39.81317100000006
                            ],
                            [
                                4.24155200000007,
                                39.812790000000064
                            ],
                            [
                                4.2418890000000715,
                                39.81292600000005
                            ]
                        ]
                    ],
                    [
                        [
                            [
                                4.241542000000038,
                                39.813331000000055
                            ],
                            [
                                4.2414170000000695,
                                39.813485000000064
                            ],
                            [
                                4.241266000000053,
                                39.813244000000054
                            ],
                            [
                                4.241542000000038,
                                39.813331000000055
                            ]
                        ]
                    ],
                    [
                        [
                            [
                                4.243879799000069,
                                39.81624677200006
                            ],
                            [
                                4.243749000000037,
                                39.81612700000006
                            ],
                            [
                                4.243882000000042,
                                39.815946000000054
                            ],
                            [
                                4.243879799000069,
                                39.81624677200006
                            ]
                        ]
                    ],
                    [
                        [
                            [
                                2.7107090000000653,
                                39.81713500000006
                            ],
                            [
                                2.7096750000000616,
                                39.819147000000044
                            ],
                            [
                                2.7089780000000587,
                                39.81668100000007
                            ],
                            [
                                2.7107090000000653,
                                39.81713500000006
                            ]
                        ]
                    ],
                    [
                        [
                            [
                                4.227555000000052,
                                39.821611000000075
                            ],
                            [
                                4.227315000000033,
                                39.82146500000004
                            ],
                            [
                                4.2274040000000355,
                                39.82123400000007
                            ],
                            [
                                4.227555000000052,
                                39.821611000000075
                            ]
                        ]
                    ],
                    [
                        [
                            [
                                4.29510300000004,
                                39.82207500000003
                            ],
                            [
                                4.295090000000073,
                                39.82198900000003
                            ],
                            [
                                4.295212000000049,
                                39.821988000000026
                            ],
                            [
                                4.29510300000004,
                                39.82207500000003
                            ]
                        ]
                    ],
                    [
                        [
                            [
                                4.22393584200006,
                                39.82406399900002
                            ],
                            [
                                4.223422000000028,
                                39.824132000000084
                            ],
                            [
                                4.223952000000054,
                                39.82346400000006
                            ],
                            [
                                4.22393584200006,
                                39.82406399900002
                            ]
                        ]
                    ],
                    [
                        [
                            [
                                4.222780000000057,
                                39.82376000000004
                            ],
                            [
                                4.221703305000062,
                                39.82422400000008
                            ],
                            [
                                4.220286000000044,
                                39.821651000000045
                            ],
                            [
                                4.222780000000057,
                                39.82376000000004
                            ]
                        ]
                    ],
                    [
                        [
                            [
                                4.214948716000038,
                                39.82727499900005
                            ],
                            [
                                4.2143610000000535,
                                39.827282000000025
                            ],
                            [
                                4.214134000000058,
                                39.82570700000008
                            ],
                            [
                                4.214948716000038,
                                39.82727499900005
                            ]
                        ]
                    ],
                    [
                        [
                            [
                                4.21503800000005,
                                39.827725000000044
                            ],
                            [
                                4.214866000000029,
                                39.827808000000054
                            ],
                            [
                                4.214851000000067,
                                39.82757400000003
                            ],
                            [
                                4.21503800000005,
                                39.827725000000044
                            ]
                        ]
                    ],
                    [
                        [
                            [
                                3.171774000000027,
                                39.83575400000006
                            ],
                            [
                                3.169998000000021,
                                39.83607200000006
                            ],
                            [
                                3.1701501050000616,
                                39.83474780900006
                            ],
                            [
                                3.171774000000027,
                                39.83575400000006
                            ]
                        ]
                    ],
                    [
                        [
                            [
                                4.300110000000075,
                                39.841150000000034
                            ],
                            [
                                4.2998040000000515,
                                39.84101900000007
                            ],
                            [
                                4.300031535000073,
                                39.84098199900006
                            ],
                            [
                                4.300110000000075,
                                39.841150000000034
                            ]
                        ]
                    ],
                    [
                        [
                            [
                                4.300441000000035,
                                39.84134500000003
                            ],
                            [
                                4.300239000000033,
                                39.84128900000006
                            ],
                            [
                                4.300272000000064,
                                39.841225000000065
                            ],
                            [
                                4.300441000000035,
                                39.84134500000003
                            ]
                        ]
                    ],
                    [
                        [
                            [
                                4.300996418000068,
                                39.84140199900003
                            ],
                            [
                                4.300849000000028,
                                39.84159300000005
                            ],
                            [
                                4.300486000000035,
                                39.84120000000006
                            ],
                            [
                                4.300996418000068,
                                39.84140199900003
                            ]
                        ]
                    ],
                    [
                        [
                            [
                                4.324625000000026,
                                39.87496000000004
                            ],
                            [
                                4.324423000000024,
                                39.87480500000004
                            ],
                            [
                                4.324591423000072,
                                39.87476899900002
                            ],
                            [
                                4.324625000000026,
                                39.87496000000004
                            ]
                        ]
                    ],
                    [
                        [
                            [
                                4.288679000000059,
                                39.88688400000006
                            ],
                            [
                                4.2865848010000605,
                                39.88819200000006
                            ],
                            [
                                4.286092000000053,
                                39.88613800000006
                            ],
                            [
                                4.2877560000000585,
                                39.88578200000005
                            ],
                            [
                                4.288679000000059,
                                39.88688400000006
                            ]
                        ]
                    ],
                    [
                        [
                            [
                                4.311372983000069,
                                39.888986998000064
                            ],
                            [
                                4.310734000000025,
                                39.888506000000056
                            ],
                            [
                                4.311326000000065,
                                39.88845500000007
                            ],
                            [
                                4.311372983000069,
                                39.888986998000064
                            ]
                        ]
                    ],
                    [
                        [
                            [
                                4.312196000000029,
                                39.88934100000006
                            ],
                            [
                                4.311889615000041,
                                39.88939799900003
                            ],
                            [
                                4.311757000000057,
                                39.88919300000002
                            ],
                            [
                                4.312196000000029,
                                39.88934100000006
                            ]
                        ]
                    ],
                    [
                        [
                            [
                                4.311669026000061,
                                39.88929500000006
                            ],
                            [
                                4.311559000000045,
                                39.88941600000004
                            ],
                            [
                                4.311380000000042,
                                39.88920600000005
                            ],
                            [
                                4.311669026000061,
                                39.88929500000006
                            ]
                        ]
                    ],
                    [
                        [
                            [
                                4.308760263000067,
                                39.89215284600004
                            ],
                            [
                                4.308373000000074,
                                39.89184400000005
                            ],
                            [
                                4.308508000000074,
                                39.89151400000002
                            ],
                            [
                                4.308760263000067,
                                39.89215284600004
                            ]
                        ]
                    ],
                    [
                        [
                            [
                                4.308418000000074,
                                39.897826000000066
                            ],
                            [
                                4.308216000000073,
                                39.89776100000005
                            ],
                            [
                                4.30813900000004,
                                39.897613000000035
                            ],
                            [
                                4.308418000000074,
                                39.897826000000066
                            ]
                        ]
                    ],
                    [
                        [
                            [
                                4.307100389000027,
                                39.89904949900005
                            ],
                            [
                                4.306872000000055,
                                39.898834000000065
                            ],
                            [
                                4.307034000000044,
                                39.89881900000006
                            ],
                            [
                                4.307100389000027,
                                39.89904949900005
                            ]
                        ]
                    ],
                    [
                        [
                            [
                                4.295348000000047,
                                39.902878000000044
                            ],
                            [
                                4.2951210000000515,
                                39.90289900000004
                            ],
                            [
                                4.295208846000037,
                                39.902750000000026
                            ],
                            [
                                4.295348000000047,
                                39.902878000000044
                            ]
                        ]
                    ],
                    [
                        [
                            [
                                4.2870040000000245,
                                39.91249900000002
                            ],
                            [
                                4.286667000000023,
                                39.91249800000003
                            ],
                            [
                                4.286825000000022,
                                39.91232900000005
                            ],
                            [
                                4.2870040000000245,
                                39.91249900000002
                            ]
                        ]
                    ],
                    [
                        [
                            [
                                4.290172668000025,
                                39.91276200000004
                            ],
                            [
                                4.2894430000000625,
                                39.91266100000006
                            ],
                            [
                                4.290072000000066,
                                39.911437000000035
                            ],
                            [
                                4.290172668000025,
                                39.91276200000004
                            ]
                        ]
                    ],
                    [
                        [
                            [
                                4.287490000000048,
                                39.91383600000006
                            ],
                            [
                                4.286973000000046,
                                39.91372400000006
                            ],
                            [
                                4.287267424000049,
                                39.91369250000002
                            ],
                            [
                                4.287490000000048,
                                39.91383600000006
                            ]
                        ]
                    ],
                    [
                        [
                            [
                                4.290349427000024,
                                39.916633499000056
                            ],
                            [
                                4.290190000000052,
                                39.916770000000035
                            ],
                            [
                                4.28977500000002,
                                39.916599000000076
                            ],
                            [
                                4.290349427000024,
                                39.916633499000056
                            ]
                        ]
                    ],
                    [
                        [
                            [
                                4.280530689000045,
                                39.95000099900006
                            ],
                            [
                                4.279598000000021,
                                39.94999200000006
                            ],
                            [
                                4.279310000000066,
                                39.949167000000045
                            ],
                            [
                                4.280530689000045,
                                39.95000099900006
                            ]
                        ]
                    ],
                    [
                        [
                            [
                                4.280092000000025,
                                39.95138300000008
                            ],
                            [
                                4.2793980000000715,
                                39.95072000000005
                            ],
                            [
                                4.279918000000066,
                                39.950200000000045
                            ],
                            [
                                4.280092000000025,
                                39.95138300000008
                            ]
                        ]
                    ],
                    [
                        [
                            [
                                3.2028890910000314,
                                39.95264090900002
                            ],
                            [
                                3.1679727270000626,
                                39.95875181800005
                            ],
                            [
                                3.0617781820000687,
                                39.91980727300006
                            ],
                            [
                                3.0416109090000414,
                                39.93669545400008
                            ],
                            [
                                2.982083636000027,
                                39.909889091000025
                            ],
                            [
                                2.9498609090000514,
                                39.92038727300007
                            ],
                            [
                                2.8450272730000274,
                                39.86380363600006
                            ],
                            [
                                2.7773609090000377,
                                39.85511000000002
                            ],
                            [
                                2.7565000000000737,
                                39.82730454500005
                            ],
                            [
                                2.7324718180000214,
                                39.826915454000066
                            ],
                            [
                                2.691055454000036,
                                39.78847090900006
                            ],
                            [
                                2.6720554540000307,
                                39.79244636400005
                            ],
                            [
                                2.6586109090000605,
                                39.76824909100003
                            ],
                            [
                                2.635278182000036,
                                39.76502636400005
                            ],
                            [
                                2.5680000000000405,
                                39.70536000000004
                            ],
                            [
                                2.5255554540000276,
                                39.698749091000025
                            ],
                            [
                                2.4087772730000547,
                                39.620750000000044
                            ],
                            [
                                2.374610909000068,
                                39.61355545400005
                            ],
                            [
                                2.344360909000045,
                                39.58330545400003
                            ],
                            [
                                2.350444545000073,
                                39.56200000000006
                            ],
                            [
                                2.387500000000045,
                                39.54502909100005
                            ],
                            [
                                2.3630000000000564,
                                39.531055454000054
                            ],
                            [
                                2.3975554540000417,
                                39.52152636400006
                            ],
                            [
                                2.4146945450000317,
                                39.53577818200006
                            ],
                            [
                                2.4213054540000485,
                                39.523388182000076
                            ],
                            [
                                2.4535000000000764,
                                39.53269545400007
                            ],
                            [
                                2.476860909000038,
                                39.51461000000007
                            ],
                            [
                                2.4550740000000246,
                                39.502054000000044
                            ],
                            [
                                2.478666363000059,
                                39.49185909100003
                            ],
                            [
                                2.4770281820000264,
                                39.46605727300003
                            ],
                            [
                                2.5226945450000358,
                                39.45536000000005
                            ],
                            [
                                2.5441109090000396,
                                39.52258272700003
                            ],
                            [
                                2.5851945450000358,
                                39.52902636400005
                            ],
                            [
                                2.6022500000000264,
                                39.54916727300007
                            ],
                            [
                                2.6277781820000428,
                                39.54197272700002
                            ],
                            [
                                2.6353336360000412,
                                39.562778182000045
                            ],
                            [
                                2.67227727300002,
                                39.558303636000055
                            ],
                            [
                                2.739860909000072,
                                39.51277909100003
                            ],
                            [
                                2.746666363000031,
                                39.49988909100006
                            ],
                            [
                                2.721916363000048,
                                39.47386181800004
                            ],
                            [
                                2.7428336360000567,
                                39.44230636400004
                            ],
                            [
                                2.7371945450000226,
                                39.41069454500006
                            ],
                            [
                                2.7865281820000405,
                                39.36377727300004
                            ],
                            [
                                2.963972727000055,
                                39.359390000000076
                            ],
                            [
                                2.990860909000048,
                                39.33511000000004
                            ],
                            [
                                2.9850281820000646,
                                39.31494545400004
                            ],
                            [
                                3.0655000000000427,
                                39.265914545000044
                            ],
                            [
                                3.1416390910000587,
                                39.32977636400005
                            ],
                            [
                                3.166083636000053,
                                39.325500909000034
                            ],
                            [
                                3.2108890910000696,
                                39.35377909100002
                            ],
                            [
                                3.208500000000072,
                                39.36558181800007
                            ],
                            [
                                3.2272500000000264,
                                39.360168182000045
                            ],
                            [
                                3.261110909000024,
                                39.423751818000014
                            ],
                            [
                                3.2737500000000637,
                                39.418834545000045
                            ],
                            [
                                3.2908890910000532,
                                39.490970909000055
                            ],
                            [
                                3.377527273000055,
                                39.57094545400003
                            ],
                            [
                                3.399666363000051,
                                39.57430636400005
                            ],
                            [
                                3.3903609090000377,
                                39.611831818000034
                            ],
                            [
                                3.4075272730000274,
                                39.635360909000035
                            ],
                            [
                                3.4345000000000705,
                                39.63183181800007
                            ],
                            [
                                3.437805454000056,
                                39.655750000000054
                            ],
                            [
                                3.452250000000049,
                                39.65119545400006
                            ],
                            [
                                3.4491109090000696,
                                39.695556364000026
                            ],
                            [
                                3.4705836360000712,
                                39.71291727300007
                            ],
                            [
                                3.4486945450000235,
                                39.72102727300005
                            ],
                            [
                                3.45405545400007,
                                39.744610000000065
                            ],
                            [
                                3.340750000000071,
                                39.786640000000034
                            ],
                            [
                                3.319750000000056,
                                39.755721818000026
                            ],
                            [
                                3.244610909000073,
                                39.729278182000016
                            ],
                            [
                                3.168110909000063,
                                39.756916364000055
                            ],
                            [
                                3.134694545000059,
                                39.77852636400007
                            ],
                            [
                                3.11366636300005,
                                39.81977818200004
                            ],
                            [
                                3.1207500000000437,
                                39.83572363600006
                            ],
                            [
                                3.1756109090000564,
                                39.83974818200005
                            ],
                            [
                                3.2022772730000497,
                                39.88761181800003
                            ],
                            [
                                3.1022500000000264,
                                39.85919545400004
                            ],
                            [
                                3.0815554540000676,
                                39.901554545000074
                            ],
                            [
                                3.108805454000049,
                                39.89672090900006
                            ],
                            [
                                3.131860909000068,
                                39.923668182000036
                            ],
                            [
                                3.2028890910000314,
                                39.95264090900002
                            ]
                        ]
                    ],
                    [
                        [
                            [
                                4.283272000000068,
                                39.959056000000025
                            ],
                            [
                                4.283227000000068,
                                39.95917800000006
                            ],
                            [
                                4.282939000000056,
                                39.95902800000003
                            ],
                            [
                                4.283272000000068,
                                39.959056000000025
                            ]
                        ]
                    ],
                    [
                        [
                            [
                                4.2734890000000405,
                                39.96357400000004
                            ],
                            [
                                4.273229000000072,
                                39.963784000000025
                            ],
                            [
                                4.273308454000073,
                                39.963337000000024
                            ],
                            [
                                4.2734890000000405,
                                39.96357400000004
                            ]
                        ]
                    ],
                    [
                        [
                            [
                                4.281411000000048,
                                39.957148000000075
                            ],
                            [
                                4.277600000000064,
                                39.96671300000003
                            ],
                            [
                                4.273534000000041,
                                39.96405100000005
                            ],
                            [
                                4.274785000000065,
                                39.957987000000045
                            ],
                            [
                                4.27275400000002,
                                39.95689700000001
                            ],
                            [
                                4.281411000000048,
                                39.957148000000075
                            ]
                        ]
                    ],
                    [
                        [
                            [
                                4.224806000000058,
                                39.99864900000004
                            ],
                            [
                                4.224595000000022,
                                39.99831400000004
                            ],
                            [
                                4.224894000000063,
                                39.99819300000007
                            ],
                            [
                                4.224806000000058,
                                39.99864900000004
                            ]
                        ]
                    ],
                    [
                        [
                            [
                                4.261611000000073,
                                39.99943000000006
                            ],
                            [
                                4.261521000000073,
                                39.99911600000007
                            ],
                            [
                                4.2618394590000435,
                                39.99906099900005
                            ],
                            [
                                4.261611000000073,
                                39.99943000000006
                            ]
                        ]
                    ],
                    [
                        [
                            [
                                4.212504606000039,
                                40.01513299900006
                            ],
                            [
                                4.212274000000036,
                                40.01513300000004
                            ],
                            [
                                4.212404000000049,
                                40.01505900000006
                            ],
                            [
                                4.212504606000039,
                                40.01513299900006
                            ]
                        ]
                    ],
                    [
                        [
                            [
                                4.213380000000029,
                                40.01514800000007
                            ],
                            [
                                4.212051000000031,
                                40.014577000000024
                            ],
                            [
                                4.212435000000028,
                                40.014474000000064
                            ],
                            [
                                4.213380000000029,
                                40.01514800000007
                            ]
                        ]
                    ],
                    [
                        [
                            [
                                4.209951001000036,
                                40.02072769700004
                            ],
                            [
                                4.208819000000062,
                                40.02137600000004
                            ],
                            [
                                4.209325000000035,
                                40.017885000000035
                            ],
                            [
                                4.209951001000036,
                                40.02072769700004
                            ]
                        ]
                    ],
                    [
                        [
                            [
                                4.136885000000063,
                                40.04743400000007
                            ],
                            [
                                4.135958000000073,
                                40.04651100000006
                            ],
                            [
                                4.137105000000076,
                                40.04522900000006
                            ],
                            [
                                4.136885000000063,
                                40.04743400000007
                            ]
                        ]
                    ],
                    [
                        [
                            [
                                4.07612400000005,
                                40.09384100000005
                            ],
                            [
                                4.075498000000039,
                                40.09462600000005
                            ],
                            [
                                4.073018000000047,
                                40.09254100000003
                            ],
                            [
                                4.075953000000027,
                                40.090955000000065
                            ],
                            [
                                4.07612400000005,
                                40.09384100000005
                            ]
                        ]
                    ],
                    [
                        [
                            [
                                4.093139091000069,
                                40.07791545400004
                            ],
                            [
                                4.092916363000029,
                                40.09650000000004
                            ],
                            [
                                4.079110909000065,
                                40.09722181800004
                            ],
                            [
                                4.08219454500005,
                                40.07172363600005
                            ],
                            [
                                4.052110909000021,
                                40.058082727000055
                            ],
                            [
                                4.025860909000073,
                                40.074500909000044
                            ],
                            [
                                3.9843336360000308,
                                40.05666727300007
                            ],
                            [
                                3.9316945450000276,
                                40.06880545400003
                            ],
                            [
                                3.916389091000042,
                                40.05127727300004
                            ],
                            [
                                3.9013054540000667,
                                40.063361818000025
                            ],
                            [
                                3.8221663630000644,
                                40.056720909000035
                            ],
                            [
                                3.794694545000027,
                                40.01541545400004
                            ],
                            [
                                3.8227500000000423,
                                39.97719545400002
                            ],
                            [
                                3.812778182000045,
                                39.92061272700004
                            ],
                            [
                                3.884333636000065,
                                39.92011272700006
                            ],
                            [
                                3.924944545000074,
                                39.940334545000034
                            ],
                            [
                                4.013416363000033,
                                39.92597181800004
                            ],
                            [
                                4.200860909000028,
                                39.83033363600003
                            ],
                            [
                                4.2798609090000355,
                                39.81955727300003
                            ],
                            [
                                4.297027273000026,
                                39.833500000000065
                            ],
                            [
                                4.297027273000026,
                                39.874053636000035
                            ],
                            [
                                4.252944545000048,
                                39.899029091000045
                            ],
                            [
                                4.307032000000049,
                                39.87142600000004
                            ],
                            [
                                4.315389091000043,
                                39.88119545400009
                            ],
                            [
                                4.2476945450000585,
                                39.971138182000054
                            ],
                            [
                                4.256166363000034,
                                39.98622090900005
                            ],
                            [
                                4.210944545000075,
                                40.00000000000005
                            ],
                            [
                                4.19197181800007,
                                40.040638182000066
                            ],
                            [
                                4.183583636000037,
                                40.027248182000044
                            ],
                            [
                                4.157889091000072,
                                40.04169454500004
                            ],
                            [
                                4.1714163630000485,
                                40.068249091000034
                            ],
                            [
                                4.138389091000022,
                                40.07325000000002
                            ],
                            [
                                4.13933363600006,
                                40.04258363600007
                            ],
                            [
                                4.124916363000068,
                                40.03819272700009
                            ],
                            [
                                4.12880545400003,
                                40.070804545000044
                            ],
                            [
                                4.106555454000045,
                                40.05355454500006
                            ],
                            [
                                4.093139091000069,
                                40.07791545400004
                            ]
                        ]
                    ]
                ],
                "type": "MultiPolygon"
            }
        },
        {
            "type": "Feature",
            "properties": {
                "diocese": "Dertusen",
                "province": "Tarraconen",
                "start": 1592,
                "end": 1671
            },
            "geometry": {
                "coordinates": [
                    [
                        [
                            0.7537550100000203,
                            41.303771511000036
                        ],
                        [
                            0.697567523000032,
                            41.31764931500004
                        ],
                        [
                            0.5817576220000547,
                            41.315059604000055
                        ],
                        [
                            0.5169309300000577,
                            41.39115472800006
                        ],
                        [
                            0.3645690000000741,
                            41.22769400000004
                        ],
                        [
                            0.3058713320000379,
                            41.223088517000065
                        ],
                        [
                            0.22672398200006683,
                            41.15977308200007
                        ],
                        [
                            0.1402085610000654,
                            41.13256800500005
                        ],
                        [
                            0.11762898700004598,
                            41.09335137100004
                        ],
                        [
                            0.12309562100006133,
                            41.06593954900006
                        ],
                        [
                            0.07227969500002018,
                            41.02053262700008
                        ],
                        [
                            0.03448861900005795,
                            41.015690721000055
                        ],
                        [
                            0.06008672500007606,
                            40.908432091000066
                        ],
                        [
                            0.018730453000046055,
                            40.79840830200004
                        ],
                        [
                            -0.016921505999960118,
                            40.763853389000076
                        ],
                        [
                            -0.1352860109999483,
                            40.737925407000034
                        ],
                        [
                            -0.3235283549999508,
                            40.78545231600003
                        ],
                        [
                            -0.3705889409999372,
                            40.76709367500007
                        ],
                        [
                            -0.3705889409999372,
                            40.73252247200003
                        ],
                        [
                            -0.31639796299992895,
                            40.696852095000054
                        ],
                        [
                            -0.381074999999953,
                            40.66425200000003
                        ],
                        [
                            -0.36631070599997884,
                            40.57997909200003
                        ],
                        [
                            -0.4176495269999805,
                            40.53013772800006
                        ],
                        [
                            -0.43048423299995875,
                            40.491105565000055
                        ],
                        [
                            -0.3620324709999636,
                            40.47049609900006
                        ],
                        [
                            -0.3677367839999306,
                            40.433600210000066
                        ],
                        [
                            -0.3434934519999615,
                            40.38582252200007
                        ],
                        [
                            -0.3506238439999265,
                            40.35105381000005
                        ],
                        [
                            -0.4003529999999387,
                            40.29487700000004
                        ],
                        [
                            -0.38285499999994954,
                            40.27854800000006
                        ],
                        [
                            -0.38276312799996504,
                            40.24544948000005
                        ],
                        [
                            -0.35519227899993666,
                            40.220046324000066
                        ],
                        [
                            -0.3330880649999699,
                            40.12978817700008
                        ],
                        [
                            -0.3509140439999783,
                            40.10443257600008
                        ],
                        [
                            -0.38895894699993505,
                            40.11059162600003
                        ],
                        [
                            -0.3777193329999591,
                            40.062436527000045
                        ],
                        [
                            -0.3862758029999327,
                            39.998011148000046
                        ],
                        [
                            -0.4147973709999633,
                            39.922589034000055
                        ],
                        [
                            -0.41131726799994794,
                            39.90764137800005
                        ],
                        [
                            -0.36218006299992567,
                            39.911135545000036
                        ],
                        [
                            -0.35362359299995205,
                            39.88524263800008
                        ],
                        [
                            -0.5114429319999658,
                            39.873204576000035
                        ],
                        [
                            -0.5285558729999593,
                            39.85094683800003
                        ],
                        [
                            -0.5304573109999637,
                            39.796183994000046
                        ],
                        [
                            -0.49290391399995315,
                            39.738818811000044
                        ],
                        [
                            -0.3501178169999548,
                            39.76667003500006
                        ],
                        [
                            -0.30436446999993905,
                            39.755935933000046
                        ],
                        [
                            -0.3114948619999609,
                            39.726694149000025
                        ],
                        [
                            -0.38161038099997313,
                            39.70452609600005
                        ],
                        [
                            -0.3830958789999386,
                            39.66748727800007
                        ],
                        [
                            -0.24348943499995812,
                            39.62126372900008
                        ],
                        [
                            -0.200778181999965,
                            39.666110909000054
                        ],
                        [
                            -0.18847994099996868,
                            39.721978112000045
                        ],
                        [
                            -0.11811499999993202,
                            39.81626700000004
                        ],
                        [
                            -0.007087999999953354,
                            39.91409700000003
                        ],
                        [
                            0.04988600000007182,
                            40.03584200000006
                        ],
                        [
                            0.14768100000003415,
                            40.082809000000054
                        ],
                        [
                            0.1880810000000679,
                            40.16795600000006
                        ],
                        [
                            0.2646550000000616,
                            40.20858400000003
                        ],
                        [
                            0.27898000000004686,
                            40.244215000000054
                        ],
                        [
                            0.3508880000000545,
                            40.29964300000006
                        ],
                        [
                            0.4611560000000736,
                            40.45480800000007
                        ],
                        [
                            0.477813000000026,
                            40.45864800000004
                        ],
                        [
                            0.5382700000000682,
                            40.567660000000046
                        ],
                        [
                            0.5998467820000428,
                            40.62082683600005
                        ],
                        [
                            0.7463370000000396,
                            40.63620600000007
                        ],
                        [
                            0.7115330440000207,
                            40.59226487300003
                        ],
                        [
                            0.6883280000000696,
                            40.59007400000007
                        ],
                        [
                            0.6897290000000567,
                            40.601991000000055
                        ],
                        [
                            0.6879520000000525,
                            40.58988100000005
                        ],
                        [
                            0.5980120000000397,
                            40.57420300000007
                        ],
                        [
                            0.6191060000000448,
                            40.55536200000006
                        ],
                        [
                            0.676379000000054,
                            40.56260200000003
                        ],
                        [
                            0.7068510000000288,
                            40.58343000000008
                        ],
                        [
                            0.7568960000000402,
                            40.640869000000066
                        ],
                        [
                            0.8756520000000592,
                            40.69983300000007
                        ],
                        [
                            0.8878370000000473,
                            40.71928800000006
                        ],
                        [
                            0.8745260000000599,
                            40.73404700000003
                        ],
                        [
                            0.8651680000000397,
                            40.721483000000035
                        ],
                        [
                            0.8311970000000315,
                            40.733641000000034
                        ],
                        [
                            0.7671400000000403,
                            40.79213600000003
                        ],
                        [
                            0.7441270000000486,
                            40.792121000000066
                        ],
                        [
                            0.7315640000000485,
                            40.78825900000004
                        ],
                        [
                            0.7732200000000375,
                            40.77897800000005
                        ],
                        [
                            0.7842880000000605,
                            40.772167000000024
                        ],
                        [
                            0.7850720000000706,
                            40.76970200000005
                        ],
                        [
                            0.7314040000000546,
                            40.76912800000008
                        ],
                        [
                            0.7003540000000612,
                            40.80466700000005
                        ],
                        [
                            0.7416500000000497,
                            40.82327900000007
                        ],
                        [
                            0.8862960000000726,
                            40.96186600000004
                        ],
                        [
                            0.8825655390000406,
                            41.06962199800006
                        ],
                        [
                            0.9132262240000273,
                            41.10455467600008
                        ],
                        [
                            0.9096610280000732,
                            41.132487447000074
                        ],
                        [
                            0.7941486800000348,
                            41.235520835000045
                        ],
                        [
                            0.7769287840000629,
                            41.285556875000054
                        ],
                        [
                            0.7537550100000203,
                            41.303771511000036
                        ]
                    ]
                ],
                "type": "Polygon"
            }
        },
        {
            "type": "Feature",
            "properties": {
                "diocese": "Illerden",
                "province": "Tarraconen",
                "start": 1592,
                "end": 1671
            },
            "geometry": {
                "type": "MultiPolygon",
                "coordinates": [
                    [
                        [
                            [
                                0.07517374300005,
                                42.14472744900007
                            ],
                            [
                                0.107854706000069,
                                42.16234781300005
                            ],
                            [
                                0.08527513100006,
                                42.19361187800007
                            ],
                            [
                                0.057957948000023,
                                42.17767619000006
                            ],
                            [
                                0.057749905000037,
                                42.15373847800004
                            ],
                            [
                                0.030387099000052,
                                42.141875140000025
                            ],
                            [
                                -0.024374309999928,
                                42.17739437100005
                            ],
                            [
                                -0.039997738999944,
                                42.17283360700003
                            ],
                            [
                                -0.015144552999971,
                                42.12445796600008
                            ],
                            [
                                -0.061000597999964,
                                42.100622927000074
                            ],
                            [
                                -0.06499361799996,
                                42.083690982000064
                            ],
                            [
                                -0.034950899999956,
                                42.07409420700003
                            ],
                            [
                                0.018130608000035,
                                42.090073148000045
                            ],
                            [
                                0.07517374300005,
                                42.14472744900007
                            ]
                        ]
                    ],
                    [
                        [
                            [
                                0.79723257400002,
                                42.606017276000046
                            ],
                            [
                                0.708761977953671,
                                42.620670265484044
                            ],
                            [
                                0.696052,
                                42.658514
                            ],
                            [
                                0.660104069000056,
                                42.69092533000003
                            ],
                            [
                                0.654035977389258,
                                42.69237822302164
                            ],
                            [
                                0.652195775912001,
                                42.69175492897289
                            ],
                            [
                                0.644864650671963,
                                42.69309055907735
                            ],
                            [
                                0.638334903494601,
                                42.69484171854764
                            ],
                            [
                                0.633300056402679,
                                42.69664285951453
                            ],
                            [
                                0.630418361966841,
                                42.6976773139274
                            ],
                            [
                                0.628497232342949,
                                42.698453154737045
                            ],
                            [
                                0.622918567473571,
                                42.70037428436094
                            ],
                            [
                                0.618504582910975,
                                42.701372791909165
                            ],
                            [
                                0.614313627632525,
                                42.70147646950561
                            ],
                            [
                                0.610117428846553,
                                42.700454922984676
                            ],
                            [
                                0.605640052878903,
                                42.69790336250262
                            ],
                            [
                                0.601272642221448,
                                42.69381324775993
                            ],
                            [
                                0.594409568331161,
                                42.69402121969599
                            ],
                            [
                                0.588309058206461,
                                42.69471445948289
                            ],
                            [
                                0.566350485105618,
                                42.69835488751607
                            ],
                            [
                                0.555483722691472,
                                42.699772291309216
                            ],
                            [
                                0.549184150277474,
                                42.70024475924026
                            ],
                            [
                                0.542884577863477,
                                42.70008726992992
                            ],
                            [
                                0.537057473380529,
                                42.69906358941264
                            ],
                            [
                                0.532224998672025,
                                42.6943774606188
                            ],
                            [
                                0.526514708793418,
                                42.69214687863497
                            ],
                            [
                                0.520774677821693,
                                42.69193869098315
                            ],
                            [
                                0.514412345015382,
                                42.693169261192836
                            ],
                            [
                                0.509795311366214,
                                42.69457444534692
                            ],
                            [
                                0.502669020299021,
                                42.696782591874786
                            ],
                            [
                                0.496646802495758,
                                42.6982881463256
                            ],
                            [
                                0.490824571721817,
                                42.698625601520526
                            ],
                            [
                                0.485816980195728,
                                42.69716505399208
                            ],
                            [
                                0.481435337610399,
                                42.693305035524055
                            ],
                            [
                                0.474810132451845,
                                42.69120597600455
                            ],
                            [
                                0.468104707568394,
                                42.69002026062881
                            ],
                            [
                                0.461440169422036,
                                42.68957050652078
                            ],
                            [
                                0.453333249436846,
                                42.689611536732556
                            ],
                            [
                                0.443635409676517,
                                42.6903269511411
                            ],
                            [
                                0.427816802198604,
                                42.692075741917556
                            ],
                            [
                                0.422570429869246,
                                42.69239370387691
                            ],
                            [
                                0.417170414321392,
                                42.6924448461584
                            ],
                            [
                                0.41054981955021,
                                42.70210880680705
                            ],
                            [
                                0.388475027383239,
                                42.72044431752407
                            ],
                            [
                                0.365974745772477,
                                42.71561492641362
                            ],
                            [
                                0.351435213554243,
                                42.711364909303676
                            ],
                            [
                                0.346402298555623,
                                42.709239900748706
                            ],
                            [
                                0.341145698445954,
                                42.70633199430506
                            ],
                            [
                                0.338273429085024,
                                42.70333582366468
                            ],
                            [
                                0.337016847417243,
                                42.699566078661334
                            ],
                            [
                                0.33921586533586,
                                42.69527275796308
                            ],
                            [
                                0.336702702000298,
                                42.69035114643094
                            ],
                            [
                                0.332723526718991,
                                42.68595311059371
                            ],
                            [
                                0.328373717039227,
                                42.682630330297926
                            ],
                            [
                                0.323102067320717,
                                42.679827985058935
                            ],
                            [
                                0.317050470875636,
                                42.67769949251618
                            ],
                            [
                                0.310718353937565,
                                42.676643067897686
                            ],
                            [
                                0.304471207102202,
                                42.677002099325
                            ],
                            [
                                0.298870316836015,
                                42.67865364389068
                            ],
                            [
                                0.293238921016013,
                                42.682100061197
                            ],
                            [
                                0.285297669652125,
                                42.69098669962801
                            ],
                            [
                                0.282650585864163,
                                42.69571363496365
                            ],
                            [
                                0.279775609971911,
                                42.70476128951182
                            ],
                            [
                                0.278185471568669,
                                42.70934997461832
                            ],
                            [
                                0.275868412752517,
                                42.71357519951836
                            ],
                            [
                                0.272324675739578,
                                42.71671004379904
                            ],
                            [
                                0.267026940443539,
                                42.718662218172796
                            ],
                            [
                                0.260046884725939,
                                42.719113625247786
                            ],
                            [
                                0.24992051998819,
                                42.71783845339192
                            ],
                            [
                                0.243694680927204,
                                42.71918863535696
                            ],
                            [
                                0.23731882164788,
                                42.721213908304506
                            ],
                            [
                                0.229417013679975,
                                42.72429727309373
                            ],
                            [
                                0.218324433253198,
                                42.72907855776045
                            ],
                            [
                                0.207805606986426,
                                42.73290358549382
                            ],
                            [
                                0.200920557066358,
                                42.734720473667174
                            ],
                            [
                                0.193939881452955,
                                42.735867981987184
                            ],
                            [
                                0.186944815001399,
                                42.73603245086194
                            ],
                            [
                                0.180451994023613,
                                42.731403432865605
                            ],
                            [
                                0.167893044641393,
                                42.72563866921475
                            ],
                            [
                                0.128775005582021,
                                42.71328560424863
                            ],
                            [
                                0.114034328695107,
                                42.71503337003998
                            ],
                            [
                                0.108158288962359,
                                42.715161110034174
                            ],
                            [
                                0.102282249229611,
                                42.71477789005161
                            ],
                            [
                                0.096406209496863,
                                42.713883710092276
                            ],
                            [
                                0.085292830002318,
                                42.71056247024333
                            ],
                            [
                                0.073923970519393,
                                42.70455869051639
                            ],
                            [
                                0.068686630757596,
                                42.700854230684875
                            ],
                            [
                                0.061916411065517,
                                42.700215530713926
                            ],
                            [
                                0.053996531425726,
                                42.70059875069649
                            ],
                            [
                                0.046332131774316,
                                42.701492930655824
                            ],
                            [
                                0.050526355000045,
                                42.653602903000035
                            ],
                            [
                                0.204162531000065,
                                42.577761371000065
                            ],
                            [
                                0.202641381000035,
                                42.54709071700006
                            ],
                            [
                                0.163015417000054,
                                42.54906118700006
                            ],
                            [
                                0.140768594000065,
                                42.520338458000026
                            ],
                            [
                                0.15293779600006,
                                42.48094584000006
                            ],
                            [
                                0.13734600600003,
                                42.430021131000046
                            ],
                            [
                                0.221579702000042,
                                42.30625481800007
                            ],
                            [
                                0.223528675000068,
                                42.19397345200008
                            ],
                            [
                                0.241354655000066,
                                42.12772854800005
                            ],
                            [
                                0.295545633000074,
                                42.10692462700007
                            ],
                            [
                                0.302378925000028,
                                42.08898016900008
                            ],
                            [
                                0.299705028000062,
                                42.064943397000036
                            ],
                            [
                                0.201067941000019,
                                42.02964357400003
                            ],
                            [
                                0.182350663000022,
                                41.95832229500007
                            ],
                            [
                                0.103916353000045,
                                41.948821484000064
                            ],
                            [
                                0.034833586000047,
                                41.97329184900008
                            ],
                            [
                                -0.013357472999928,
                                41.88613772400004
                            ],
                            [
                                -0.051550953999936,
                                41.898457886000074
                            ],
                            [
                                -0.040380006999953,
                                41.95044884300006
                            ],
                            [
                                -0.008862677999957,
                                41.99792320200004
                            ],
                            [
                                -0.122569656999929,
                                42.02173744500004
                            ],
                            [
                                -0.126068493999981,
                                41.92159271400004
                            ],
                            [
                                -0.108391063999932,
                                41.894175397000026
                            ],
                            [
                                -0.153995861999931,
                                41.823366633000035
                            ],
                            [
                                -0.138249579999979,
                                41.75425261100003
                            ],
                            [
                                -0.152791122999929,
                                41.71164616900006
                            ],
                            [
                                -0.108978825999941,
                                41.68058866200005
                            ],
                            [
                                -0.111949822999975,
                                41.65262408400008
                            ],
                            [
                                -0.167314,
                                41.581129
                            ],
                            [
                                -0.156623,
                                41.535313
                            ],
                            [
                                -0.104932,
                                41.485498
                            ],
                            [
                                -0.069962,
                                41.372983
                            ],
                            [
                                0.006414681000024,
                                41.33189895900006
                            ],
                            [
                                0.082472194000047,
                                41.341892674000064
                            ],
                            [
                                0.126205264000021,
                                41.27583436900005
                            ],
                            [
                                0.199410620000037,
                                41.28476507800008
                            ],
                            [
                                0.324172671000042,
                                41.22201588400003
                            ],
                            [
                                0.364569,
                                41.227694
                            ],
                            [
                                0.516930930000058,
                                41.39115472800006
                            ],
                            [
                                0.592988443000024,
                                41.31122256900005
                            ],
                            [
                                0.697567523000032,
                                41.31764931500004
                            ],
                            [
                                0.75375501000002,
                                41.303771511000036
                            ],
                            [
                                0.823632850000024,
                                41.34848292800007
                            ],
                            [
                                0.836467556000059,
                                41.43032961100005
                            ],
                            [
                                0.885310740000023,
                                41.48243305200003
                            ],
                            [
                                0.883884661000025,
                                41.55077196600007
                            ],
                            [
                                0.762372105000054,
                                41.654980042000034
                            ],
                            [
                                0.749062040000069,
                                41.70716885300004
                            ],
                            [
                                0.687994195000044,
                                41.705772969000066
                            ],
                            [
                                0.617878676000032,
                                41.765189504000034
                            ],
                            [
                                0.577776674000063,
                                41.82749556300007
                            ],
                            [
                                0.577925224000069,
                                41.87773037100004
                            ],
                            [
                                0.528487840000025,
                                41.900090971000054
                            ],
                            [
                                0.577687544000071,
                                41.94836845800006
                            ],
                            [
                                0.634968358000037,
                                41.94589357800004
                            ],
                            [
                                0.639959633000046,
                                41.97576249400004
                            ],
                            [
                                0.559683305000021,
                                42.01329969000005
                            ],
                            [
                                0.482140293000043,
                                41.93157274400005
                            ],
                            [
                                0.420046465000041,
                                41.90283297900004
                            ],
                            [
                                0.35795263600005,
                                41.945495821000065
                            ],
                            [
                                0.386771303000046,
                                41.987246810000045
                            ],
                            [
                                0.376522743000066,
                                42.02734495400006
                            ],
                            [
                                0.406285075000028,
                                42.047680557000035
                            ],
                            [
                                0.449958724000055,
                                42.047680557000035
                            ],
                            [
                                0.487096182000073,
                                42.07194440300003
                            ],
                            [
                                0.559885598000051,
                                42.03422115600006
                            ],
                            [
                                0.646341599000039,
                                42.05076919800007
                            ],
                            [
                                0.713902062000045,
                                42.273240212000076
                            ],
                            [
                                0.76476552400004,
                                42.25776175100003
                            ],
                            [
                                0.770469837000064,
                                42.23348105800005
                            ],
                            [
                                0.736719316000062,
                                42.188061653000034
                            ],
                            [
                                0.733867159000056,
                                42.12251572100007
                            ],
                            [
                                0.69821520000005,
                                42.06184294700006
                            ],
                            [
                                0.738145394000071,
                                42.04913664900005
                            ],
                            [
                                0.789959575000069,
                                42.07101813600008
                            ],
                            [
                                0.800797770000031,
                                42.18739244100004
                            ],
                            [
                                0.853562670000031,
                                42.27556165300007
                            ],
                            [
                                0.903475413000024,
                                42.31828200100006
                            ],
                            [
                                0.892779825000048,
                                42.35991960700005
                            ],
                            [
                                0.938414333000026,
                                42.42048202900003
                            ],
                            [
                                0.923440510000034,
                                42.44837373300004
                            ],
                            [
                                0.819336789000033,
                                42.50359422500003
                            ],
                            [
                                0.798658653000075,
                                42.54615959500006
                            ],
                            [
                                0.79723257400002,
                                42.606017276000046
                            ]
                        ],
                        [
                            [
                                0.698238968000055,
                                42.54942816300007
                            ],
                            [
                                0.709647595000035,
                                42.58023767800006
                            ],
                            [
                                0.747307,
                                42.549789
                            ],
                            [
                                0.752429946000063,
                                42.436914493000074
                            ],
                            [
                                0.687305700000024,
                                42.478648778000036
                            ],
                            [
                                0.698238968000055,
                                42.54942816300007
                            ]
                        ]
                    ],
                    [
                        [
                            [
                                0.7637087858652,
                                42.01417233763991
                            ],
                            [
                                0.783812821932922,
                                42.009043665246686
                            ],
                            [
                                0.79180479114912,
                                41.98590892728292
                            ],
                            [
                                0.754090351168165,
                                41.97898464254549
                            ],
                            [
                                0.73698777097564,
                                41.99162747569654
                            ],
                            [
                                0.7637087858652,
                                42.01417233763991
                            ]
                        ]
                    ]
                ]
            }
        },
        {
            "type": "Feature",
            "properties": {
                "diocese": "Tarraconen",
                "province": "Tarraconen",
                "start": 1592,
                "end": 1671
            },
            "geometry": {
                "coordinates": [
                    [
                        [
                            [
                                1.439975,
                                38.743885
                            ],
                            [
                                1.43324,
                                38.771769
                            ],
                            [
                                1.419311,
                                38.722661
                            ],
                            [
                                1.39652,
                                38.735543
                            ],
                            [
                                1.380335,
                                38.719357
                            ],
                            [
                                1.385483,
                                38.641465
                            ],
                            [
                                1.456758,
                                38.68564
                            ],
                            [
                                1.524518,
                                38.653394
                            ],
                            [
                                1.584715,
                                38.66301
                            ],
                            [
                                1.569305,
                                38.691676
                            ],
                            [
                                1.53035,
                                38.672459
                            ],
                            [
                                1.506019,
                                38.682684
                            ],
                            [
                                1.477761,
                                38.702432
                            ],
                            [
                                1.472702,
                                38.728228
                            ],
                            [
                                1.456118,
                                38.725
                            ],
                            [
                                1.439975,
                                38.743885
                            ]
                        ]
                    ],
                    [
                        [
                            [
                                1.430905,
                                38.785376
                            ],
                            [
                                1.425793,
                                38.79562
                            ],
                            [
                                1.419254,
                                38.795013
                            ],
                            [
                                1.419482,
                                38.779338
                            ],
                            [
                                1.430905,
                                38.785376
                            ]
                        ]
                    ],
                    [
                        [
                            [
                                1.477536,
                                38.800707
                            ],
                            [
                                1.477713,
                                38.805224
                            ],
                            [
                                1.474113,
                                38.797495
                            ],
                            [
                                1.480222,
                                38.7881
                            ],
                            [
                                1.477536,
                                38.800707
                            ]
                        ]
                    ],
                    [
                        [
                            [
                                1.215325,
                                38.869195
                            ],
                            [
                                1.211579640000025,
                                38.87000829900006
                            ],
                            [
                                1.206827,
                                38.86833
                            ],
                            [
                                1.212999,
                                38.865788
                            ],
                            [
                                1.215325,
                                38.869195
                            ]
                        ]
                    ],
                    [
                        [
                            [
                                1.203408,
                                38.868803
                            ],
                            [
                                1.195555,
                                38.869974
                            ],
                            [
                                1.188484,
                                38.862652
                            ],
                            [
                                1.202998,
                                38.864713
                            ],
                            [
                                1.203408,
                                38.868803
                            ]
                        ]
                    ],
                    [
                        [
                            [
                                1.224955,
                                38.870985
                            ],
                            [
                                1.224889,
                                38.871103
                            ],
                            [
                                1.224854,
                                38.871026
                            ],
                            [
                                1.224955,
                                38.870985
                            ]
                        ]
                    ],
                    [
                        [
                            [
                                1.235501,
                                38.940239
                            ],
                            [
                                1.23519,
                                38.940252
                            ],
                            [
                                1.235329,
                                38.940179
                            ],
                            [
                                1.235501,
                                38.940239
                            ]
                        ]
                    ],
                    [
                        [
                            [
                                1.528845,
                                38.945524
                            ],
                            [
                                1.528296781000051,
                                38.94538625000007
                            ],
                            [
                                1.528838496000049,
                                38.94503946300006
                            ],
                            [
                                1.528845,
                                38.945524
                            ]
                        ]
                    ],
                    [
                        [
                            [
                                1.199932,
                                38.957575
                            ],
                            [
                                1.198683,
                                38.959746
                            ],
                            [
                                1.189753,
                                38.957986
                            ],
                            [
                                1.198707,
                                38.956531
                            ],
                            [
                                1.199932,
                                38.957575
                            ]
                        ]
                    ],
                    [
                        [
                            [
                                1.219559,
                                38.967517
                            ],
                            [
                                1.219083,
                                38.969803
                            ],
                            [
                                1.215435,
                                38.971664
                            ],
                            [
                                1.214724,
                                38.968046
                            ],
                            [
                                1.219559,
                                38.967517
                            ]
                        ]
                    ],
                    [
                        [
                            [
                                1.215345,
                                38.988239
                            ],
                            [
                                1.206385,
                                38.989047
                            ],
                            [
                                1.214105,
                                38.976031
                            ],
                            [
                                1.218953,
                                38.978465
                            ],
                            [
                                1.215345,
                                38.988239
                            ]
                        ]
                    ],
                    [
                        [
                            [
                                1.639357,
                                39.040928
                            ],
                            [
                                1.639878,
                                39.034795
                            ],
                            [
                                1.650459,
                                39.032267
                            ],
                            [
                                1.64626,
                                39.040691
                            ],
                            [
                                1.639357,
                                39.040928
                            ]
                        ]
                    ],
                    [
                        [
                            [
                                1.590906,
                                39.058764
                            ],
                            [
                                1.605042977000039,
                                39.09059056700005
                            ],
                            [
                                1.559051950000025,
                                39.09335764000008
                            ],
                            [
                                1.532312980000029,
                                39.118809611000074
                            ],
                            [
                                1.497730580000052,
                                39.09972149400005
                            ],
                            [
                                1.462435140000025,
                                39.103871525000045
                            ],
                            [
                                1.440687445000037,
                                39.08118170900008
                            ],
                            [
                                1.42642666200004,
                                39.093080937000025
                            ],
                            [
                                1.37758347800002,
                                39.063467512000045
                            ],
                            [
                                1.358687939000049,
                                39.07398585300007
                            ],
                            [
                                1.290949217000048,
                                39.02691794100008
                            ],
                            [
                                1.298436128000048,
                                39.009190130000036
                            ],
                            [
                                1.285244903000034,
                                38.992843367000035
                            ],
                            [
                                1.30841867700002,
                                38.97455268300007
                            ],
                            [
                                1.231976,
                                38.973586
                            ],
                            [
                                1.215010544000052,
                                38.95819791900004
                            ],
                            [
                                1.235501,
                                38.940239
                            ],
                            [
                                1.215010544000052,
                                38.90550438200006
                            ],
                            [
                                1.224955,
                                38.870985
                            ],
                            [
                                1.248523386000045,
                                38.856103347000044
                            ],
                            [
                                1.270984120000037,
                                38.87886539400006
                            ],
                            [
                                1.297723089000044,
                                38.87581237200004
                            ],
                            [
                                1.298792648000074,
                                38.860545294000076
                            ],
                            [
                                1.321609902000034,
                                38.85582571600003
                            ],
                            [
                                1.345140195000056,
                                38.87137137800005
                            ],
                            [
                                1.370453086000055,
                                38.82889036700004
                            ],
                            [
                                1.384357350000073,
                                38.842220474000044
                            ],
                            [
                                1.405392006000056,
                                38.83055676600003
                            ],
                            [
                                1.404678967000052,
                                38.881640754000045
                            ],
                            [
                                1.422148427000025,
                                38.903839738000045
                            ],
                            [
                                1.457800386000031,
                                38.903839738000045
                            ],
                            [
                                1.45423519000002,
                                38.916046221000045
                            ],
                            [
                                1.476339404000043,
                                38.913272204000066
                            ],
                            [
                                1.510565285000041,
                                38.946275967000076
                            ],
                            [
                                1.528845,
                                38.945524
                            ],
                            [
                                1.53195646100005,
                                38.98231294400006
                            ],
                            [
                                1.582225723000022,
                                38.98924103000007
                            ],
                            [
                                1.58365180100003,
                                39.01528456600005
                            ],
                            [
                                1.621442878000039,
                                39.02747186300007
                            ],
                            [
                                1.590906,
                                39.058764
                            ]
                        ]
                    ],
                    [
                        [
                            [
                                1.161342058000059,
                                41.54055896300008
                            ],
                            [
                                1.147081274000072,
                                41.566171498000074
                            ],
                            [
                                0.868577905000052,
                                41.563192712000046
                            ],
                            [
                                0.892797651000024,
                                41.51260717100007
                            ],
                            [
                                0.885310740000023,
                                41.48243305200003
                            ],
                            [
                                0.836467556000059,
                                41.43032961100005
                            ],
                            [
                                0.823632850000024,
                                41.34848292800007
                            ],
                            [
                                0.748763736000058,
                                41.30671751800003
                            ],
                            [
                                0.776928784000063,
                                41.285556875000054
                            ],
                            [
                                0.794148680000035,
                                41.235520835000045
                            ],
                            [
                                0.914652302000036,
                                41.12120833600005
                            ],
                            [
                                0.882565539000041,
                                41.06962199800006
                            ],
                            [
                                0.886296,
                                40.961866
                            ],
                            [
                                0.967116,
                                41.028629
                            ],
                            [
                                1.049781,
                                41.064394
                            ],
                            [
                                1.124183,
                                41.074786
                            ],
                            [
                                1.170486,
                                41.05467
                            ],
                            [
                                1.217968,
                                41.105606
                            ],
                            [
                                1.249094,
                                41.108712
                            ],
                            [
                                1.233156,
                                41.099616
                            ],
                            [
                                1.225323,
                                41.087094
                            ],
                            [
                                1.295632,
                                41.12722
                            ],
                            [
                                1.39495,
                                41.131605
                            ],
                            [
                                1.455278723000049,
                                41.161582011000064
                            ],
                            [
                                1.439189659000021,
                                41.18243896100006
                            ],
                            [
                                1.316190400000039,
                                41.21248419900007
                            ],
                            [
                                1.31868603700002,
                                41.26235028200006
                            ],
                            [
                                1.280181921000064,
                                41.28807272800003
                            ],
                            [
                                1.366459663000057,
                                41.32422776800007
                            ],
                            [
                                1.402468141000043,
                                41.364911670000026
                            ],
                            [
                                1.447389610000073,
                                41.367587351000054
                            ],
                            [
                                1.440259218000051,
                                41.43978915000008
                            ],
                            [
                                1.335798978000071,
                                41.50425716800004
                            ],
                            [
                                1.161342058000059,
                                41.54055896300008
                            ]
                        ]
                    ]
                ],
                "type": "MultiPolygon"
            }
        },
        {
            "type": "Feature",
            "properties": {
                "diocese": "Urgellen",
                "province": "Tarraconen",
                "start": 1592,
                "end": 1671
            },
            "geometry": {
                "coordinates": [
                    [
                        [
                            [
                                0.7473252058451061,
                                42.54938786834931
                            ],
                            [
                                0.7524299460001107,
                                42.43691449300005
                            ],
                            [
                                0.6835028250001043,
                                42.48881510300008
                            ],
                            [
                                0.7044186410001247,
                                42.57638732100006
                            ],
                            [
                                0.7186794240000648,
                                42.578137513000065
                            ],
                            [
                                0.7460898969014876,
                                42.55099423871849
                            ],
                            [
                                0.7473252058451061,
                                42.54938786834931
                            ]
                        ]
                    ],
                    [
                        [
                            [
                                1.3941163198916502,
                                41.70831399284226
                            ],
                            [
                                1.3815056120000888,
                                41.68341014600003
                            ],
                            [
                                1.30521041900008,
                                41.65198381900008
                            ],
                            [
                                1.1618895430000447,
                                41.66337097600011
                            ],
                            [
                                0.9178964480000712,
                                41.654270291000046
                            ],
                            [
                                0.8935342760000502,
                                41.66647823300006
                            ],
                            [
                                0.7844987010000868,
                                41.63406661400007
                            ],
                            [
                                0.7623721050000569,
                                41.654980042000034
                            ],
                            [
                                0.74906204000006,
                                41.70716885300005
                            ],
                            [
                                0.6879941950000569,
                                41.70577296900006
                            ],
                            [
                                0.6178786760000564,
                                41.76518950399999
                            ],
                            [
                                0.5777766740000976,
                                41.82749556300013
                            ],
                            [
                                0.5779252240001169,
                                41.87773037100002
                            ],
                            [
                                0.5284878400000558,
                                41.90009097100012
                            ],
                            [
                                0.5776875440000658,
                                41.94836845800009
                            ],
                            [
                                0.6349683580000711,
                                41.945893578000046
                            ],
                            [
                                0.6399596330000552,
                                41.97576249400011
                            ],
                            [
                                0.5596833050000198,
                                42.0132996900001
                            ],
                            [
                                0.4473796330000222,
                                41.911014076000065
                            ],
                            [
                                0.40430018300003295,
                                41.9063708790001
                            ],
                            [
                                0.364488828000051,
                                41.93267786100008
                            ],
                            [
                                0.358843935000062,
                                41.95698559400002
                            ],
                            [
                                0.3867713030000922,
                                41.98724681000002
                            ],
                            [
                                0.3765227430001084,
                                42.02734495400006
                            ],
                            [
                                0.4062850750000378,
                                42.04768055700005
                            ],
                            [
                                0.4499587240000743,
                                42.04768055700005
                            ],
                            [
                                0.487096182000066,
                                42.07194440300004
                            ],
                            [
                                0.5598855980000902,
                                42.034221156000086
                            ],
                            [
                                0.6463415990000707,
                                42.05076919800009
                            ],
                            [
                                0.7139020620000864,
                                42.273240212000125
                            ],
                            [
                                0.7647655240000589,
                                42.25776175100001
                            ],
                            [
                                0.770469837000069,
                                42.23348105800009
                            ],
                            [
                                0.7367193160000869,
                                42.188061653
                            ],
                            [
                                0.7338671590000667,
                                42.12251572100009
                            ],
                            [
                                0.6982152000000711,
                                42.06184294700007
                            ],
                            [
                                0.7381453940000986,
                                42.0491366490001
                            ],
                            [
                                0.7899595750000779,
                                42.071018136000106
                            ],
                            [
                                0.8007977700000593,
                                42.187392441
                            ],
                            [
                                0.8535626700000452,
                                42.275561653000096
                            ],
                            [
                                0.9034754130000445,
                                42.318282001000064
                            ],
                            [
                                0.8927798250000836,
                                42.359919607000094
                            ],
                            [
                                0.8929023990641602,
                                42.360082277367766
                            ],
                            [
                                1.3941163198916502,
                                41.70831399284226
                            ]
                        ],
                        [
                            [
                                0.7916008800598593,
                                41.98594925607272
                            ],
                            [
                                0.7838762889123139,
                                42.008912142533504
                            ],
                            [
                                0.7636735120649157,
                                42.0142100934884
                            ],
                            [
                                0.7369345427081074,
                                41.99169075446582
                            ],
                            [
                                0.7541663229603345,
                                41.97888208564103
                            ],
                            [
                                0.7916008800598593,
                                41.98594925607272
                            ]
                        ]
                    ]
                ],
                "type": "MultiPolygon"
            }
        },
        {
            "type": "Feature",
            "properties": {
                "diocese": "Barchinonen",
                "province": "Tarraconen",
                "start": 1592,
                "end": 1671
            },
            "geometry": {
                "coordinates": [
                    [
                        [
                            1.455278723000049,
                            41.161582011000064
                        ],
                        [
                            2.1198210000000586,
                            41.292095000000074
                        ],
                        [
                            2.2676920000000678,
                            41.45942800000006
                        ],
                        [
                            2.399859000000049,
                            41.50398300000006
                        ],
                        [
                            2.5075250000000437,
                            41.55996200000004
                        ],
                        [
                            2.4793395290000717,
                            41.60786500100005
                        ],
                        [
                            2.5755998180000574,
                            41.65050245000003
                        ],
                        [
                            2.5880780040000673,
                            41.70029922500004
                        ],
                        [
                            2.5377610500000287,
                            41.72202459700003
                        ],
                        [
                            2.5163380000000757,
                            41.76191700000004
                        ],
                        [
                            2.469513000000063,
                            41.77780100000007
                        ],
                        [
                            2.472541000000035,
                            41.789612000000034
                        ],
                        [
                            2.3879380000000197,
                            41.805191000000036
                        ],
                        [
                            2.335123392000071,
                            41.778505523000035
                        ],
                        [
                            2.305175747000021,
                            41.72779371900003
                        ],
                        [
                            2.1720750990000397,
                            41.70260024800007
                        ],
                        [
                            2.0461048440000695,
                            41.709343130000036
                        ],
                        [
                            2.0133050410000237,
                            41.69727642000004
                        ],
                        [
                            2.008551447000059,
                            41.67278113500004
                        ],
                        [
                            1.9767023630000722,
                            41.63442196900007
                        ],
                        [
                            1.9443779200000222,
                            41.62198585700003
                        ],
                        [
                            1.9172824310000465,
                            41.569727991000036
                        ],
                        [
                            1.832193089000043,
                            41.57328428900007
                        ],
                        [
                            1.7233357740000201,
                            41.629803121000066
                        ],
                        [
                            1.692912768000042,
                            41.62305190300003
                        ],
                        [
                            1.6815041420000512,
                            41.604215821000025
                        ],
                        [
                            1.702419958000064,
                            41.581463032000045
                        ],
                        [
                            1.689585252000029,
                            41.564393177000056
                        ],
                        [
                            1.6254117260000385,
                            41.55941362000004
                        ],
                        [
                            1.4552330410000422,
                            41.50710510300007
                        ],
                        [
                            1.4281375520000665,
                            41.45154776600003
                        ],
                        [
                            1.445607012000039,
                            41.42375123900007
                        ],
                        [
                            1.447389610000073,
                            41.367587351000054
                        ],
                        [
                            1.4024681410000426,
                            41.364911670000026
                        ],
                        [
                            1.3664596630000574,
                            41.32422776800007
                        ],
                        [
                            1.2801819210000644,
                            41.28807272800003
                        ],
                        [
                            1.3186860370000204,
                            41.26235028200006
                        ],
                        [
                            1.316190400000039,
                            41.21248419900007
                        ],
                        [
                            1.4391896590000215,
                            41.18243896100006
                        ],
                        [
                            1.455278723000049,
                            41.161582011000064
                        ]
                    ]
                ],
                "type": "Polygon"
            }
        },
        {
            "type": "Feature",
            "properties": {
                "diocese": "Elnen",
                "province": "Tarraconen",
                "start": 1592,
                "end": 1671
            },
            "geometry": {
                "type": "Polygon",
                "coordinates": [
                    [
                        [
                            2.993668755661114,
                            42.82860275702608
                        ],
                        [
                            2.9856355581269263,
                            42.829990511423325
                        ],
                        [
                            2.977602360592742,
                            42.83137826582057
                        ],
                        [
                            2.969569163058553,
                            42.83276602021781
                        ],
                        [
                            2.9615359655243667,
                            42.83415377461506
                        ],
                        [
                            2.9535027679901806,
                            42.8355415290123
                        ],
                        [
                            2.9454695704559914,
                            42.836929283409546
                        ],
                        [
                            2.9374363729218054,
                            42.838317037806796
                        ],
                        [
                            2.9294031753876193,
                            42.839704792204046
                        ],
                        [
                            2.921369977853432,
                            42.84109254660129
                        ],
                        [
                            2.9133367803192454,
                            42.84248030099853
                        ],
                        [
                            2.9133367803192454,
                            42.84248030099853
                        ],
                        [
                            2.9068038618210585,
                            42.84629118318281
                        ],
                        [
                            2.900270943322871,
                            42.850102065367075
                        ],
                        [
                            2.893738024824683,
                            42.85391294755135
                        ],
                        [
                            2.8872051063264945,
                            42.857723829735626
                        ],
                        [
                            2.8806721878283086,
                            42.86153471191989
                        ],
                        [
                            2.874139269330121,
                            42.86534559410416
                        ],
                        [
                            2.867606350831932,
                            42.86915647628843
                        ],
                        [
                            2.8610734323337446,
                            42.87296735847271
                        ],
                        [
                            2.854540513835557,
                            42.87677824065698
                        ],
                        [
                            2.8480075953373696,
                            42.88058912284125
                        ],
                        [
                            2.8480075953373696,
                            42.88058912284125
                        ],
                        [
                            2.84095113525278,
                            42.87890275050435
                        ],
                        [
                            2.8338946751681884,
                            42.87721637816746
                        ],
                        [
                            2.8268382150836007,
                            42.87553000583057
                        ],
                        [
                            2.819781754999011,
                            42.87384363349368
                        ],
                        [
                            2.812725294914423,
                            42.87215726115678
                        ],
                        [
                            2.805668834829832,
                            42.87047088881989
                        ],
                        [
                            2.7986123747452445,
                            42.86878451648299
                        ],
                        [
                            2.7915559146606563,
                            42.86709814414609
                        ],
                        [
                            2.7844994545760633,
                            42.8654117718092
                        ],
                        [
                            2.777442994491475,
                            42.86372539947231
                        ],
                        [
                            2.777442994491475,
                            42.86372539947231
                        ],
                        [
                            2.7719125769138317,
                            42.8553907693541
                        ],
                        [
                            2.7663821593361826,
                            42.8470561392359
                        ],
                        [
                            2.7608517417585388,
                            42.8387215091177
                        ],
                        [
                            2.7553213241808936,
                            42.8303868789995
                        ],
                        [
                            2.749790906603248,
                            42.822052248881285
                        ],
                        [
                            2.7442604890256,
                            42.81371761876308
                        ],
                        [
                            2.738730071447955,
                            42.80538298864489
                        ],
                        [
                            2.733199653870311,
                            42.79704835852667
                        ],
                        [
                            2.727669236292664,
                            42.78871372840847
                        ],
                        [
                            2.722138818715017,
                            42.78037909829027
                        ],
                        [
                            2.722138818715017,
                            42.78037909829027
                        ],
                        [
                            2.718802041889144,
                            42.77909209564498
                        ],
                        [
                            2.7154652650632696,
                            42.77780509299968
                        ],
                        [
                            2.712128488237393,
                            42.776518090354394
                        ],
                        [
                            2.7087917114115188,
                            42.7752310877091
                        ],
                        [
                            2.705454934585644,
                            42.7739440850638
                        ],
                        [
                            2.7021181577597697,
                            42.77265708241851
                        ],
                        [
                            2.698781380933895,
                            42.77137007977322
                        ],
                        [
                            2.695444604108019,
                            42.77008307712792
                        ],
                        [
                            2.692107827282144,
                            42.76879607448264
                        ],
                        [
                            2.6887710504562716,
                            42.767509071837345
                        ],
                        [
                            2.6887710504562716,
                            42.767509071837345
                        ],
                        [
                            2.6854343548489354,
                            42.76622316308025
                        ],
                        [
                            2.6820976592415993,
                            42.764937254323144
                        ],
                        [
                            2.6787609636342644,
                            42.763651345566046
                        ],
                        [
                            2.67542426802693,
                            42.76236543680894
                        ],
                        [
                            2.6720875724195916,
                            42.761079528051845
                        ],
                        [
                            2.6687508768122576,
                            42.75979361929475
                        ],
                        [
                            2.665414181204923,
                            42.75850771053764
                        ],
                        [
                            2.6620774855975884,
                            42.75722180178054
                        ],
                        [
                            2.658740789990252,
                            42.75593589302344
                        ],
                        [
                            2.6554040943829174,
                            42.754649984266344
                        ],
                        [
                            2.6554040943829174,
                            42.754649984266344
                        ],
                        [
                            2.6528296939069835,
                            42.749684220588584
                        ],
                        [
                            2.6502552934310484,
                            42.744718456910825
                        ],
                        [
                            2.6476808929551128,
                            42.73975269323306
                        ],
                        [
                            2.645106492479179,
                            42.7347869295553
                        ],
                        [
                            2.6425320920032456,
                            42.72982116587753
                        ],
                        [
                            2.63995769152731,
                            42.72485540219977
                        ],
                        [
                            2.6373832910513744,
                            42.71988963852202
                        ],
                        [
                            2.6348088905754383,
                            42.71492387484425
                        ],
                        [
                            2.632234490099505,
                            42.70995811116649
                        ],
                        [
                            2.629660089623571,
                            42.70499234748873
                        ],
                        [
                            2.629660089623571,
                            42.70499234748873
                        ],
                        [
                            2.6263205694163667,
                            42.70224295213157
                        ],
                        [
                            2.6229810492091645,
                            42.69949355677441
                        ],
                        [
                            2.6196415290019597,
                            42.69674416141726
                        ],
                        [
                            2.6163020087947575,
                            42.6939947660601
                        ],
                        [
                            2.612962488587555,
                            42.69124537070294
                        ],
                        [
                            2.6096229683803505,
                            42.68849597534578
                        ],
                        [
                            2.6062834481731496,
                            42.685746579988624
                        ],
                        [
                            2.6029439279659434,
                            42.68299718463146
                        ],
                        [
                            2.5996044077587386,
                            42.680247789274304
                        ],
                        [
                            2.596264887551538,
                            42.67749839391715
                        ],
                        [
                            2.596264887551538,
                            42.67749839391715
                        ],
                        [
                            2.583564925826692,
                            42.67536732318726
                        ],
                        [
                            2.5708649641018497,
                            42.67323625245738
                        ],
                        [
                            2.5581650023770037,
                            42.67110518172751
                        ],
                        [
                            2.5454650406521595,
                            42.66897411099763
                        ],
                        [
                            2.5327650789273153,
                            42.66684304026774
                        ],
                        [
                            2.520065117202473,
                            42.66471196953787
                        ],
                        [
                            2.5073651554776286,
                            42.66258089880799
                        ],
                        [
                            2.4946651937527826,
                            42.66044982807811
                        ],
                        [
                            2.48196523202794,
                            42.65831875734823
                        ],
                        [
                            2.469265270303094,
                            42.65618768661835
                        ],
                        [
                            2.469265270303094,
                            42.65618768661835
                        ],
                        [
                            2.464139613060355,
                            42.6574276740634
                        ],
                        [
                            2.4590139558176154,
                            42.658667661508446
                        ],
                        [
                            2.4538882985748756,
                            42.659907648953485
                        ],
                        [
                            2.4487626413321357,
                            42.66114763639853
                        ],
                        [
                            2.4436369840893963,
                            42.66238762384358
                        ],
                        [
                            2.4385113268466565,
                            42.663627611288625
                        ],
                        [
                            2.4333856696039153,
                            42.66486759873367
                        ],
                        [
                            2.4282600123611755,
                            42.66610758617871
                        ],
                        [
                            2.423134355118436,
                            42.66734757362376
                        ],
                        [
                            2.4180086978756967,
                            42.668587561068804
                        ],
                        [
                            2.4180086978756967,
                            42.668587561068804
                        ],
                        [
                            2.411980747557141,
                            42.66823142472634
                        ],
                        [
                            2.4059527972385837,
                            42.66787528838389
                        ],
                        [
                            2.3999248469200265,
                            42.66751915204143
                        ],
                        [
                            2.3938968966014706,
                            42.667163015698975
                        ],
                        [
                            2.3878689462829152,
                            42.666806879356514
                        ],
                        [
                            2.3818409959643563,
                            42.66645074301405
                        ],
                        [
                            2.3758130456458004,
                            42.6660946066716
                        ],
                        [
                            2.3697850953272432,
                            42.66573847032914
                        ],
                        [
                            2.363757145008688,
                            42.66538233398669
                        ],
                        [
                            2.357729194690132,
                            42.665026197644224
                        ],
                        [
                            2.357729194690132,
                            42.665026197644224
                        ],
                        [
                            2.3469622973881603,
                            42.66777201784886
                        ],
                        [
                            2.3361954000861926,
                            42.67051783805351
                        ],
                        [
                            2.3254285027842263,
                            42.67326365825816
                        ],
                        [
                            2.314661605482257,
                            42.6760094784628
                        ],
                        [
                            2.303894708180287,
                            42.67875529866745
                        ],
                        [
                            2.293127810878319,
                            42.68150111887209
                        ],
                        [
                            2.2823609135763507,
                            42.68424693907673
                        ],
                        [
                            2.271594016274381,
                            42.68699275928138
                        ],
                        [
                            2.260827118972413,
                            42.689738579486026
                        ],
                        [
                            2.250060221670445,
                            42.69248439969067
                        ],
                        [
                            2.250060221670445,
                            42.69248439969067
                        ],
                        [
                            2.2474942063229157,
                            42.691863153338154
                        ],
                        [
                            2.2449281909753878,
                            42.69124190698565
                        ],
                        [
                            2.2423621756278584,
                            42.69062066063314
                        ],
                        [
                            2.2397961602803322,
                            42.689999414280635
                        ],
                        [
                            2.2372301449328025,
                            42.689378167928126
                        ],
                        [
                            2.234664129585275,
                            42.68875692157561
                        ],
                        [
                            2.2320981142377474,
                            42.68813567522311
                        ],
                        [
                            2.22953209889022,
                            42.68751442887059
                        ],
                        [
                            2.22696608354269,
                            42.686893182518084
                        ],
                        [
                            2.224400068195163,
                            42.68627193616558
                        ],
                        [
                            2.224400068195163,
                            42.68627193616558
                        ],
                        [
                            2.2147649294605056,
                            42.67740318512262
                        ],
                        [
                            2.2051297907258487,
                            42.668534434079675
                        ],
                        [
                            2.195494651991193,
                            42.659665683036714
                        ],
                        [
                            2.185859513256536,
                            42.65079693199376
                        ],
                        [
                            2.1762243745218792,
                            42.641928180950806
                        ],
                        [
                            2.1665892357872223,
                            42.63305942990786
                        ],
                        [
                            2.1569540970525654,
                            42.6241906788649
                        ],
                        [
                            2.1473189583179084,
                            42.615321927821945
                        ],
                        [
                            2.137683819583253,
                            42.606453176779
                        ],
                        [
                            2.128048680848596,
                            42.59758442573604
                        ],
                        [
                            2.128048680848596,
                            42.59758442573604
                        ],
                        [
                            2.124784609535339,
                            42.5923247317101
                        ],
                        [
                            2.121520538222084,
                            42.58706503768417
                        ],
                        [
                            2.118256466908831,
                            42.581805343658225
                        ],
                        [
                            2.114992395595576,
                            42.57654564963229
                        ],
                        [
                            2.111728324282321,
                            42.57128595560634
                        ],
                        [
                            2.1084642529690654,
                            42.566026261580404
                        ],
                        [
                            2.1052001816558104,
                            42.56076656755447
                        ],
                        [
                            2.1019361103425553,
                            42.55550687352852
                        ],
                        [
                            2.0986720390293003,
                            42.55024717950259
                        ],
                        [
                            2.0954079677160453,
                            42.54498748547665
                        ],
                        [
                            2.0954079677160453,
                            42.54498748547665
                        ],
                        [
                            2.1042806817905544,
                            42.5374672247719
                        ],
                        [
                            2.1131533958650617,
                            42.52994696406714
                        ],
                        [
                            2.122026109939569,
                            42.52242670336239
                        ],
                        [
                            2.1308988240140763,
                            42.51490644265765
                        ],
                        [
                            2.1397715380885836,
                            42.50738618195289
                        ],
                        [
                            2.1486442521630926,
                            42.499865921248144
                        ],
                        [
                            2.1575169662376,
                            42.492345660543386
                        ],
                        [
                            2.166389680312107,
                            42.48482539983864
                        ],
                        [
                            2.1752623943866163,
                            42.47730513913389
                        ],
                        [
                            2.1841351084611236,
                            42.46978487842914
                        ],
                        [
                            2.1841351084611236,
                            42.46978487842914
                        ],
                        [
                            2.186337676099931,
                            42.46461197976632
                        ],
                        [
                            2.1885402437387405,
                            42.4594390811035
                        ],
                        [
                            2.190742811377548,
                            42.454266182440676
                        ],
                        [
                            2.1929453790163573,
                            42.44909328377785
                        ],
                        [
                            2.195147946655165,
                            42.44392038511502
                        ],
                        [
                            2.197350514293973,
                            42.4387474864522
                        ],
                        [
                            2.19955308193278,
                            42.43357458778938
                        ],
                        [
                            2.2017556495715875,
                            42.42840168912656
                        ],
                        [
                            2.203958217210397,
                            42.42322879046374
                        ],
                        [
                            2.2061607848492044,
                            42.41805589180092
                        ],
                        [
                            2.2061607848492044,
                            42.41805589180092
                        ],
                        [
                            2.2064650396233234,
                            42.41803061187359
                        ],
                        [
                            2.2067762377831754,
                            42.418032045933785
                        ],
                        [
                            2.207092429417539,
                            42.41805326931092
                        ],
                        [
                            2.2074116646151913,
                            42.41808735733439
                        ],
                        [
                            2.20773199346491,
                            42.418127385333634
                        ],
                        [
                            2.208051466055469,
                            42.41816642863805
                        ],
                        [
                            2.208368132475643,
                            42.418197562577056
                        ],
                        [
                            2.2086800428142124,
                            42.41821386248007
                        ],
                        [
                            2.20898524715995,
                            42.41820840367651
                        ],
                        [
                            2.2092817956016333,
                            42.41817426149578
                        ],
                        [
                            2.209281795601635,
                            42.41817426149578
                        ],
                        [
                            2.216652692864445,
                            42.41577214466463
                        ],
                        [
                            2.224076172947609,
                            42.41484895476461
                        ],
                        [
                            2.2315365217155034,
                            42.41516436946667
                        ],
                        [
                            2.23901802503251,
                            42.41647806644175
                        ],
                        [
                            2.246504968763,
                            42.41854972336078
                        ],
                        [
                            2.253981638771355,
                            42.42113901789474
                        ],
                        [
                            2.2614323209219487,
                            42.424005627714536
                        ],
                        [
                            2.2688413010791586,
                            42.42690923049113
                        ],
                        [
                            2.276192865107362,
                            42.42960950389545
                        ],
                        [
                            2.2834712988709356,
                            42.43186612559845
                        ],
                        [
                            2.2834712988709414,
                            42.43186612559845
                        ],
                        [
                            2.289511052784166,
                            42.430649581438296
                        ],
                        [
                            2.2955603078548923,
                            42.42919632444288
                        ],
                        [
                            2.3016166835495064,
                            42.42758125990576
                        ],
                        [
                            2.307677799334384,
                            42.42587929312054
                        ],
                        [
                            2.3137412746759085,
                            42.424165329380784
                        ],
                        [
                            2.3198047290404578,
                            42.422514273980084
                        ],
                        [
                            2.3258657818944135,
                            42.421001032212025
                        ],
                        [
                            2.3319220527041566,
                            42.4197005093702
                        ],
                        [
                            2.33797116093607,
                            42.41868761074819
                        ],
                        [
                            2.3440107260565304,
                            42.41803724163957
                        ],
                        [
                            2.344010726056534,
                            42.41803724163956
                        ],
                        [
                            2.350779274879592,
                            42.41650022127669
                        ],
                        [
                            2.356706082103298,
                            42.41472764406747
                        ],
                        [
                            2.361968838911633,
                            42.41275087070204
                        ],
                        [
                            2.3667452364885833,
                            42.41060126187061
                        ],
                        [
                            2.3712129660181294,
                            42.40831017826335
                        ],
                        [
                            2.375549718684256,
                            42.40590898057042
                        ],
                        [
                            2.3799331856709425,
                            42.40342902948201
                        ],
                        [
                            2.384541058162179,
                            42.40090168568829
                        ],
                        [
                            2.3895510273419474,
                            42.398358309879434
                        ],
                        [
                            2.3951407843942247,
                            42.39583026274561
                        ],
                        [
                            2.3951407843942323,
                            42.39583026274561
                        ],
                        [
                            2.401408387192187,
                            42.39474781638301
                        ],
                        [
                            2.4075755616780317,
                            42.39333417534929
                        ],
                        [
                            2.4136890001175546,
                            42.39171557162306
                        ],
                        [
                            2.4197953947765463,
                            42.390018237182865
                        ],
                        [
                            2.425941437920796,
                            42.388368404007295
                        ],
                        [
                            2.4321738218160975,
                            42.386892304074934
                        ],
                        [
                            2.4385392387282403,
                            42.38571616936434
                        ],
                        [
                            2.445084380923016,
                            42.38496623185411
                        ],
                        [
                            2.451855940666212,
                            42.384768723522804
                        ],
                        [
                            2.4589006102236244,
                            42.38524987634899
                        ],
                        [
                            2.4589006102236226,
                            42.385249876348986
                        ],
                        [
                            2.459091759334193,
                            42.3810252272842
                        ],
                        [
                            2.4607998449437933,
                            42.37688612425537
                        ],
                        [
                            2.4637484812181265,
                            42.37283214715485
                        ],
                        [
                            2.4676612823228945,
                            42.36886287587498
                        ],
                        [
                            2.4722618624237915,
                            42.364977890308104
                        ],
                        [
                            2.47727383568652,
                            42.36117677034655
                        ],
                        [
                            2.48242081627678,
                            42.35745909588268
                        ],
                        [
                            2.4874264183602697,
                            42.35382444680883
                        ],
                        [
                            2.4920142561026903,
                            42.35027240301732
                        ],
                        [
                            2.4959079436697427,
                            42.34680254440051
                        ],
                        [
                            2.4959079436697498,
                            42.346802544400504
                        ],
                        [
                            2.499884259982168,
                            42.34341281691615
                        ],
                        [
                            2.504654650268162,
                            42.34086651210137
                        ],
                        [
                            2.5100614257150418,
                            42.33897041899668
                        ],
                        [
                            2.515946897510123,
                            42.33753132664259
                        ],
                        [
                            2.5221533768407176,
                            42.336356024079585
                        ],
                        [
                            2.5285231748941333,
                            42.33525130034816
                        ],
                        [
                            2.5348986028576825,
                            42.33402394448884
                        ],
                        [
                            2.5411219719186757,
                            42.33248074554212
                        ],
                        [
                            2.5470355932644275,
                            42.33042849254851
                        ],
                        [
                            2.552481778082248,
                            42.327673974548496
                        ],
                        [
                            2.552481778082243,
                            42.327673974548496
                        ],
                        [
                            2.560294502595022,
                            42.32694189410073
                        ],
                        [
                            2.5659648005020936,
                            42.328386813414795
                        ],
                        [
                            2.5700512795812926,
                            42.3314699603648
                        ],
                        [
                            2.573112547610464,
                            42.33565256282482
                        ],
                        [
                            2.5757072123674485,
                            42.34039584866895
                        ],
                        [
                            2.578393881630085,
                            42.34516104577128
                        ],
                        [
                            2.58173116317621,
                            42.349409382005895
                        ],
                        [
                            2.5862776647836707,
                            42.3526020852469
                        ],
                        [
                            2.5925919942302995,
                            42.35420038336837
                        ],
                        [
                            2.6012327592939433,
                            42.35366550424438
                        ],
                        [
                            2.6012327592939415,
                            42.35366550424438
                        ],
                        [
                            2.60630379653089,
                            42.35072885823119
                        ],
                        [
                            2.6118584318905897,
                            42.34821657207917
                        ],
                        [
                            2.6178342981723164,
                            42.34609472469354
                        ],
                        [
                            2.6241690281753347,
                            42.34432939497952
                        ],
                        [
                            2.630800254698915,
                            42.34288666184229
                        ],
                        [
                            2.637665610542331,
                            42.341732604187065
                        ],
                        [
                            2.6447027285048543,
                            42.340833300919066
                        ],
                        [
                            2.65184924138575,
                            42.340154830943476
                        ],
                        [
                            2.6590427819842906,
                            42.33966327316551
                        ],
                        [
                            2.66622098309975,
                            42.33932470649038
                        ],
                        [
                            2.666220983099759,
                            42.33932470649038
                        ],
                        [
                            2.672582734392234,
                            42.33760765044203
                        ],
                        [
                            2.6797148479812423,
                            42.336247877644624
                        ],
                        [
                            2.6870580592366555,
                            42.33535283918688
                        ],
                        [
                            2.694053103528353,
                            42.33502998615751
                        ],
                        [
                            2.7001407162262194,
                            42.335386769645226
                        ],
                        [
                            2.7047616327001323,
                            42.33653064073876
                        ],
                        [
                            2.707356588319969,
                            42.338569050526836
                        ],
                        [
                            2.7073663184556125,
                            42.341609450098154
                        ],
                        [
                            2.70423155847694,
                            42.34575929054144
                        ],
                        [
                            2.69739304375383,
                            42.35112602294543
                        ],
                        [
                            2.6973930437538405,
                            42.35112602294543
                        ],
                        [
                            2.6942308754358497,
                            42.35559964200092
                        ],
                        [
                            2.690938719144248,
                            42.3600844943618
                        ],
                        [
                            2.687843774002786,
                            42.36447418348774
                        ],
                        [
                            2.685273239135231,
                            42.36866231283842
                        ],
                        [
                            2.68355431366534,
                            42.37254248587352
                        ],
                        [
                            2.683014196716868,
                            42.37600830605271
                        ],
                        [
                            2.683980087413579,
                            42.378953376835675
                        ],
                        [
                            2.686779184879231,
                            42.38127130168209
                        ],
                        [
                            2.6917386882375856,
                            42.38285568405165
                        ],
                        [
                            2.699185796612399,
                            42.38360012740401
                        ],
                        [
                            2.6991857966123884,
                            42.38360012740401
                        ],
                        [
                            2.6995210466908057,
                            42.38887012926869
                        ],
                        [
                            2.70191457147334,
                            42.392694780028634
                        ],
                        [
                            2.705950201867464,
                            42.39540775758724
                        ],
                        [
                            2.711211768780645,
                            42.39734273984791
                        ],
                        [
                            2.7172831031203546,
                            42.39883340471403
                        ],
                        [
                            2.7237480357940576,
                            42.40021343008902
                        ],
                        [
                            2.730190397709229,
                            42.40181649387627
                        ],
                        [
                            2.736194019773333,
                            42.403976273979175
                        ],
                        [
                            2.7413427328938433,
                            42.407026448301146
                        ],
                        [
                            2.7452203679782254,
                            42.41130069474557
                        ],
                        [
                            2.7452203679782343,
                            42.41130069474557
                        ],
                        [
                            2.7511856846849434,
                            42.41308501700137
                        ],
                        [
                            2.7573596145456087,
                            42.414061549074425
                        ],
                        [
                            2.7636920387785673,
                            42.41433052160726
                        ],
                        [
                            2.77013283860216,
                            42.413992165242426
                        ],
                        [
                            2.776631895234719,
                            42.41314671062246
                        ],
                        [
                            2.783139089894585,
                            42.41189438838988
                        ],
                        [
                            2.789604303800092,
                            42.410335429187235
                        ],
                        [
                            2.795977418169582,
                            42.40857006365706
                        ],
                        [
                            2.802208314221389,
                            42.406698522441886
                        ],
                        [
                            2.8082468731738497,
                            42.404821036184245
                        ],
                        [
                            2.808246873173848,
                            42.404821036184245
                        ],
                        [
                            2.814708609482602,
                            42.407321838383105
                        ],
                        [
                            2.820528796142277,
                            42.41010920732194
                        ],
                        [
                            2.8258673141943493,
                            42.413098136858025
                        ],
                        [
                            2.8308840446803,
                            42.41620362084862
                        ],
                        [
                            2.8357388686416094,
                            42.41934065315103
                        ],
                        [
                            2.840591667119756,
                            42.422424227622514
                        ],
                        [
                            2.8456023211562207,
                            42.42536933812037
                        ],
                        [
                            2.8509307117924876,
                            42.428090978501835
                        ],
                        [
                            2.8567367200700327,
                            42.43050414262423
                        ],
                        [
                            2.8631802270303384,
                            42.432523824344806
                        ],
                        [
                            2.863180227030338,
                            42.4325238243448
                        ],
                        [
                            2.8656223153554135,
                            42.43722579445826
                        ],
                        [
                            2.8701430796012812,
                            42.4413313825804
                        ],
                        [
                            2.876124471910303,
                            42.44484055588785
                        ],
                        [
                            2.8829484444248434,
                            42.44775328155723
                        ],
                        [
                            2.889996949287258,
                            42.45006952676516
                        ],
                        [
                            2.896651938639911,
                            42.45178925868825
                        ],
                        [
                            2.9022953646251657,
                            42.45291244450312
                        ],
                        [
                            2.9063091793853815,
                            42.4534390513864
                        ],
                        [
                            2.90807533506292,
                            42.45336904651469
                        ],
                        [
                            2.906975783800141,
                            42.45270239706463
                        ],
                        [
                            2.9069757838001444,
                            42.452702397064634
                        ],
                        [
                            2.9134427753511596,
                            42.451249649052485
                        ],
                        [
                            2.920240178920893,
                            42.44985750283614
                        ],
                        [
                            2.927142066315095,
                            42.44870416531206
                        ],
                        [
                            2.9339225093395096,
                            42.447967843376624
                        ],
                        [
                            2.9403555797998795,
                            42.44782674392631
                        ],
                        [
                            2.9462153495019563,
                            42.44845907385752
                        ],
                        [
                            2.951275890251479,
                            42.450043040066696
                        ],
                        [
                            2.9553112738541976,
                            42.45275684945027
                        ],
                        [
                            2.958095572115859,
                            42.45677870890466
                        ],
                        [
                            2.9594028568422046,
                            42.46228682532631
                        ],
                        [
                            2.9594028568422046,
                            42.46228682532631
                        ],
                        [
                            2.9646707669501713,
                            42.46878223697582
                        ],
                        [
                            2.97002776566608,
                            42.471981234238484
                        ],
                        [
                            2.975446428186559,
                            42.47257737722707
                        ],
                        [
                            2.9808993297082447,
                            42.47126422605436
                        ],
                        [
                            2.9863590454277715,
                            42.468735340833135
                        ],
                        [
                            2.991798150541771,
                            42.46568428167618
                        ],
                        [
                            2.997189220246876,
                            42.46280460869625
                        ],
                        [
                            3.0025048297397245,
                            42.46078988200616
                        ],
                        [
                            3.0077175542169443,
                            42.46033366171865
                        ],
                        [
                            3.0127999688751683,
                            42.46212950794653
                        ],
                        [
                            3.012799968875161,
                            42.46212950794653
                        ],
                        [
                            3.017722068581677,
                            42.46565578806186
                        ],
                        [
                            3.0228051712808077,
                            42.46743063110344
                        ],
                        [
                            3.028048516302692,
                            42.467864086399054
                        ],
                        [
                            3.0334513429774677,
                            42.467366203276484
                        ],
                        [
                            3.039012890635274,
                            42.46634703106352
                        ],
                        [
                            3.0447323986062487,
                            42.46521661908794
                        ],
                        [
                            3.050609106220531,
                            42.46438501667753
                        ],
                        [
                            3.0566422528082575,
                            42.464262273160074
                        ],
                        [
                            3.0628310776995664,
                            42.465258437863355
                        ],
                        [
                            3.0691748202245974,
                            42.46778356011515
                        ],
                        [
                            3.069174820224601,
                            42.467783560115144
                        ],
                        [
                            3.071090463794459,
                            42.4637859810117
                        ],
                        [
                            3.073490889064851,
                            42.45965540463551
                        ],
                        [
                            3.076361633602606,
                            42.45547296503053
                        ],
                        [
                            3.079688234974548,
                            42.45131979624066
                        ],
                        [
                            3.083456230747505,
                            42.44727703230986
                        ],
                        [
                            3.087651158488302,
                            42.44342580728206
                        ],
                        [
                            3.092258555763769,
                            42.43984725520118
                        ],
                        [
                            3.097263960140728,
                            42.43662251011117
                        ],
                        [
                            3.1026529091860113,
                            42.43383270605595
                        ],
                        [
                            3.1084109404664413,
                            42.43155897707947
                        ],
                        [
                            3.1084109404664377,
                            42.43155897707947
                        ],
                        [
                            3.113067277818701,
                            42.4263837482854
                        ],
                        [
                            3.118199526736255,
                            42.423559841731866
                        ],
                        [
                            3.1237417553481825,
                            42.42261554323853
                        ],
                        [
                            3.1296280317835685,
                            42.423079138625106
                        ],
                        [
                            3.1357924241715014,
                            42.42447891371126
                        ],
                        [
                            3.142169000641067,
                            42.42634315431669
                        ],
                        [
                            3.1486918293213537,
                            42.4282001462611
                        ],
                        [
                            3.155294978341441,
                            42.42957817536415
                        ],
                        [
                            3.1619125158304207,
                            42.43000552744557
                        ],
                        [
                            3.1684785099173767,
                            42.429010488325005
                        ],
                        [
                            3.1684785099173767,
                            42.42901048832502
                        ],
                        [
                            3.1720098436535697,
                            42.42745895554434
                        ],
                        [
                            3.1755847809808917,
                            42.426548284919626
                        ],
                        [
                            3.1792078936715016,
                            42.42617322343244
                        ],
                        [
                            3.182883753497553,
                            42.42622851806443
                        ],
                        [
                            3.18661693223121,
                            42.426608915797146
                        ],
                        [
                            3.190412001644621,
                            42.4272091636122
                        ],
                        [
                            3.1942735335099486,
                            42.42792400849119
                        ],
                        [
                            3.1982060995993513,
                            42.42864819741572
                        ],
                        [
                            3.202214271684983,
                            42.42927647736736
                        ],
                        [
                            3.2063026215389994,
                            42.429703595327716
                        ],
                        [
                            3.2063026215390082,
                            42.42970359532771
                        ],
                        [
                            3.206444294008666,
                            42.430510648152854
                        ],
                        [
                            3.206560825791772,
                            42.431276510576446
                        ],
                        [
                            3.206649959561901,
                            42.43201204414362
                        ],
                        [
                            3.206709437992622,
                            42.43272811039953
                        ],
                        [
                            3.20673700375751,
                            42.43343557088928
                        ],
                        [
                            3.206730399530136,
                            42.434145287158024
                        ],
                        [
                            3.206687367984071,
                            42.4348681207509
                        ],
                        [
                            3.20660565179289,
                            42.43561493321302
                        ],
                        [
                            3.20648299363016,
                            42.43639658608954
                        ],
                        [
                            3.206317136169458,
                            42.43722394092559
                        ],
                        [
                            3.2063171361694667,
                            42.43722394092559
                        ],
                        [
                            3.201632970767603,
                            42.44301741747218
                        ],
                        [
                            3.197259927941681,
                            42.448972364218946
                        ],
                        [
                            3.193033771147865,
                            42.45500253572883
                        ],
                        [
                            3.1887902638423236,
                            42.461021686564784
                        ],
                        [
                            3.184365169481213,
                            42.46694357128976
                        ],
                        [
                            3.179594251520695,
                            42.47268194446671
                        ],
                        [
                            3.17431327341694,
                            42.47815056065855
                        ],
                        [
                            3.1683579986261026,
                            42.48326317442827
                        ],
                        [
                            3.161564190604351,
                            42.48793354033879
                        ],
                        [
                            3.1537676128078416,
                            42.492075412953064
                        ],
                        [
                            3.1537676128078416,
                            42.49207541295307
                        ],
                        [
                            3.1536481171804973,
                            42.49582936774895
                        ],
                        [
                            3.1528539757364764,
                            42.49947679411744
                        ],
                        [
                            3.151415805728455,
                            42.502979761078336
                        ],
                        [
                            3.1493642244091133,
                            42.5063003376514
                        ],
                        [
                            3.1467298490311344,
                            42.50940059285642
                        ],
                        [
                            3.1435432968471946,
                            42.512242595713175
                        ],
                        [
                            3.1398351851099737,
                            42.51478841524142
                        ],
                        [
                            3.1356361310721543,
                            42.51700012046094
                        ],
                        [
                            3.130976751986411,
                            42.518839780391545
                        ],
                        [
                            3.1258876651054277,
                            42.52026946405296
                        ],
                        [
                            3.125887665105435,
                            42.52026946405296
                        ],
                        [
                            3.1171858151277116,
                            42.52207830175661
                        ],
                        [
                            3.109915919214601,
                            42.52493309126334
                        ],
                        [
                            3.1039290422984904,
                            42.52867819159824
                        ],
                        [
                            3.0990762493117434,
                            42.533157961786436
                        ],
                        [
                            3.095208605186745,
                            42.53821676085299
                        ],
                        [
                            3.092177174855863,
                            42.54369894782302
                        ],
                        [
                            3.0898330232514737,
                            42.54944888172162
                        ],
                        [
                            3.088027215305956,
                            42.55531092157389
                        ],
                        [
                            3.086610815951682,
                            42.56112942640492
                        ],
                        [
                            3.0854348901210273,
                            42.56674875523983
                        ],
                        [
                            3.0854348901210282,
                            42.56674875523982
                        ],
                        [
                            3.0853560431674416,
                            42.5732829692781
                        ],
                        [
                            3.0846899870118327,
                            42.57976113464964
                        ],
                        [
                            3.083596545896881,
                            42.58619669659229
                        ],
                        [
                            3.0822355440652696,
                            42.592603100343894
                        ],
                        [
                            3.080766805759682,
                            42.59899379114228
                        ],
                        [
                            3.0793501552227913,
                            42.6053822142253
                        ],
                        [
                            3.078145416697287,
                            42.611781814830785
                        ],
                        [
                            3.077312414425847,
                            42.61820603819659
                        ],
                        [
                            3.0770109726511516,
                            42.624668329560535
                        ],
                        [
                            3.0774009156158884,
                            42.63118213416049
                        ],
                        [
                            3.0774009156158884,
                            42.63118213416049
                        ],
                        [
                            3.0775999877723597,
                            42.633757905890846
                        ],
                        [
                            3.0774406954934013,
                            42.63710641900071
                        ],
                        [
                            3.0769031517276795,
                            42.64089840553104
                        ],
                        [
                            3.0759674694238623,
                            42.64480459752273
                        ],
                        [
                            3.074613761530611,
                            42.648495727016694
                        ],
                        [
                            3.0728221409965912,
                            42.65164252605387
                        ],
                        [
                            3.0705727207704725,
                            42.653915726675166
                        ],
                        [
                            3.0678456138009174,
                            42.6549860609215
                        ],
                        [
                            3.064620933036587,
                            42.654524260833796
                        ],
                        [
                            3.060878791426154,
                            42.652201058452974
                        ],
                        [
                            3.060878791426154,
                            42.652201058452974
                        ],
                        [
                            3.055833935781448,
                            42.653017973811416
                        ],
                        [
                            3.0512814762546374,
                            42.654784540823954
                        ],
                        [
                            3.047315511748151,
                            42.65733148175416
                        ],
                        [
                            3.044030141164415,
                            42.66048951886563
                        ],
                        [
                            3.0415194634058573,
                            42.66408937442193
                        ],
                        [
                            3.0398775773749045,
                            42.66796177068663
                        ],
                        [
                            3.039198581973984,
                            42.671937429923304
                        ],
                        [
                            3.0395765761055267,
                            42.67584707439555
                        ],
                        [
                            3.0411056586719583,
                            42.67952142636692
                        ],
                        [
                            3.043879928575706,
                            42.68279120810099
                        ],
                        [
                            3.0438799285757008,
                            42.68279120810099
                        ],
                        [
                            3.0492914207878514,
                            42.68505633742742
                        ],
                        [
                            3.053518763702898,
                            42.685512137929486
                        ],
                        [
                            3.05679375075549,
                            42.68450597598968
                        ],
                        [
                            3.0593481753802725,
                            42.68238521799051
                        ],
                        [
                            3.061413831011881,
                            42.67949723031447
                        ],
                        [
                            3.0632225110849673,
                            42.67618937934407
                        ],
                        [
                            3.0650060090341733,
                            42.672809031461796
                        ],
                        [
                            3.0669961182941434,
                            42.66970355305016
                        ],
                        [
                            3.0694246322995213,
                            42.667220310491665
                        ],
                        [
                            3.07252334448495,
                            42.6657066701688
                        ],
                        [
                            3.07252334448495,
                            42.6657066701688
                        ],
                        [
                            3.0756231126422082,
                            42.67002586149218
                        ],
                        [
                            3.077674504992886,
                            42.67455561453097
                        ],
                        [
                            3.0788811043163515,
                            42.6792558592045
                        ],
                        [
                            3.0794464933919676,
                            42.68408652543207
                        ],
                        [
                            3.0795742549990988,
                            42.68900754313297
                        ],
                        [
                            3.07946797191711,
                            42.69397884222651
                        ],
                        [
                            3.0793312269253703,
                            42.698960352631985
                        ],
                        [
                            3.07936760280324,
                            42.7039120042687
                        ],
                        [
                            3.0797806823300866,
                            42.70879372705595
                        ],
                        [
                            3.0807740482852757,
                            42.71356545091303
                        ],
                        [
                            3.080774048285282,
                            42.71356545091303
                        ],
                        [
                            3.0808279349873984,
                            42.72103844677808
                        ],
                        [
                            3.0815503150899315,
                            42.72869613077372
                        ],
                        [
                            3.0826501564048248,
                            42.73648457586918
                        ],
                        [
                            3.0838364267440217,
                            42.744349855033725
                        ],
                        [
                            3.0848180939194676,
                            42.75223804123659
                        ],
                        [
                            3.085304125743105,
                            42.76009520744702
                        ],
                        [
                            3.0850034900268803,
                            42.76786742663428
                        ],
                        [
                            3.0836251545827325,
                            42.775500771767604
                        ],
                        [
                            3.080878087222614,
                            42.78294131581626
                        ],
                        [
                            3.07647125575846,
                            42.79013513174948
                        ],
                        [
                            3.0764712557584644,
                            42.790135131749466
                        ],
                        [
                            3.071628564310083,
                            42.79358342474501
                        ],
                        [
                            3.0663601775284097,
                            42.796101276833056
                        ],
                        [
                            3.0607329926643287,
                            42.79784412146336
                        ],
                        [
                            3.0548139069687275,
                            42.7989673920857
                        ],
                        [
                            3.0486698176924842,
                            42.79962652214985
                        ],
                        [
                            3.0423676220864873,
                            42.79997694510559
                        ],
                        [
                            3.0359742174016273,
                            42.80017409440268
                        ],
                        [
                            3.029556500888781,
                            42.80037340349088
                        ],
                        [
                            3.0231813697988383,
                            42.80073030581999
                        ],
                        [
                            3.016915721382683,
                            42.801400234839754
                        ],
                        [
                            3.0169157213826865,
                            42.801400234839754
                        ],
                        [
                            3.011432436837987,
                            42.80275422345821
                        ],
                        [
                            3.0077446424227436,
                            42.80489191335512
                        ],
                        [
                            3.005442245002786,
                            42.807633271851074
                        ],
                        [
                            3.0041151514439517,
                            42.81079826626667
                        ],
                        [
                            3.0033532686120727,
                            42.814206863922514
                        ],
                        [
                            3.0027465033729785,
                            42.817679032139175
                        ],
                        [
                            3.001884762592503,
                            42.821034738237266
                        ],
                        [
                            3.0003579531364766,
                            42.824093949537385
                        ],
                        [
                            2.997755981870733,
                            42.82667663336013
                        ],
                        [
                            2.993668755661109,
                            42.82860275702608
                        ],
                        [
                            2.993668755661114,
                            42.82860275702608
                        ]
                    ]
                ]
            }
        },
        {
            "type": "Feature",
            "properties": {
                "diocese": "Celsonen",
                "province": "Tarraconen",
                "start": 1592,
                "end": 1671
            },
            "geometry": {
                "type": "MultiPolygon",
                "coordinates": [
                    [
                        [
                            [
                                0.938414333000051,
                                42.420482029000055
                            ],
                            [
                                0.923440510000025,
                                42.44837373300006
                            ],
                            [
                                0.819336789000061,
                                42.503594225
                            ],
                            [
                                0.798658653000058,
                                42.5461595950001
                            ],
                            [
                                0.796112892782029,
                                42.60557857322442
                            ],
                            [
                                0.814765101499648,
                                42.61032640817072
                            ],
                            [
                                0.928374009143328,
                                42.61100467030591
                            ],
                            [
                                0.957878412023926,
                                42.70087440321807
                            ],
                            [
                                1.002448996525819,
                                42.72409020975144
                            ],
                            [
                                1.019495213683388,
                                42.786735446575015
                            ],
                            [
                                1.022901879373565,
                                42.787400161831634
                            ],
                            [
                                1.029364433654486,
                                42.787873754692455
                            ],
                            [
                                1.035784145643328,
                                42.787623636043534
                            ],
                            [
                                1.041703620334339,
                                42.78695665297976
                            ],
                            [
                                1.04819015619024,
                                42.78562349574802
                            ],
                            [
                                1.071720977148434,
                                42.77986702881833
                            ],
                            [
                                1.079038210142737,
                                42.778728706686685
                            ],
                            [
                                1.086683449605954,
                                42.78169652810866
                            ],
                            [
                                1.093419618256419,
                                42.783080974931615
                            ],
                            [
                                1.100358016907756,
                                42.78301789858024
                            ],
                            [
                                1.106753871241599,
                                42.7815719059275
                            ],
                            [
                                1.116961933882348,
                                42.777631951925805
                            ],
                            [
                                1.127520199438967,
                                42.77120406826782
                            ],
                            [
                                1.135374575832529,
                                42.767082464813775
                            ],
                            [
                                1.146806192959793,
                                42.761483305404504
                            ],
                            [
                                1.151161094722561,
                                42.75775053246499
                            ],
                            [
                                1.153568193283358,
                                42.75338494286987
                            ],
                            [
                                1.154747285949067,
                                42.748799582503224
                            ],
                            [
                                1.156504394646693,
                                42.73480578830323
                            ],
                            [
                                1.15835006909429,
                                42.730196120444255
                            ],
                            [
                                1.161765577933983,
                                42.72608772956561
                            ],
                            [
                                1.167391293144448,
                                42.7222105474611
                            ],
                            [
                                1.172484846105274,
                                42.71749711039288
                            ],
                            [
                                1.177274306352021,
                                42.71468425278764
                            ],
                            [
                                1.182823998383967,
                                42.712327534253525
                            ],
                            [
                                1.188525736772951,
                                42.71103514021869
                            ],
                            [
                                1.194227475161936,
                                42.71080707068313
                            ],
                            [
                                1.199473074479802,
                                42.71118718657573
                            ],
                            [
                                1.205402882404346,
                                42.712327534253525
                            ],
                            [
                                1.222503968147233,
                                42.717707395733065
                            ],
                            [
                                1.231227420048896,
                                42.719522709974406
                            ],
                            [
                                1.242471753672455,
                                42.72112904334921
                            ],
                            [
                                1.251244805180947,
                                42.721376171560706
                            ],
                            [
                                1.259894292583685,
                                42.72075835103194
                            ],
                            [
                                1.270150113361217,
                                42.71878132533988
                            ],
                            [
                                1.282382959830804,
                                42.71507440216728
                            ],
                            [
                                1.295426282792563,
                                42.716067815469266
                            ],
                            [
                                1.317143175597062,
                                42.71481971818165
                            ],
                            [
                                1.329124909558166,
                                42.71481971818165
                            ],
                            [
                                1.335592410127332,
                                42.715190487377214
                            ],
                            [
                                1.34070125505476,
                                42.71633325532151
                            ],
                            [
                                1.34587070202503,
                                42.718208326533606
                            ],
                            [
                                1.34994283823947,
                                42.718575761762395
                            ],
                            [
                                1.354048943703296,
                                42.71845245315087
                            ],
                            [
                                1.360640362369361,
                                42.718086263224976
                            ],
                            [
                                1.365522894714595,
                                42.71649944021278
                            ],
                            [
                                1.36805673277582,
                                42.7146546655812
                            ],
                            [
                                1.369901834694339,
                                42.712754674925996
                            ],
                            [
                                1.371164063425805,
                                42.710587954442474
                            ],
                            [
                                1.372021544471041,
                                42.708213663394716
                            ],
                            [
                                1.372652403330864,
                                42.705690961046855
                            ],
                            [
                                1.37323476550609,
                                42.703079006663
                            ],
                            [
                                1.373946756497539,
                                42.700436959507265
                            ],
                            [
                                1.374966501806026,
                                42.69782397884374
                            ],
                            [
                                1.376472126932371,
                                42.695299223936566
                            ],
                            [
                                1.378641757377389,
                                42.69292185404983
                            ],
                            [
                                1.3816535186419,
                                42.69075102844765
                            ],
                            [
                                1.381653518641897,
                                42.69075102844764
                            ],
                            [
                                1.389824783756478,
                                42.6913652421368
                            ],
                            [
                                1.396306249876763,
                                42.69055824406998
                            ],
                            [
                                1.401377722794273,
                                42.68856120774076
                            ],
                            [
                                1.405319008300532,
                                42.68560530664266
                            ],
                            [
                                1.408409912187063,
                                42.681921714269194
                            ],
                            [
                                1.410930240245388,
                                42.67774160411392
                            ],
                            [
                                1.413159798267029,
                                42.67329614967035
                            ],
                            [
                                1.415378392043507,
                                42.66881652443204
                            ],
                            [
                                1.417865827366348,
                                42.66453390189251
                            ],
                            [
                                1.420901910027071,
                                42.6606794555453
                            ],
                            [
                                1.420901910027076,
                                42.6606794555453
                            ],
                            [
                                1.42731561998849,
                                42.656532502462255
                            ],
                            [
                                1.431840753852573,
                                42.65173844131642
                            ],
                            [
                                1.434913909948003,
                                42.646454015296776
                            ],
                            [
                                1.43697168660346,
                                42.640835967592295
                            ],
                            [
                                1.438450682147628,
                                42.63504104139198
                            ],
                            [
                                1.439787494909184,
                                42.629225979884815
                            ],
                            [
                                1.441418723216811,
                                42.62354752625978
                            ],
                            [
                                1.443780965399189,
                                42.61816242370586
                            ],
                            [
                                1.447310819784998,
                                42.61322741541205
                            ],
                            [
                                1.452444884702919,
                                42.60889924456731
                            ],
                            [
                                1.452444884702913,
                                42.60889924456731
                            ],
                            [
                                1.454900909809606,
                                42.60463467832381
                            ],
                            [
                                1.459422011257526,
                                42.60164958657712
                            ],
                            [
                                1.465373277562851,
                                42.599885155490156
                            ],
                            [
                                1.472119797241754,
                                42.59928257122584
                            ],
                            [
                                1.47902665881041,
                                42.599783019947076
                            ],
                            [
                                1.485458950784993,
                                42.60132768781679
                            ],
                            [
                                1.490781761681681,
                                42.6038577609979
                            ],
                            [
                                1.494360180016647,
                                42.607314425653286
                            ],
                            [
                                1.495559294306068,
                                42.61163886794589
                            ],
                            [
                                1.493744193066117,
                                42.61677227403863
                            ],
                            [
                                1.493744193066118,
                                42.616772274038624
                            ],
                            [
                                1.490293629535939,
                                42.620085441652
                            ],
                            [
                                1.488963627416766,
                                42.624591361540034
                            ],
                            [
                                1.489448856941141,
                                42.62979743800126
                            ],
                            [
                                1.491443988341605,
                                42.63521107533429
                            ],
                            [
                                1.494643691850702,
                                42.640339677837694
                            ],
                            [
                                1.498742637700973,
                                42.64469064981004
                            ],
                            [
                                1.503435496124961,
                                42.64777139554992
                            ],
                            [
                                1.50841693735521,
                                42.64908931935589
                            ],
                            [
                                1.51338163162426,
                                42.64815182552656
                            ],
                            [
                                1.518024249164654,
                                42.64446631836047
                            ],
                            [
                                1.518024249164657,
                                42.644466318360486
                            ],
                            [
                                1.525385924070321,
                                42.642986725867644
                            ],
                            [
                                1.533090378408061,
                                42.64334679410953
                            ],
                            [
                                1.541048669139268,
                                42.644992933712196
                            ],
                            [
                                1.549171853225328,
                                42.64737155530167
                            ],
                            [
                                1.557370987627632,
                                42.64992906950398
                            ],
                            [
                                1.565557129307569,
                                42.65211188694519
                            ],
                            [
                                1.573641335226525,
                                42.65336641825133
                            ],
                            [
                                1.581534662345891,
                                42.65313907404845
                            ],
                            [
                                1.589148167627055,
                                42.650876264962555
                            ],
                            [
                                1.596392908031406,
                                42.64602440161972
                            ],
                            [
                                1.596392908031406,
                                42.64602440161973
                            ],
                            [
                                1.598240387631112,
                                42.6409130395768
                            ],
                            [
                                1.601452757063404,
                                42.636810041518544
                            ],
                            [
                                1.605804705153341,
                                42.633566773322954
                            ],
                            [
                                1.61107092072598,
                                42.63103460086807
                            ],
                            [
                                1.617026092606382,
                                42.6290648900319
                            ],
                            [
                                1.623444909619599,
                                42.62750900669245
                            ],
                            [
                                1.630102060590695,
                                42.626218316727766
                            ],
                            [
                                1.636772234344722,
                                42.625044186015835
                            ],
                            [
                                1.643230119706741,
                                42.6238379804347
                            ],
                            [
                                1.649250405501809,
                                42.62245106586236
                            ],
                            [
                                1.649250405501807,
                                42.62245106586235
                            ],
                            [
                                1.655655222944061,
                                42.62359724610494
                            ],
                            [
                                1.661786959808516,
                                42.62379341266309
                            ],
                            [
                                1.667727259052727,
                                42.62330613089668
                            ],
                            [
                                1.673557763634253,
                                42.622401966165604
                            ],
                            [
                                1.679360116510654,
                                42.62134748382972
                            ],
                            [
                                1.685215960639487,
                                42.62040924924893
                            ],
                            [
                                1.691206938978312,
                                42.6198538277831
                            ],
                            [
                                1.697414694484685,
                                42.61994778479212
                            ],
                            [
                                1.703920870116166,
                                42.62095768563585
                            ],
                            [
                                1.710807108830313,
                                42.623150095674205
                            ],
                            [
                                1.710807108830315,
                                42.62315009567421
                            ],
                            [
                                1.716194517530429,
                                42.62142564749086
                            ],
                            [
                                1.722718207521498,
                                42.6199694750548
                            ],
                            [
                                1.729857105597949,
                                42.618642455997
                            ],
                            [
                                1.737090138554216,
                                42.61730546794843
                            ],
                            [
                                1.743896233184722,
                                42.61581938854005
                            ],
                            [
                                1.7497543162839,
                                42.614045095402844
                            ],
                            [
                                1.754143314646174,
                                42.61184346616777
                            ],
                            [
                                1.756542155065974,
                                42.6090753784658
                            ],
                            [
                                1.756429764337731,
                                42.60560170992792
                            ],
                            [
                                1.753285069255871,
                                42.601283338185084
                            ],
                            [
                                1.753285069255873,
                                42.601283338185084
                            ],
                            [
                                1.749103996617918,
                                42.59669907728821
                            ],
                            [
                                1.748257333757014,
                                42.59283012915906
                            ],
                            [
                                1.750186787795745,
                                42.589610896317204
                            ],
                            [
                                1.754334065856692,
                                42.586975781282206
                            ],
                            [
                                1.760140875062435,
                                42.58485918657365
                            ],
                            [
                                1.767048922535559,
                                42.583195514711086
                            ],
                            [
                                1.774499915398644,
                                42.5819191682141
                            ],
                            [
                                1.781935560774273,
                                42.58096454960226
                            ],
                            [
                                1.788797565785029,
                                42.580266061395115
                            ],
                            [
                                1.794527637553491,
                                42.57975810611226
                            ],
                            [
                                1.79452763755349,
                                42.57975810611226
                            ],
                            [
                                1.795094209188649,
                                42.579377651478445
                            ],
                            [
                                1.795633322644098,
                                42.57900725795241
                            ],
                            [
                                1.796145731419662,
                                42.57864655818259
                            ],
                            [
                                1.796632189015164,
                                42.578295184817414
                            ],
                            [
                                1.797093448930429,
                                42.577952770505284
                            ],
                            [
                                1.797530264665283,
                                42.57761894789465
                            ],
                            [
                                1.797943389719551,
                                42.57729334963392
                            ],
                            [
                                1.798333577593056,
                                42.57697560837152
                            ],
                            [
                                1.798701581785624,
                                42.576665356755875
                            ],
                            [
                                1.799048155797079,
                                42.57636222743542
                            ],
                            [
                                1.799048155797081,
                                42.57636222743542
                            ],
                            [
                                1.807115512995622,
                                42.57986483688976
                            ],
                            [
                                1.815182870194161,
                                42.58336744634412
                            ],
                            [
                                1.8232502273927,
                                42.586870055798464
                            ],
                            [
                                1.831317584591241,
                                42.5903726652528
                            ],
                            [
                                1.839384941789782,
                                42.59387527470716
                            ],
                            [
                                1.847452298988321,
                                42.5973778841615
                            ],
                            [
                                1.855519656186861,
                                42.60088049361585
                            ],
                            [
                                1.863587013385402,
                                42.6043831030702
                            ],
                            [
                                1.871654370583941,
                                42.60788571252454
                            ],
                            [
                                1.879721727782481,
                                42.611388321978886
                            ],
                            [
                                1.884799144220786,
                                42.61076252933382
                            ],
                            [
                                1.88987656065909,
                                42.61013673668876
                            ],
                            [
                                1.894953977097395,
                                42.60951094404369
                            ],
                            [
                                1.900031393535699,
                                42.60888515139863
                            ],
                            [
                                1.905108809974003,
                                42.608259358753564
                            ],
                            [
                                1.910186226412307,
                                42.607633566108504
                            ],
                            [
                                1.915263642850612,
                                42.60700777346344
                            ],
                            [
                                1.920341059288915,
                                42.60638198081838
                            ],
                            [
                                1.92541847572722,
                                42.60575618817331
                            ],
                            [
                                1.930495892165524,
                                42.60513039552825
                            ],
                            [
                                2.017859930291222,
                                42.57560248023565
                            ],
                            [
                                2.095525341411379,
                                42.54496828778851
                            ],
                            [
                                2.184055231986387,
                                42.46974696825818
                            ],
                            [
                                2.206220600328246,
                                42.41799601582945
                            ],
                            [
                                2.209169637302267,
                                42.41825804892236
                            ],
                            [
                                2.215730629752725,
                                42.41606892912354
                            ],
                            [
                                2.215158511000018,
                                42.326490799000055
                            ],
                            [
                                2.260793019000086,
                                42.28931475800003
                            ],
                            [
                                2.15448999900003,
                                42.25045062400004
                            ],
                            [
                                2.04486022400009,
                                42.2735376800001
                            ],
                            [
                                2.033570437000048,
                                42.24187327800006
                            ],
                            [
                                2.066120676000065,
                                42.19122999700007
                            ],
                            [
                                2.054712049000082,
                                42.13820207300011
                            ],
                            [
                                2.00619369400007,
                                42.10549406100006
                            ],
                            [
                                2.007904988000049,
                                42.051158900000075
                            ],
                            [
                                1.981162057000088,
                                41.999033748000116
                            ],
                            [
                                1.926971079000091,
                                41.98914152300007
                            ],
                            [
                                1.847833237000049,
                                41.88067153500004
                            ],
                            [
                                1.729468733000045,
                                41.847217097000105
                            ],
                            [
                                1.717347067000072,
                                41.81693371300002
                            ],
                            [
                                1.685260304000086,
                                41.79726841000009
                            ],
                            [
                                1.478478941000034,
                                41.76802504700005
                            ],
                            [
                                1.40360982600007,
                                41.72706193500005
                            ],
                            [
                                1.39411631989165,
                                41.70831399284226
                            ],
                            [
                                0.89290239906416,
                                42.360082277367766
                            ],
                            [
                                0.938414333000051,
                                42.420482029000055
                            ]
                        ]
                    ]
                ]
            }
        },
        {
            "type": "Feature",
            "properties": {
                "diocese": "Vicen",
                "province": "Tarraconen",
                "start": 1592,
                "end": 1671
            },
            "geometry": {
                "coordinates": [
                    [
                        [
                            2.2607930190000616,
                            42.289314758000046
                        ],
                        [
                            2.1544899990000204,
                            42.25045062400005
                        ],
                        [
                            2.044860224000047,
                            42.27353768000006
                        ],
                        [
                            2.033570437000037,
                            42.24187327800007
                        ],
                        [
                            2.0661206760000255,
                            42.19122999700005
                        ],
                        [
                            2.0551874080000516,
                            42.13952390700007
                        ],
                        [
                            2.0061936940000464,
                            42.10549406100006
                        ],
                        [
                            2.007904988000064,
                            42.051158900000075
                        ],
                        [
                            1.9811620570000628,
                            41.999033748000045
                        ],
                        [
                            1.9269710790000545,
                            41.98914152300006
                        ],
                        [
                            1.8478332370000317,
                            41.88067153500003
                        ],
                        [
                            1.729468733000033,
                            41.847217097000055
                        ],
                        [
                            1.7023732440000572,
                            41.80364700700005
                        ],
                        [
                            1.4784789410000485,
                            41.76802504700004
                        ],
                        [
                            1.4036098260000358,
                            41.72706193500005
                        ],
                        [
                            1.381505612000069,
                            41.68341014600003
                        ],
                        [
                            1.3052104190000478,
                            41.651983819000066
                        ],
                        [
                            1.1618895430000293,
                            41.66337097600007
                        ],
                        [
                            0.9178964480000218,
                            41.654270291000046
                        ],
                        [
                            0.8935342760000253,
                            41.66647823300008
                        ],
                        [
                            0.784498701000075,
                            41.63406661400006
                        ],
                        [
                            0.8685779050000519,
                            41.563192712000046
                        ],
                        [
                            1.1470812740000724,
                            41.566171498000074
                        ],
                        [
                            1.1760782010000526,
                            41.529884078000066
                        ],
                        [
                            1.3357989780000707,
                            41.50425716800004
                        ],
                        [
                            1.3838102830000594,
                            41.46294802600005
                        ],
                        [
                            1.4281375520000665,
                            41.45154776600003
                        ],
                        [
                            1.4552330410000422,
                            41.50710510300007
                        ],
                        [
                            1.6254117260000385,
                            41.55941362000004
                        ],
                        [
                            1.689585252000029,
                            41.564393177000056
                        ],
                        [
                            1.702419958000064,
                            41.581463032000045
                        ],
                        [
                            1.6815041420000512,
                            41.604215821000025
                        ],
                        [
                            1.7066981930000225,
                            41.62909250000007
                        ],
                        [
                            1.832193089000043,
                            41.57328428900007
                        ],
                        [
                            1.9172824310000465,
                            41.569727991000036
                        ],
                        [
                            1.9443779200000222,
                            41.62198585700003
                        ],
                        [
                            1.9767023630000722,
                            41.63442196900007
                        ],
                        [
                            2.0133050410000237,
                            41.69727642000004
                        ],
                        [
                            2.0332701380000344,
                            41.70650410800005
                        ],
                        [
                            2.1720750990000397,
                            41.70260024800007
                        ],
                        [
                            2.305175747000021,
                            41.72779371900003
                        ],
                        [
                            2.335123392000071,
                            41.778505523000035
                        ],
                        [
                            2.393418307000047,
                            41.81598756600005
                        ],
                        [
                            2.5139219290000483,
                            41.83033432500008
                        ],
                        [
                            2.5591999170000577,
                            41.85848713200005
                        ],
                        [
                            2.602338788000054,
                            41.933058677000076
                        ],
                        [
                            2.547078251000073,
                            41.96090114100008
                        ],
                        [
                            2.5584868780000534,
                            42.00091993800004
                        ],
                        [
                            2.53745222200007,
                            42.024760237000066
                        ],
                        [
                            2.49267100000003,
                            42.03785800000003
                        ],
                        [
                            2.490713000000028,
                            42.06733500000007
                        ],
                        [
                            2.454968000000065,
                            42.07793900000007
                        ],
                        [
                            2.417566000000022,
                            42.06488100000007
                        ],
                        [
                            2.395361537000042,
                            42.08678771700005
                        ],
                        [
                            2.399902000000054,
                            42.102941000000044
                        ],
                        [
                            2.347357000000045,
                            42.121361000000036
                        ],
                        [
                            2.333879535000051,
                            42.21489681800006
                        ],
                        [
                            2.3549141910000344,
                            42.272960897000075
                        ],
                        [
                            2.2607930190000616,
                            42.289314758000046
                        ]
                    ]
                ],
                "type": "Polygon"
            }
        }
    ]
}