{
    "type": "FeatureCollection",
    "features": [
        {
            "type": "Feature",
            "properties": {
                "diocese": "Apten",
                "province": "Aquen",
                "date": 1592
            },
            "geometry": {
                "type": "Polygon",
                "coordinates": [
                    [
                        [
                            6.752269250371823,
                            43.797496291456056
                        ],
                        [
                            6.738754382032859,
                            43.794984679477444
                        ],
                        [
                            6.7252395136938965,
                            43.79247306749884
                        ],
                        [
                            6.711724645354932,
                            43.78996145552023
                        ],
                        [
                            6.698209777015968,
                            43.78744984354163
                        ],
                        [
                            6.684694908677004,
                            43.784938231563025
                        ],
                        [
                            6.67118004033804,
                            43.78242661958441
                        ],
                        [
                            6.657665171999076,
                            43.77991500760581
                        ],
                        [
                            6.644150303660114,
                            43.7774033956272
                        ],
                        [
                            6.630635435321151,
                            43.774891783648584
                        ],
                        [
                            6.617120566982184,
                            43.77238017166999
                        ],
                        [
                            6.617120566982184,
                            43.77238017166999
                        ],
                        [
                            6.614585885040773,
                            43.77438569287579
                        ],
                        [
                            6.612051203099362,
                            43.7763912140816
                        ],
                        [
                            6.609516521157948,
                            43.77839673528741
                        ],
                        [
                            6.606981839216539,
                            43.780402256493225
                        ],
                        [
                            6.604447157275127,
                            43.78240777769902
                        ],
                        [
                            6.601912475333716,
                            43.78441329890483
                        ],
                        [
                            6.5993777933923035,
                            43.78641882011064
                        ],
                        [
                            6.596843111450891,
                            43.78842434131645
                        ],
                        [
                            6.59430842950948,
                            43.79042986252226
                        ],
                        [
                            6.591773747568068,
                            43.79243538372807
                        ],
                        [
                            6.591773747568068,
                            43.79243538372807
                        ],
                        [
                            6.580515007148215,
                            43.785286116028445
                        ],
                        [
                            6.56925626672836,
                            43.77813684832883
                        ],
                        [
                            6.557997526308506,
                            43.77098758062921
                        ],
                        [
                            6.546738785888653,
                            43.76383831292959
                        ],
                        [
                            6.535480045468798,
                            43.756689045229976
                        ],
                        [
                            6.524221305048945,
                            43.74953977753036
                        ],
                        [
                            6.51296256462909,
                            43.74239050983075
                        ],
                        [
                            6.501703824209235,
                            43.73524124213113
                        ],
                        [
                            6.490445083789384,
                            43.72809197443151
                        ],
                        [
                            6.479186343369529,
                            43.7209427067319
                        ],
                        [
                            6.479186343369529,
                            43.7209427067319
                        ],
                        [
                            6.477545316256148,
                            43.716051941863455
                        ],
                        [
                            6.4759042891427665,
                            43.711161176995
                        ],
                        [
                            6.474263262029382,
                            43.70627041212655
                        ],
                        [
                            6.472622234916001,
                            43.70137964725811
                        ],
                        [
                            6.47098120780262,
                            43.69648888238967
                        ],
                        [
                            6.4693401806892386,
                            43.691598117521224
                        ],
                        [
                            6.4676991535758575,
                            43.686707352652775
                        ],
                        [
                            6.466058126462475,
                            43.681816587784326
                        ],
                        [
                            6.4644170993490935,
                            43.676925822915884
                        ],
                        [
                            6.462776072235711,
                            43.672035058047435
                        ],
                        [
                            6.462776072235711,
                            43.672035058047435
                        ],
                        [
                            6.447897265516314,
                            43.668145105561514
                        ],
                        [
                            6.433018458796919,
                            43.664255153075594
                        ],
                        [
                            6.418139652077523,
                            43.66036520058967
                        ],
                        [
                            6.403260845358128,
                            43.656475248103746
                        ],
                        [
                            6.388382038638733,
                            43.652585295617826
                        ],
                        [
                            6.3735032319193365,
                            43.648695343131905
                        ],
                        [
                            6.35862442519994,
                            43.644805390645985
                        ],
                        [
                            6.343745618480547,
                            43.64091543816006
                        ],
                        [
                            6.328866811761149,
                            43.63702548567414
                        ],
                        [
                            6.313988005041754,
                            43.63313553318822
                        ],
                        [
                            6.313988005041754,
                            43.63313553318822
                        ],
                        [
                            6.310718725316468,
                            43.6307515072471
                        ],
                        [
                            6.307449445591184,
                            43.62836748130598
                        ],
                        [
                            6.304180165865894,
                            43.62598345536487
                        ],
                        [
                            6.30091088614061,
                            43.62359942942375
                        ],
                        [
                            6.297641606415322,
                            43.62121540348263
                        ],
                        [
                            6.294372326690036,
                            43.61883137754152
                        ],
                        [
                            6.291103046964748,
                            43.61644735160039
                        ],
                        [
                            6.287833767239462,
                            43.61406332565928
                        ],
                        [
                            6.284564487514176,
                            43.61167929971816
                        ],
                        [
                            6.28129520778889,
                            43.60929527377705
                        ],
                        [
                            6.28129520778889,
                            43.60929527377705
                        ],
                        [
                            6.27350430088538,
                            43.61292956519634
                        ],
                        [
                            6.265713393981873,
                            43.61656385661562
                        ],
                        [
                            6.257922487078362,
                            43.620198148034916
                        ],
                        [
                            6.250131580174855,
                            43.6238324394542
                        ],
                        [
                            6.242340673271345,
                            43.627466730873486
                        ],
                        [
                            6.234549766367834,
                            43.63110102229278
                        ],
                        [
                            6.226758859464329,
                            43.63473531371206
                        ],
                        [
                            6.218967952560819,
                            43.63836960513135
                        ],
                        [
                            6.21117704565731,
                            43.64200389655065
                        ],
                        [
                            6.203386138753801,
                            43.64563818796993
                        ],
                        [
                            6.203386138753801,
                            43.64563818796993
                        ],
                        [
                            6.19648687379998,
                            43.6413742644879
                        ],
                        [
                            6.189587608846159,
                            43.63711034100585
                        ],
                        [
                            6.182688343892339,
                            43.63284641752382
                        ],
                        [
                            6.175789078938518,
                            43.62858249404178
                        ],
                        [
                            6.168889813984698,
                            43.62431857055975
                        ],
                        [
                            6.161990549030877,
                            43.62005464707772
                        ],
                        [
                            6.155091284077056,
                            43.61579072359568
                        ],
                        [
                            6.148192019123236,
                            43.61152680011365
                        ],
                        [
                            6.141292754169415,
                            43.6072628766316
                        ],
                        [
                            6.134393489215594,
                            43.60299895314957
                        ],
                        [
                            6.134393489215594,
                            43.60299895314957
                        ],
                        [
                            6.131673638970284,
                            43.60349926588094
                        ],
                        [
                            6.128953788724974,
                            43.6039995786123
                        ],
                        [
                            6.126233938479663,
                            43.60449989134367
                        ],
                        [
                            6.123514088234355,
                            43.60500020407503
                        ],
                        [
                            6.120794237989042,
                            43.6055005168064
                        ],
                        [
                            6.118074387743732,
                            43.606000829537756
                        ],
                        [
                            6.115354537498421,
                            43.606501142269124
                        ],
                        [
                            6.112634687253109,
                            43.60700145500049
                        ],
                        [
                            6.109914837007802,
                            43.607501767731854
                        ],
                        [
                            6.107194986762492,
                            43.60800208046322
                        ],
                        [
                            6.107194986762492,
                            43.60800208046322
                        ],
                        [
                            6.1006655992062075,
                            43.60724841676321
                        ],
                        [
                            6.094136211649925,
                            43.606494753063195
                        ],
                        [
                            6.087606824093642,
                            43.60574108936319
                        ],
                        [
                            6.081077436537361,
                            43.60498742566318
                        ],
                        [
                            6.074548048981079,
                            43.60423376196317
                        ],
                        [
                            6.068018661424794,
                            43.60348009826317
                        ],
                        [
                            6.061489273868512,
                            43.60272643456315
                        ],
                        [
                            6.054959886312229,
                            43.60197277086314
                        ],
                        [
                            6.0484304987559465,
                            43.60121910716313
                        ],
                        [
                            6.041901111199666,
                            43.60046544346312
                        ],
                        [
                            6.041901111199666,
                            43.60046544346312
                        ],
                        [
                            6.041531231690907,
                            43.596954089812655
                        ],
                        [
                            6.041161352182151,
                            43.59344273616217
                        ],
                        [
                            6.0407914726733924,
                            43.5899313825117
                        ],
                        [
                            6.040421593164634,
                            43.58642002886122
                        ],
                        [
                            6.040051713655879,
                            43.58290867521074
                        ],
                        [
                            6.039681834147123,
                            43.579397321560265
                        ],
                        [
                            6.039311954638366,
                            43.575885967909784
                        ],
                        [
                            6.038942075129608,
                            43.57237461425931
                        ],
                        [
                            6.038572195620853,
                            43.568863260608836
                        ],
                        [
                            6.038202316112095,
                            43.56535190695836
                        ],
                        [
                            6.038202316112095,
                            43.56535190695836
                        ],
                        [
                            6.031310872000017,
                            43.565099144411
                        ],
                        [
                            6.024419427887942,
                            43.56484638186364
                        ],
                        [
                            6.0175279837758655,
                            43.56459361931627
                        ],
                        [
                            6.010636539663789,
                            43.56434085676891
                        ],
                        [
                            6.003745095551713,
                            43.564088094221546
                        ],
                        [
                            5.996853651439636,
                            43.563835331674184
                        ],
                        [
                            5.98996220732756,
                            43.56358256912682
                        ],
                        [
                            5.983070763215483,
                            43.56332980657946
                        ],
                        [
                            5.976179319103407,
                            43.5630770440321
                        ],
                        [
                            5.9692878749913305,
                            43.562824281484744
                        ],
                        [
                            5.9692878749913305,
                            43.562824281484744
                        ],
                        [
                            5.969644443897812,
                            43.559439122714714
                        ],
                        [
                            5.970001012804289,
                            43.556053963944684
                        ],
                        [
                            5.970357581710768,
                            43.552668805174655
                        ],
                        [
                            5.970714150617251,
                            43.54928364640463
                        ],
                        [
                            5.971070719523727,
                            43.54589848763461
                        ],
                        [
                            5.971427288430208,
                            43.54251332886457
                        ],
                        [
                            5.971783857336687,
                            43.53912817009455
                        ],
                        [
                            5.972140426243168,
                            43.53574301132452
                        ],
                        [
                            5.972496995149648,
                            43.53235785255449
                        ],
                        [
                            5.972853564056125,
                            43.52897269378447
                        ],
                        [
                            5.972853564056125,
                            43.52897269378447
                        ],
                        [
                            5.982821617056276,
                            43.52621704817902
                        ],
                        [
                            5.992789670056425,
                            43.52346140257358
                        ],
                        [
                            6.002757723056577,
                            43.520705756968134
                        ],
                        [
                            6.012725776056726,
                            43.51795011136269
                        ],
                        [
                            6.022693829056879,
                            43.51519446575725
                        ],
                        [
                            6.0326618820570275,
                            43.51243882015181
                        ],
                        [
                            6.042629935057176,
                            43.50968317454636
                        ],
                        [
                            6.052597988057329,
                            43.50692752894091
                        ],
                        [
                            6.0625660410574795,
                            43.504171883335474
                        ],
                        [
                            6.0725340940576285,
                            43.501416237730034
                        ],
                        [
                            6.0725340940576285,
                            43.501416237730034
                        ],
                        [
                            6.075618013842636,
                            43.50141700736651
                        ],
                        [
                            6.078701933627643,
                            43.50141777700299
                        ],
                        [
                            6.081785853412647,
                            43.50141854663947
                        ],
                        [
                            6.084869773197655,
                            43.50141931627594
                        ],
                        [
                            6.087953692982662,
                            43.50142008591243
                        ],
                        [
                            6.091037612767668,
                            43.50142085554891
                        ],
                        [
                            6.094121532552675,
                            43.501421625185394
                        ],
                        [
                            6.097205452337679,
                            43.50142239482187
                        ],
                        [
                            6.1002893721226865,
                            43.50142316445836
                        ],
                        [
                            6.103373291907694,
                            43.50142393409484
                        ],
                        [
                            6.103373291907694,
                            43.50142393409484
                        ],
                        [
                            6.102819697563744,
                            43.497160445704736
                        ],
                        [
                            6.10226610321979,
                            43.49289695731463
                        ],
                        [
                            6.101712508875838,
                            43.48863346892452
                        ],
                        [
                            6.1011589145318865,
                            43.48436998053442
                        ],
                        [
                            6.100605320187938,
                            43.480106492144316
                        ],
                        [
                            6.100051725843985,
                            43.475843003754214
                        ],
                        [
                            6.099498131500033,
                            43.471579515364105
                        ],
                        [
                            6.098944537156083,
                            43.46731602697401
                        ],
                        [
                            6.098390942812131,
                            43.4630525385839
                        ],
                        [
                            6.097837348468179,
                            43.4587890501938
                        ],
                        [
                            6.097837348468179,
                            43.4587890501938
                        ],
                        [
                            6.100911588419743,
                            43.4537744876777
                        ],
                        [
                            6.1039858283713055,
                            43.44875992516159
                        ],
                        [
                            6.107060068322868,
                            43.44374536264549
                        ],
                        [
                            6.110134308274429,
                            43.438730800129385
                        ],
                        [
                            6.113208548225995,
                            43.43371623761328
                        ],
                        [
                            6.116282788177555,
                            43.42870167509718
                        ],
                        [
                            6.119357028129119,
                            43.423687112581085
                        ],
                        [
                            6.122431268080682,
                            43.41867255006498
                        ],
                        [
                            6.125505508032244,
                            43.41365798754888
                        ],
                        [
                            6.1285797479838084,
                            43.40864342503278
                        ],
                        [
                            6.1285797479838084,
                            43.40864342503278
                        ],
                        [
                            6.133475611065585,
                            43.408393604177235
                        ],
                        [
                            6.138371474147361,
                            43.4081437833217
                        ],
                        [
                            6.143267337229133,
                            43.40789396246617
                        ],
                        [
                            6.1481632003109095,
                            43.40764414161063
                        ],
                        [
                            6.153059063392686,
                            43.4073943207551
                        ],
                        [
                            6.15795492647446,
                            43.40714449989956
                        ],
                        [
                            6.162850789556236,
                            43.40689467904403
                        ],
                        [
                            6.167746652638012,
                            43.406644858188486
                        ],
                        [
                            6.172642515719787,
                            43.40639503733296
                        ],
                        [
                            6.177538378801563,
                            43.40614521647742
                        ],
                        [
                            6.177538378801563,
                            43.40614521647742
                        ],
                        [
                            6.179244347754416,
                            43.40066350435319
                        ],
                        [
                            6.180950316707271,
                            43.39518179222896
                        ],
                        [
                            6.182656285660125,
                            43.38970008010473
                        ],
                        [
                            6.184362254612978,
                            43.3842183679805
                        ],
                        [
                            6.186068223565833,
                            43.37873665585627
                        ],
                        [
                            6.187774192518688,
                            43.373254943732036
                        ],
                        [
                            6.189480161471543,
                            43.367773231607806
                        ],
                        [
                            6.191186130424397,
                            43.362291519483584
                        ],
                        [
                            6.19289209937725,
                            43.356809807359355
                        ],
                        [
                            6.194598068330105,
                            43.35132809523512
                        ],
                        [
                            6.194598068330105,
                            43.35132809523512
                        ],
                        [
                            6.198952408315014,
                            43.34831464600564
                        ],
                        [
                            6.203306748299923,
                            43.34530119677615
                        ],
                        [
                            6.207661088284832,
                            43.34228774754667
                        ],
                        [
                            6.212015428269742,
                            43.33927429831719
                        ],
                        [
                            6.216369768254648,
                            43.33626084908771
                        ],
                        [
                            6.220724108239558,
                            43.33324739985822
                        ],
                        [
                            6.225078448224465,
                            43.330233950628745
                        ],
                        [
                            6.229432788209374,
                            43.32722050139926
                        ],
                        [
                            6.233787128194283,
                            43.324207052169776
                        ],
                        [
                            6.23814146817919,
                            43.32119360294029
                        ],
                        [
                            6.23814146817919,
                            43.32119360294029
                        ],
                        [
                            6.238138730139301,
                            43.31977496494671
                        ],
                        [
                            6.238135992099412,
                            43.31835632695313
                        ],
                        [
                            6.238133254059521,
                            43.31693768895954
                        ],
                        [
                            6.238130516019632,
                            43.31551905096595
                        ],
                        [
                            6.2381277779797415,
                            43.31410041297237
                        ],
                        [
                            6.238125039939851,
                            43.31268177497879
                        ],
                        [
                            6.238122301899962,
                            43.311263136985204
                        ],
                        [
                            6.238119563860071,
                            43.309844498991616
                        ],
                        [
                            6.238116825820182,
                            43.308425860998035
                        ],
                        [
                            6.238114087780293,
                            43.30700722300445
                        ],
                        [
                            6.238114087780293,
                            43.30700722300445
                        ],
                        [
                            6.2358023136690495,
                            43.305233376776876
                        ],
                        [
                            6.233490539557806,
                            43.303459530549304
                        ],
                        [
                            6.231178765446561,
                            43.30168568432173
                        ],
                        [
                            6.228866991335316,
                            43.29991183809416
                        ],
                        [
                            6.226555217224075,
                            43.29813799186658
                        ],
                        [
                            6.2242434431128295,
                            43.29636414563901
                        ],
                        [
                            6.221931669001586,
                            43.29459029941144
                        ],
                        [
                            6.219619894890339,
                            43.29281645318387
                        ],
                        [
                            6.217308120779098,
                            43.2910426069563
                        ],
                        [
                            6.214996346667851,
                            43.28926876072872
                        ],
                        [
                            6.214996346667851,
                            43.28926876072872
                        ],
                        [
                            6.216403737130991,
                            43.2875845553607
                        ],
                        [
                            6.21781112759413,
                            43.28590034999269
                        ],
                        [
                            6.219218518057268,
                            43.28421614462467
                        ],
                        [
                            6.220625908520406,
                            43.28253193925666
                        ],
                        [
                            6.222033298983545,
                            43.28084773388864
                        ],
                        [
                            6.223440689446683,
                            43.27916352852062
                        ],
                        [
                            6.2248480799098225,
                            43.27747932315261
                        ],
                        [
                            6.2262554703729585,
                            43.27579511778458
                        ],
                        [
                            6.227662860836098,
                            43.274110912416575
                        ],
                        [
                            6.229070251299236,
                            43.27242670704856
                        ],
                        [
                            6.229070251299236,
                            43.27242670704856
                        ],
                        [
                            6.2333020845133404,
                            43.2723391051681
                        ],
                        [
                            6.237533917727449,
                            43.272251503287656
                        ],
                        [
                            6.241765750941555,
                            43.272163901407204
                        ],
                        [
                            6.24599758415566,
                            43.27207629952675
                        ],
                        [
                            6.250229417369765,
                            43.27198869764631
                        ],
                        [
                            6.254461250583873,
                            43.27190109576585
                        ],
                        [
                            6.258693083797976,
                            43.2718134938854
                        ],
                        [
                            6.262924917012082,
                            43.27172589200495
                        ],
                        [
                            6.267156750226189,
                            43.27163829012449
                        ],
                        [
                            6.271388583440293,
                            43.27155068824405
                        ],
                        [
                            6.271388583440293,
                            43.27155068824405
                        ],
                        [
                            6.278960199877318,
                            43.274389743083425
                        ],
                        [
                            6.286531816314341,
                            43.277228797922824
                        ],
                        [
                            6.294103432751363,
                            43.2800678527622
                        ],
                        [
                            6.301675049188388,
                            43.282906907601586
                        ],
                        [
                            6.309246665625409,
                            43.28574596244097
                        ],
                        [
                            6.316818282062435,
                            43.28858501728036
                        ],
                        [
                            6.32438989849946,
                            43.29142407211974
                        ],
                        [
                            6.3319615149364825,
                            43.29426312695913
                        ],
                        [
                            6.339533131373507,
                            43.29710218179851
                        ],
                        [
                            6.34710474781053,
                            43.29994123663789
                        ],
                        [
                            6.34710474781053,
                            43.29994123663789
                        ],
                        [
                            6.3515929678505945,
                            43.29985369874246
                        ],
                        [
                            6.356081187890659,
                            43.29976616084703
                        ],
                        [
                            6.360569407930727,
                            43.29967862295159
                        ],
                        [
                            6.36505762797079,
                            43.29959108505615
                        ],
                        [
                            6.369545848010857,
                            43.29950354716071
                        ],
                        [
                            6.374034068050921,
                            43.299416009265286
                        ],
                        [
                            6.378522288090986,
                            43.29932847136984
                        ],
                        [
                            6.383010508131052,
                            43.299240933474415
                        ],
                        [
                            6.387498728171119,
                            43.29915339557897
                        ],
                        [
                            6.3919869482111835,
                            43.29906585768354
                        ],
                        [
                            6.3919869482111835,
                            43.29906585768354
                        ],
                        [
                            6.3919806166654745,
                            43.295785346200184
                        ],
                        [
                            6.391974285119767,
                            43.29250483471683
                        ],
                        [
                            6.391967953574056,
                            43.289224323233476
                        ],
                        [
                            6.391961622028351,
                            43.28594381175013
                        ],
                        [
                            6.39195529048264,
                            43.28266330026677
                        ],
                        [
                            6.391948958936931,
                            43.279382788783415
                        ],
                        [
                            6.391942627391224,
                            43.27610227730006
                        ],
                        [
                            6.391936295845515,
                            43.272821765816715
                        ],
                        [
                            6.391929964299804,
                            43.26954125433336
                        ],
                        [
                            6.391923632754098,
                            43.26626074285001
                        ],
                        [
                            6.391923632754098,
                            43.26626074285001
                        ],
                        [
                            6.392175044049074,
                            43.2636009016566
                        ],
                        [
                            6.392426455344051,
                            43.2609410604632
                        ],
                        [
                            6.39267786663903,
                            43.2582812192698
                        ],
                        [
                            6.392929277934007,
                            43.25562137807639
                        ],
                        [
                            6.393180689228986,
                            43.25296153688299
                        ],
                        [
                            6.393432100523963,
                            43.25030169568959
                        ],
                        [
                            6.393683511818942,
                            43.24764185449618
                        ],
                        [
                            6.393934923113919,
                            43.24498201330278
                        ],
                        [
                            6.394186334408898,
                            43.242322172109375
                        ],
                        [
                            6.394437745703874,
                            43.23966233091597
                        ],
                        [
                            6.394437745703874,
                            43.23966233091597
                        ],
                        [
                            6.3985387000239875,
                            43.238244771751155
                        ],
                        [
                            6.402639654344103,
                            43.23682721258634
                        ],
                        [
                            6.406740608664219,
                            43.23540965342153
                        ],
                        [
                            6.410841562984331,
                            43.23399209425672
                        ],
                        [
                            6.4149425173044445,
                            43.232574535091906
                        ],
                        [
                            6.419043471624558,
                            43.23115697592709
                        ],
                        [
                            6.423144425944676,
                            43.22973941676228
                        ],
                        [
                            6.427245380264791,
                            43.22832185759746
                        ],
                        [
                            6.431346334584903,
                            43.22690429843265
                        ],
                        [
                            6.435447288905017,
                            43.225486739267836
                        ],
                        [
                            6.435447288905017,
                            43.225486739267836
                        ],
                        [
                            6.438436646720655,
                            43.218914651724994
                        ],
                        [
                            6.441426004536291,
                            43.212342564182144
                        ],
                        [
                            6.444415362351927,
                            43.205770476639316
                        ],
                        [
                            6.447404720167562,
                            43.199198389096466
                        ],
                        [
                            6.450394077983198,
                            43.19262630155363
                        ],
                        [
                            6.453383435798836,
                            43.18605421401079
                        ],
                        [
                            6.456372793614474,
                            43.179482126467946
                        ],
                        [
                            6.45936215143011,
                            43.1729100389251
                        ],
                        [
                            6.462351509245746,
                            43.16633795138226
                        ],
                        [
                            6.465340867061384,
                            43.15976586383941
                        ],
                        [
                            6.465340867061384,
                            43.15976586383941
                        ],
                        [
                            6.467800926711863,
                            43.15973285392347
                        ],
                        [
                            6.470262146249226,
                            43.159717968594606
                        ],
                        [
                            6.472723951507611,
                            43.15972620559211
                        ],
                        [
                            6.475185768321147,
                            43.159762562655196
                        ],
                        [
                            6.4776470225239695,
                            43.15983203752313
                        ],
                        [
                            6.4801071399502135,
                            43.15993962793519
                        ],
                        [
                            6.48256554643401,
                            43.16009033163058
                        ],
                        [
                            6.485021667809496,
                            43.16028914634858
                        ],
                        [
                            6.487474929910803,
                            43.160541069828454
                        ],
                        [
                            6.489924758572064,
                            43.160851099809435
                        ],
                        [
                            6.489924758572073,
                            43.16085109980943
                        ],
                        [
                            6.494363264619144,
                            43.16155840097683
                        ],
                        [
                            6.498844291857203,
                            43.162564620917124
                        ],
                        [
                            6.50327073657466,
                            43.163856891199494
                        ],
                        [
                            6.507545495059928,
                            43.165422343393175
                        ],
                        [
                            6.511571463601422,
                            43.167248109067366
                        ],
                        [
                            6.515251538487549,
                            43.16932131979128
                        ],
                        [
                            6.518488616006728,
                            43.171629107134144
                        ],
                        [
                            6.52118559244737,
                            43.17415860266515
                        ],
                        [
                            6.523245364097885,
                            43.176896937953536
                        ],
                        [
                            6.52457082724669,
                            43.179831244568504
                        ],
                        [
                            6.5245708272466985,
                            43.1798312445685
                        ],
                        [
                            6.526840786326336,
                            43.18239957140074
                        ],
                        [
                            6.529814761132721,
                            43.184530396590446
                        ],
                        [
                            6.53336115942624,
                            43.18627923500392
                        ],
                        [
                            6.537348388967276,
                            43.18770160150747
                        ],
                        [
                            6.5416448575162125,
                            43.18885301096739
                        ],
                        [
                            6.546118972833433,
                            43.189788978249986
                        ],
                        [
                            6.550639142679318,
                            43.19056501822154
                        ],
                        [
                            6.555073774814256,
                            43.191236645748376
                        ],
                        [
                            6.55929127699863,
                            43.19185937569677
                        ],
                        [
                            6.563160056992821,
                            43.19248872293305
                        ],
                        [
                            6.563160056992803,
                            43.19248872293305
                        ],
                        [
                            6.568700211724691,
                            43.19215570575849
                        ],
                        [
                            6.574350218076248,
                            43.191547297557676
                        ],
                        [
                            6.579876726542462,
                            43.190616552540206
                        ],
                        [
                            6.5850463876183305,
                            43.189316524915675
                        ],
                        [
                            6.589625851798839,
                            43.187600268893675
                        ],
                        [
                            6.593381769578981,
                            43.185420838683804
                        ],
                        [
                            6.596080791453753,
                            43.182731288495674
                        ],
                        [
                            6.597489567918139,
                            43.17948467253887
                        ],
                        [
                            6.59737474946713,
                            43.175634045022974
                        ],
                        [
                            6.595502986595726,
                            43.171132460157615
                        ],
                        [
                            6.595502986595735,
                            43.171132460157615
                        ],
                        [
                            6.598533353388209,
                            43.16778143337365
                        ],
                        [
                            6.6015997372027115,
                            43.16528430856912
                        ],
                        [
                            6.604693593203354,
                            43.16358879453706
                        ],
                        [
                            6.6078063765542545,
                            43.162642600070484
                        ],
                        [
                            6.610929542419521,
                            43.16239343396242
                        ],
                        [
                            6.614054545963269,
                            43.162789005005905
                        ],
                        [
                            6.617172842349611,
                            43.163777021993944
                        ],
                        [
                            6.620275886742661,
                            43.165305193719554
                        ],
                        [
                            6.623355134306529,
                            43.16732122897579
                        ],
                        [
                            6.626402040205329,
                            43.16977283655565
                        ],
                        [
                            6.626402040205329,
                            43.16977283655565
                        ],
                        [
                            6.632315873840376,
                            43.16965696502159
                        ],
                        [
                            6.635835820539901,
                            43.17079401947519
                        ],
                        [
                            6.637513440872665,
                            43.172936064729214
                        ],
                        [
                            6.637900295407432,
                            43.17583516559645
                        ],
                        [
                            6.637547944712958,
                            43.1792433868897
                        ],
                        [
                            6.63700794935801,
                            43.18291279342173
                        ],
                        [
                            6.636831869911342,
                            43.18659545000533
                        ],
                        [
                            6.637571266941718,
                            43.19004342145327
                        ],
                        [
                            6.639777701017891,
                            43.19300877257834
                        ],
                        [
                            6.6440027327086355,
                            43.19524356819331
                        ],
                        [
                            6.6440027327086355,
                            43.19524356819331
                        ],
                        [
                            6.646901850303301,
                            43.19814189533402
                        ],
                        [
                            6.650689336401975,
                            43.20016558174086
                        ],
                        [
                            6.6551141439636545,
                            43.20152935885471
                        ],
                        [
                            6.65992522594734,
                            43.20244795811638
                        ],
                        [
                            6.664871535312031,
                            43.203136110966724
                        ],
                        [
                            6.669702025016727,
                            43.20380854884658
                        ],
                        [
                            6.674165648020427,
                            43.20468000319679
                        ],
                        [
                            6.6780113572821325,
                            43.2059652054582
                        ],
                        [
                            6.680988105760843,
                            43.20787888707165
                        ],
                        [
                            6.682844846415552,
                            43.210635779477975
                        ],
                        [
                            6.682844846415557,
                            43.21063577947798
                        ],
                        [
                            6.679722006036268,
                            43.21294719572117
                        ],
                        [
                            6.675978316493078,
                            43.21515482069383
                        ],
                        [
                            6.671973341849252,
                            43.21732141948077
                        ],
                        [
                            6.668066646168061,
                            43.21950975716679
                        ],
                        [
                            6.6646177935127735,
                            43.22178259883669
                        ],
                        [
                            6.661986347946662,
                            43.22420270957528
                        ],
                        [
                            6.660531873532992,
                            43.22683285446735
                        ],
                        [
                            6.660613934335034,
                            43.229735798597716
                        ],
                        [
                            6.662592094416063,
                            43.23297430705116
                        ],
                        [
                            6.666825917839338,
                            43.2366111449125
                        ],
                        [
                            6.666825917839342,
                            43.23661114491251
                        ],
                        [
                            6.6674705250185315,
                            43.240991398523406
                        ],
                        [
                            6.670091564010397,
                            43.24453123113329
                        ],
                        [
                            6.674141893801767,
                            43.24745430829084
                        ],
                        [
                            6.67907437337948,
                            43.249984295544756
                        ],
                        [
                            6.68434186173036,
                            43.252344858443735
                        ],
                        [
                            6.689397217841247,
                            43.254759662536465
                        ],
                        [
                            6.693693300698964,
                            43.25745237337163
                        ],
                        [
                            6.696682969290352,
                            43.26064665649791
                        ],
                        [
                            6.697819082602237,
                            43.26456617746401
                        ],
                        [
                            6.696554499621454,
                            43.26943460181862
                        ],
                        [
                            6.696554499621461,
                            43.2694346018186
                        ],
                        [
                            6.6935816302869675,
                            43.273002815114
                        ],
                        [
                            6.689967247442567,
                            43.27541799496321
                        ],
                        [
                            6.68582481934069,
                            43.276862088670555
                        ],
                        [
                            6.681267814233772,
                            43.2775170435403
                        ],
                        [
                            6.676409700374242,
                            43.277564806876754
                        ],
                        [
                            6.671363946014532,
                            43.277187325984194
                        ],
                        [
                            6.6662440194070705,
                            43.27656654816692
                        ],
                        [
                            6.661163388804292,
                            43.275884420729206
                        ],
                        [
                            6.656235522458628,
                            43.27532289097536
                        ],
                        [
                            6.651573888622508,
                            43.27506390620965
                        ],
                        [
                            6.651573888622506,
                            43.27506390620966
                        ],
                        [
                            6.6452052952502605,
                            43.27694199486378
                        ],
                        [
                            6.638879355878489,
                            43.27750815819918
                        ],
                        [
                            6.632575141389728,
                            43.277083479513685
                        ],
                        [
                            6.626271722666521,
                            43.2759890421051
                        ],
                        [
                            6.619948170591403,
                            43.27454592927126
                        ],
                        [
                            6.613583556046919,
                            43.273075224310006
                        ],
                        [
                            6.607156949915607,
                            43.271898010519145
                        ],
                        [
                            6.600647423080003,
                            43.271335371196514
                        ],
                        [
                            6.5940340464226495,
                            43.27170838963994
                        ],
                        [
                            6.587295890826084,
                            43.273338149147236
                        ],
                        [
                            6.587295890826088,
                            43.27333814914723
                        ],
                        [
                            6.584978509224689,
                            43.27638133925533
                        ],
                        [
                            6.584443605277384,
                            43.27918143982727
                        ],
                        [
                            6.585428331012993,
                            43.28172134717878
                        ],
                        [
                            6.587669838460345,
                            43.2839839576256
                        ],
                        [
                            6.590905279648267,
                            43.28595216748345
                        ],
                        [
                            6.594871806605575,
                            43.28760887306807
                        ],
                        [
                            6.599306571361099,
                            43.2889369706952
                        ],
                        [
                            6.603946725943667,
                            43.28991935668057
                        ],
                        [
                            6.608529422382093,
                            43.2905389273399
                        ],
                        [
                            6.612791812705209,
                            43.29077857898895
                        ],
                        [
                            6.612791812705213,
                            43.29077857898895
                        ],
                        [
                            6.6169091648688525,
                            43.29264352684704
                        ],
                        [
                            6.620794010521616,
                            43.2945933577118
                        ],
                        [
                            6.624544934979685,
                            43.29653064568102
                        ],
                        [
                            6.628260523559247,
                            43.29835796485251
                        ],
                        [
                            6.632039361576485,
                            43.29997788932405
                        ],
                        [
                            6.635980034347584,
                            43.301292993193435
                        ],
                        [
                            6.640181127188727,
                            43.302205850558465
                        ],
                        [
                            6.6447412254161,
                            43.30261903551693
                        ],
                        [
                            6.64975891434589,
                            43.30243512216663
                        ],
                        [
                            6.655332779294277,
                            43.30155668460534
                        ],
                        [
                            6.655332779294277,
                            43.30155668460534
                        ],
                        [
                            6.662243222062216,
                            43.303255195798435
                        ],
                        [
                            6.666354698391027,
                            43.305919115901084
                        ],
                        [
                            6.668302203500126,
                            43.309338321497414
                        ],
                        [
                            6.668720732608941,
                            43.31330268917154
                        ],
                        [
                            6.668245280936892,
                            43.3176020955076
                        ],
                        [
                            6.667510843703397,
                            43.32202641708972
                        ],
                        [
                            6.667152416127877,
                            43.326365530502024
                        ],
                        [
                            6.667804993429758,
                            43.33040931232863
                        ],
                        [
                            6.670103570828459,
                            43.33394763915368
                        ],
                        [
                            6.674683143543405,
                            43.336770387561295
                        ],
                        [
                            6.674683143543412,
                            43.3367703875613
                        ],
                        [
                            6.679052154475185,
                            43.33965853555434
                        ],
                        [
                            6.684230726744893,
                            43.341796389365804
                        ],
                        [
                            6.689930617634655,
                            43.34341700875566
                        ],
                        [
                            6.695863584426597,
                            43.344753453483925
                        ],
                        [
                            6.70174138440284,
                            43.34603878331059
                        ],
                        [
                            6.707275774845506,
                            43.34750605799567
                        ],
                        [
                            6.712178513036715,
                            43.349388337299146
                        ],
                        [
                            6.716161356258596,
                            43.35191868098101
                        ],
                        [
                            6.7189360617932685,
                            43.3553301488013
                        ],
                        [
                            6.720214386922853,
                            43.35985580051998
                        ],
                        [
                            6.720214386922848,
                            43.35985580051997
                        ],
                        [
                            6.721061072597756,
                            43.36356536553512
                        ],
                        [
                            6.722237288569524,
                            43.36721806711905
                        ],
                        [
                            6.723648379014911,
                            43.37083234723345
                        ],
                        [
                            6.725199688110692,
                            43.37442664784003
                        ],
                        [
                            6.7267965600336375,
                            43.37801941090049
                        ],
                        [
                            6.728344338960509,
                            43.381629078376534
                        ],
                        [
                            6.729748369068076,
                            43.38527409222986
                        ],
                        [
                            6.730913994533108,
                            43.38897289442215
                        ],
                        [
                            6.731746559532377,
                            43.39274392691512
                        ],
                        [
                            6.732151408242643,
                            43.39660563167047
                        ],
                        [
                            6.732151408242652,
                            43.39660563167046
                        ],
                        [
                            6.732408596157827,
                            43.40071452411745
                        ],
                        [
                            6.73315990544303,
                            43.40530454423387
                        ],
                        [
                            6.734475118921408,
                            43.41009078746922
                        ],
                        [
                            6.736424019416097,
                            43.41478834927298
                        ],
                        [
                            6.739076389750236,
                            43.41911232509462
                        ],
                        [
                            6.742502012746975,
                            43.42277781038363
                        ],
                        [
                            6.746770671229447,
                            43.42549990058948
                        ],
                        [
                            6.7519521480207985,
                            43.42699369116165
                        ],
                        [
                            6.758116225944166,
                            43.426974277549625
                        ],
                        [
                            6.765332687822696,
                            43.425156755202885
                        ],
                        [
                            6.765332687822676,
                            43.4251567552029
                        ],
                        [
                            6.768353440694719,
                            43.422795153074794
                        ],
                        [
                            6.771454311919568,
                            43.42054589695687
                        ],
                        [
                            6.774666493169271,
                            43.41847685491782
                        ],
                        [
                            6.778021176115855,
                            43.41665589502636
                        ],
                        [
                            6.781549552431372,
                            43.41515088535122
                        ],
                        [
                            6.78528281378785,
                            43.4140296939611
                        ],
                        [
                            6.789252151857335,
                            43.41336018892472
                        ],
                        [
                            6.793488758311865,
                            43.41321023831078
                        ],
                        [
                            6.798023824823481,
                            43.413647710187995
                        ],
                        [
                            6.802888543064217,
                            43.4147404726251
                        ],
                        [
                            6.802888543064217,
                            43.41474047262509
                        ],
                        [
                            6.8078340886724416,
                            43.41599405655328
                        ],
                        [
                            6.813079556710473,
                            43.41649256579801
                        ],
                        [
                            6.818516561905547,
                            43.416454672511925
                        ],
                        [
                            6.824036718984887,
                            43.41609904884762
                        ],
                        [
                            6.829531642675729,
                            43.41564436695774
                        ],
                        [
                            6.834892947705304,
                            43.415309298994906
                        ],
                        [
                            6.8400122488008375,
                            43.41531251711172
                        ],
                        [
                            6.844781160689569,
                            43.41587269346082
                        ],
                        [
                            6.849091298098719,
                            43.41720850019484
                        ],
                        [
                            6.852834275755528,
                            43.41953860946638
                        ],
                        [
                            6.852834275755523,
                            43.41953860946638
                        ],
                        [
                            6.853602146771353,
                            43.42426461900083
                        ],
                        [
                            6.856102797251964,
                            43.42680073484861
                        ],
                        [
                            6.859948120742368,
                            43.42766841856594
                        ],
                        [
                            6.864750010787596,
                            43.42738913170905
                        ],
                        [
                            6.870120360932669,
                            43.426484335834154
                        ],
                        [
                            6.875671064722608,
                            43.42547549249749
                        ],
                        [
                            6.8810140157024335,
                            43.42488406325526
                        ],
                        [
                            6.885761107417167,
                            43.4252315096637
                        ],
                        [
                            6.889524233411839,
                            43.42703929327904
                        ],
                        [
                            6.891915287231464,
                            43.430828875657475
                        ],
                        [
                            6.891915287231454,
                            43.43082887565748
                        ],
                        [
                            6.891230689329467,
                            43.43506842858565
                        ],
                        [
                            6.892386898829772,
                            43.43826850724187
                        ],
                        [
                            6.8949982552626885,
                            43.44066365661188
                        ],
                        [
                            6.89867909815854,
                            43.442488421681425
                        ],
                        [
                            6.903043767047659,
                            43.44397734743623
                        ],
                        [
                            6.907706601460367,
                            43.44536497886204
                        ],
                        [
                            6.912281940926993,
                            43.44688586094457
                        ],
                        [
                            6.916384124977858,
                            43.448774538669575
                        ],
                        [
                            6.9196274931432935,
                            43.451265557022786
                        ],
                        [
                            6.921626384953621,
                            43.45459346098994
                        ],
                        [
                            6.921626384953626,
                            43.454593460989926
                        ],
                        [
                            6.92222785391024,
                            43.45821492211321
                        ],
                        [
                            6.923245246046717,
                            43.461697452047524
                        ],
                        [
                            6.924633668566683,
                            43.46505774951562
                        ],
                        [
                            6.926348228673776,
                            43.46831251324027
                        ],
                        [
                            6.928344033571619,
                            43.471478441944235
                        ],
                        [
                            6.930576190463849,
                            43.474572234350255
                        ],
                        [
                            6.932999806554093,
                            43.47761058918112
                        ],
                        [
                            6.935569989045986,
                            43.480610205159564
                        ],
                        [
                            6.93824184514315,
                            43.48358778100836
                        ],
                        [
                            6.940970482049224,
                            43.48656001545027
                        ],
                        [
                            6.940970482049229,
                            43.48656001545028
                        ],
                        [
                            6.943220253415154,
                            43.489367128612145
                        ],
                        [
                            6.945961598281537,
                            43.492090247103754
                        ],
                        [
                            6.948887001452638,
                            43.49475484802887
                        ],
                        [
                            6.951688947732714,
                            43.4973864084912
                        ],
                        [
                            6.954059921926028,
                            43.500010405594495
                        ],
                        [
                            6.955692408836837,
                            43.50265231644248
                        ],
                        [
                            6.956278893269397,
                            43.50533761813889
                        ],
                        [
                            6.955511860027974,
                            43.508091787787436
                        ],
                        [
                            6.9530837939168215,
                            43.51094030249188
                        ],
                        [
                            6.948687179740199,
                            43.51390863935593
                        ],
                        [
                            6.948687179740215,
                            43.51390863935593
                        ],
                        [
                            6.948688562177669,
                            43.51658901701664
                        ],
                        [
                            6.949311898657804,
                            43.51914147874454
                        ],
                        [
                            6.950499418328077,
                            43.52156746387254
                        ],
                        [
                            6.952193350335943,
                            43.52386841173359
                        ],
                        [
                            6.95433592382885,
                            43.52604576166059
                        ],
                        [
                            6.956869367954257,
                            43.528100952986485
                        ],
                        [
                            6.959735911859614,
                            43.5300354250442
                        ],
                        [
                            6.962877784692374,
                            43.53185061716664
                        ],
                        [
                            6.966237215599991,
                            43.53354796868674
                        ],
                        [
                            6.969756433729918,
                            43.535128918937424
                        ],
                        [
                            6.969756433729918,
                            43.535128918937424
                        ],
                        [
                            6.967367910259274,
                            43.53760981692543
                        ],
                        [
                            6.964979386788629,
                            43.54009071491344
                        ],
                        [
                            6.9625908633179865,
                            43.54257161290144
                        ],
                        [
                            6.96020233984734,
                            43.54505251088945
                        ],
                        [
                            6.957813816376699,
                            43.54753340887744
                        ],
                        [
                            6.955425292906053,
                            43.55001430686545
                        ],
                        [
                            6.9530367694354105,
                            43.55249520485345
                        ],
                        [
                            6.950648245964768,
                            43.55497610284146
                        ],
                        [
                            6.948259722494122,
                            43.557457000829466
                        ],
                        [
                            6.945871199023479,
                            43.559937898817466
                        ],
                        [
                            6.945871199023479,
                            43.559937898817466
                        ],
                        [
                            6.9421581847034,
                            43.56225608156648
                        ],
                        [
                            6.938445170383318,
                            43.564574264315496
                        ],
                        [
                            6.934732156063236,
                            43.566892447064504
                        ],
                        [
                            6.931019141743153,
                            43.56921062981352
                        ],
                        [
                            6.927306127423071,
                            43.57152881256253
                        ],
                        [
                            6.92359311310299,
                            43.57384699531154
                        ],
                        [
                            6.919880098782908,
                            43.57616517806055
                        ],
                        [
                            6.916167084462828,
                            43.57848336080956
                        ],
                        [
                            6.912454070142747,
                            43.58080154355857
                        ],
                        [
                            6.908741055822665,
                            43.58311972630759
                        ],
                        [
                            6.908741055822665,
                            43.58311972630759
                        ],
                        [
                            6.900582085903208,
                            43.5841838284913
                        ],
                        [
                            6.892423115983746,
                            43.58524793067501
                        ],
                        [
                            6.884264146064286,
                            43.58631203285871
                        ],
                        [
                            6.876105176144829,
                            43.58737613504242
                        ],
                        [
                            6.867946206225369,
                            43.58844023722613
                        ],
                        [
                            6.859787236305911,
                            43.58950433940984
                        ],
                        [
                            6.851628266386452,
                            43.59056844159355
                        ],
                        [
                            6.843469296466994,
                            43.59163254377725
                        ],
                        [
                            6.835310326547534,
                            43.59269664596096
                        ],
                        [
                            6.827151356628075,
                            43.593760748144675
                        ],
                        [
                            6.827151356628075,
                            43.593760748144675
                        ],
                        [
                            6.8243440480171955,
                            43.59620522520376
                        ],
                        [
                            6.821536739406319,
                            43.598649702262854
                        ],
                        [
                            6.81872943079544,
                            43.60109417932194
                        ],
                        [
                            6.815922122184563,
                            43.603538656381026
                        ],
                        [
                            6.813114813573684,
                            43.60598313344013
                        ],
                        [
                            6.810307504962809,
                            43.60842761049922
                        ],
                        [
                            6.807500196351931,
                            43.6108720875583
                        ],
                        [
                            6.80469288774105,
                            43.613316564617385
                        ],
                        [
                            6.801885579130172,
                            43.61576104167648
                        ],
                        [
                            6.799078270519296,
                            43.61820551873557
                        ],
                        [
                            6.799078270519296,
                            43.61820551873557
                        ],
                        [
                            6.794200514349235,
                            43.627795937003945
                        ],
                        [
                            6.78932275817918,
                            43.637386355272334
                        ],
                        [
                            6.78444500200912,
                            43.64697677354072
                        ],
                        [
                            6.779567245839061,
                            43.656567191809096
                        ],
                        [
                            6.774689489669001,
                            43.666157610077484
                        ],
                        [
                            6.769811733498944,
                            43.675748028345865
                        ],
                        [
                            6.764933977328884,
                            43.685338446614246
                        ],
                        [
                            6.760056221158827,
                            43.69492886488263
                        ],
                        [
                            6.755178464988768,
                            43.70451928315101
                        ],
                        [
                            6.75030070881871,
                            43.714109701419396
                        ],
                        [
                            6.75030070881871,
                            43.714109701419396
                        ],
                        [
                            6.747314627544181,
                            43.71680517655169
                        ],
                        [
                            6.744328546269651,
                            43.71950065168399
                        ],
                        [
                            6.741342464995123,
                            43.722196126816286
                        ],
                        [
                            6.738356383720594,
                            43.72489160194858
                        ],
                        [
                            6.7353703024460625,
                            43.72758707708088
                        ],
                        [
                            6.732384221171534,
                            43.73028255221317
                        ],
                        [
                            6.7293981398970075,
                            43.73297802734547
                        ],
                        [
                            6.726412058622476,
                            43.735673502477766
                        ],
                        [
                            6.723425977347949,
                            43.738368977610065
                        ],
                        [
                            6.720439896073419,
                            43.74106445274236
                        ],
                        [
                            6.720439896073419,
                            43.74106445274236
                        ],
                        [
                            6.718537253986506,
                            43.74231804279184
                        ],
                        [
                            6.716634611899593,
                            43.743571632841316
                        ],
                        [
                            6.714731969812679,
                            43.7448252228908
                        ],
                        [
                            6.712829327725764,
                            43.746078812940276
                        ],
                        [
                            6.710926685638853,
                            43.74733240298976
                        ],
                        [
                            6.709024043551938,
                            43.74858599303924
                        ],
                        [
                            6.707121401465024,
                            43.74983958308873
                        ],
                        [
                            6.705218759378109,
                            43.75109317313821
                        ],
                        [
                            6.703316117291196,
                            43.75234676318769
                        ],
                        [
                            6.701413475204282,
                            43.753600353237175
                        ],
                        [
                            6.701413475204282,
                            43.753600353237175
                        ],
                        [
                            6.703592564254659,
                            43.75466594156407
                        ],
                        [
                            6.705771653305035,
                            43.75573152989097
                        ],
                        [
                            6.707950742355411,
                            43.75679711821787
                        ],
                        [
                            6.710129831405785,
                            43.75786270654477
                        ],
                        [
                            6.712308920456161,
                            43.758928294871666
                        ],
                        [
                            6.714488009506539,
                            43.759993883198575
                        ],
                        [
                            6.716667098556913,
                            43.76105947152547
                        ],
                        [
                            6.718846187607287,
                            43.76212505985237
                        ],
                        [
                            6.721025276657663,
                            43.76319064817927
                        ],
                        [
                            6.723204365708039,
                            43.76425623650617
                        ],
                        [
                            6.723204365708039,
                            43.76425623650617
                        ],
                        [
                            6.7257478822563765,
                            43.76682811721874
                        ],
                        [
                            6.728291398804718,
                            43.76939999793132
                        ],
                        [
                            6.730834915353055,
                            43.771971878643896
                        ],
                        [
                            6.733378431901395,
                            43.77454375935648
                        ],
                        [
                            6.735921948449734,
                            43.777115640069056
                        ],
                        [
                            6.738465464998072,
                            43.77968752078163
                        ],
                        [
                            6.741008981546408,
                            43.78225940149421
                        ],
                        [
                            6.743552498094747,
                            43.78483128220679
                        ],
                        [
                            6.746096014643086,
                            43.78740316291937
                        ],
                        [
                            6.748639531191424,
                            43.78997504363194
                        ],
                        [
                            6.748639531191424,
                            43.78997504363194
                        ],
                        [
                            6.749002503109466,
                            43.79072716841436
                        ],
                        [
                            6.7493654750275045,
                            43.791479293196765
                        ],
                        [
                            6.749728446945543,
                            43.792231417979174
                        ],
                        [
                            6.750091418863585,
                            43.79298354276159
                        ],
                        [
                            6.750454390781627,
                            43.79373566754399
                        ],
                        [
                            6.7508173626996655,
                            43.79448779232641
                        ],
                        [
                            6.751180334617702,
                            43.795239917108816
                        ],
                        [
                            6.751543306535744,
                            43.795992041891225
                        ],
                        [
                            6.751906278453784,
                            43.79674416667363
                        ],
                        [
                            6.752269250371823,
                            43.797496291456056
                        ]
                    ]
                ]
            }
        }
    ]
}