{
    "type": "FeatureCollection",
    "features": [
        {
            "type": "Feature",
            "properties": {
                "diocese": "Aeduen",
                "province": "Lugdunen",
                "date": 1592
            },
            "geometry": {
                "type": "Polygon",
                "coordinates": [
                    [
                        [
                            3.9533895675043937,
                            46.19322296400055
                        ],
                        [
                            3.9585244072586225,
                            46.194322390420865
                        ],
                        [
                            3.9636592470128487,
                            46.19542181684118
                        ],
                        [
                            3.9687940867670775,
                            46.1965212432615
                        ],
                        [
                            3.9739289265213036,
                            46.19762066968182
                        ],
                        [
                            3.979063766275534,
                            46.19872009610213
                        ],
                        [
                            3.984198606029763,
                            46.19981952252245
                        ],
                        [
                            3.98933344578399,
                            46.200918948942764
                        ],
                        [
                            3.9944682855382196,
                            46.20201837536308
                        ],
                        [
                            3.9996031252924467,
                            46.2031178017834
                        ],
                        [
                            4.004737965046676,
                            46.20421722820372
                        ],
                        [
                            4.004737965046676,
                            46.20421722820372
                        ],
                        [
                            4.024490509172875,
                            46.20844380425293
                        ],
                        [
                            4.044243053299072,
                            46.212670380302136
                        ],
                        [
                            4.063995597425269,
                            46.21689695635135
                        ],
                        [
                            4.083748141551467,
                            46.221123532400554
                        ],
                        [
                            4.103500685677666,
                            46.22535010844977
                        ],
                        [
                            4.123253229803863,
                            46.22957668449897
                        ],
                        [
                            4.14300577393006,
                            46.233803260548186
                        ],
                        [
                            4.162758318056257,
                            46.2380298365974
                        ],
                        [
                            4.182510862182456,
                            46.2422564126466
                        ],
                        [
                            4.202263406308653,
                            46.24648298869581
                        ],
                        [
                            4.202263406308653,
                            46.24648298869581
                        ],
                        [
                            4.20996350605005,
                            46.249410793758
                        ],
                        [
                            4.217663605791451,
                            46.2523385988202
                        ],
                        [
                            4.22536370553285,
                            46.25526640388239
                        ],
                        [
                            4.233063805274249,
                            46.25819420894458
                        ],
                        [
                            4.240763905015648,
                            46.26112201400677
                        ],
                        [
                            4.2484640047570466,
                            46.264049819068966
                        ],
                        [
                            4.256164104498447,
                            46.26697762413116
                        ],
                        [
                            4.263864204239846,
                            46.269905429193344
                        ],
                        [
                            4.271564303981243,
                            46.27283323425554
                        ],
                        [
                            4.279264403722642,
                            46.27576103931773
                        ],
                        [
                            4.279264403722642,
                            46.27576103931773
                        ],
                        [
                            4.281442732014305,
                            46.27487494830528
                        ],
                        [
                            4.283621060305965,
                            46.27398885729283
                        ],
                        [
                            4.285799388597624,
                            46.273102766280374
                        ],
                        [
                            4.287977716889284,
                            46.27221667526793
                        ],
                        [
                            4.290156045180947,
                            46.271330584255466
                        ],
                        [
                            4.292334373472608,
                            46.27044449324302
                        ],
                        [
                            4.294512701764269,
                            46.269558402230565
                        ],
                        [
                            4.2966910300559285,
                            46.26867231121811
                        ],
                        [
                            4.29886935834759,
                            46.267786220205664
                        ],
                        [
                            4.301047686639249,
                            46.26690012919321
                        ],
                        [
                            4.301047686639249,
                            46.26690012919321
                        ],
                        [
                            4.303862125157476,
                            46.263354309402516
                        ],
                        [
                            4.306676563675701,
                            46.25980848961182
                        ],
                        [
                            4.309491002193928,
                            46.256262669821126
                        ],
                        [
                            4.312305440712157,
                            46.25271685003044
                        ],
                        [
                            4.315119879230384,
                            46.24917103023974
                        ],
                        [
                            4.317934317748611,
                            46.24562521044904
                        ],
                        [
                            4.320748756266836,
                            46.242079390658354
                        ],
                        [
                            4.323563194785065,
                            46.23853357086766
                        ],
                        [
                            4.3263776333032915,
                            46.234987751076964
                        ],
                        [
                            4.329192071821517,
                            46.23144193128627
                        ],
                        [
                            4.329192071821517,
                            46.23144193128627
                        ],
                        [
                            4.335977349267042,
                            46.225503194401774
                        ],
                        [
                            4.3427626267125685,
                            46.21956445751728
                        ],
                        [
                            4.349547904158094,
                            46.213625720632784
                        ],
                        [
                            4.356333181603619,
                            46.20768698374829
                        ],
                        [
                            4.363118459049145,
                            46.2017482468638
                        ],
                        [
                            4.3699037364946705,
                            46.1958095099793
                        ],
                        [
                            4.376689013940194,
                            46.1898707730948
                        ],
                        [
                            4.383474291385719,
                            46.183932036210315
                        ],
                        [
                            4.390259568831246,
                            46.17799329932582
                        ],
                        [
                            4.397044846276771,
                            46.172054562441325
                        ],
                        [
                            4.397044846276771,
                            46.172054562441325
                        ],
                        [
                            4.403072533495163,
                            46.17223339366636
                        ],
                        [
                            4.409100220713558,
                            46.1724122248914
                        ],
                        [
                            4.415127907931952,
                            46.172591056116445
                        ],
                        [
                            4.421155595150346,
                            46.172769887341495
                        ],
                        [
                            4.427183282368738,
                            46.17294871856654
                        ],
                        [
                            4.433210969587131,
                            46.17312754979158
                        ],
                        [
                            4.439238656805525,
                            46.17330638101662
                        ],
                        [
                            4.445266344023917,
                            46.17348521224166
                        ],
                        [
                            4.451294031242313,
                            46.1736640434667
                        ],
                        [
                            4.457321718460705,
                            46.17384287469174
                        ],
                        [
                            4.457321718460705,
                            46.17384287469174
                        ],
                        [
                            4.4627117553394005,
                            46.175883468599004
                        ],
                        [
                            4.468101792218096,
                            46.17792406250625
                        ],
                        [
                            4.473491829096794,
                            46.17996465641351
                        ],
                        [
                            4.47888186597549,
                            46.18200525032076
                        ],
                        [
                            4.484271902854186,
                            46.18404584422802
                        ],
                        [
                            4.489661939732882,
                            46.18608643813528
                        ],
                        [
                            4.495051976611579,
                            46.18812703204252
                        ],
                        [
                            4.500442013490275,
                            46.19016762594978
                        ],
                        [
                            4.505832050368971,
                            46.19220821985704
                        ],
                        [
                            4.511222087247667,
                            46.19424881376429
                        ],
                        [
                            4.511222087247667,
                            46.19424881376429
                        ],
                        [
                            4.512002265871091,
                            46.1998347848588
                        ],
                        [
                            4.5127824444945155,
                            46.20542075595329
                        ],
                        [
                            4.51356262311794,
                            46.211006727047796
                        ],
                        [
                            4.514342801741362,
                            46.2165926981423
                        ],
                        [
                            4.5151229803647865,
                            46.2221786692368
                        ],
                        [
                            4.515903158988209,
                            46.2277646403313
                        ],
                        [
                            4.5166833376116315,
                            46.233350611425806
                        ],
                        [
                            4.517463516235056,
                            46.23893658252031
                        ],
                        [
                            4.51824369485848,
                            46.244522553614814
                        ],
                        [
                            4.519023873481904,
                            46.25010852470931
                        ],
                        [
                            4.519023873481904,
                            46.25010852470931
                        ],
                        [
                            4.512881037850878,
                            46.25666806617629
                        ],
                        [
                            4.506738202219854,
                            46.263227607643266
                        ],
                        [
                            4.500595366588824,
                            46.269787149110236
                        ],
                        [
                            4.494452530957799,
                            46.276346690577206
                        ],
                        [
                            4.488309695326773,
                            46.28290623204419
                        ],
                        [
                            4.482166859695749,
                            46.28946577351116
                        ],
                        [
                            4.476024024064722,
                            46.29602531497814
                        ],
                        [
                            4.469881188433696,
                            46.302584856445115
                        ],
                        [
                            4.463738352802668,
                            46.30914439791209
                        ],
                        [
                            4.457595517171644,
                            46.31570393937906
                        ],
                        [
                            4.457595517171644,
                            46.31570393937906
                        ],
                        [
                            4.4583698775711404,
                            46.318275362165295
                        ],
                        [
                            4.459144237970637,
                            46.32084678495153
                        ],
                        [
                            4.459918598370134,
                            46.32341820773775
                        ],
                        [
                            4.4606929587696325,
                            46.32598963052398
                        ],
                        [
                            4.461467319169127,
                            46.3285610533102
                        ],
                        [
                            4.462241679568624,
                            46.331132476096435
                        ],
                        [
                            4.463016039968123,
                            46.33370389888267
                        ],
                        [
                            4.463790400367618,
                            46.3362753216689
                        ],
                        [
                            4.464564760767114,
                            46.338846744455125
                        ],
                        [
                            4.465339121166611,
                            46.34141816724136
                        ],
                        [
                            4.465339121166611,
                            46.34141816724136
                        ],
                        [
                            4.462006617057314,
                            46.34230396474332
                        ],
                        [
                            4.458674112948017,
                            46.343189762245274
                        ],
                        [
                            4.455341608838719,
                            46.34407555974723
                        ],
                        [
                            4.452009104729422,
                            46.34496135724919
                        ],
                        [
                            4.448676600620123,
                            46.345847154751155
                        ],
                        [
                            4.445344096510826,
                            46.34673295225311
                        ],
                        [
                            4.4420115924015295,
                            46.34761874975507
                        ],
                        [
                            4.438679088292231,
                            46.34850454725703
                        ],
                        [
                            4.435346584182932,
                            46.34939034475899
                        ],
                        [
                            4.432014080073635,
                            46.35027614226094
                        ],
                        [
                            4.432014080073635,
                            46.35027614226094
                        ],
                        [
                            4.431247512278439,
                            46.351783224381066
                        ],
                        [
                            4.430480944483239,
                            46.35329030650119
                        ],
                        [
                            4.429714376688043,
                            46.354797388621314
                        ],
                        [
                            4.428947808892845,
                            46.35630447074143
                        ],
                        [
                            4.428181241097649,
                            46.357811552861556
                        ],
                        [
                            4.427414673302451,
                            46.359318634981676
                        ],
                        [
                            4.426648105507256,
                            46.3608257171018
                        ],
                        [
                            4.425881537712058,
                            46.36233279922192
                        ],
                        [
                            4.425114969916859,
                            46.36383988134203
                        ],
                        [
                            4.424348402121662,
                            46.36534696346216
                        ],
                        [
                            4.424348402121662,
                            46.36534696346216
                        ],
                        [
                            4.426019959030956,
                            46.36765262523234
                        ],
                        [
                            4.427691515940246,
                            46.36995828700251
                        ],
                        [
                            4.429363072849538,
                            46.372263948772684
                        ],
                        [
                            4.431034629758829,
                            46.374569610542856
                        ],
                        [
                            4.432706186668119,
                            46.37687527231303
                        ],
                        [
                            4.4343777435774125,
                            46.37918093408321
                        ],
                        [
                            4.436049300486703,
                            46.38148659585338
                        ],
                        [
                            4.437720857395995,
                            46.38379225762356
                        ],
                        [
                            4.439392414305287,
                            46.386097919393734
                        ],
                        [
                            4.441063971214575,
                            46.38840358116391
                        ],
                        [
                            4.441063971214575,
                            46.38840358116391
                        ],
                        [
                            4.444028283443373,
                            46.39602934608645
                        ],
                        [
                            4.446992595672173,
                            46.403655111008995
                        ],
                        [
                            4.449956907900972,
                            46.411280875931546
                        ],
                        [
                            4.45292122012977,
                            46.41890664085408
                        ],
                        [
                            4.455885532358566,
                            46.426532405776626
                        ],
                        [
                            4.458849844587368,
                            46.43415817069917
                        ],
                        [
                            4.461814156816166,
                            46.441783935621714
                        ],
                        [
                            4.4647784690449654,
                            46.449409700544265
                        ],
                        [
                            4.467742781273762,
                            46.45703546546681
                        ],
                        [
                            4.470707093502561,
                            46.46466123038935
                        ],
                        [
                            4.470707093502561,
                            46.46466123038935
                        ],
                        [
                            4.465069238919154,
                            46.46714239492
                        ],
                        [
                            4.459431384335746,
                            46.46962355945066
                        ],
                        [
                            4.453793529752341,
                            46.47210472398132
                        ],
                        [
                            4.448155675168934,
                            46.47458588851197
                        ],
                        [
                            4.442517820585527,
                            46.47706705304263
                        ],
                        [
                            4.436879966002122,
                            46.47954821757329
                        ],
                        [
                            4.431242111418715,
                            46.48202938210394
                        ],
                        [
                            4.4256042568353084,
                            46.484510546634596
                        ],
                        [
                            4.419966402251903,
                            46.48699171116526
                        ],
                        [
                            4.414328547668495,
                            46.4894728756959
                        ],
                        [
                            4.414328547668495,
                            46.4894728756959
                        ],
                        [
                            4.410748474017668,
                            46.494968023171694
                        ],
                        [
                            4.4071684003668405,
                            46.500463170647485
                        ],
                        [
                            4.403588326716013,
                            46.505958318123284
                        ],
                        [
                            4.400008253065186,
                            46.511453465599075
                        ],
                        [
                            4.396428179414359,
                            46.51694861307487
                        ],
                        [
                            4.39284810576353,
                            46.522443760550665
                        ],
                        [
                            4.389268032112701,
                            46.52793890802646
                        ],
                        [
                            4.385687958461874,
                            46.53343405550225
                        ],
                        [
                            4.382107884811045,
                            46.538929202978046
                        ],
                        [
                            4.378527811160218,
                            46.54442435045384
                        ],
                        [
                            4.378527811160218,
                            46.54442435045384
                        ],
                        [
                            4.372895340533498,
                            46.549654072790716
                        ],
                        [
                            4.367262869906776,
                            46.5548837951276
                        ],
                        [
                            4.361630399280054,
                            46.56011351746448
                        ],
                        [
                            4.355997928653332,
                            46.56534323980137
                        ],
                        [
                            4.350365458026612,
                            46.57057296213824
                        ],
                        [
                            4.34473298739989,
                            46.57580268447512
                        ],
                        [
                            4.33910051677317,
                            46.58103240681201
                        ],
                        [
                            4.33346804614645,
                            46.586262129148885
                        ],
                        [
                            4.327835575519726,
                            46.59149185148577
                        ],
                        [
                            4.322203104893006,
                            46.59672157382265
                        ],
                        [
                            4.322203104893006,
                            46.59672157382265
                        ],
                        [
                            4.326183526780465,
                            46.59929379672757
                        ],
                        [
                            4.330163948667925,
                            46.601866019632496
                        ],
                        [
                            4.334144370555386,
                            46.60443824253743
                        ],
                        [
                            4.338124792442844,
                            46.60701046544235
                        ],
                        [
                            4.342105214330305,
                            46.609582688347274
                        ],
                        [
                            4.346085636217765,
                            46.6121549112522
                        ],
                        [
                            4.350066058105222,
                            46.61472713415713
                        ],
                        [
                            4.354046479992684,
                            46.61729935706206
                        ],
                        [
                            4.3580269018801445,
                            46.61987157996698
                        ],
                        [
                            4.362007323767603,
                            46.62244380287191
                        ],
                        [
                            4.362007323767603,
                            46.62244380287191
                        ],
                        [
                            4.38756616145373,
                            46.643463340506855
                        ],
                        [
                            4.413124999139859,
                            46.6644828781418
                        ],
                        [
                            4.4386838368259856,
                            46.68550241577675
                        ],
                        [
                            4.464242674512114,
                            46.706521953411695
                        ],
                        [
                            4.489801512198243,
                            46.72754149104664
                        ],
                        [
                            4.515360349884368,
                            46.74856102868159
                        ],
                        [
                            4.540919187570497,
                            46.76958056631654
                        ],
                        [
                            4.5664780252566235,
                            46.79060010395148
                        ],
                        [
                            4.592036862942754,
                            46.81161964158643
                        ],
                        [
                            4.617595700628879,
                            46.83263917922138
                        ],
                        [
                            4.617595700628879,
                            46.83263917922138
                        ],
                        [
                            4.628890246387076,
                            46.83751847208011
                        ],
                        [
                            4.64018479214527,
                            46.842397764938845
                        ],
                        [
                            4.651479337903465,
                            46.84727705779759
                        ],
                        [
                            4.662773883661661,
                            46.85215635065633
                        ],
                        [
                            4.674068429419858,
                            46.85703564351507
                        ],
                        [
                            4.6853629751780534,
                            46.8619149363738
                        ],
                        [
                            4.696657520936249,
                            46.86679422923253
                        ],
                        [
                            4.7079520666944425,
                            46.87167352209128
                        ],
                        [
                            4.71924661245264,
                            46.87655281495001
                        ],
                        [
                            4.730541158210833,
                            46.88143210780875
                        ],
                        [
                            4.730541158210833,
                            46.88143210780875
                        ],
                        [
                            4.743886560831793,
                            46.88577885971037
                        ],
                        [
                            4.757231963452751,
                            46.89012561161199
                        ],
                        [
                            4.770577366073711,
                            46.89447236351361
                        ],
                        [
                            4.783922768694669,
                            46.898819115415236
                        ],
                        [
                            4.797268171315629,
                            46.90316586731685
                        ],
                        [
                            4.810613573936585,
                            46.90751261921847
                        ],
                        [
                            4.823958976557542,
                            46.91185937112009
                        ],
                        [
                            4.8373043791785015,
                            46.91620612302171
                        ],
                        [
                            4.85064978179946,
                            46.920552874923345
                        ],
                        [
                            4.863995184420418,
                            46.92489962682496
                        ],
                        [
                            4.863995184420418,
                            46.92489962682496
                        ],
                        [
                            4.870277889476494,
                            46.92436921944625
                        ],
                        [
                            4.87656059453257,
                            46.923838812067544
                        ],
                        [
                            4.882843299588647,
                            46.92330840468883
                        ],
                        [
                            4.889126004644721,
                            46.92277799731013
                        ],
                        [
                            4.8954087097007974,
                            46.922247589931416
                        ],
                        [
                            4.901691414756874,
                            46.92171718255271
                        ],
                        [
                            4.90797411981295,
                            46.92118677517401
                        ],
                        [
                            4.914256824869026,
                            46.920656367795296
                        ],
                        [
                            4.9205395299251045,
                            46.92012596041659
                        ],
                        [
                            4.926822234981179,
                            46.91959555303788
                        ],
                        [
                            4.926822234981179,
                            46.91959555303788
                        ],
                        [
                            4.9305427684488325,
                            46.920394447262126
                        ],
                        [
                            4.934263301916488,
                            46.921193341486365
                        ],
                        [
                            4.937983835384141,
                            46.921992235710604
                        ],
                        [
                            4.941704368851795,
                            46.922791129934836
                        ],
                        [
                            4.9454249023194485,
                            46.92359002415908
                        ],
                        [
                            4.949145435787104,
                            46.92438891838333
                        ],
                        [
                            4.952865969254754,
                            46.92518781260757
                        ],
                        [
                            4.956586502722409,
                            46.92598670683181
                        ],
                        [
                            4.960307036190063,
                            46.92678560105605
                        ],
                        [
                            4.964027569657718,
                            46.92758449528029
                        ],
                        [
                            4.964027569657718,
                            46.92758449528029
                        ],
                        [
                            4.965185167951324,
                            46.92935804799737
                        ],
                        [
                            4.96634276624493,
                            46.93113160071445
                        ],
                        [
                            4.967500364538537,
                            46.93290515343152
                        ],
                        [
                            4.968657962832143,
                            46.93467870614861
                        ],
                        [
                            4.969815561125751,
                            46.936452258865685
                        ],
                        [
                            4.97097315941936,
                            46.93822581158276
                        ],
                        [
                            4.972130757712966,
                            46.939999364299844
                        ],
                        [
                            4.973288356006572,
                            46.94177291701693
                        ],
                        [
                            4.974445954300178,
                            46.943546469733995
                        ],
                        [
                            4.975603552593785,
                            46.94532002245108
                        ],
                        [
                            4.975603552593785,
                            46.94532002245108
                        ],
                        [
                            4.973430621158467,
                            46.949043329268186
                        ],
                        [
                            4.971257689723149,
                            46.95276663608531
                        ],
                        [
                            4.969084758287831,
                            46.95648994290242
                        ],
                        [
                            4.966911826852515,
                            46.96021324971953
                        ],
                        [
                            4.964738895417195,
                            46.96393655653665
                        ],
                        [
                            4.962565963981875,
                            46.96765986335377
                        ],
                        [
                            4.960393032546557,
                            46.97138317017088
                        ],
                        [
                            4.9582201011112375,
                            46.975106476987996
                        ],
                        [
                            4.956047169675921,
                            46.97882978380511
                        ],
                        [
                            4.953874238240603,
                            46.982553090622226
                        ],
                        [
                            4.953874238240603,
                            46.982553090622226
                        ],
                        [
                            4.955930230907427,
                            46.98468152140475
                        ],
                        [
                            4.957986223574251,
                            46.98680995218727
                        ],
                        [
                            4.960042216241074,
                            46.9889383829698
                        ],
                        [
                            4.962098208907898,
                            46.99106681375233
                        ],
                        [
                            4.9641542015747255,
                            46.99319524453485
                        ],
                        [
                            4.966210194241549,
                            46.99532367531739
                        ],
                        [
                            4.968266186908373,
                            46.99745210609991
                        ],
                        [
                            4.970322179575197,
                            46.99958053688244
                        ],
                        [
                            4.972378172242021,
                            47.00170896766497
                        ],
                        [
                            4.974434164908844,
                            47.00383739844749
                        ],
                        [
                            4.974434164908844,
                            47.00383739844749
                        ],
                        [
                            4.976615744562174,
                            47.0046359086037
                        ],
                        [
                            4.978797324215508,
                            47.005434418759904
                        ],
                        [
                            4.98097890386884,
                            47.00623292891612
                        ],
                        [
                            4.98316048352217,
                            47.007031439072335
                        ],
                        [
                            4.985342063175501,
                            47.00782994922854
                        ],
                        [
                            4.987523642828833,
                            47.00862845938475
                        ],
                        [
                            4.989705222482167,
                            47.00942696954096
                        ],
                        [
                            4.991886802135497,
                            47.010225479697176
                        ],
                        [
                            4.99406838178883,
                            47.01102398985339
                        ],
                        [
                            4.996249961442162,
                            47.01182250000959
                        ],
                        [
                            4.996249961442162,
                            47.01182250000959
                        ],
                        [
                            4.997289765343007,
                            47.01900447279
                        ],
                        [
                            4.998329569243847,
                            47.0261864455704
                        ],
                        [
                            4.999369373144688,
                            47.033368418350804
                        ],
                        [
                            5.00040917704553,
                            47.040550391131205
                        ],
                        [
                            5.001448980946375,
                            47.047732363911614
                        ],
                        [
                            5.002488784847214,
                            47.054914336692015
                        ],
                        [
                            5.003528588748059,
                            47.062096309472416
                        ],
                        [
                            5.004568392648899,
                            47.06927828225282
                        ],
                        [
                            5.005608196549742,
                            47.07646025503322
                        ],
                        [
                            5.006648000450584,
                            47.08364222781362
                        ],
                        [
                            5.006648000450584,
                            47.08364222781362
                        ],
                        [
                            5.003960597035574,
                            47.08656744052519
                        ],
                        [
                            5.001273193620566,
                            47.08949265323677
                        ],
                        [
                            4.998585790205556,
                            47.092417865948335
                        ],
                        [
                            4.995898386790547,
                            47.09534307865991
                        ],
                        [
                            4.993210983375539,
                            47.09826829137147
                        ],
                        [
                            4.990523579960527,
                            47.10119350408304
                        ],
                        [
                            4.9878361765455175,
                            47.104118716794616
                        ],
                        [
                            4.9851487731305095,
                            47.10704392950618
                        ],
                        [
                            4.9824613697155,
                            47.10996914221776
                        ],
                        [
                            4.979773966300492,
                            47.11289435492933
                        ],
                        [
                            4.979773966300492,
                            47.11289435492933
                        ],
                        [
                            4.977852959555825,
                            47.11422382201351
                        ],
                        [
                            4.975931952811161,
                            47.1155532890977
                        ],
                        [
                            4.974010946066494,
                            47.11688275618188
                        ],
                        [
                            4.972089939321828,
                            47.11821222326606
                        ],
                        [
                            4.970168932577161,
                            47.11954169035025
                        ],
                        [
                            4.968247925832493,
                            47.120871157434436
                        ],
                        [
                            4.9663269190878285,
                            47.12220062451863
                        ],
                        [
                            4.964405912343162,
                            47.12353009160281
                        ],
                        [
                            4.962484905598496,
                            47.12485955868699
                        ],
                        [
                            4.960563898853831,
                            47.12618902577118
                        ],
                        [
                            4.960563898853831,
                            47.12618902577118
                        ],
                        [
                            4.960822760524511,
                            47.12743037340828
                        ],
                        [
                            4.961081622195191,
                            47.128671721045386
                        ],
                        [
                            4.961340483865875,
                            47.12991306868249
                        ],
                        [
                            4.9615993455365555,
                            47.131154416319596
                        ],
                        [
                            4.961858207207236,
                            47.132395763956694
                        ],
                        [
                            4.9621170688779195,
                            47.1336371115938
                        ],
                        [
                            4.9623759305486,
                            47.134878459230904
                        ],
                        [
                            4.96263479221928,
                            47.13611980686801
                        ],
                        [
                            4.962893653889964,
                            47.137361154505115
                        ],
                        [
                            4.963152515560644,
                            47.13860250214222
                        ],
                        [
                            4.963152515560644,
                            47.13860250214222
                        ],
                        [
                            4.9563648423777185,
                            47.143299955394376
                        ],
                        [
                            4.949577169194789,
                            47.14799740864651
                        ],
                        [
                            4.942789496011864,
                            47.15269486189866
                        ],
                        [
                            4.936001822828938,
                            47.157392315150815
                        ],
                        [
                            4.929214149646013,
                            47.162089768402964
                        ],
                        [
                            4.922426476463084,
                            47.16678722165511
                        ],
                        [
                            4.915638803280157,
                            47.17148467490725
                        ],
                        [
                            4.908851130097233,
                            47.176182128159404
                        ],
                        [
                            4.902063456914304,
                            47.18087958141155
                        ],
                        [
                            4.895275783731375,
                            47.1855770346637
                        ],
                        [
                            4.895275783731375,
                            47.1855770346637
                        ],
                        [
                            4.894512296172998,
                            47.18868005444523
                        ],
                        [
                            4.8937488086146175,
                            47.19178307422675
                        ],
                        [
                            4.892985321056239,
                            47.19488609400827
                        ],
                        [
                            4.892221833497858,
                            47.19798911378979
                        ],
                        [
                            4.891458345939476,
                            47.20109213357131
                        ],
                        [
                            4.890694858381098,
                            47.204195153352835
                        ],
                        [
                            4.8899313708227155,
                            47.207298173134355
                        ],
                        [
                            4.889167883264339,
                            47.21040119291588
                        ],
                        [
                            4.888404395705958,
                            47.2135042126974
                        ],
                        [
                            4.88764090814758,
                            47.21660723247892
                        ],
                        [
                            4.88764090814758,
                            47.21660723247892
                        ],
                        [
                            4.8841805133213505,
                            47.21767032499303
                        ],
                        [
                            4.88072011849512,
                            47.21873341750714
                        ],
                        [
                            4.877259723668891,
                            47.21979651002124
                        ],
                        [
                            4.873799328842663,
                            47.220859602535356
                        ],
                        [
                            4.8703389340164325,
                            47.22192269504945
                        ],
                        [
                            4.866878539190202,
                            47.22298578756356
                        ],
                        [
                            4.863418144363973,
                            47.224048880077675
                        ],
                        [
                            4.8599577495377435,
                            47.225111972591776
                        ],
                        [
                            4.856497354711513,
                            47.226175065105885
                        ],
                        [
                            4.853036959885285,
                            47.22723815761999
                        ],
                        [
                            4.853036959885285,
                            47.22723815761999
                        ],
                        [
                            4.850215847529418,
                            47.22732611703543
                        ],
                        [
                            4.84739473517355,
                            47.227414076450884
                        ],
                        [
                            4.844573622817682,
                            47.22750203586632
                        ],
                        [
                            4.841752510461813,
                            47.227589995281775
                        ],
                        [
                            4.838931398105945,
                            47.22767795469722
                        ],
                        [
                            4.836110285750076,
                            47.22776591411266
                        ],
                        [
                            4.833289173394208,
                            47.227853873528105
                        ],
                        [
                            4.830468061038339,
                            47.22794183294355
                        ],
                        [
                            4.827646948682471,
                            47.228029792359
                        ],
                        [
                            4.824825836326603,
                            47.22811775177444
                        ],
                        [
                            4.824825836326603,
                            47.22811775177444
                        ],
                        [
                            4.82315427942787,
                            47.22581209547361
                        ],
                        [
                            4.821482722529133,
                            47.22350643917277
                        ],
                        [
                            4.819811165630398,
                            47.22120078287194
                        ],
                        [
                            4.818139608731663,
                            47.21889512657111
                        ],
                        [
                            4.816468051832926,
                            47.21658947027027
                        ],
                        [
                            4.814796494934191,
                            47.214283813969445
                        ],
                        [
                            4.813124938035456,
                            47.21197815766861
                        ],
                        [
                            4.811453381136721,
                            47.20967250136778
                        ],
                        [
                            4.809781824237984,
                            47.20736684506696
                        ],
                        [
                            4.80811026733925,
                            47.205061188766116
                        ],
                        [
                            4.80811026733925,
                            47.205061188766116
                        ],
                        [
                            4.8037460941831185,
                            47.203020845408545
                        ],
                        [
                            4.799381921026987,
                            47.20098050205098
                        ],
                        [
                            4.795017747870855,
                            47.19894015869342
                        ],
                        [
                            4.790653574714723,
                            47.196899815335854
                        ],
                        [
                            4.786289401558589,
                            47.19485947197829
                        ],
                        [
                            4.781925228402459,
                            47.19281912862072
                        ],
                        [
                            4.777561055246327,
                            47.190778785263156
                        ],
                        [
                            4.773196882090195,
                            47.18873844190559
                        ],
                        [
                            4.768832708934063,
                            47.18669809854802
                        ],
                        [
                            4.764468535777931,
                            47.18465775519046
                        ],
                        [
                            4.764468535777931,
                            47.18465775519046
                        ],
                        [
                            4.756007252198019,
                            47.18598559005461
                        ],
                        [
                            4.747545968618107,
                            47.187313424918756
                        ],
                        [
                            4.739084685038197,
                            47.188641259782926
                        ],
                        [
                            4.730623401458283,
                            47.189969094647076
                        ],
                        [
                            4.722162117878375,
                            47.19129692951123
                        ],
                        [
                            4.7137008342984625,
                            47.19262476437538
                        ],
                        [
                            4.7052395507185505,
                            47.19395259923954
                        ],
                        [
                            4.696778267138642,
                            47.195280434103694
                        ],
                        [
                            4.688316983558728,
                            47.19660826896785
                        ],
                        [
                            4.679855699978818,
                            47.197936103832006
                        ],
                        [
                            4.679855699978818,
                            47.197936103832006
                        ],
                        [
                            4.677161109351607,
                            47.197137465646534
                        ],
                        [
                            4.674466518724392,
                            47.19633882746106
                        ],
                        [
                            4.671771928097179,
                            47.1955401892756
                        ],
                        [
                            4.669077337469968,
                            47.194741551090125
                        ],
                        [
                            4.6663827468427534,
                            47.19394291290466
                        ],
                        [
                            4.663688156215539,
                            47.193144274719195
                        ],
                        [
                            4.660993565588328,
                            47.192345636533716
                        ],
                        [
                            4.658298974961115,
                            47.19154699834825
                        ],
                        [
                            4.655604384333902,
                            47.190748360162786
                        ],
                        [
                            4.652909793706689,
                            47.189949721977314
                        ],
                        [
                            4.652909793706689,
                            47.189949721977314
                        ],
                        [
                            4.650221363542556,
                            47.1923429536453
                        ],
                        [
                            4.647532933378422,
                            47.1947361853133
                        ],
                        [
                            4.644844503214289,
                            47.19712941698129
                        ],
                        [
                            4.642156073050154,
                            47.19952264864928
                        ],
                        [
                            4.6394676428860215,
                            47.201915880317266
                        ],
                        [
                            4.636779212721883,
                            47.20430911198525
                        ],
                        [
                            4.634090782557752,
                            47.20670234365324
                        ],
                        [
                            4.63140235239362,
                            47.209095575321236
                        ],
                        [
                            4.628713922229483,
                            47.21148880698922
                        ],
                        [
                            4.626025492065352,
                            47.21388203865721
                        ],
                        [
                            4.626025492065352,
                            47.21388203865721
                        ],
                        [
                            4.623974712240914,
                            47.21441350764299
                        ],
                        [
                            4.621923932416477,
                            47.21494497662877
                        ],
                        [
                            4.619873152592042,
                            47.21547644561455
                        ],
                        [
                            4.617822372767604,
                            47.21600791460032
                        ],
                        [
                            4.615771592943169,
                            47.216539383586095
                        ],
                        [
                            4.613720813118729,
                            47.21707085257188
                        ],
                        [
                            4.611670033294292,
                            47.217602321557656
                        ],
                        [
                            4.609619253469857,
                            47.21813379054343
                        ],
                        [
                            4.60756847364542,
                            47.21866525952922
                        ],
                        [
                            4.605517693820984,
                            47.219196728514994
                        ],
                        [
                            4.605517693820984,
                            47.219196728514994
                        ],
                        [
                            4.60487935898187,
                            47.220703837168145
                        ],
                        [
                            4.604241024142757,
                            47.22221094582131
                        ],
                        [
                            4.603602689303644,
                            47.22371805447446
                        ],
                        [
                            4.602964354464529,
                            47.225225163127625
                        ],
                        [
                            4.602326019625417,
                            47.226732271780776
                        ],
                        [
                            4.601687684786301,
                            47.22823938043394
                        ],
                        [
                            4.601049349947189,
                            47.22974648908709
                        ],
                        [
                            4.600411015108076,
                            47.23125359774025
                        ],
                        [
                            4.599772680268961,
                            47.232760706393414
                        ],
                        [
                            4.599134345429848,
                            47.23426781504657
                        ],
                        [
                            4.599134345429848,
                            47.23426781504657
                        ],
                        [
                            4.602216452061967,
                            47.23648516537513
                        ],
                        [
                            4.605298558694086,
                            47.23870251570369
                        ],
                        [
                            4.608380665326205,
                            47.24091986603226
                        ],
                        [
                            4.611462771958326,
                            47.24313721636082
                        ],
                        [
                            4.614544878590445,
                            47.24535456668938
                        ],
                        [
                            4.617626985222564,
                            47.24757191701794
                        ],
                        [
                            4.620709091854682,
                            47.24978926734651
                        ],
                        [
                            4.623791198486801,
                            47.25200661767507
                        ],
                        [
                            4.626873305118922,
                            47.25422396800363
                        ],
                        [
                            4.629955411751043,
                            47.25644131833219
                        ],
                        [
                            4.629955411751043,
                            47.25644131833219
                        ],
                        [
                            4.62739572586967,
                            47.25909950600261
                        ],
                        [
                            4.624836039988299,
                            47.26175769367303
                        ],
                        [
                            4.62227635410693,
                            47.26441588134345
                        ],
                        [
                            4.619716668225559,
                            47.26707406901387
                        ],
                        [
                            4.61715698234419,
                            47.26973225668429
                        ],
                        [
                            4.61459729646282,
                            47.27239044435471
                        ],
                        [
                            4.612037610581449,
                            47.27504863202513
                        ],
                        [
                            4.60947792470008,
                            47.27770681969555
                        ],
                        [
                            4.606918238818709,
                            47.28036500736598
                        ],
                        [
                            4.60435855293734,
                            47.28302319503639
                        ],
                        [
                            4.60435855293734,
                            47.28302319503639
                        ],
                        [
                            4.601539628109421,
                            47.283465803386655
                        ],
                        [
                            4.598720703281506,
                            47.28390841173692
                        ],
                        [
                            4.595901778453589,
                            47.28435102008718
                        ],
                        [
                            4.5930828536256705,
                            47.28479362843744
                        ],
                        [
                            4.590263928797755,
                            47.2852362367877
                        ],
                        [
                            4.5874450039698385,
                            47.28567884513796
                        ],
                        [
                            4.58462607914192,
                            47.28612145348823
                        ],
                        [
                            4.581807154314005,
                            47.28656406183848
                        ],
                        [
                            4.578988229486088,
                            47.28700667018875
                        ],
                        [
                            4.576169304658169,
                            47.28744927853901
                        ],
                        [
                            4.576169304658169,
                            47.28744927853901
                        ],
                        [
                            4.5760527081393825,
                            47.293478343153176
                        ],
                        [
                            4.575936111620598,
                            47.299507407767344
                        ],
                        [
                            4.575819515101811,
                            47.30553647238151
                        ],
                        [
                            4.575702918583026,
                            47.31156553699568
                        ],
                        [
                            4.57558632206424,
                            47.31759460160984
                        ],
                        [
                            4.575469725545451,
                            47.323623666224016
                        ],
                        [
                            4.5753531290266665,
                            47.329652730838184
                        ],
                        [
                            4.57523653250788,
                            47.33568179545235
                        ],
                        [
                            4.575119935989093,
                            47.34171086006652
                        ],
                        [
                            4.57500333947031,
                            47.34773992468069
                        ],
                        [
                            4.57500333947031,
                            47.34773992468069
                        ],
                        [
                            4.57667407782937,
                            47.35040023463547
                        ],
                        [
                            4.57834481618843,
                            47.35306054459025
                        ],
                        [
                            4.580015554547492,
                            47.35572085454503
                        ],
                        [
                            4.581686292906554,
                            47.35838116449982
                        ],
                        [
                            4.58335703126561,
                            47.361041474454595
                        ],
                        [
                            4.585027769624672,
                            47.36370178440937
                        ],
                        [
                            4.5866985079837335,
                            47.366362094364156
                        ],
                        [
                            4.588369246342795,
                            47.36902240431895
                        ],
                        [
                            4.590039984701857,
                            47.37168271427372
                        ],
                        [
                            4.591710723060917,
                            47.3743430242285
                        ],
                        [
                            4.591710723060917,
                            47.3743430242285
                        ],
                        [
                            4.598127137057853,
                            47.376649870145926
                        ],
                        [
                            4.604543551054789,
                            47.378956716063335
                        ],
                        [
                            4.610959965051723,
                            47.38126356198076
                        ],
                        [
                            4.6173763790486575,
                            47.38357040789817
                        ],
                        [
                            4.623792793045592,
                            47.38587725381559
                        ],
                        [
                            4.63020920704253,
                            47.38818409973301
                        ],
                        [
                            4.636625621039464,
                            47.39049094565043
                        ],
                        [
                            4.643042035036398,
                            47.392797791567844
                        ],
                        [
                            4.649458449033334,
                            47.395104637485254
                        ],
                        [
                            4.655874863030268,
                            47.39741148340268
                        ],
                        [
                            4.655874863030268,
                            47.39741148340268
                        ],
                        [
                            4.663843578516808,
                            47.40663443413862
                        ],
                        [
                            4.671812294003349,
                            47.415857384874556
                        ],
                        [
                            4.679781009489886,
                            47.42508033561051
                        ],
                        [
                            4.6877497249764275,
                            47.434303286346456
                        ],
                        [
                            4.695718440462965,
                            47.4435262370824
                        ],
                        [
                            4.703687155949504,
                            47.45274918781834
                        ],
                        [
                            4.7116558714360455,
                            47.46197213855429
                        ],
                        [
                            4.719624586922583,
                            47.471195089290234
                        ],
                        [
                            4.727593302409122,
                            47.48041804002618
                        ],
                        [
                            4.735562017895662,
                            47.48964099076212
                        ],
                        [
                            4.735562017895662,
                            47.48964099076212
                        ],
                        [
                            4.7351879286944705,
                            47.495138010327956
                        ],
                        [
                            4.734813839493279,
                            47.500635029893786
                        ],
                        [
                            4.73443975029209,
                            47.50613204945961
                        ],
                        [
                            4.734065661090897,
                            47.51162906902544
                        ],
                        [
                            4.7336915718897075,
                            47.517126088591276
                        ],
                        [
                            4.733317482688516,
                            47.52262310815709
                        ],
                        [
                            4.732943393487327,
                            47.52812012772293
                        ],
                        [
                            4.732569304286134,
                            47.53361714728876
                        ],
                        [
                            4.7321952150849445,
                            47.53911416685458
                        ],
                        [
                            4.731821125883755,
                            47.54461118642042
                        ],
                        [
                            4.731821125883755,
                            47.54461118642042
                        ],
                        [
                            4.734648912087819,
                            47.54798109284956
                        ],
                        [
                            4.737476698291884,
                            47.55135099927871
                        ],
                        [
                            4.740304484495951,
                            47.55472090570785
                        ],
                        [
                            4.7431322707000145,
                            47.558090812136996
                        ],
                        [
                            4.74596005690408,
                            47.56146071856614
                        ],
                        [
                            4.748787843108147,
                            47.564830624995295
                        ],
                        [
                            4.751615629312212,
                            47.56820053142444
                        ],
                        [
                            4.754443415516279,
                            47.57157043785358
                        ],
                        [
                            4.757271201720343,
                            47.57494034428273
                        ],
                        [
                            4.760098987924408,
                            47.57831025071187
                        ],
                        [
                            4.760098987924408,
                            47.57831025071187
                        ],
                        [
                            4.757415860551202,
                            47.58345097364461
                        ],
                        [
                            4.754732733177995,
                            47.58859169657734
                        ],
                        [
                            4.752049605804785,
                            47.59373241951007
                        ],
                        [
                            4.749366478431581,
                            47.598873142442805
                        ],
                        [
                            4.746683351058373,
                            47.60401386537554
                        ],
                        [
                            4.744000223685163,
                            47.60915458830827
                        ],
                        [
                            4.741317096311954,
                            47.614295311241
                        ],
                        [
                            4.73863396893875,
                            47.61943603417374
                        ],
                        [
                            4.73595084156554,
                            47.62457675710647
                        ],
                        [
                            4.733267714192333,
                            47.629717480039204
                        ],
                        [
                            4.733267714192333,
                            47.629717480039204
                        ],
                        [
                            4.7272491756668575,
                            47.63423779831084
                        ],
                        [
                            4.7212306371413835,
                            47.63875811658248
                        ],
                        [
                            4.715212098615911,
                            47.64327843485412
                        ],
                        [
                            4.709193560090435,
                            47.647798753125755
                        ],
                        [
                            4.703175021564965,
                            47.652319071397386
                        ],
                        [
                            4.697156483039487,
                            47.65683938966903
                        ],
                        [
                            4.691137944514015,
                            47.66135970794066
                        ],
                        [
                            4.685119405988541,
                            47.6658800262123
                        ],
                        [
                            4.679100867463065,
                            47.67040034448394
                        ],
                        [
                            4.673082328937591,
                            47.674920662755575
                        ],
                        [
                            4.673082328937591,
                            47.674920662755575
                        ],
                        [
                            4.668594543175324,
                            47.675274196622404
                        ],
                        [
                            4.664106757413057,
                            47.67562773048923
                        ],
                        [
                            4.659618971650788,
                            47.675981264356054
                        ],
                        [
                            4.655131185888521,
                            47.676334798222875
                        ],
                        [
                            4.650643400126253,
                            47.676688332089704
                        ],
                        [
                            4.646155614363986,
                            47.67704186595653
                        ],
                        [
                            4.641667828601719,
                            47.67739539982336
                        ],
                        [
                            4.637180042839452,
                            47.67774893369018
                        ],
                        [
                            4.632692257077185,
                            47.67810246755701
                        ],
                        [
                            4.628204471314916,
                            47.67845600142384
                        ],
                        [
                            4.628204471314916,
                            47.67845600142384
                        ],
                        [
                            4.624376573753365,
                            47.681255944159744
                        ],
                        [
                            4.620548676191815,
                            47.684055886895656
                        ],
                        [
                            4.616720778630263,
                            47.686855829631575
                        ],
                        [
                            4.612892881068715,
                            47.68965577236748
                        ],
                        [
                            4.609064983507164,
                            47.692455715103385
                        ],
                        [
                            4.605237085945614,
                            47.6952556578393
                        ],
                        [
                            4.601409188384064,
                            47.69805560057521
                        ],
                        [
                            4.597581290822513,
                            47.700855543311114
                        ],
                        [
                            4.593753393260963,
                            47.703655486047026
                        ],
                        [
                            4.589925495699413,
                            47.706455428782945
                        ],
                        [
                            4.589925495699413,
                            47.706455428782945
                        ],
                        [
                            4.578130151824325,
                            47.70306726467522
                        ],
                        [
                            4.566334807949236,
                            47.6996791005675
                        ],
                        [
                            4.554539464074146,
                            47.69629093645979
                        ],
                        [
                            4.542744120199062,
                            47.69290277235206
                        ],
                        [
                            4.530948776323974,
                            47.689514608244345
                        ],
                        [
                            4.519153432448885,
                            47.68612644413663
                        ],
                        [
                            4.507358088573797,
                            47.68273828002891
                        ],
                        [
                            4.495562744698709,
                            47.67935011592119
                        ],
                        [
                            4.483767400823622,
                            47.675961951813484
                        ],
                        [
                            4.471972056948536,
                            47.67257378770576
                        ],
                        [
                            4.471972056948536,
                            47.67257378770576
                        ],
                        [
                            4.468159321827995,
                            47.6704417134699
                        ],
                        [
                            4.464346586707453,
                            47.668309639234046
                        ],
                        [
                            4.460533851586915,
                            47.666177564998186
                        ],
                        [
                            4.456721116466374,
                            47.664045490762334
                        ],
                        [
                            4.452908381345836,
                            47.661913416526474
                        ],
                        [
                            4.4490956462252935,
                            47.65978134229062
                        ],
                        [
                            4.445282911104753,
                            47.65764926805476
                        ],
                        [
                            4.441470175984213,
                            47.65551719381891
                        ],
                        [
                            4.437657440863674,
                            47.65338511958305
                        ],
                        [
                            4.433844705743134,
                            47.65125304534719
                        ],
                        [
                            4.433844705743134,
                            47.65125304534719
                        ],
                        [
                            4.428223329683881,
                            47.65100061070224
                        ],
                        [
                            4.42260195362463,
                            47.650748176057284
                        ],
                        [
                            4.416980577565381,
                            47.65049574141232
                        ],
                        [
                            4.4113592015061265,
                            47.650243306767365
                        ],
                        [
                            4.4057378254468755,
                            47.649990872122416
                        ],
                        [
                            4.400116449387623,
                            47.64973843747746
                        ],
                        [
                            4.394495073328374,
                            47.6494860028325
                        ],
                        [
                            4.388873697269123,
                            47.64923356818755
                        ],
                        [
                            4.38325232120987,
                            47.648981133542584
                        ],
                        [
                            4.377630945150617,
                            47.64872869889763
                        ],
                        [
                            4.377630945150617,
                            47.64872869889763
                        ],
                        [
                            4.373813369078858,
                            47.64408842258994
                        ],
                        [
                            4.369995793007101,
                            47.63944814628225
                        ],
                        [
                            4.3661782169353405,
                            47.634807869974566
                        ],
                        [
                            4.3623606408635816,
                            47.630167593666876
                        ],
                        [
                            4.358543064791823,
                            47.62552731735918
                        ],
                        [
                            4.354725488720062,
                            47.620887041051496
                        ],
                        [
                            4.350907912648307,
                            47.616246764743806
                        ],
                        [
                            4.347090336576546,
                            47.61160648843612
                        ],
                        [
                            4.343272760504789,
                            47.60696621212843
                        ],
                        [
                            4.339455184433028,
                            47.60232593582074
                        ],
                        [
                            4.339455184433028,
                            47.60232593582074
                        ],
                        [
                            4.3363669597659324,
                            47.59931595632913
                        ],
                        [
                            4.33327873509884,
                            47.59630597683752
                        ],
                        [
                            4.330190510431747,
                            47.593295997345905
                        ],
                        [
                            4.327102285764651,
                            47.5902860178543
                        ],
                        [
                            4.324014061097559,
                            47.58727603836269
                        ],
                        [
                            4.3209258364304635,
                            47.58426605887108
                        ],
                        [
                            4.317837611763368,
                            47.58125607937947
                        ],
                        [
                            4.314749387096274,
                            47.578246099887856
                        ],
                        [
                            4.31166116242918,
                            47.57523612039625
                        ],
                        [
                            4.308572937762085,
                            47.57222614090463
                        ],
                        [
                            4.308572937762085,
                            47.57222614090463
                        ],
                        [
                            4.312918404393926,
                            47.568590973218214
                        ],
                        [
                            4.317263871025768,
                            47.56495580553181
                        ],
                        [
                            4.321609337657607,
                            47.561320637845384
                        ],
                        [
                            4.325954804289447,
                            47.557685470158965
                        ],
                        [
                            4.330300270921288,
                            47.55405030247255
                        ],
                        [
                            4.334645737553128,
                            47.55041513478613
                        ],
                        [
                            4.338991204184968,
                            47.54677996709971
                        ],
                        [
                            4.343336670816807,
                            47.54314479941329
                        ],
                        [
                            4.347682137448649,
                            47.53950963172687
                        ],
                        [
                            4.352027604080488,
                            47.535874464040454
                        ],
                        [
                            4.352027604080488,
                            47.535874464040454
                        ],
                        [
                            4.348753890827075,
                            47.5312343179922
                        ],
                        [
                            4.3454801775736644,
                            47.526594171943955
                        ],
                        [
                            4.342206464320251,
                            47.5219540258957
                        ],
                        [
                            4.338932751066839,
                            47.51731387984746
                        ],
                        [
                            4.335659037813423,
                            47.512673733799204
                        ],
                        [
                            4.3323853245600095,
                            47.50803358775096
                        ],
                        [
                            4.329111611306599,
                            47.503393441702706
                        ],
                        [
                            4.3258378980531855,
                            47.49875329565446
                        ],
                        [
                            4.322564184799772,
                            47.49411314960621
                        ],
                        [
                            4.319290471546358,
                            47.489473003557954
                        ],
                        [
                            4.319290471546358,
                            47.489473003557954
                        ],
                        [
                            4.312580272186533,
                            47.489471328931316
                        ],
                        [
                            4.305870072826709,
                            47.48946965430468
                        ],
                        [
                            4.299159873466886,
                            47.48946797967804
                        ],
                        [
                            4.292449674107061,
                            47.48946630505141
                        ],
                        [
                            4.285739474747237,
                            47.48946463042476
                        ],
                        [
                            4.27902927538741,
                            47.489462955798125
                        ],
                        [
                            4.2723190760275855,
                            47.489461281171494
                        ],
                        [
                            4.265608876667763,
                            47.489459606544855
                        ],
                        [
                            4.25889867730794,
                            47.48945793191822
                        ],
                        [
                            4.252188477948115,
                            47.48945625729158
                        ],
                        [
                            4.252188477948115,
                            47.48945625729158
                        ],
                        [
                            4.248739086656862,
                            47.487449259082354
                        ],
                        [
                            4.2452896953656065,
                            47.48544226087314
                        ],
                        [
                            4.241840304074353,
                            47.48343526266392
                        ],
                        [
                            4.238390912783096,
                            47.48142826445469
                        ],
                        [
                            4.234941521491844,
                            47.479421266245474
                        ],
                        [
                            4.231492130200589,
                            47.47741426803625
                        ],
                        [
                            4.228042738909334,
                            47.47540726982703
                        ],
                        [
                            4.224593347618079,
                            47.47340027161781
                        ],
                        [
                            4.221143956326825,
                            47.47139327340859
                        ],
                        [
                            4.21769456503557,
                            47.46938627519937
                        ],
                        [
                            4.21769456503557,
                            47.46938627519937
                        ],
                        [
                            4.216960453834888,
                            47.46524883738359
                        ],
                        [
                            4.216226342634208,
                            47.46111139956782
                        ],
                        [
                            4.215492231433524,
                            47.45697396175205
                        ],
                        [
                            4.214758120232846,
                            47.45283652393628
                        ],
                        [
                            4.214024009032164,
                            47.448699086120506
                        ],
                        [
                            4.213289897831485,
                            47.44456164830474
                        ],
                        [
                            4.212555786630805,
                            47.44042421048896
                        ],
                        [
                            4.211821675430121,
                            47.43628677267319
                        ],
                        [
                            4.211087564229441,
                            47.43214933485742
                        ],
                        [
                            4.210353453028759,
                            47.42801189704165
                        ],
                        [
                            4.210353453028759,
                            47.42801189704165
                        ],
                        [
                            4.200195072623403,
                            47.42663027882575
                        ],
                        [
                            4.190036692218046,
                            47.42524866060987
                        ],
                        [
                            4.179878311812686,
                            47.423867042393965
                        ],
                        [
                            4.1697199314073305,
                            47.42248542417807
                        ],
                        [
                            4.159561551001975,
                            47.421103805962176
                        ],
                        [
                            4.149403170596619,
                            47.41972218774629
                        ],
                        [
                            4.1392447901912615,
                            47.41834056953039
                        ],
                        [
                            4.129086409785904,
                            47.4169589513145
                        ],
                        [
                            4.118928029380546,
                            47.415577333098604
                        ],
                        [
                            4.108769648975189,
                            47.414195714882716
                        ],
                        [
                            4.108769648975189,
                            47.414195714882716
                        ],
                        [
                            4.104966834937084,
                            47.41720396914729
                        ],
                        [
                            4.101164020898981,
                            47.42021222341186
                        ],
                        [
                            4.097361206860878,
                            47.42322047767644
                        ],
                        [
                            4.093558392822775,
                            47.426228731941016
                        ],
                        [
                            4.08975557878467,
                            47.429236986205595
                        ],
                        [
                            4.085952764746565,
                            47.43224524047017
                        ],
                        [
                            4.082149950708462,
                            47.435253494734745
                        ],
                        [
                            4.078347136670358,
                            47.43826174899932
                        ],
                        [
                            4.074544322632255,
                            47.4412700032639
                        ],
                        [
                            4.070741508594152,
                            47.44427825752848
                        ],
                        [
                            4.070741508594152,
                            47.44427825752848
                        ],
                        [
                            4.069480282082516,
                            47.44803918028028
                        ],
                        [
                            4.068219055570886,
                            47.45180010303209
                        ],
                        [
                            4.06695782905925,
                            47.455561025783894
                        ],
                        [
                            4.06569660254762,
                            47.45932194853571
                        ],
                        [
                            4.064435376035984,
                            47.46308287128751
                        ],
                        [
                            4.063174149524352,
                            47.46684379403931
                        ],
                        [
                            4.06191292301272,
                            47.47060471679112
                        ],
                        [
                            4.060651696501086,
                            47.47436563954293
                        ],
                        [
                            4.059390469989454,
                            47.47812656229474
                        ],
                        [
                            4.05812924347782,
                            47.48188748504654
                        ],
                        [
                            4.05812924347782,
                            47.48188748504654
                        ],
                        [
                            4.054503155613277,
                            47.482764666171974
                        ],
                        [
                            4.050877067748733,
                            47.483641847297406
                        ],
                        [
                            4.047250979884186,
                            47.48451902842284
                        ],
                        [
                            4.043624892019643,
                            47.48539620954827
                        ],
                        [
                            4.0399988041551005,
                            47.4862733906737
                        ],
                        [
                            4.036372716290556,
                            47.487150571799134
                        ],
                        [
                            4.032746628426013,
                            47.488027752924566
                        ],
                        [
                            4.0291205405614665,
                            47.48890493405
                        ],
                        [
                            4.025494452696922,
                            47.48978211517543
                        ],
                        [
                            4.021868364832379,
                            47.49065929630086
                        ],
                        [
                            4.021868364832379,
                            47.49065929630086
                        ],
                        [
                            4.015715580099947,
                            47.497679238824645
                        ],
                        [
                            4.009562795367515,
                            47.504699181348435
                        ],
                        [
                            4.003410010635081,
                            47.51171912387222
                        ],
                        [
                            3.9972572259026475,
                            47.51873906639601
                        ],
                        [
                            3.9911044411702155,
                            47.52575900891979
                        ],
                        [
                            3.9849516564377834,
                            47.53277895144359
                        ],
                        [
                            3.9787988717053486,
                            47.539798893967365
                        ],
                        [
                            3.9726460869729165,
                            47.546818836491155
                        ],
                        [
                            3.9664933022404836,
                            47.55383877901494
                        ],
                        [
                            3.9603405175080497,
                            47.56085872153873
                        ],
                        [
                            3.9603405175080497,
                            47.56085872153873
                        ],
                        [
                            3.9616184915481916,
                            47.56499630055263
                        ],
                        [
                            3.96289646558833,
                            47.56913387956652
                        ],
                        [
                            3.9641744396284673,
                            47.573271458580415
                        ],
                        [
                            3.9654524136686065,
                            47.57740903759431
                        ],
                        [
                            3.9667303877087465,
                            47.58154661660821
                        ],
                        [
                            3.9680083617488866,
                            47.5856841956221
                        ],
                        [
                            3.969286335789024,
                            47.58982177463599
                        ],
                        [
                            3.970564309829164,
                            47.59395935364989
                        ],
                        [
                            3.9718422838693024,
                            47.598096932663786
                        ],
                        [
                            3.9731202579094425,
                            47.60223451167768
                        ],
                        [
                            3.9731202579094425,
                            47.60223451167768
                        ],
                        [
                            3.9727610272414142,
                            47.604240553921244
                        ],
                        [
                            3.9724017965733878,
                            47.606246596164816
                        ],
                        [
                            3.9720425659053595,
                            47.60825263840837
                        ],
                        [
                            3.9716833352373295,
                            47.61025868065194
                        ],
                        [
                            3.971324104569303,
                            47.6122647228955
                        ],
                        [
                            3.9709648739012766,
                            47.61427076513907
                        ],
                        [
                            3.9706056432332484,
                            47.616276807382626
                        ],
                        [
                            3.9702464125652175,
                            47.61828284962619
                        ],
                        [
                            3.969887181897193,
                            47.620288891869755
                        ],
                        [
                            3.9695279512291646,
                            47.62229493411331
                        ],
                        [
                            3.9695279512291646,
                            47.62229493411331
                        ],
                        [
                            3.964271485123637,
                            47.623798762672365
                        ],
                        [
                            3.9590150190181075,
                            47.62530259123142
                        ],
                        [
                            3.953758552912577,
                            47.626806419790476
                        ],
                        [
                            3.9485020868070513,
                            47.62831024834953
                        ],
                        [
                            3.943245620701522,
                            47.62981407690858
                        ],
                        [
                            3.9379891545959933,
                            47.63131790546763
                        ],
                        [
                            3.9327326884904656,
                            47.632821734026685
                        ],
                        [
                            3.927476222384938,
                            47.634325562585744
                        ],
                        [
                            3.9222197562794103,
                            47.63582939114479
                        ],
                        [
                            3.91696329017388,
                            47.63733321970385
                        ],
                        [
                            3.91696329017388,
                            47.63733321970385
                        ],
                        [
                            3.9140592131745753,
                            47.63607839178319
                        ],
                        [
                            3.911155136175268,
                            47.63482356386254
                        ],
                        [
                            3.9082510591759605,
                            47.633568735941886
                        ],
                        [
                            3.905346982176655,
                            47.63231390802123
                        ],
                        [
                            3.9024429051773484,
                            47.63105908010059
                        ],
                        [
                            3.899538828178041,
                            47.62980425217993
                        ],
                        [
                            3.8966347511787354,
                            47.62854942425928
                        ],
                        [
                            3.893730674179426,
                            47.62729459633863
                        ],
                        [
                            3.8908265971801215,
                            47.626039768417975
                        ],
                        [
                            3.887922520180816,
                            47.62478494049733
                        ],
                        [
                            3.887922520180816,
                            47.62478494049733
                        ],
                        [
                            3.887195476643528,
                            47.62353065588665
                        ],
                        [
                            3.8864684331062436,
                            47.622276371275966
                        ],
                        [
                            3.8857413895689565,
                            47.621022086665285
                        ],
                        [
                            3.8850143460316677,
                            47.61976780205461
                        ],
                        [
                            3.8842873024943834,
                            47.61851351744392
                        ],
                        [
                            3.8835602589570946,
                            47.61725923283325
                        ],
                        [
                            3.8828332154198084,
                            47.61600494822257
                        ],
                        [
                            3.8821061718825223,
                            47.614750663611886
                        ],
                        [
                            3.881379128345236,
                            47.61349637900121
                        ],
                        [
                            3.880652084807949,
                            47.612242094390524
                        ],
                        [
                            3.880652084807949,
                            47.612242094390524
                        ],
                        [
                            3.8723046016537492,
                            47.6101088939125
                        ],
                        [
                            3.8639571184995485,
                            47.607975693434476
                        ],
                        [
                            3.8556096353453486,
                            47.60584249295645
                        ],
                        [
                            3.8472621521911505,
                            47.60370929247842
                        ],
                        [
                            3.838914669036949,
                            47.60157609200039
                        ],
                        [
                            3.830567185882751,
                            47.59944289152236
                        ],
                        [
                            3.822219702728551,
                            47.59730969104434
                        ],
                        [
                            3.813872219574351,
                            47.59517649056631
                        ],
                        [
                            3.8055247364201503,
                            47.59304329008828
                        ],
                        [
                            3.7971772532659505,
                            47.590910089610254
                        ],
                        [
                            3.7971772532659505,
                            47.590910089610254
                        ],
                        [
                            3.795172718144285,
                            47.58576819680401
                        ],
                        [
                            3.793168183022621,
                            47.58062630399777
                        ],
                        [
                            3.791163647900954,
                            47.575484411191525
                        ],
                        [
                            3.7891591127792883,
                            47.57034251838528
                        ],
                        [
                            3.7871545776576236,
                            47.56520062557904
                        ],
                        [
                            3.78515004253596,
                            47.560058732772795
                        ],
                        [
                            3.7831455074142917,
                            47.554916839966545
                        ],
                        [
                            3.781140972292628,
                            47.5497749471603
                        ],
                        [
                            3.7791364371709633,
                            47.54463305435406
                        ],
                        [
                            3.7771319020492977,
                            47.53949116154782
                        ],
                        [
                            3.7771319020492977,
                            47.53949116154782
                        ],
                        [
                            3.768601530980082,
                            47.53547675794303
                        ],
                        [
                            3.7600711599108663,
                            47.531462354338245
                        ],
                        [
                            3.7515407888416514,
                            47.52744795073347
                        ],
                        [
                            3.7430104177724357,
                            47.523433547128676
                        ],
                        [
                            3.73448004670322,
                            47.51941914352388
                        ],
                        [
                            3.725949675634006,
                            47.515404739919106
                        ],
                        [
                            3.7174193045647903,
                            47.511390336314314
                        ],
                        [
                            3.7088889334955755,
                            47.507375932709536
                        ],
                        [
                            3.7003585624263597,
                            47.503361529104744
                        ],
                        [
                            3.691828191357144,
                            47.49934712549996
                        ],
                        [
                            3.691828191357144,
                            47.49934712549996
                        ],
                        [
                            3.6785856499388987,
                            47.49783975223843
                        ],
                        [
                            3.665343108520656,
                            47.49633237897688
                        ],
                        [
                            3.6521005671024125,
                            47.494825005715334
                        ],
                        [
                            3.638858025684169,
                            47.4933176324538
                        ],
                        [
                            3.6256154842659236,
                            47.491810259192256
                        ],
                        [
                            3.61237294284768,
                            47.49030288593072
                        ],
                        [
                            3.5991304014294365,
                            47.48879551266918
                        ],
                        [
                            3.585887860011192,
                            47.48728813940764
                        ],
                        [
                            3.5726453185929485,
                            47.4857807661461
                        ],
                        [
                            3.559402777174705,
                            47.48427339288455
                        ],
                        [
                            3.559402777174705,
                            47.48427339288455
                        ],
                        [
                            3.5535988175136626,
                            47.483895927324276
                        ],
                        [
                            3.5477948578526237,
                            47.483518461764
                        ],
                        [
                            3.5419908981915857,
                            47.48314099620372
                        ],
                        [
                            3.536186938530545,
                            47.48276353064343
                        ],
                        [
                            3.5303829788695045,
                            47.482386065083155
                        ],
                        [
                            3.524579019208462,
                            47.48200859952288
                        ],
                        [
                            3.518775059547423,
                            47.48163113396259
                        ],
                        [
                            3.5129710998863835,
                            47.48125366840232
                        ],
                        [
                            3.5071671402253446,
                            47.48087620284203
                        ],
                        [
                            3.501363180564303,
                            47.48049873728175
                        ],
                        [
                            3.501363180564303,
                            47.48049873728175
                        ],
                        [
                            3.501171692357087,
                            47.47498127984863
                        ],
                        [
                            3.5009802041498728,
                            47.46946382241552
                        ],
                        [
                            3.5007887159426576,
                            47.46394636498239
                        ],
                        [
                            3.5005972277354425,
                            47.45842890754927
                        ],
                        [
                            3.500405739528229,
                            47.452911450116154
                        ],
                        [
                            3.500214251321012,
                            47.44739399268303
                        ],
                        [
                            3.500022763113798,
                            47.44187653524991
                        ],
                        [
                            3.4998312749065827,
                            47.43635907781679
                        ],
                        [
                            3.4996397866993676,
                            47.430841620383674
                        ],
                        [
                            3.4994482984921524,
                            47.425324162950545
                        ],
                        [
                            3.4994482984921524,
                            47.425324162950545
                        ],
                        [
                            3.501252497911611,
                            47.42106130126712
                        ],
                        [
                            3.503056697331068,
                            47.4167984395837
                        ],
                        [
                            3.5048608967505266,
                            47.41253557790028
                        ],
                        [
                            3.5066650961699826,
                            47.40827271621685
                        ],
                        [
                            3.508469295589444,
                            47.40400985453343
                        ],
                        [
                            3.5102734950089,
                            47.39974699285
                        ],
                        [
                            3.5120776944283585,
                            47.39548413116658
                        ],
                        [
                            3.513881893847817,
                            47.39122126948315
                        ],
                        [
                            3.5156860932672758,
                            47.386958407799725
                        ],
                        [
                            3.5174902926867326,
                            47.3826955461163
                        ],
                        [
                            3.5174902926867326,
                            47.3826955461163
                        ],
                        [
                            3.521662663861067,
                            47.38307260449023
                        ],
                        [
                            3.5258350350353997,
                            47.38344966286418
                        ],
                        [
                            3.530007406209734,
                            47.383826721238115
                        ],
                        [
                            3.534179777384065,
                            47.384203779612044
                        ],
                        [
                            3.5383521485584013,
                            47.384580837985986
                        ],
                        [
                            3.5425245197327357,
                            47.38495789635992
                        ],
                        [
                            3.5466968909070684,
                            47.38533495473386
                        ],
                        [
                            3.550869262081403,
                            47.3857120131078
                        ],
                        [
                            3.5550416332557355,
                            47.386089071481734
                        ],
                        [
                            3.559214004430071,
                            47.38646612985567
                        ],
                        [
                            3.559214004430071,
                            47.38646612985567
                        ],
                        [
                            3.563372823805915,
                            47.37982170680797
                        ],
                        [
                            3.5675316431817587,
                            47.373177283760256
                        ],
                        [
                            3.5716904625576027,
                            47.36653286071255
                        ],
                        [
                            3.5758492819334484,
                            47.35988843766485
                        ],
                        [
                            3.5800081013092924,
                            47.35324401461713
                        ],
                        [
                            3.584166920685139,
                            47.346599591569436
                        ],
                        [
                            3.5883257400609803,
                            47.339955168521726
                        ],
                        [
                            3.592484559436825,
                            47.33331074547403
                        ],
                        [
                            3.596643378812669,
                            47.32666632242631
                        ],
                        [
                            3.6008021981885148,
                            47.32002189937861
                        ],
                        [
                            3.6008021981885148,
                            47.32002189937861
                        ],
                        [
                            3.6044229131390284,
                            47.31713965153878
                        ],
                        [
                            3.608043628089542,
                            47.314257403698946
                        ],
                        [
                            3.6116643430400566,
                            47.311375155859125
                        ],
                        [
                            3.615285057990572,
                            47.30849290801928
                        ],
                        [
                            3.6189057729410856,
                            47.305610660179454
                        ],
                        [
                            3.6225264878915984,
                            47.30272841233962
                        ],
                        [
                            3.626147202842114,
                            47.2998461644998
                        ],
                        [
                            3.6297679177926274,
                            47.29696391665997
                        ],
                        [
                            3.633388632743142,
                            47.294081668820134
                        ],
                        [
                            3.6370093476936547,
                            47.29119942098031
                        ],
                        [
                            3.6370093476936547,
                            47.29119942098031
                        ],
                        [
                            3.6368189076116013,
                            47.286184032777726
                        ],
                        [
                            3.6366284675295515,
                            47.281168644575146
                        ],
                        [
                            3.636438027447498,
                            47.276153256372574
                        ],
                        [
                            3.6362475873654447,
                            47.271137868169994
                        ],
                        [
                            3.636057147283394,
                            47.266122479967414
                        ],
                        [
                            3.6358667072013406,
                            47.26110709176483
                        ],
                        [
                            3.6356762671192873,
                            47.256091703562255
                        ],
                        [
                            3.635485827037234,
                            47.251076315359676
                        ],
                        [
                            3.6352953869551823,
                            47.246060927157096
                        ],
                        [
                            3.635104946873128,
                            47.241045538954516
                        ],
                        [
                            3.635104946873128,
                            47.241045538954516
                        ],
                        [
                            3.638906066161868,
                            47.237159198199244
                        ],
                        [
                            3.642707185450608,
                            47.23327285744398
                        ],
                        [
                            3.646508304739346,
                            47.22938651668871
                        ],
                        [
                            3.650309424028086,
                            47.22550017593343
                        ],
                        [
                            3.654110543316826,
                            47.221613835178175
                        ],
                        [
                            3.657911662605564,
                            47.217727494422896
                        ],
                        [
                            3.661712781894304,
                            47.21384115366763
                        ],
                        [
                            3.665513901183042,
                            47.20995481291236
                        ],
                        [
                            3.669315020471782,
                            47.20606847215709
                        ],
                        [
                            3.673116139760522,
                            47.20218213140182
                        ],
                        [
                            3.673116139760522,
                            47.20218213140182
                        ],
                        [
                            3.6796304449479478,
                            47.19516227910065
                        ],
                        [
                            3.6861447501353752,
                            47.18814242679949
                        ],
                        [
                            3.692659055322802,
                            47.181122574498325
                        ],
                        [
                            3.6991733605102293,
                            47.174102722197155
                        ],
                        [
                            3.7056876656976567,
                            47.167082869896
                        ],
                        [
                            3.7122019708850806,
                            47.16006301759483
                        ],
                        [
                            3.718716276072508,
                            47.15304316529367
                        ],
                        [
                            3.725230581259934,
                            47.146023312992504
                        ],
                        [
                            3.7317448864473612,
                            47.13900346069134
                        ],
                        [
                            3.7382591916347896,
                            47.13198360839017
                        ],
                        [
                            3.7382591916347896,
                            47.13198360839017
                        ],
                        [
                            3.746781385877983,
                            47.130982663809455
                        ],
                        [
                            3.755303580121177,
                            47.12998171922873
                        ],
                        [
                            3.763825774364372,
                            47.12898077464801
                        ],
                        [
                            3.772347968607566,
                            47.1279798300673
                        ],
                        [
                            3.780870162850761,
                            47.12697888548657
                        ],
                        [
                            3.789392357093955,
                            47.125977940905855
                        ],
                        [
                            3.7979145513371493,
                            47.12497699632513
                        ],
                        [
                            3.8064367455803425,
                            47.12397605174443
                        ],
                        [
                            3.8149589398235366,
                            47.122975107163704
                        ],
                        [
                            3.8234811340667316,
                            47.12197416258298
                        ],
                        [
                            3.8234811340667316,
                            47.12197416258298
                        ],
                        [
                            3.8285529680113863,
                            47.11846415605158
                        ],
                        [
                            3.8336248019560384,
                            47.11495414952018
                        ],
                        [
                            3.838696635900695,
                            47.11144414298879
                        ],
                        [
                            3.8437684698453487,
                            47.10793413645739
                        ],
                        [
                            3.8488403037900034,
                            47.10442412992599
                        ],
                        [
                            3.8539121377346572,
                            47.100914123394595
                        ],
                        [
                            3.858983971679312,
                            47.097404116863196
                        ],
                        [
                            3.8640558056239667,
                            47.0938941103318
                        ],
                        [
                            3.8691276395686187,
                            47.0903841038004
                        ],
                        [
                            3.8741994735132725,
                            47.086874097269
                        ],
                        [
                            3.8741994735132725,
                            47.086874097269
                        ],
                        [
                            3.878722312932321,
                            47.08148386823425
                        ],
                        [
                            3.8832451523513662,
                            47.076093639199506
                        ],
                        [
                            3.887767991770412,
                            47.07070341016475
                        ],
                        [
                            3.892290831189458,
                            47.065313181129994
                        ],
                        [
                            3.896813670608505,
                            47.05992295209524
                        ],
                        [
                            3.9013365100275528,
                            47.05453272306049
                        ],
                        [
                            3.9058593494465987,
                            47.04914249402574
                        ],
                        [
                            3.9103821888656456,
                            47.04375226499098
                        ],
                        [
                            3.91490502828469,
                            47.038362035956226
                        ],
                        [
                            3.9194278677037375,
                            47.032971806921466
                        ],
                        [
                            3.9194278677037375,
                            47.032971806921466
                        ],
                        [
                            3.920866354399625,
                            47.02657773672548
                        ],
                        [
                            3.9223048410955097,
                            47.0201836665295
                        ],
                        [
                            3.9237433277913945,
                            47.0137895963335
                        ],
                        [
                            3.925181814487279,
                            47.007395526137515
                        ],
                        [
                            3.9266203011831675,
                            47.00100145594153
                        ],
                        [
                            3.9280587878790523,
                            46.99460738574554
                        ],
                        [
                            3.929497274574937,
                            46.98821331554955
                        ],
                        [
                            3.9309357612708244,
                            46.98181924535356
                        ],
                        [
                            3.93237424796671,
                            46.975425175157575
                        ],
                        [
                            3.9338127346625957,
                            46.96903110496159
                        ],
                        [
                            3.9338127346625957,
                            46.96903110496159
                        ],
                        [
                            3.9396101606814917,
                            46.96602334848108
                        ],
                        [
                            3.945407586700385,
                            46.963015592000566
                        ],
                        [
                            3.95120501271928,
                            46.96000783552007
                        ],
                        [
                            3.9570024387381744,
                            46.95700007903956
                        ],
                        [
                            3.9627998647570704,
                            46.95399232255905
                        ],
                        [
                            3.9685972907759655,
                            46.950984566078546
                        ],
                        [
                            3.9743947167948606,
                            46.94797680959804
                        ],
                        [
                            3.9801921428137548,
                            46.94496905311754
                        ],
                        [
                            3.9859895688326508,
                            46.94196129663703
                        ],
                        [
                            3.991786994851544,
                            46.93895354015653
                        ],
                        [
                            3.991786994851544,
                            46.93895354015653
                        ],
                        [
                            3.9916016369485905,
                            46.93657133943495
                        ],
                        [
                            3.9914162790456387,
                            46.934189138713364
                        ],
                        [
                            3.991230921142684,
                            46.93180693799178
                        ],
                        [
                            3.9910455632397306,
                            46.929424737270196
                        ],
                        [
                            3.990860205336778,
                            46.92704253654862
                        ],
                        [
                            3.990674847433826,
                            46.92466033582704
                        ],
                        [
                            3.9904894895308716,
                            46.92227813510546
                        ],
                        [
                            3.990304131627918,
                            46.91989593438388
                        ],
                        [
                            3.9901187737249635,
                            46.9175137336623
                        ],
                        [
                            3.98993341582201,
                            46.91513153294071
                        ],
                        [
                            3.98993341582201,
                            46.91513153294071
                        ],
                        [
                            3.9854003604687205,
                            46.91600742119816
                        ],
                        [
                            3.98086730511543,
                            46.9168833094556
                        ],
                        [
                            3.97633424976214,
                            46.91775919771304
                        ],
                        [
                            3.9718011944088505,
                            46.918635085970486
                        ],
                        [
                            3.9672681390555593,
                            46.919510974227926
                        ],
                        [
                            3.962735083702271,
                            46.920386862485365
                        ],
                        [
                            3.9582020283489814,
                            46.921262750742805
                        ],
                        [
                            3.953668972995691,
                            46.922138639000245
                        ],
                        [
                            3.949135917642401,
                            46.92301452725769
                        ],
                        [
                            3.9446028622891114,
                            46.92389041551513
                        ],
                        [
                            3.9446028622891114,
                            46.92389041551513
                        ],
                        [
                            3.942606963013717,
                            46.923263929613086
                        ],
                        [
                            3.9406110637383214,
                            46.92263744371105
                        ],
                        [
                            3.938615164462924,
                            46.922010957809015
                        ],
                        [
                            3.9366192651875314,
                            46.921384471906975
                        ],
                        [
                            3.9346233659121386,
                            46.92075798600493
                        ],
                        [
                            3.932627466636743,
                            46.92013150010289
                        ],
                        [
                            3.9306315673613477,
                            46.91950501420085
                        ],
                        [
                            3.9286356680859513,
                            46.91887852829881
                        ],
                        [
                            3.926639768810556,
                            46.91825204239678
                        ],
                        [
                            3.924643869535163,
                            46.91762555649474
                        ],
                        [
                            3.924643869535163,
                            46.91762555649474
                        ],
                        [
                            3.923544525987119,
                            46.91160580352431
                        ],
                        [
                            3.922445182439074,
                            46.90558605055388
                        ],
                        [
                            3.9213458388910323,
                            46.899566297583455
                        ],
                        [
                            3.920246495342989,
                            46.893546544613024
                        ],
                        [
                            3.9191471517949457,
                            46.8875267916426
                        ],
                        [
                            3.9180478082469006,
                            46.88150703867217
                        ],
                        [
                            3.9169484646988564,
                            46.875487285701745
                        ],
                        [
                            3.9158491211508157,
                            46.86946753273131
                        ],
                        [
                            3.9147497776027724,
                            46.86344777976089
                        ],
                        [
                            3.9136504340547273,
                            46.85742802679046
                        ],
                        [
                            3.9136504340547273,
                            46.85742802679046
                        ],
                        [
                            3.906753105004259,
                            46.85416713692288
                        ],
                        [
                            3.899855775953792,
                            46.850906247055306
                        ],
                        [
                            3.892958446903324,
                            46.84764535718774
                        ],
                        [
                            3.886061117852853,
                            46.84438446732017
                        ],
                        [
                            3.8791637888023867,
                            46.84112357745259
                        ],
                        [
                            3.8722664597519185,
                            46.83786268758502
                        ],
                        [
                            3.8653691307014477,
                            46.834601797717454
                        ],
                        [
                            3.8584718016509787,
                            46.83134090784987
                        ],
                        [
                            3.851574472600513,
                            46.82808001798231
                        ],
                        [
                            3.8446771435500424,
                            46.82481912811473
                        ],
                        [
                            3.8446771435500424,
                            46.82481912811473
                        ],
                        [
                            3.8368588382294164,
                            46.81503646082188
                        ],
                        [
                            3.8290405329087913,
                            46.805253793529026
                        ],
                        [
                            3.8212222275881644,
                            46.79547112623618
                        ],
                        [
                            3.8134039222675358,
                            46.785688458943326
                        ],
                        [
                            3.805585616946909,
                            46.77590579165047
                        ],
                        [
                            3.797767311626283,
                            46.76612312435762
                        ],
                        [
                            3.789949006305655,
                            46.75634045706477
                        ],
                        [
                            3.782130700985029,
                            46.74655778977192
                        ],
                        [
                            3.774312395664405,
                            46.736775122479074
                        ],
                        [
                            3.7664940903437762,
                            46.72699245518621
                        ],
                        [
                            3.7664940903437762,
                            46.72699245518621
                        ],
                        [
                            3.7630480885512516,
                            46.72674162995839
                        ],
                        [
                            3.759602086758725,
                            46.72649080473055
                        ],
                        [
                            3.7561560849661997,
                            46.726239979502715
                        ],
                        [
                            3.7527100831736733,
                            46.725989154274885
                        ],
                        [
                            3.7492640813811486,
                            46.72573832904705
                        ],
                        [
                            3.745818079588624,
                            46.72548750381922
                        ],
                        [
                            3.7423720777960967,
                            46.72523667859138
                        ],
                        [
                            3.7389260760035756,
                            46.72498585336354
                        ],
                        [
                            3.735480074211049,
                            46.72473502813571
                        ],
                        [
                            3.7320340724185237,
                            46.724484202907874
                        ],
                        [
                            3.7320340724185237,
                            46.724484202907874
                        ],
                        [
                            3.729679422872421,
                            46.72611266354598
                        ],
                        [
                            3.72732477332632,
                            46.72774112418411
                        ],
                        [
                            3.724970123780223,
                            46.72936958482222
                        ],
                        [
                            3.72261547423412,
                            46.730998045460346
                        ],
                        [
                            3.7202608246880176,
                            46.732626506098455
                        ],
                        [
                            3.7179061751419193,
                            46.73425496673657
                        ],
                        [
                            3.7155515255958185,
                            46.73588342737469
                        ],
                        [
                            3.7131968760497176,
                            46.737511888012804
                        ],
                        [
                            3.710842226503616,
                            46.73914034865092
                        ],
                        [
                            3.708487576957516,
                            46.740768809289044
                        ],
                        [
                            3.708487576957516,
                            46.740768809289044
                        ],
                        [
                            3.7003260668932776,
                            46.74051680723838
                        ],
                        [
                            3.6921645568290384,
                            46.74026480518772
                        ],
                        [
                            3.684003046764803,
                            46.740012803137056
                        ],
                        [
                            3.6758415367005655,
                            46.73976080108641
                        ],
                        [
                            3.667680026636327,
                            46.73950879903575
                        ],
                        [
                            3.659518516572088,
                            46.73925679698509
                        ],
                        [
                            3.6513570065078507,
                            46.739004794934424
                        ],
                        [
                            3.6431954964436115,
                            46.738752792883766
                        ],
                        [
                            3.6350339863793715,
                            46.73850079083311
                        ],
                        [
                            3.626872476315134,
                            46.73824878878245
                        ],
                        [
                            3.626872476315134,
                            46.73824878878245
                        ],
                        [
                            3.6185318987037705,
                            46.73887375612009
                        ],
                        [
                            3.610191321092405,
                            46.73949872345773
                        ],
                        [
                            3.6018507434810396,
                            46.74012369079538
                        ],
                        [
                            3.593510165869676,
                            46.740748658133015
                        ],
                        [
                            3.585169588258309,
                            46.74137362547066
                        ],
                        [
                            3.5768290106469434,
                            46.741998592808294
                        ],
                        [
                            3.568488433035578,
                            46.742623560145944
                        ],
                        [
                            3.5601478554242143,
                            46.74324852748359
                        ],
                        [
                            3.551807277812848,
                            46.74387349482122
                        ],
                        [
                            3.5434667002014826,
                            46.74449846215887
                        ],
                        [
                            3.5434667002014826,
                            46.74449846215887
                        ],
                        [
                            3.5430982721346616,
                            46.741739132129496
                        ],
                        [
                            3.542729844067838,
                            46.738979802100125
                        ],
                        [
                            3.542361416001015,
                            46.73622047207075
                        ],
                        [
                            3.5419929879341914,
                            46.73346114204137
                        ],
                        [
                            3.5416245598673677,
                            46.730701812012
                        ],
                        [
                            3.5412561318005467,
                            46.72794248198263
                        ],
                        [
                            3.540887703733722,
                            46.72518315195326
                        ],
                        [
                            3.5405192756668984,
                            46.72242382192388
                        ],
                        [
                            3.5401508476000747,
                            46.719664491894505
                        ],
                        [
                            3.539782419533252,
                            46.716905161865135
                        ],
                        [
                            3.539782419533252,
                            46.716905161865135
                        ],
                        [
                            3.536331414668949,
                            46.71402114917605
                        ],
                        [
                            3.5328804098046445,
                            46.711137136486954
                        ],
                        [
                            3.529429404940339,
                            46.70825312379787
                        ],
                        [
                            3.525978400076036,
                            46.70536911110877
                        ],
                        [
                            3.5225273952117315,
                            46.702485098419686
                        ],
                        [
                            3.519076390347428,
                            46.6996010857306
                        ],
                        [
                            3.5156253854831268,
                            46.696717073041505
                        ],
                        [
                            3.5121743806188204,
                            46.69383306035242
                        ],
                        [
                            3.5087233757545158,
                            46.69094904766332
                        ],
                        [
                            3.505272370890212,
                            46.68806503497424
                        ],
                        [
                            3.505272370890212,
                            46.68806503497424
                        ],
                        [
                            3.5074439997794955,
                            46.68530633885256
                        ],
                        [
                            3.5096156286687736,
                            46.68254764273089
                        ],
                        [
                            3.511787257558057,
                            46.67978894660921
                        ],
                        [
                            3.513958886447336,
                            46.67703025048754
                        ],
                        [
                            3.5161305153366187,
                            46.674271554365866
                        ],
                        [
                            3.5183021442258995,
                            46.67151285824419
                        ],
                        [
                            3.520473773115181,
                            46.66875416212252
                        ],
                        [
                            3.522645402004463,
                            46.665995466000844
                        ],
                        [
                            3.5248170308937428,
                            46.66323676987918
                        ],
                        [
                            3.5269886597830262,
                            46.660478073757496
                        ],
                        [
                            3.5269886597830262,
                            46.660478073757496
                        ],
                        [
                            3.5273421951222717,
                            46.6563409019102
                        ],
                        [
                            3.5276957304615197,
                            46.65220373006291
                        ],
                        [
                            3.5280492658007634,
                            46.64806655821561
                        ],
                        [
                            3.5284028011400115,
                            46.64392938636833
                        ],
                        [
                            3.528756336479257,
                            46.63979221452103
                        ],
                        [
                            3.529109871818504,
                            46.63565504267373
                        ],
                        [
                            3.5294634071577504,
                            46.63151787082644
                        ],
                        [
                            3.5298169424969967,
                            46.627380698979145
                        ],
                        [
                            3.530170477836244,
                            46.623243527131855
                        ],
                        [
                            3.5305240131754894,
                            46.61910635528456
                        ],
                        [
                            3.5305240131754894,
                            46.61910635528456
                        ],
                        [
                            3.527259384739032,
                            46.61835350635208
                        ],
                        [
                            3.523994756302573,
                            46.6176006574196
                        ],
                        [
                            3.520730127866113,
                            46.61684780848713
                        ],
                        [
                            3.517465499429654,
                            46.61609495955466
                        ],
                        [
                            3.514200870993197,
                            46.61534211062218
                        ],
                        [
                            3.510936242556737,
                            46.6145892616897
                        ],
                        [
                            3.507671614120278,
                            46.61383641275722
                        ],
                        [
                            3.5044069856838207,
                            46.61308356382476
                        ],
                        [
                            3.501142357247361,
                            46.61233071489228
                        ],
                        [
                            3.4978777288109035,
                            46.6115778659598
                        ],
                        [
                            3.4978777288109035,
                            46.6115778659598
                        ],
                        [
                            3.494614741489325,
                            46.61245407118097
                        ],
                        [
                            3.491351754167749,
                            46.61333027640213
                        ],
                        [
                            3.488088766846172,
                            46.614206481623285
                        ],
                        [
                            3.4848257795245936,
                            46.61508268684445
                        ],
                        [
                            3.481562792203016,
                            46.615958892065606
                        ],
                        [
                            3.47829980488144,
                            46.616835097286774
                        ],
                        [
                            3.475036817559863,
                            46.617711302507935
                        ],
                        [
                            3.4717738302382846,
                            46.618587507729096
                        ],
                        [
                            3.468510842916707,
                            46.619463712950264
                        ],
                        [
                            3.4652478555951283,
                            46.620339918171425
                        ],
                        [
                            3.4652478555951283,
                            46.620339918171425
                        ],
                        [
                            3.461800643556883,
                            46.61946203832362
                        ],
                        [
                            3.4583534315186353,
                            46.61858415847583
                        ],
                        [
                            3.4549062194803892,
                            46.61770627862803
                        ],
                        [
                            3.4514590074421423,
                            46.61682839878022
                        ],
                        [
                            3.4480117954038936,
                            46.61595051893243
                        ],
                        [
                            3.4445645833656475,
                            46.61507263908463
                        ],
                        [
                            3.4411173713274006,
                            46.614194759236824
                        ],
                        [
                            3.4376701592891545,
                            46.61331687938903
                        ],
                        [
                            3.434222947250906,
                            46.612438999541226
                        ],
                        [
                            3.4307757352126598,
                            46.61156111969343
                        ],
                        [
                            3.4307757352126598,
                            46.61156111969343
                        ],
                        [
                            3.4262419541278466,
                            46.61206099067097
                        ],
                        [
                            3.4217081730430334,
                            46.612560861648525
                        ],
                        [
                            3.417174391958221,
                            46.61306073262607
                        ],
                        [
                            3.412640610873409,
                            46.61356060360362
                        ],
                        [
                            3.4081068297885957,
                            46.614060474581166
                        ],
                        [
                            3.4035730487037807,
                            46.61456034555871
                        ],
                        [
                            3.3990392676189702,
                            46.61506021653626
                        ],
                        [
                            3.394505486534158,
                            46.615560087513806
                        ],
                        [
                            3.389971705449342,
                            46.61605995849135
                        ],
                        [
                            3.3854379243645307,
                            46.6165598294689
                        ],
                        [
                            3.3854379243645307,
                            46.6165598294689
                        ],
                        [
                            3.3796334801998467,
                            46.61593133203789
                        ],
                        [
                            3.3738290360351653,
                            46.61530283460688
                        ],
                        [
                            3.368024591870484,
                            46.61467433717588
                        ],
                        [
                            3.3622201477058,
                            46.61404583974487
                        ],
                        [
                            3.3564157035411184,
                            46.61341734231385
                        ],
                        [
                            3.3506112593764343,
                            46.61278884488285
                        ],
                        [
                            3.344806815211752,
                            46.612160347451834
                        ],
                        [
                            3.339002371047069,
                            46.611531850020825
                        ],
                        [
                            3.3331979268823866,
                            46.610903352589816
                        ],
                        [
                            3.327393482717705,
                            46.610274855158806
                        ],
                        [
                            3.327393482717705,
                            46.610274855158806
                        ],
                        [
                            3.3237676876465287,
                            46.61052498203937
                        ],
                        [
                            3.320141892575354,
                            46.61077510891995
                        ],
                        [
                            3.3165160975041794,
                            46.611025235800525
                        ],
                        [
                            3.312890302433004,
                            46.6112753626811
                        ],
                        [
                            3.3092645073618283,
                            46.61152548956167
                        ],
                        [
                            3.305638712290651,
                            46.61177561644224
                        ],
                        [
                            3.3020129172194763,
                            46.61202574332281
                        ],
                        [
                            3.2983871221483034,
                            46.61227587020338
                        ],
                        [
                            3.294761327077127,
                            46.61252599708396
                        ],
                        [
                            3.2911355320059523,
                            46.61277612396453
                        ],
                        [
                            3.2911355320059523,
                            46.61277612396453
                        ],
                        [
                            3.287806697411631,
                            46.611587418272954
                        ],
                        [
                            3.2844778628173077,
                            46.61039871258138
                        ],
                        [
                            3.2811490282229863,
                            46.60921000688982
                        ],
                        [
                            3.277820193628664,
                            46.60802130119824
                        ],
                        [
                            3.2744913590343407,
                            46.606832595506674
                        ],
                        [
                            3.2711625244400193,
                            46.605643889815106
                        ],
                        [
                            3.267833689845697,
                            46.604455184123545
                        ],
                        [
                            3.2645048552513756,
                            46.60326647843197
                        ],
                        [
                            3.2611760206570524,
                            46.602077772740394
                        ],
                        [
                            3.257847186062731,
                            46.600889067048826
                        ],
                        [
                            3.257847186062731,
                            46.600889067048826
                        ],
                        [
                            3.2570698374439515,
                            46.59681037008872
                        ],
                        [
                            3.2562924888251694,
                            46.59273167312861
                        ],
                        [
                            3.25551514020639,
                            46.588652976168504
                        ],
                        [
                            3.254737791587607,
                            46.5845742792084
                        ],
                        [
                            3.2539604429688276,
                            46.58049558224828
                        ],
                        [
                            3.2531830943500446,
                            46.57641688528818
                        ],
                        [
                            3.2524057457312643,
                            46.572338188328075
                        ],
                        [
                            3.251628397112484,
                            46.56825949136797
                        ],
                        [
                            3.2508510484937037,
                            46.56418079440786
                        ],
                        [
                            3.2500736998749207,
                            46.560102097447746
                        ],
                        [
                            3.2500736998749207,
                            46.560102097447746
                        ],
                        [
                            3.2491726466324713,
                            46.558328614224514
                        ],
                        [
                            3.248271593390021,
                            46.556555131001275
                        ],
                        [
                            3.24737054014757,
                            46.554781647778036
                        ],
                        [
                            3.2464694869051214,
                            46.5530081645548
                        ],
                        [
                            3.245568433662673,
                            46.551234681331565
                        ],
                        [
                            3.2446673804202217,
                            46.549461198108325
                        ],
                        [
                            3.2437663271777732,
                            46.54768771488509
                        ],
                        [
                            3.242865273935323,
                            46.545914231661854
                        ],
                        [
                            3.2419642206928736,
                            46.54414074843862
                        ],
                        [
                            3.2410631674504233,
                            46.54236726521538
                        ],
                        [
                            3.2410631674504233,
                            46.54236726521538
                        ],
                        [
                            3.2440155929991925,
                            46.54387526999438
                        ],
                        [
                            3.2469680185479626,
                            46.54538327477337
                        ],
                        [
                            3.2499204440967326,
                            46.54689127955236
                        ],
                        [
                            3.252872869645499,
                            46.54839928433135
                        ],
                        [
                            3.25582529519427,
                            46.549907289110344
                        ],
                        [
                            3.258777720743042,
                            46.551415293889335
                        ],
                        [
                            3.261730146291811,
                            46.55292329866833
                        ],
                        [
                            3.264682571840581,
                            46.554431303447316
                        ],
                        [
                            3.2676349973893477,
                            46.555939308226314
                        ],
                        [
                            3.2705874229381187,
                            46.5574473130053
                        ],
                        [
                            3.2705874229381187,
                            46.5574473130053
                        ],
                        [
                            3.272506547319946,
                            46.55514255281056
                        ],
                        [
                            3.274425671701772,
                            46.55283779261582
                        ],
                        [
                            3.276344796083601,
                            46.55053303242108
                        ],
                        [
                            3.278263920465427,
                            46.54822827222634
                        ],
                        [
                            3.2801830448472544,
                            46.54592351203159
                        ],
                        [
                            3.282102169229082,
                            46.54361875183685
                        ],
                        [
                            3.2840212936109094,
                            46.54131399164211
                        ],
                        [
                            3.285940417992735,
                            46.53900923144737
                        ],
                        [
                            3.2878595423745627,
                            46.53670447125263
                        ],
                        [
                            3.28977866675639,
                            46.53439971105788
                        ],
                        [
                            3.28977866675639,
                            46.53439971105788
                        ],
                        [
                            3.2918281587583107,
                            46.53316000602483
                        ],
                        [
                            3.2938776507602285,
                            46.53192030099177
                        ],
                        [
                            3.2959271427621464,
                            46.5306805959587
                        ],
                        [
                            3.297976634764066,
                            46.52944089092564
                        ],
                        [
                            3.3000261267659856,
                            46.52820118589258
                        ],
                        [
                            3.302075618767906,
                            46.52696148085952
                        ],
                        [
                            3.304125110769824,
                            46.52572177582646
                        ],
                        [
                            3.3061746027717436,
                            46.52448207079339
                        ],
                        [
                            3.3082240947736623,
                            46.52324236576034
                        ],
                        [
                            3.310273586775582,
                            46.52200266072728
                        ],
                        [
                            3.310273586775582,
                            46.52200266072728
                        ],
                        [
                            3.3121911710442764,
                            46.518899934436504
                        ],
                        [
                            3.3141087553129727,
                            46.51579720814573
                        ],
                        [
                            3.3160263395816716,
                            46.51269448185496
                        ],
                        [
                            3.317943923850367,
                            46.50959175556419
                        ],
                        [
                            3.319861508119063,
                            46.506489029273425
                        ],
                        [
                            3.3217790923877604,
                            46.50338630298265
                        ],
                        [
                            3.3236966766564566,
                            46.500283576691885
                        ],
                        [
                            3.325614260925152,
                            46.49718085040111
                        ],
                        [
                            3.3275318451938483,
                            46.494078124110345
                        ],
                        [
                            3.329449429462547,
                            46.49097539781957
                        ],
                        [
                            3.329449429462547,
                            46.49097539781957
                        ],
                        [
                            3.3366283042581792,
                            46.48964723744255
                        ],
                        [
                            3.343807179053814,
                            46.48831907706552
                        ],
                        [
                            3.350986053849448,
                            46.48699091668849
                        ],
                        [
                            3.3581649286450816,
                            46.48566275631146
                        ],
                        [
                            3.3653438034407164,
                            46.484334595934435
                        ],
                        [
                            3.37252267823635,
                            46.48300643555741
                        ],
                        [
                            3.379701553031984,
                            46.48167827518038
                        ],
                        [
                            3.386880427827618,
                            46.48035011480336
                        ],
                        [
                            3.3940593026232535,
                            46.47902195442633
                        ],
                        [
                            3.4012381774188856,
                            46.4776937940493
                        ],
                        [
                            3.4012381774188856,
                            46.4776937940493
                        ],
                        [
                            3.414445461016927,
                            46.47769709011663
                        ],
                        [
                            3.427652744614966,
                            46.47770038618397
                        ],
                        [
                            3.4408600282130055,
                            46.4777036822513
                        ],
                        [
                            3.4540673118110443,
                            46.47770697831864
                        ],
                        [
                            3.467274595409086,
                            46.47771027438598
                        ],
                        [
                            3.4804818790071264,
                            46.47771357045331
                        ],
                        [
                            3.4936891626051643,
                            46.477716866520645
                        ],
                        [
                            3.506896446203204,
                            46.47772016258798
                        ],
                        [
                            3.5201037298012445,
                            46.47772345865532
                        ],
                        [
                            3.533311013399285,
                            46.47772675472265
                        ],
                        [
                            3.533311013399285,
                            46.47772675472265
                        ],
                        [
                            3.543302444360862,
                            46.47187748691372
                        ],
                        [
                            3.5532938753224417,
                            46.466028219104786
                        ],
                        [
                            3.5632853062840195,
                            46.460178951295845
                        ],
                        [
                            3.5732767372455965,
                            46.45432968348691
                        ],
                        [
                            3.583268168207175,
                            46.44848041567797
                        ],
                        [
                            3.593259599168752,
                            46.44263114786905
                        ],
                        [
                            3.6032510301303318,
                            46.43678188006011
                        ],
                        [
                            3.613242461091908,
                            46.43093261225117
                        ],
                        [
                            3.6232338920534874,
                            46.42508334444225
                        ],
                        [
                            3.6332253230150644,
                            46.41923407663331
                        ],
                        [
                            3.6332253230150644,
                            46.41923407663331
                        ],
                        [
                            3.6377137141694287,
                            46.419235196775794
                        ],
                        [
                            3.642202105323792,
                            46.41923631691828
                        ],
                        [
                            3.6466904964781555,
                            46.41923743706076
                        ],
                        [
                            3.651178887632519,
                            46.41923855720324
                        ],
                        [
                            3.6556672787868822,
                            46.419239677345736
                        ],
                        [
                            3.6601556699412456,
                            46.419240797488214
                        ],
                        [
                            3.664644061095609,
                            46.4192419176307
                        ],
                        [
                            3.6691324522499724,
                            46.419243037773185
                        ],
                        [
                            3.673620843404336,
                            46.41924415791567
                        ],
                        [
                            3.678109234558699,
                            46.41924527805816
                        ],
                        [
                            3.678109234558699,
                            46.41924527805816
                        ],
                        [
                            3.6874649766507397,
                            46.416233066061736
                        ],
                        [
                            3.69682071874278,
                            46.41322085406531
                        ],
                        [
                            3.7061764608348216,
                            46.41020864206888
                        ],
                        [
                            3.715532202926863,
                            46.40719643007246
                        ],
                        [
                            3.724887945018899,
                            46.40418421807603
                        ],
                        [
                            3.7342436871109412,
                            46.40117200607961
                        ],
                        [
                            3.7435994292029835,
                            46.398159794083185
                        ],
                        [
                            3.752955171295022,
                            46.395147582086764
                        ],
                        [
                            3.7623109133870627,
                            46.392135370090344
                        ],
                        [
                            3.771666655479104,
                            46.38912315809391
                        ],
                        [
                            3.771666655479104,
                            46.38912315809391
                        ],
                        [
                            3.773841640402114,
                            46.38646380789462
                        ],
                        [
                            3.7760166253251266,
                            46.38380445769532
                        ],
                        [
                            3.7781916102481383,
                            46.38114510749603
                        ],
                        [
                            3.7803665951711483,
                            46.37848575729674
                        ],
                        [
                            3.782541580094159,
                            46.375826407097435
                        ],
                        [
                            3.7847165650171726,
                            46.37316705689815
                        ],
                        [
                            3.7868915499401834,
                            46.370507706698845
                        ],
                        [
                            3.789066534863195,
                            46.36784835649956
                        ],
                        [
                            3.791241519786204,
                            46.365189006300255
                        ],
                        [
                            3.793416504709216,
                            46.36252965610097
                        ],
                        [
                            3.793416504709216,
                            46.36252965610097
                        ],
                        [
                            3.7922575374167775,
                            46.36004679532578
                        ],
                        [
                            3.791098570124339,
                            46.35756393455058
                        ],
                        [
                            3.789939602831899,
                            46.3550810737754
                        ],
                        [
                            3.788780635539459,
                            46.35259821300021
                        ],
                        [
                            3.7876216682470205,
                            46.35011535222503
                        ],
                        [
                            3.7864627009545777,
                            46.34763249144984
                        ],
                        [
                            3.7853037336621393,
                            46.345149630674655
                        ],
                        [
                            3.784144766369701,
                            46.34266676989947
                        ],
                        [
                            3.782985799077261,
                            46.34018390912429
                        ],
                        [
                            3.7818268317848216,
                            46.337701048349096
                        ],
                        [
                            3.7818268317848216,
                            46.337701048349096
                        ],
                        [
                            3.7764369660309804,
                            46.335749117949106
                        ],
                        [
                            3.7710471002771375,
                            46.333797187549116
                        ],
                        [
                            3.7656572345232946,
                            46.331845257149126
                        ],
                        [
                            3.7602673687694526,
                            46.329893326749136
                        ],
                        [
                            3.7548775030156123,
                            46.327941396349146
                        ],
                        [
                            3.7494876372617694,
                            46.32598946594915
                        ],
                        [
                            3.744097771507929,
                            46.32403753554916
                        ],
                        [
                            3.7387079057540835,
                            46.32208560514918
                        ],
                        [
                            3.7333180400002424,
                            46.32013367474919
                        ],
                        [
                            3.727928174246401,
                            46.31818174434919
                        ],
                        [
                            3.727928174246401,
                            46.31818174434919
                        ],
                        [
                            3.726895557557763,
                            46.31472362246583
                        ],
                        [
                            3.7258629408691246,
                            46.311265500582465
                        ],
                        [
                            3.7248303241804863,
                            46.3078073786991
                        ],
                        [
                            3.723797707491848,
                            46.30434925681573
                        ],
                        [
                            3.7227650908032097,
                            46.30089113493237
                        ],
                        [
                            3.7217324741145696,
                            46.29743301304901
                        ],
                        [
                            3.7206998574259313,
                            46.29397489116564
                        ],
                        [
                            3.719667240737295,
                            46.290516769282284
                        ],
                        [
                            3.7186346240486547,
                            46.28705864739892
                        ],
                        [
                            3.7176020073600173,
                            46.28360052551555
                        ],
                        [
                            3.7176020073600173,
                            46.28360052551555
                        ],
                        [
                            3.7211872917736817,
                            46.28076420034764
                        ],
                        [
                            3.7247725761873443,
                            46.27792787517973
                        ],
                        [
                            3.7283578606010104,
                            46.275091550011815
                        ],
                        [
                            3.731943145014674,
                            46.272255224843896
                        ],
                        [
                            3.7355284294283373,
                            46.26941889967598
                        ],
                        [
                            3.7391137138420025,
                            46.26658257450807
                        ],
                        [
                            3.742698998255666,
                            46.263746249340166
                        ],
                        [
                            3.7462842826693312,
                            46.26090992417226
                        ],
                        [
                            3.7498695670829947,
                            46.25807359900434
                        ],
                        [
                            3.753454851496658,
                            46.25523727383643
                        ],
                        [
                            3.753454851496658,
                            46.25523727383643
                        ],
                        [
                            3.7602531343888708,
                            46.25603694162658
                        ],
                        [
                            3.7670514172810843,
                            46.25683660941675
                        ],
                        [
                            3.7738497001732942,
                            46.25763627720691
                        ],
                        [
                            3.780647983065507,
                            46.25843594499706
                        ],
                        [
                            3.7874462659577204,
                            46.25923561278722
                        ],
                        [
                            3.7942445488499312,
                            46.260035280577384
                        ],
                        [
                            3.801042831742143,
                            46.26083494836754
                        ],
                        [
                            3.8078411146343565,
                            46.2616346161577
                        ],
                        [
                            3.814639397526569,
                            46.26243428394786
                        ],
                        [
                            3.821437680418781,
                            46.26323395173802
                        ],
                        [
                            3.821437680418781,
                            46.26323395173802
                        ],
                        [
                            3.824896192871615,
                            46.26119556064402
                        ],
                        [
                            3.828354705324448,
                            46.25915716955001
                        ],
                        [
                            3.831813217777285,
                            46.25711877845601
                        ],
                        [
                            3.835271730230119,
                            46.255080387362
                        ],
                        [
                            3.8387302426829533,
                            46.253041996267996
                        ],
                        [
                            3.8421887551357865,
                            46.251003605173985
                        ],
                        [
                            3.8456472675886215,
                            46.24896521407999
                        ],
                        [
                            3.8491057800414574,
                            46.24692682298598
                        ],
                        [
                            3.8525642924942907,
                            46.24488843189197
                        ],
                        [
                            3.8560228049471266,
                            46.24285004079797
                        ],
                        [
                            3.8560228049471266,
                            46.24285004079797
                        ],
                        [
                            3.859219967974346,
                            46.23824035494699
                        ],
                        [
                            3.8624171310015627,
                            46.233630669096016
                        ],
                        [
                            3.865614294028781,
                            46.22902098324504
                        ],
                        [
                            3.8688114570560006,
                            46.22441129739406
                        ],
                        [
                            3.8720086200832182,
                            46.21980161154308
                        ],
                        [
                            3.875205783110435,
                            46.21519192569211
                        ],
                        [
                            3.8784029461376535,
                            46.21058223984114
                        ],
                        [
                            3.881600109164873,
                            46.20597255399016
                        ],
                        [
                            3.8847972721920923,
                            46.201362868139185
                        ],
                        [
                            3.8879944352193108,
                            46.1967531822882
                        ],
                        [
                            3.8879944352193108,
                            46.1967531822882
                        ],
                        [
                            3.894533948447816,
                            46.19640016045944
                        ],
                        [
                            3.9010734616763254,
                            46.19604713863067
                        ],
                        [
                            3.907612974904835,
                            46.19569411680191
                        ],
                        [
                            3.914152488133342,
                            46.195341094973145
                        ],
                        [
                            3.9206920013618514,
                            46.19498807314437
                        ],
                        [
                            3.927231514590359,
                            46.194635051315615
                        ],
                        [
                            3.933771027818866,
                            46.19428202948684
                        ],
                        [
                            3.9403105410473747,
                            46.19392900765808
                        ],
                        [
                            3.946850054275884,
                            46.19357598582932
                        ],
                        [
                            3.9533895675043937,
                            46.19322296400055
                        ]
                    ]
                ]
            }
        }
    ]
}