{
    "type": "FeatureCollection",
    "features": [
        {
            "type": "Feature",
            "properties": {
                "diocese": "Sagien",
                "province": "Rothomagen",
                "date": 1592
            },
            "geometry": {
                "type": "Polygon",
                "coordinates": [
                    [
                        [
                            0.6148685506992684,
                            48.62238965110858
                        ],
                        [
                            0.6122172269966477,
                            48.62479784521153
                        ],
                        [
                            0.6095659032940277,
                            48.627206039314494
                        ],
                        [
                            0.6069145795914066,
                            48.62961423341744
                        ],
                        [
                            0.6042632558887859,
                            48.6320224275204
                        ],
                        [
                            0.6016119321861659,
                            48.63443062162336
                        ],
                        [
                            0.5989606084835459,
                            48.636838815726314
                        ],
                        [
                            0.5963092847809262,
                            48.639247009829276
                        ],
                        [
                            0.5936579610783053,
                            48.64165520393223
                        ],
                        [
                            0.5910066373756844,
                            48.64406339803519
                        ],
                        [
                            0.5883553136730644,
                            48.64647159213814
                        ],
                        [
                            0.5883553136730644,
                            48.64647159213814
                        ],
                        [
                            0.5853637357670733,
                            48.64709789986483
                        ],
                        [
                            0.5823721578610828,
                            48.64772420759153
                        ],
                        [
                            0.5793805799550917,
                            48.64835051531822
                        ],
                        [
                            0.5763890020491003,
                            48.64897682304491
                        ],
                        [
                            0.5733974241431092,
                            48.64960313077161
                        ],
                        [
                            0.5704058462371195,
                            48.65022943849829
                        ],
                        [
                            0.5674142683311276,
                            48.65085574622499
                        ],
                        [
                            0.5644226904251377,
                            48.65148205395169
                        ],
                        [
                            0.5614311125191478,
                            48.65210836167837
                        ],
                        [
                            0.5584395346131559,
                            48.65273466940507
                        ],
                        [
                            0.5584395346131559,
                            48.65273466940507
                        ],
                        [
                            0.5578991808624256,
                            48.654552663366715
                        ],
                        [
                            0.5573588271116956,
                            48.65637065732837
                        ],
                        [
                            0.556818473360966,
                            48.65818865129001
                        ],
                        [
                            0.5562781196102355,
                            48.660006645251656
                        ],
                        [
                            0.5557377658595053,
                            48.6618246392133
                        ],
                        [
                            0.555197412108775,
                            48.66364263317495
                        ],
                        [
                            0.5546570583580457,
                            48.665460627136596
                        ],
                        [
                            0.5541167046073154,
                            48.66727862109825
                        ],
                        [
                            0.5535763508565861,
                            48.66909661505989
                        ],
                        [
                            0.5530359971058558,
                            48.670914609021544
                        ],
                        [
                            0.5530359971058558,
                            48.670914609021544
                        ],
                        [
                            0.5504112562753027,
                            48.67348411699201
                        ],
                        [
                            0.5477865154447472,
                            48.67605362496248
                        ],
                        [
                            0.5451617746141932,
                            48.67862313293294
                        ],
                        [
                            0.5425370337836404,
                            48.681192640903404
                        ],
                        [
                            0.5399122929530875,
                            48.68376214887387
                        ],
                        [
                            0.5372875521225329,
                            48.68633165684434
                        ],
                        [
                            0.5346628112919789,
                            48.6889011648148
                        ],
                        [
                            0.532038070461426,
                            48.691470672785265
                        ],
                        [
                            0.5294133296308721,
                            48.694040180755735
                        ],
                        [
                            0.5267885888003183,
                            48.6966096887262
                        ],
                        [
                            0.5267885888003183,
                            48.6966096887262
                        ],
                        [
                            0.5231670748684791,
                            48.69986901998663
                        ],
                        [
                            0.5195455609366388,
                            48.703128351247074
                        ],
                        [
                            0.5159240470047997,
                            48.70638768250751
                        ],
                        [
                            0.5123025330729594,
                            48.70964701376794
                        ],
                        [
                            0.50868101914112,
                            48.71290634502838
                        ],
                        [
                            0.5050595052092808,
                            48.71616567628881
                        ],
                        [
                            0.5014379912774396,
                            48.719425007549255
                        ],
                        [
                            0.4978164773456002,
                            48.722684338809685
                        ],
                        [
                            0.494194963413761,
                            48.72594367007012
                        ],
                        [
                            0.4905734494819207,
                            48.72920300133056
                        ],
                        [
                            0.4905734494819207,
                            48.72920300133056
                        ],
                        [
                            0.4891776994989727,
                            48.72731509091995
                        ],
                        [
                            0.4877819495160234,
                            48.72542718050936
                        ],
                        [
                            0.4863861995330754,
                            48.72353927009875
                        ],
                        [
                            0.4849904495501267,
                            48.721651359688146
                        ],
                        [
                            0.48359469956717804,
                            48.71976344927754
                        ],
                        [
                            0.4821989495842285,
                            48.71787553886694
                        ],
                        [
                            0.4808031996012798,
                            48.71598762845634
                        ],
                        [
                            0.47940744961833204,
                            48.714099718045745
                        ],
                        [
                            0.47801169963538226,
                            48.71221180763513
                        ],
                        [
                            0.4766159496524347,
                            48.710323897224534
                        ],
                        [
                            0.4766159496524347,
                            48.710323897224534
                        ],
                        [
                            0.4628904664125095,
                            48.70836988108212
                        ],
                        [
                            0.44916498317258435,
                            48.70641586493971
                        ],
                        [
                            0.4354394999326596,
                            48.704461848797294
                        ],
                        [
                            0.4217140166927358,
                            48.7025078326549
                        ],
                        [
                            0.4079885334528115,
                            48.70055381651249
                        ],
                        [
                            0.39426305021288566,
                            48.698599800370076
                        ],
                        [
                            0.38053756697296137,
                            48.69664578422766
                        ],
                        [
                            0.3668120837330364,
                            48.69469176808526
                        ],
                        [
                            0.35308660049311147,
                            48.69273775194285
                        ],
                        [
                            0.3393611172531876,
                            48.69078373580044
                        ],
                        [
                            0.3393611172531876,
                            48.69078373580044
                        ],
                        [
                            0.3392265447878813,
                            48.68750317043536
                        ],
                        [
                            0.33909197232257604,
                            48.68422260507028
                        ],
                        [
                            0.338957399857271,
                            48.680942039705215
                        ],
                        [
                            0.338822827391966,
                            48.67766147434014
                        ],
                        [
                            0.33868825492666077,
                            48.67438090897506
                        ],
                        [
                            0.33855368246135553,
                            48.671100343609986
                        ],
                        [
                            0.3384191099960505,
                            48.66781977824491
                        ],
                        [
                            0.3382845375307453,
                            48.66453921287984
                        ],
                        [
                            0.33814996506543915,
                            48.661258647514764
                        ],
                        [
                            0.3380153926001339,
                            48.65797808214969
                        ],
                        [
                            0.3380153926001339,
                            48.65797808214969
                        ],
                        [
                            0.33301693369584684,
                            48.65868613695959
                        ],
                        [
                            0.3280184747915589,
                            48.659394191769486
                        ],
                        [
                            0.3230200158872689,
                            48.66010224657938
                        ],
                        [
                            0.31802155698298096,
                            48.660810301389276
                        ],
                        [
                            0.3130230980786939,
                            48.66151835619917
                        ],
                        [
                            0.3080246391744057,
                            48.662226411009065
                        ],
                        [
                            0.30302618027011685,
                            48.662934465818964
                        ],
                        [
                            0.298027721365828,
                            48.663642520628855
                        ],
                        [
                            0.2930292624615398,
                            48.66435057543875
                        ],
                        [
                            0.28803080355725275,
                            48.66505863024865
                        ],
                        [
                            0.28803080355725275,
                            48.66505863024865
                        ],
                        [
                            0.28290135540868544,
                            48.66514601358573
                        ],
                        [
                            0.27777190726012013,
                            48.66523339692284
                        ],
                        [
                            0.2726424591115546,
                            48.665320780259925
                        ],
                        [
                            0.2675130109629884,
                            48.66540816359701
                        ],
                        [
                            0.2623835628144211,
                            48.6654955469341
                        ],
                        [
                            0.25725411466585557,
                            48.665582930271185
                        ],
                        [
                            0.25212466651729115,
                            48.66567031360829
                        ],
                        [
                            0.24699521836872473,
                            48.66575769694537
                        ],
                        [
                            0.24186577022015765,
                            48.665845080282466
                        ],
                        [
                            0.23673632207159212,
                            48.665932463619555
                        ],
                        [
                            0.23673632207159212,
                            48.665932463619555
                        ],
                        [
                            0.23225030292243498,
                            48.6671726271035
                        ],
                        [
                            0.22776428377327496,
                            48.66841279058743
                        ],
                        [
                            0.22327826462411782,
                            48.66965295407137
                        ],
                        [
                            0.2187922454749589,
                            48.67089311755531
                        ],
                        [
                            0.21430622632580065,
                            48.67213328103925
                        ],
                        [
                            0.20982020717664351,
                            48.673373444523186
                        ],
                        [
                            0.2053341880274835,
                            48.67461360800712
                        ],
                        [
                            0.20084816887832635,
                            48.67585377149106
                        ],
                        [
                            0.1963621497291672,
                            48.677093934975
                        ],
                        [
                            0.19187613058000919,
                            48.67833409845894
                        ],
                        [
                            0.19187613058000919,
                            48.67833409845894
                        ],
                        [
                            0.1917537079265641,
                            48.68134861476286
                        ],
                        [
                            0.19163128527311946,
                            48.684363131066775
                        ],
                        [
                            0.19150886261967415,
                            48.6873776473707
                        ],
                        [
                            0.19138643996622906,
                            48.69039216367462
                        ],
                        [
                            0.19126401731278286,
                            48.69340667997854
                        ],
                        [
                            0.19114159465933755,
                            48.69642119628246
                        ],
                        [
                            0.19101917200589247,
                            48.699435712586386
                        ],
                        [
                            0.19089674935244694,
                            48.7024502288903
                        ],
                        [
                            0.19077432669900252,
                            48.70546474519422
                        ],
                        [
                            0.1906519040455572,
                            48.708479261498134
                        ],
                        [
                            0.1906519040455572,
                            48.708479261498134
                        ],
                        [
                            0.1946330004632626,
                            48.71140507190841
                        ],
                        [
                            0.19861409688096776,
                            48.71433088231868
                        ],
                        [
                            0.20259519329867404,
                            48.71725669272894
                        ],
                        [
                            0.2065762897163801,
                            48.72018250313921
                        ],
                        [
                            0.2105573861340846,
                            48.723108313549474
                        ],
                        [
                            0.21453848255179064,
                            48.726034123959735
                        ],
                        [
                            0.21851957896949603,
                            48.72895993437001
                        ],
                        [
                            0.2225006753872012,
                            48.73188574478028
                        ],
                        [
                            0.22648177180490658,
                            48.73481155519053
                        ],
                        [
                            0.23046286822261264,
                            48.7377373656008
                        ],
                        [
                            0.23046286822261264,
                            48.7377373656008
                        ],
                        [
                            0.2296983934687684,
                            48.74030840434862
                        ],
                        [
                            0.22893391871492508,
                            48.74287944309643
                        ],
                        [
                            0.22816944396108085,
                            48.74545048184424
                        ],
                        [
                            0.22740496920723574,
                            48.748021520592054
                        ],
                        [
                            0.2266404944533924,
                            48.750592559339864
                        ],
                        [
                            0.22587601969954818,
                            48.753163598087674
                        ],
                        [
                            0.22511154494570484,
                            48.75573463683549
                        ],
                        [
                            0.22434707019186062,
                            48.75830567558331
                        ],
                        [
                            0.2235825954380164,
                            48.76087671433111
                        ],
                        [
                            0.22281812068417306,
                            48.76344775307893
                        ],
                        [
                            0.22281812068417306,
                            48.76344775307893
                        ],
                        [
                            0.21923713811350076,
                            48.768500660465
                        ],
                        [
                            0.21565615554282846,
                            48.77355356785108
                        ],
                        [
                            0.21207517297215728,
                            48.77860647523717
                        ],
                        [
                            0.20849419040148387,
                            48.78365938262325
                        ],
                        [
                            0.20491320783081268,
                            48.78871229000932
                        ],
                        [
                            0.20133222526014127,
                            48.79376519739541
                        ],
                        [
                            0.1977512426894683,
                            48.79881810478148
                        ],
                        [
                            0.194170260118798,
                            48.80387101216757
                        ],
                        [
                            0.1905892775481255,
                            48.80892391955364
                        ],
                        [
                            0.1870082949774532,
                            48.81397682693972
                        ],
                        [
                            0.1870082949774532,
                            48.81397682693972
                        ],
                        [
                            0.18380434235230858,
                            48.815039983452664
                        ],
                        [
                            0.18060038972716197,
                            48.81610313996561
                        ],
                        [
                            0.17739643710201713,
                            48.817166296478554
                        ],
                        [
                            0.17419248447687163,
                            48.818229452991496
                        ],
                        [
                            0.1709885318517248,
                            48.81929260950443
                        ],
                        [
                            0.16778457922658108,
                            48.82035576601738
                        ],
                        [
                            0.16458062660143535,
                            48.82141892253032
                        ],
                        [
                            0.16137667397628985,
                            48.82248207904326
                        ],
                        [
                            0.15817272135114413,
                            48.82354523555621
                        ],
                        [
                            0.15496876872599818,
                            48.82460839206914
                        ],
                        [
                            0.15496876872599818,
                            48.82460839206914
                        ],
                        [
                            0.15830934730414192,
                            48.8278897575391
                        ],
                        [
                            0.16164992588228633,
                            48.83117112300904
                        ],
                        [
                            0.16499050446043007,
                            48.834452488479
                        ],
                        [
                            0.16833108303857358,
                            48.83773385394895
                        ],
                        [
                            0.1716716616167182,
                            48.84101521941891
                        ],
                        [
                            0.1750122401948615,
                            48.84429658488885
                        ],
                        [
                            0.17835281877300502,
                            48.847577950358804
                        ],
                        [
                            0.18169339735114787,
                            48.85085931582876
                        ],
                        [
                            0.18503397592929227,
                            48.85414068129871
                        ],
                        [
                            0.188374554507436,
                            48.85742204676866
                        ],
                        [
                            0.188374554507436,
                            48.85742204676866
                        ],
                        [
                            0.18671188024798147,
                            48.85972687643356
                        ],
                        [
                            0.18504920598852626,
                            48.86203170609845
                        ],
                        [
                            0.1833865317290715,
                            48.864336535763336
                        ],
                        [
                            0.18172385746961628,
                            48.86664136542824
                        ],
                        [
                            0.18006118321016107,
                            48.86894619509312
                        ],
                        [
                            0.17839850895070652,
                            48.871251024758024
                        ],
                        [
                            0.17673583469125131,
                            48.87355585442291
                        ],
                        [
                            0.175073160431797,
                            48.875860684087804
                        ],
                        [
                            0.17341048617234156,
                            48.878165513752705
                        ],
                        [
                            0.17174781191288635,
                            48.880470343417585
                        ],
                        [
                            0.17174781191288635,
                            48.880470343417585
                        ],
                        [
                            0.16636171879545403,
                            48.880468999240684
                        ],
                        [
                            0.16097562567802193,
                            48.88046765506378
                        ],
                        [
                            0.15558953256058983,
                            48.880466310886874
                        ],
                        [
                            0.15020343944315773,
                            48.88046496670997
                        ],
                        [
                            0.14481734632572452,
                            48.88046362253307
                        ],
                        [
                            0.13943125320829242,
                            48.88046227835617
                        ],
                        [
                            0.1340451600908601,
                            48.88046093417926
                        ],
                        [
                            0.12865906697342822,
                            48.88045959000235
                        ],
                        [
                            0.1232729738559959,
                            48.88045824582545
                        ],
                        [
                            0.11788688073856357,
                            48.88045690164854
                        ],
                        [
                            0.11788688073856357,
                            48.88045690164854
                        ],
                        [
                            0.11339555674004087,
                            48.878948507346
                        ],
                        [
                            0.1089042327415175,
                            48.877440113043455
                        ],
                        [
                            0.10441290874299436,
                            48.87593171874091
                        ],
                        [
                            0.09992158474447144,
                            48.87442332443837
                        ],
                        [
                            0.0954302607459494,
                            48.87291493013582
                        ],
                        [
                            0.09093893674742604,
                            48.87140653583328
                        ],
                        [
                            0.08644761274890311,
                            48.86989814153073
                        ],
                        [
                            0.08195628875037997,
                            48.86838974722818
                        ],
                        [
                            0.07746496475185682,
                            48.866881352925645
                        ],
                        [
                            0.0729736407533339,
                            48.8653729586231
                        ],
                        [
                            0.0729736407533339,
                            48.8653729586231
                        ],
                        [
                            0.06656692546628884,
                            48.868119916197855
                        ],
                        [
                            0.06016021017924533,
                            48.870866873772606
                        ],
                        [
                            0.05375349489220116,
                            48.87361383134736
                        ],
                        [
                            0.0473467796051561,
                            48.87636078892211
                        ],
                        [
                            0.0409400643181117,
                            48.879107746496864
                        ],
                        [
                            0.03453334903106775,
                            48.88185470407162
                        ],
                        [
                            0.028126633744024243,
                            48.88460166164638
                        ],
                        [
                            0.021719918456978293,
                            48.887348619221136
                        ],
                        [
                            0.015313203169935008,
                            48.89009557679588
                        ],
                        [
                            0.008906487882890723,
                            48.89284253437064
                        ],
                        [
                            0.008906487882890723,
                            48.89284253437064
                        ],
                        [
                            0.007371712240543116,
                            48.894970063556016
                        ],
                        [
                            0.005836936598196285,
                            48.89709759274139
                        ],
                        [
                            0.004302160955848677,
                            48.89922512192676
                        ],
                        [
                            0.0027673853135009585,
                            48.90135265111215
                        ],
                        [
                            0.001232609671154128,
                            48.90348018029752
                        ],
                        [
                            -0.0003021659711925917,
                            48.905607709482894
                        ],
                        [
                            -0.0018369416135403105,
                            48.90773523866827
                        ],
                        [
                            -0.00337171725588703,
                            48.909862767853646
                        ],
                        [
                            -0.004906492898233861,
                            48.91199029703902
                        ],
                        [
                            -0.0064412685405815795,
                            48.9141178262244
                        ],
                        [
                            -0.0064412685405815795,
                            48.9141178262244
                        ],
                        [
                            -0.004509449329403781,
                            48.918374138228344
                        ],
                        [
                            -0.002577630118226759,
                            48.922630450232276
                        ],
                        [
                            -0.0006458109070487383,
                            48.92688676223622
                        ],
                        [
                            0.0012860083041290604,
                            48.93114307424017
                        ],
                        [
                            0.003217827515306859,
                            48.9353993862441
                        ],
                        [
                            0.00514964672648488,
                            48.939655698248046
                        ],
                        [
                            0.007081465937662124,
                            48.943912010251985
                        ],
                        [
                            0.009013285148839922,
                            48.948168322255924
                        ],
                        [
                            0.010945104360017721,
                            48.95242463425986
                        ],
                        [
                            0.012876923571195742,
                            48.95668094626381
                        ],
                        [
                            0.012876923571195742,
                            48.95668094626381
                        ],
                        [
                            0.011604276793221624,
                            48.96173442972824
                        ],
                        [
                            0.010331630015247728,
                            48.966787913192675
                        ],
                        [
                            0.009058983237273832,
                            48.97184139665711
                        ],
                        [
                            0.007786336459299714,
                            48.97689488012155
                        ],
                        [
                            0.00651368968132493,
                            48.98194836358598
                        ],
                        [
                            0.005241042903351034,
                            48.98700184705042
                        ],
                        [
                            0.003968396125377804,
                            48.99205533051485
                        ],
                        [
                            0.0026957493474040195,
                            48.99710881397928
                        ],
                        [
                            0.0014231025694301236,
                            49.002162297443725
                        ],
                        [
                            0.00015045579145600563,
                            49.007215780908155
                        ],
                        [
                            0.00015045579145600563,
                            49.007215780908155
                        ],
                        [
                            -0.002280636993663099,
                            49.01005239412117
                        ],
                        [
                            -0.004711729778781315,
                            49.01288900733418
                        ],
                        [
                            -0.007142822563902196,
                            49.0157256205472
                        ],
                        [
                            -0.0095739153490213,
                            49.01856223376021
                        ],
                        [
                            -0.012005008134139294,
                            49.02139884697323
                        ],
                        [
                            -0.014436100919258621,
                            49.02423546018624
                        ],
                        [
                            -0.016867193704377725,
                            49.02707207339925
                        ],
                        [
                            -0.01929828648949683,
                            49.02990868661226
                        ],
                        [
                            -0.021729379274616822,
                            49.03274529982527
                        ],
                        [
                            -0.024160472059735927,
                            49.035581913038286
                        ],
                        [
                            -0.024160472059735927,
                            49.035581913038286
                        ],
                        [
                            -0.03095704370340746,
                            49.03566888032076
                        ],
                        [
                            -0.03775361534707733,
                            49.03575584760324
                        ],
                        [
                            -0.04455018699074875,
                            49.03584281488571
                        ],
                        [
                            -0.051346758634420286,
                            49.03592978216819
                        ],
                        [
                            -0.05814333027809104,
                            49.03601674945066
                        ],
                        [
                            -0.06493990192176358,
                            49.03610371673314
                        ],
                        [
                            -0.07173647356543522,
                            49.036190684015615
                        ],
                        [
                            -0.07853304520910687,
                            49.03627765129809
                        ],
                        [
                            -0.08532961685277662,
                            49.03636461858057
                        ],
                        [
                            -0.09212618849644827,
                            49.03645158586304
                        ],
                        [
                            -0.09212618849644827,
                            49.03645158586304
                        ],
                        [
                            -0.09558409402761114,
                            49.04122677996025
                        ],
                        [
                            -0.09904199955877502,
                            49.04600197405747
                        ],
                        [
                            -0.10249990508993811,
                            49.050777168154674
                        ],
                        [
                            -0.1059578106211011,
                            49.055552362251895
                        ],
                        [
                            -0.1094157161522642,
                            49.0603275563491
                        ],
                        [
                            -0.11287362168342718,
                            49.065102750446314
                        ],
                        [
                            -0.11633152721459117,
                            49.06987794454353
                        ],
                        [
                            -0.11978943274575327,
                            49.07465313864074
                        ],
                        [
                            -0.12324733827691725,
                            49.07942833273795
                        ],
                        [
                            -0.12670524380808024,
                            49.08420352683517
                        ],
                        [
                            -0.12670524380808024,
                            49.08420352683517
                        ],
                        [
                            -0.12865362988532758,
                            49.08417206224783
                        ],
                        [
                            -0.13060201596257714,
                            49.0841405976605
                        ],
                        [
                            -0.13255040203982538,
                            49.08410913307316
                        ],
                        [
                            -0.13449878811707305,
                            49.08407766848583
                        ],
                        [
                            -0.1364471741943205,
                            49.084046203898495
                        ],
                        [
                            -0.13839556027156985,
                            49.084014739311165
                        ],
                        [
                            -0.14034394634881808,
                            49.08398327472384
                        ],
                        [
                            -0.14229233242606565,
                            49.083951810136504
                        ],
                        [
                            -0.144240718503314,
                            49.083920345549174
                        ],
                        [
                            -0.14618910458056256,
                            49.08388888096184
                        ],
                        [
                            -0.14618910458056256,
                            49.08388888096184
                        ],
                        [
                            -0.1523584835659174,
                            49.08231917771859
                        ],
                        [
                            -0.15852786255127027,
                            49.080749474475354
                        ],
                        [
                            -0.16469724153662513,
                            49.079179771232106
                        ],
                        [
                            -0.17086662052197998,
                            49.077610067988864
                        ],
                        [
                            -0.17703599950733373,
                            49.07604036474562
                        ],
                        [
                            -0.1832053784926877,
                            49.07447066150237
                        ],
                        [
                            -0.18937475747804144,
                            49.072900958259126
                        ],
                        [
                            -0.1955441364633963,
                            49.071331255015885
                        ],
                        [
                            -0.20171351544875127,
                            49.06976155177264
                        ],
                        [
                            -0.20788289443410513,
                            49.068191848529395
                        ],
                        [
                            -0.20788289443410513,
                            49.068191848529395
                        ],
                        [
                            -0.211969102427094,
                            49.06524464864648
                        ],
                        [
                            -0.2160553104200852,
                            49.06229744876355
                        ],
                        [
                            -0.22014151841307505,
                            49.05935024888064
                        ],
                        [
                            -0.22422772640606614,
                            49.056403048997716
                        ],
                        [
                            -0.22831393439905523,
                            49.05345584911479
                        ],
                        [
                            -0.23240014239204432,
                            49.05050864923187
                        ],
                        [
                            -0.23648635038503518,
                            49.047561449348954
                        ],
                        [
                            -0.24057255837802438,
                            49.044614249466036
                        ],
                        [
                            -0.24465876637101525,
                            49.04166704958312
                        ],
                        [
                            -0.24874497436400533,
                            49.0387198497002
                        ],
                        [
                            -0.24874497436400533,
                            49.0387198497002
                        ],
                        [
                            -0.2531012915319072,
                            49.0367126251546
                        ],
                        [
                            -0.2574576086998075,
                            49.034705400609
                        ],
                        [
                            -0.26181392586770946,
                            49.0326981760634
                        ],
                        [
                            -0.26617024303561165,
                            49.03069095151779
                        ],
                        [
                            -0.2705265602035133,
                            49.0286837269722
                        ],
                        [
                            -0.2748828773714145,
                            49.0266765024266
                        ],
                        [
                            -0.2792391945393158,
                            49.02466927788099
                        ],
                        [
                            -0.28359551170721775,
                            49.02266205333538
                        ],
                        [
                            -0.2879518288751187,
                            49.02065482878978
                        ],
                        [
                            -0.2923081460430206,
                            49.01864760424419
                        ],
                        [
                            -0.2923081460430206,
                            49.01864760424419
                        ],
                        [
                            -0.293580489174986,
                            49.017456212215926
                        ],
                        [
                            -0.294852832306953,
                            49.01626482018766
                        ],
                        [
                            -0.29612517543892003,
                            49.015073428159404
                        ],
                        [
                            -0.29739751857088625,
                            49.013882036131136
                        ],
                        [
                            -0.2986698617028525,
                            49.012690644102875
                        ],
                        [
                            -0.29994220483481937,
                            49.011499252074614
                        ],
                        [
                            -0.3012145479667856,
                            49.01030786004635
                        ],
                        [
                            -0.30248689109875193,
                            49.00911646801809
                        ],
                        [
                            -0.30375923423071893,
                            49.00792507598983
                        ],
                        [
                            -0.30503157736268527,
                            49.00673368396156
                        ],
                        [
                            -0.30503157736268527,
                            49.00673368396156
                        ],
                        [
                            -0.30558185425428985,
                            49.003410282901044
                        ],
                        [
                            -0.3061321311458953,
                            49.00008688184052
                        ],
                        [
                            -0.30668240803749836,
                            48.99676348077999
                        ],
                        [
                            -0.3072326849291038,
                            48.99344007971947
                        ],
                        [
                            -0.30778296182070863,
                            48.990116678658936
                        ],
                        [
                            -0.30833323871231255,
                            48.986793277598416
                        ],
                        [
                            -0.308883515603918,
                            48.983469876537896
                        ],
                        [
                            -0.30943379249552194,
                            48.98014647547736
                        ],
                        [
                            -0.30998406938712564,
                            48.97682307441684
                        ],
                        [
                            -0.31053434627873133,
                            48.97349967335631
                        ],
                        [
                            -0.31053434627873133,
                            48.97349967335631
                        ],
                        [
                            -0.31343912321892553,
                            48.97186989468344
                        ],
                        [
                            -0.3163439001591204,
                            48.97024011601055
                        ],
                        [
                            -0.3192486770993146,
                            48.96861033733766
                        ],
                        [
                            -0.32215345403951046,
                            48.96698055866478
                        ],
                        [
                            -0.32505823097970465,
                            48.965350779991894
                        ],
                        [
                            -0.3279630079198995,
                            48.96372100131901
                        ],
                        [
                            -0.3308677848600944,
                            48.96209122264613
                        ],
                        [
                            -0.33377256180028847,
                            48.960461443973244
                        ],
                        [
                            -0.33667733874048267,
                            48.95883166530036
                        ],
                        [
                            -0.33958211568067864,
                            48.95720188662747
                        ],
                        [
                            -0.33958211568067864,
                            48.95720188662747
                        ],
                        [
                            -0.3400459260119544,
                            48.952248386880626
                        ],
                        [
                            -0.340509736343231,
                            48.94729488713377
                        ],
                        [
                            -0.34097354667450697,
                            48.942341387386925
                        ],
                        [
                            -0.3414373570057828,
                            48.937387887640064
                        ],
                        [
                            -0.34190116733705866,
                            48.93243438789322
                        ],
                        [
                            -0.3423649776683364,
                            48.92748088814636
                        ],
                        [
                            -0.34282878799961136,
                            48.92252738839951
                        ],
                        [
                            -0.3432925983308881,
                            48.91757388865266
                        ],
                        [
                            -0.34375640866216395,
                            48.91262038890581
                        ],
                        [
                            -0.3442202189934407,
                            48.90766688915895
                        ],
                        [
                            -0.3442202189934407,
                            48.90766688915895
                        ],
                        [
                            -0.3455806017972184,
                            48.907290532557106
                        ],
                        [
                            -0.3469409846009972,
                            48.906914175955265
                        ],
                        [
                            -0.3483013674047748,
                            48.90653781935342
                        ],
                        [
                            -0.3496617502085544,
                            48.90616146275157
                        ],
                        [
                            -0.3510221330123321,
                            48.90578510614972
                        ],
                        [
                            -0.35238251581611024,
                            48.905408749547874
                        ],
                        [
                            -0.3537428986198887,
                            48.905032392946026
                        ],
                        [
                            -0.35510328142366654,
                            48.90465603634417
                        ],
                        [
                            -0.35646366422744524,
                            48.904279679742324
                        ],
                        [
                            -0.35782404703122306,
                            48.90390332314048
                        ],
                        [
                            -0.35782404703122306,
                            48.90390332314048
                        ],
                        [
                            -0.359094476793945,
                            48.902899940139115
                        ],
                        [
                            -0.360364906556667,
                            48.90189655713776
                        ],
                        [
                            -0.36163533631938893,
                            48.90089317413639
                        ],
                        [
                            -0.3629057660821109,
                            48.89988979113503
                        ],
                        [
                            -0.36417619584483285,
                            48.89888640813366
                        ],
                        [
                            -0.3654466256075548,
                            48.8978830251323
                        ],
                        [
                            -0.36671705537027677,
                            48.89687964213093
                        ],
                        [
                            -0.3679874851329987,
                            48.89587625912957
                        ],
                        [
                            -0.3692579148957197,
                            48.894872876128204
                        ],
                        [
                            -0.37052834465844164,
                            48.89386949312684
                        ],
                        [
                            -0.37052834465844164,
                            48.89386949312684
                        ],
                        [
                            -0.37624175624082434,
                            48.89399304714254
                        ],
                        [
                            -0.38195516782320693,
                            48.89411660115823
                        ],
                        [
                            -0.38766857940558874,
                            48.894240155173925
                        ],
                        [
                            -0.39338199098797055,
                            48.89436370918962
                        ],
                        [
                            -0.39909540257035414,
                            48.89448726320531
                        ],
                        [
                            -0.40480881415273684,
                            48.89461081722101
                        ],
                        [
                            -0.41052222573511865,
                            48.8947343712367
                        ],
                        [
                            -0.41623563731750124,
                            48.894857925252396
                        ],
                        [
                            -0.42194904889988305,
                            48.89498147926809
                        ],
                        [
                            -0.42766246048226486,
                            48.895105033283784
                        ],
                        [
                            -0.42766246048226486,
                            48.895105033283784
                        ],
                        [
                            -0.4292056464313988,
                            48.89447759931098
                        ],
                        [
                            -0.4307488323805323,
                            48.89385016533816
                        ],
                        [
                            -0.4322920183296649,
                            48.89322273136535
                        ],
                        [
                            -0.43383520427879885,
                            48.892595297392546
                        ],
                        [
                            -0.43537839022793146,
                            48.89196786341973
                        ],
                        [
                            -0.43692157617706384,
                            48.89134042944692
                        ],
                        [
                            -0.438464762126198,
                            48.890712995474104
                        ],
                        [
                            -0.4400079480753306,
                            48.890085561501294
                        ],
                        [
                            -0.4415511340244639,
                            48.889458127528485
                        ],
                        [
                            -0.44309431997359805,
                            48.88883069355567
                        ],
                        [
                            -0.44309431997359805,
                            48.88883069355567
                        ],
                        [
                            -0.4429155083516185,
                            48.88701367588722
                        ],
                        [
                            -0.4427366967296401,
                            48.88519665821877
                        ],
                        [
                            -0.4425578851076616,
                            48.88337964055031
                        ],
                        [
                            -0.44237907348568295,
                            48.881562622881866
                        ],
                        [
                            -0.44220026186370354,
                            48.87974560521341
                        ],
                        [
                            -0.4420214502417258,
                            48.87792858754496
                        ],
                        [
                            -0.4418426386197474,
                            48.8761115698765
                        ],
                        [
                            -0.44166382699776885,
                            48.87429455220804
                        ],
                        [
                            -0.4414850153757893,
                            48.87247753453959
                        ],
                        [
                            -0.4413062037538108,
                            48.87066051687114
                        ],
                        [
                            -0.4413062037538108,
                            48.87066051687114
                        ],
                        [
                            -0.4389524273783054,
                            48.86859194372534
                        ],
                        [
                            -0.43659865100280015,
                            48.86652337057954
                        ],
                        [
                            -0.434244874627294,
                            48.86445479743375
                        ],
                        [
                            -0.4318910982517886,
                            48.86238622428795
                        ],
                        [
                            -0.42953732187628335,
                            48.860317651142154
                        ],
                        [
                            -0.4271835455007772,
                            48.858249077996355
                        ],
                        [
                            -0.4248297691252718,
                            48.85618050485056
                        ],
                        [
                            -0.42247599274976566,
                            48.85411193170477
                        ],
                        [
                            -0.4201222163742604,
                            48.85204335855897
                        ],
                        [
                            -0.417768439998755,
                            48.849974785413174
                        ],
                        [
                            -0.417768439998755,
                            48.849974785413174
                        ],
                        [
                            -0.41858846905180247,
                            48.84778043484968
                        ],
                        [
                            -0.4194084981048509,
                            48.84558608428619
                        ],
                        [
                            -0.42022852715789927,
                            48.84339173372269
                        ],
                        [
                            -0.4210485562109476,
                            48.8411973831592
                        ],
                        [
                            -0.4218685852639953,
                            48.839003032595706
                        ],
                        [
                            -0.4226886143170434,
                            48.83680868203221
                        ],
                        [
                            -0.423508643370092,
                            48.834614331468714
                        ],
                        [
                            -0.4243286724231403,
                            48.83241998090522
                        ],
                        [
                            -0.42514870147618866,
                            48.83022563034173
                        ],
                        [
                            -0.4259687305292361,
                            48.82803127977823
                        ],
                        [
                            -0.4259687305292361,
                            48.82803127977823
                        ],
                        [
                            -0.4279662881829699,
                            48.82734070374067
                        ],
                        [
                            -0.42996384583670355,
                            48.82665012770311
                        ],
                        [
                            -0.4319614034904372,
                            48.82595955166555
                        ],
                        [
                            -0.433958961144171,
                            48.825268975627985
                        ],
                        [
                            -0.43595651879790465,
                            48.82457839959043
                        ],
                        [
                            -0.4379540764516391,
                            48.823887823552866
                        ],
                        [
                            -0.43995163410537275,
                            48.823197247515296
                        ],
                        [
                            -0.4419491917591065,
                            48.82250667147774
                        ],
                        [
                            -0.4439467494128393,
                            48.82181609544018
                        ],
                        [
                            -0.44594430706657395,
                            48.821125519402614
                        ],
                        [
                            -0.44594430706657395,
                            48.821125519402614
                        ],
                        [
                            -0.44938980268169904,
                            48.821124659529694
                        ],
                        [
                            -0.452835298296824,
                            48.82112379965677
                        ],
                        [
                            -0.456280793911949,
                            48.821122939783855
                        ],
                        [
                            -0.4597262895270732,
                            48.82112207991093
                        ],
                        [
                            -0.46317178514219837,
                            48.821121220038
                        ],
                        [
                            -0.4666172807573232,
                            48.82112036016508
                        ],
                        [
                            -0.47006277637244753,
                            48.821119500292156
                        ],
                        [
                            -0.4735082719875724,
                            48.821118640419236
                        ],
                        [
                            -0.4769537676026965,
                            48.82111778054632
                        ],
                        [
                            -0.48039926321782167,
                            48.82111692067338
                        ],
                        [
                            -0.48039926321782167,
                            48.82111692067338
                        ],
                        [
                            -0.48357814291474266,
                            48.81835795577667
                        ],
                        [
                            -0.48675702261166354,
                            48.81559899087995
                        ],
                        [
                            -0.4899359023085853,
                            48.81284002598323
                        ],
                        [
                            -0.4931147820055064,
                            48.8100810610865
                        ],
                        [
                            -0.4962936617024273,
                            48.807322096189786
                        ],
                        [
                            -0.49947254139934816,
                            48.80456313129306
                        ],
                        [
                            -0.5026514210962693,
                            48.80180416639633
                        ],
                        [
                            -0.5058303007931919,
                            48.799045201499624
                        ],
                        [
                            -0.5090091804901118,
                            48.796286236602896
                        ],
                        [
                            -0.5121880601870329,
                            48.793527271706175
                        ],
                        [
                            -0.5121880601870329,
                            48.793527271706175
                        ],
                        [
                            -0.5110125665934732,
                            48.79177246492256
                        ],
                        [
                            -0.5098370729999134,
                            48.79001765813895
                        ],
                        [
                            -0.5086615794063545,
                            48.788262851355334
                        ],
                        [
                            -0.5074860858127948,
                            48.786508044571725
                        ],
                        [
                            -0.5063105922192341,
                            48.78475323778812
                        ],
                        [
                            -0.5051350986256763,
                            48.7829984310045
                        ],
                        [
                            -0.5039596050321172,
                            48.78124362422089
                        ],
                        [
                            -0.5027841114385568,
                            48.779488817437276
                        ],
                        [
                            -0.501608617844997,
                            48.77773401065366
                        ],
                        [
                            -0.5004331242514373,
                            48.77597920387006
                        ],
                        [
                            -0.5004331242514373,
                            48.77597920387006
                        ],
                        [
                            -0.49907685667791146,
                            48.77422337021062
                        ],
                        [
                            -0.49772058910438566,
                            48.77246753655118
                        ],
                        [
                            -0.49636432153085863,
                            48.77071170289176
                        ],
                        [
                            -0.49500805395733305,
                            48.76895586923232
                        ],
                        [
                            -0.493651786383807,
                            48.767200035572884
                        ],
                        [
                            -0.49229551881028144,
                            48.76544420191345
                        ],
                        [
                            -0.4909392512367554,
                            48.763688368254016
                        ],
                        [
                            -0.4895829836632287,
                            48.761932534594585
                        ],
                        [
                            -0.48822671608970314,
                            48.760176700935155
                        ],
                        [
                            -0.4868704485161771,
                            48.75842086727572
                        ],
                        [
                            -0.4868704485161771,
                            48.75842086727572
                        ],
                        [
                            -0.4878690743546229,
                            48.75735559542773
                        ],
                        [
                            -0.4888677001930689,
                            48.75629032357974
                        ],
                        [
                            -0.4898663260315149,
                            48.75522505173175
                        ],
                        [
                            -0.4908649518699608,
                            48.75415977988376
                        ],
                        [
                            -0.4918635777084066,
                            48.75309450803577
                        ],
                        [
                            -0.49286220354685173,
                            48.75202923618778
                        ],
                        [
                            -0.49386082938529763,
                            48.75096396433978
                        ],
                        [
                            -0.4948594552237434,
                            48.7498986924918
                        ],
                        [
                            -0.49585808106218854,
                            48.74883342064381
                        ],
                        [
                            -0.49685670690063466,
                            48.747768148795814
                        ],
                        [
                            -0.49685670690063466,
                            48.747768148795814
                        ],
                        [
                            -0.5029346793234479,
                            48.74632452023459
                        ],
                        [
                            -0.5090126517462608,
                            48.74488089167335
                        ],
                        [
                            -0.5150906241690753,
                            48.743437263112114
                        ],
                        [
                            -0.5211685965918879,
                            48.74199363455088
                        ],
                        [
                            -0.5272465690147017,
                            48.74055000598965
                        ],
                        [
                            -0.533324541437515,
                            48.73910637742841
                        ],
                        [
                            -0.5394025138603288,
                            48.73766274886718
                        ],
                        [
                            -0.5454804862831414,
                            48.73621912030595
                        ],
                        [
                            -0.5515584587059559,
                            48.73477549174471
                        ],
                        [
                            -0.5576364311287687,
                            48.73333186318348
                        ],
                        [
                            -0.5576364311287687,
                            48.73333186318348
                        ],
                        [
                            -0.5613577301022781,
                            48.73132479711579
                        ],
                        [
                            -0.5650790290757879,
                            48.7293177310481
                        ],
                        [
                            -0.5688003280492973,
                            48.72731066498041
                        ],
                        [
                            -0.5725216270228061,
                            48.72530359891272
                        ],
                        [
                            -0.5762429259963157,
                            48.72329653284503
                        ],
                        [
                            -0.5799642249698252,
                            48.721289466777336
                        ],
                        [
                            -0.5836855239433346,
                            48.71928240070965
                        ],
                        [
                            -0.5874068229168433,
                            48.71727533464197
                        ],
                        [
                            -0.5911281218903529,
                            48.71526826857428
                        ],
                        [
                            -0.5948494208638626,
                            48.71326120250659
                        ],
                        [
                            -0.5948494208638626,
                            48.71326120250659
                        ],
                        [
                            -0.5991132223329326,
                            48.71275806944472
                        ],
                        [
                            -0.6033770238020038,
                            48.71225493638284
                        ],
                        [
                            -0.6076408252710747,
                            48.71175180332098
                        ],
                        [
                            -0.6119046267401458,
                            48.71124867025911
                        ],
                        [
                            -0.616168428209216,
                            48.71074553719723
                        ],
                        [
                            -0.620432229678287,
                            48.71024240413537
                        ],
                        [
                            -0.6246960311473571,
                            48.709739271073495
                        ],
                        [
                            -0.6289598326164288,
                            48.70923613801163
                        ],
                        [
                            -0.6332236340854991,
                            48.70873300494976
                        ],
                        [
                            -0.6374874355545693,
                            48.70822987188788
                        ],
                        [
                            -0.6374874355545693,
                            48.70822987188788
                        ],
                        [
                            -0.6386693490525689,
                            48.706662485328856
                        ],
                        [
                            -0.6398512625505681,
                            48.70509509876983
                        ],
                        [
                            -0.6410331760485686,
                            48.70352771221081
                        ],
                        [
                            -0.6422150895465671,
                            48.70196032565178
                        ],
                        [
                            -0.6433970030445667,
                            48.70039293909276
                        ],
                        [
                            -0.6445789165425662,
                            48.698825552533734
                        ],
                        [
                            -0.6457608300405664,
                            48.69725816597471
                        ],
                        [
                            -0.6469427435385651,
                            48.695690779415685
                        ],
                        [
                            -0.6481246570365647,
                            48.69412339285665
                        ],
                        [
                            -0.6493065705345643,
                            48.69255600629763
                        ],
                        [
                            -0.6493065705345643,
                            48.69255600629763
                        ],
                        [
                            -0.6455947101982867,
                            48.68967270921388
                        ],
                        [
                            -0.6418828498620092,
                            48.686789412130125
                        ],
                        [
                            -0.6381709895257316,
                            48.68390611504637
                        ],
                        [
                            -0.6344591291894541,
                            48.681022817962614
                        ],
                        [
                            -0.6307472688531759,
                            48.67813952087886
                        ],
                        [
                            -0.6270354085168992,
                            48.6752562237951
                        ],
                        [
                            -0.6233235481806207,
                            48.67237292671135
                        ],
                        [
                            -0.6196116878443433,
                            48.66948962962759
                        ],
                        [
                            -0.6158998275080657,
                            48.66660633254384
                        ],
                        [
                            -0.6121879671717873,
                            48.66372303546008
                        ],
                        [
                            -0.6121879671717873,
                            48.66372303546008
                        ],
                        [
                            -0.6058360283273971,
                            48.665417764143385
                        ],
                        [
                            -0.599484089483007,
                            48.66711249282668
                        ],
                        [
                            -0.5931321506386169,
                            48.66880722150999
                        ],
                        [
                            -0.5867802117942268,
                            48.670501950193305
                        ],
                        [
                            -0.5804282729498358,
                            48.6721966788766
                        ],
                        [
                            -0.5740763341054448,
                            48.67389140755991
                        ],
                        [
                            -0.5677243952610547,
                            48.67558613624321
                        ],
                        [
                            -0.5613724564166653,
                            48.67728086492651
                        ],
                        [
                            -0.5550205175722743,
                            48.67897559360981
                        ],
                        [
                            -0.5486685787278831,
                            48.68067032229312
                        ],
                        [
                            -0.5486685787278831,
                            48.68067032229312
                        ],
                        [
                            -0.5412368708811427,
                            48.679042056717265
                        ],
                        [
                            -0.5338051630344014,
                            48.677413791141404
                        ],
                        [
                            -0.5263734551876609,
                            48.67578552556556
                        ],
                        [
                            -0.5189417473409196,
                            48.6741572599897
                        ],
                        [
                            -0.5115100394941792,
                            48.672528994413845
                        ],
                        [
                            -0.5040783316474368,
                            48.670900728837985
                        ],
                        [
                            -0.49664662380069635,
                            48.66927246326214
                        ],
                        [
                            -0.48921491595395483,
                            48.66764419768628
                        ],
                        [
                            -0.48178320810721353,
                            48.666015932110426
                        ],
                        [
                            -0.4743515002604729,
                            48.66438766653457
                        ],
                        [
                            -0.4743515002604729,
                            48.66438766653457
                        ],
                        [
                            -0.4639314802890375,
                            48.660441020941846
                        ],
                        [
                            -0.45351146031760303,
                            48.65649437534911
                        ],
                        [
                            -0.4430914403461691,
                            48.652547729756385
                        ],
                        [
                            -0.4326714203747337,
                            48.64860108416365
                        ],
                        [
                            -0.4222514004032991,
                            48.64465443857093
                        ],
                        [
                            -0.4118313804318644,
                            48.64070779297821
                        ],
                        [
                            -0.4014113604604297,
                            48.63676114738548
                        ],
                        [
                            -0.390991340488996,
                            48.63281450179275
                        ],
                        [
                            -0.3805713205175604,
                            48.628867856200024
                        ],
                        [
                            -0.3701513005461259,
                            48.62492121060729
                        ],
                        [
                            -0.3701513005461259,
                            48.62492121060729
                        ],
                        [
                            -0.36707327867725015,
                            48.62184974679065
                        ],
                        [
                            -0.3639952568083751,
                            48.61877828297402
                        ],
                        [
                            -0.3609172349395009,
                            48.61570681915738
                        ],
                        [
                            -0.35783921307062516,
                            48.612635355340736
                        ],
                        [
                            -0.354761191201751,
                            48.609563891524104
                        ],
                        [
                            -0.351683169332875,
                            48.606492427707465
                        ],
                        [
                            -0.3486051474639993,
                            48.60342096389082
                        ],
                        [
                            -0.3455271255951242,
                            48.60034950007418
                        ],
                        [
                            -0.34244910372625004,
                            48.59727803625755
                        ],
                        [
                            -0.3393710818573741,
                            48.59420657244091
                        ],
                        [
                            -0.3393710818573741,
                            48.59420657244091
                        ],
                        [
                            -0.3339364776689002,
                            48.59132370529263
                        ],
                        [
                            -0.3285018734804255,
                            48.588440838144344
                        ],
                        [
                            -0.3230672692919526,
                            48.58555797099607
                        ],
                        [
                            -0.317632665103478,
                            48.58267510384779
                        ],
                        [
                            -0.3121980609150041,
                            48.579792236699504
                        ],
                        [
                            -0.30676345672652916,
                            48.57690936955123
                        ],
                        [
                            -0.3013288525380563,
                            48.574026502402944
                        ],
                        [
                            -0.29589424834958167,
                            48.571143635254664
                        ],
                        [
                            -0.2904596441611078,
                            48.568260768106384
                        ],
                        [
                            -0.28502503997263395,
                            48.5653779009581
                        ],
                        [
                            -0.28502503997263395,
                            48.5653779009581
                        ],
                        [
                            -0.2812162142912492,
                            48.56550490337545
                        ],
                        [
                            -0.27740738860986425,
                            48.5656319057928
                        ],
                        [
                            -0.2735985629284803,
                            48.56575890821015
                        ],
                        [
                            -0.26978973724709543,
                            48.56588591062749
                        ],
                        [
                            -0.26598091156571146,
                            48.56601291304485
                        ],
                        [
                            -0.2621720858843275,
                            48.566139915462195
                        ],
                        [
                            -0.25836326020294165,
                            48.566266917879545
                        ],
                        [
                            -0.2545544345215577,
                            48.5663939202969
                        ],
                        [
                            -0.25074560884017316,
                            48.56652092271424
                        ],
                        [
                            -0.2469367831587881,
                            48.56664792513159
                        ],
                        [
                            -0.2469367831587881,
                            48.56664792513159
                        ],
                        [
                            -0.2421365910126263,
                            48.56407896007625
                        ],
                        [
                            -0.23733639886646474,
                            48.56150999502091
                        ],
                        [
                            -0.23253620672030295,
                            48.558941029965574
                        ],
                        [
                            -0.2277360145741394,
                            48.55637206491023
                        ],
                        [
                            -0.2229358224279776,
                            48.55380309985489
                        ],
                        [
                            -0.21813563028181615,
                            48.55123413479955
                        ],
                        [
                            -0.21333543813565348,
                            48.548665169744204
                        ],
                        [
                            -0.2085352459894908,
                            48.546096204688865
                        ],
                        [
                            -0.20373505384333002,
                            48.54352723963352
                        ],
                        [
                            -0.19893486169716756,
                            48.54095827457818
                        ],
                        [
                            -0.19893486169716756,
                            48.54095827457818
                        ],
                        [
                            -0.19213360487753728,
                            48.54089694872909
                        ],
                        [
                            -0.1853323480579081,
                            48.54083562288
                        ],
                        [
                            -0.17853109123827893,
                            48.54077429703091
                        ],
                        [
                            -0.17172983441864886,
                            48.54071297118182
                        ],
                        [
                            -0.16492857759902058,
                            48.54065164533273
                        ],
                        [
                            -0.1581273207793913,
                            48.540590319483634
                        ],
                        [
                            -0.15132606395976134,
                            48.54052899363455
                        ],
                        [
                            -0.14452480714013205,
                            48.540467667785464
                        ],
                        [
                            -0.13772355032050299,
                            48.54040634193637
                        ],
                        [
                            -0.1309222935008737,
                            48.54034501608728
                        ],
                        [
                            -0.1309222935008737,
                            48.54034501608728
                        ],
                        [
                            -0.12720910128099228,
                            48.538151796854265
                        ],
                        [
                            -0.12349590906111152,
                            48.535958577621265
                        ],
                        [
                            -0.11978271684123198,
                            48.53376535838826
                        ],
                        [
                            -0.11606952462135056,
                            48.53157213915524
                        ],
                        [
                            -0.1123563324014698,
                            48.52937891992224
                        ],
                        [
                            -0.10864314018158838,
                            48.52718570068922
                        ],
                        [
                            -0.10492994796170851,
                            48.524992481456216
                        ],
                        [
                            -0.10121675574182709,
                            48.52279926222321
                        ],
                        [
                            -0.09750356352194656,
                            48.520606042990195
                        ],
                        [
                            -0.0937903713020658,
                            48.51841282375719
                        ],
                        [
                            -0.0937903713020658,
                            48.51841282375719
                        ],
                        [
                            -0.09252468345012632,
                            48.516155970513886
                        ],
                        [
                            -0.09125899559818584,
                            48.513899117270576
                        ],
                        [
                            -0.08999330774624548,
                            48.51164226402727
                        ],
                        [
                            -0.08872761989430611,
                            48.50938541078396
                        ],
                        [
                            -0.08746193204236574,
                            48.50712855754066
                        ],
                        [
                            -0.08619624419042604,
                            48.50487170429735
                        ],
                        [
                            -0.08493055633848567,
                            48.50261485105405
                        ],
                        [
                            -0.0836648684865463,
                            48.50035799781074
                        ],
                        [
                            -0.08239918063460505,
                            48.49810114456743
                        ],
                        [
                            -0.08113349278266635,
                            48.49584429132413
                        ],
                        [
                            -0.08113349278266635,
                            48.49584429132413
                        ],
                        [
                            -0.0815065085557749,
                            48.4907038722082
                        ],
                        [
                            -0.08187952432888435,
                            48.485563453092276
                        ],
                        [
                            -0.08225254010199368,
                            48.48042303397635
                        ],
                        [
                            -0.08262555587510223,
                            48.47528261486042
                        ],
                        [
                            -0.08299857164821167,
                            48.47014219574449
                        ],
                        [
                            -0.08337158742132034,
                            48.465001776628554
                        ],
                        [
                            -0.08374460319442956,
                            48.45986135751262
                        ],
                        [
                            -0.08411761896753811,
                            48.4547209383967
                        ],
                        [
                            -0.08449063474064744,
                            48.44958051928077
                        ],
                        [
                            -0.08486365051375688,
                            48.44444010016484
                        ],
                        [
                            -0.08486365051375688,
                            48.44444010016484
                        ],
                        [
                            -0.08405560015827107,
                            48.44042802709726
                        ],
                        [
                            -0.08324754980278537,
                            48.436415954029684
                        ],
                        [
                            -0.08243949944729845,
                            48.4324038809621
                        ],
                        [
                            -0.08163144909181264,
                            48.42839180789453
                        ],
                        [
                            -0.0808233987363266,
                            48.42437973482695
                        ],
                        [
                            -0.08001534838084079,
                            48.42036766175936
                        ],
                        [
                            -0.07920729802535509,
                            48.416355588691786
                        ],
                        [
                            -0.07839924766986806,
                            48.41234351562421
                        ],
                        [
                            -0.07759119731438235,
                            48.40833144255662
                        ],
                        [
                            -0.07678314695889632,
                            48.40431936948905
                        ],
                        [
                            -0.07678314695889632,
                            48.40431936948905
                        ],
                        [
                            -0.0747008174941981,
                            48.402501760349594
                        ],
                        [
                            -0.07261848802950233,
                            48.40068415121013
                        ],
                        [
                            -0.07053615856480389,
                            48.39886654207067
                        ],
                        [
                            -0.06845382910010733,
                            48.39704893293121
                        ],
                        [
                            -0.06637149963540867,
                            48.395231323791755
                        ],
                        [
                            -0.06428917017071112,
                            48.3934137146523
                        ],
                        [
                            -0.062206840706014455,
                            48.39159610551284
                        ],
                        [
                            -0.060124511241316014,
                            48.389778496373374
                        ],
                        [
                            -0.05804218177662035,
                            48.387960887233916
                        ],
                        [
                            -0.05595985231192169,
                            48.386143278094465
                        ],
                        [
                            -0.05595985231192169,
                            48.386143278094465
                        ],
                        [
                            -0.05233131232356247,
                            48.38652020074751
                        ],
                        [
                            -0.04870277233520226,
                            48.386897123400566
                        ],
                        [
                            -0.04507423234684205,
                            48.38727404605362
                        ],
                        [
                            -0.04144569235848283,
                            48.38765096870667
                        ],
                        [
                            -0.037817152370123286,
                            48.388027891359734
                        ],
                        [
                            -0.034188612381762296,
                            48.38840481401278
                        ],
                        [
                            -0.030560072393402082,
                            48.388781736665834
                        ],
                        [
                            -0.026931532405042646,
                            48.38915865931888
                        ],
                        [
                            -0.02330299241668332,
                            48.38953558197194
                        ],
                        [
                            -0.019674452428322997,
                            48.38991250462499
                        ],
                        [
                            -0.019674452428322997,
                            48.38991250462499
                        ],
                        [
                            -0.016133536119281255,
                            48.3929225970923
                        ],
                        [
                            -0.012592619810238515,
                            48.395932689559615
                        ],
                        [
                            -0.009051703501195774,
                            48.39894278202693
                        ],
                        [
                            -0.00551078719215492,
                            48.40195287449424
                        ],
                        [
                            -0.0019698708831128453,
                            48.40496296696155
                        ],
                        [
                            0.0015710454259298956,
                            48.40797305942886
                        ],
                        [
                            0.005111961734971637,
                            48.410983151896176
                        ],
                        [
                            0.008652878044014378,
                            48.41399324436348
                        ],
                        [
                            0.012193794353056231,
                            48.417003336830795
                        ],
                        [
                            0.015734710662098195,
                            48.42001342929811
                        ],
                        [
                            0.015734710662098195,
                            48.42001342929811
                        ],
                        [
                            0.017731291387258263,
                            48.4202019361229
                        ],
                        [
                            0.019727872112418332,
                            48.420390442947685
                        ],
                        [
                            0.021724452837577513,
                            48.42057894977248
                        ],
                        [
                            0.02372103356273847,
                            48.42076745659726
                        ],
                        [
                            0.02571761428789765,
                            48.42095596342205
                        ],
                        [
                            0.02771419501305772,
                            48.421144470246844
                        ],
                        [
                            0.029710775738217787,
                            48.42133297707163
                        ],
                        [
                            0.031707356463377856,
                            48.42152148389642
                        ],
                        [
                            0.033703937188537925,
                            48.4217099907212
                        ],
                        [
                            0.03570051791369799,
                            48.42189849754599
                        ],
                        [
                            0.03570051791369799,
                            48.42189849754599
                        ],
                        [
                            0.0384180156604057,
                            48.420958060999084
                        ],
                        [
                            0.04113551340711452,
                            48.42001762445217
                        ],
                        [
                            0.04385301115382312,
                            48.41907718790525
                        ],
                        [
                            0.046570508900531715,
                            48.41813675135835
                        ],
                        [
                            0.049288006647240534,
                            48.417196314811434
                        ],
                        [
                            0.052005504393948465,
                            48.41625587826452
                        ],
                        [
                            0.05472300214065706,
                            48.41531544171762
                        ],
                        [
                            0.05744049988736588,
                            48.414375005170704
                        ],
                        [
                            0.06015799763407448,
                            48.41343456862379
                        ],
                        [
                            0.06287549538078352,
                            48.41249413207689
                        ],
                        [
                            0.06287549538078352,
                            48.41249413207689
                        ],
                        [
                            0.0641484446753855,
                            48.41399959014534
                        ],
                        [
                            0.06542139396998925,
                            48.41550504821379
                        ],
                        [
                            0.06669434326459145,
                            48.41701050628225
                        ],
                        [
                            0.06796729255919476,
                            48.4185159643507
                        ],
                        [
                            0.06924024185379762,
                            48.42002142241916
                        ],
                        [
                            0.07051319114839871,
                            48.42152688048762
                        ],
                        [
                            0.07178614044300269,
                            48.42303233855608
                        ],
                        [
                            0.07305908973760578,
                            48.42453779662453
                        ],
                        [
                            0.07433203903220886,
                            48.426043254692985
                        ],
                        [
                            0.07560498832681106,
                            48.42754871276144
                        ],
                        [
                            0.07560498832681106,
                            48.42754871276144
                        ],
                        [
                            0.07995671572998786,
                            48.42717378169875
                        ],
                        [
                            0.08430844313316599,
                            48.426798850636054
                        ],
                        [
                            0.08866017053634212,
                            48.42642391957336
                        ],
                        [
                            0.09301189793952003,
                            48.426048988510665
                        ],
                        [
                            0.09736362534269705,
                            48.42567405744797
                        ],
                        [
                            0.10171535274587407,
                            48.42529912638528
                        ],
                        [
                            0.10606708014905109,
                            48.42492419532258
                        ],
                        [
                            0.11041880755222722,
                            48.424549264259895
                        ],
                        [
                            0.11477053495540535,
                            48.42417433319719
                        ],
                        [
                            0.11912226235858259,
                            48.423799402134506
                        ],
                        [
                            0.11912226235858259,
                            48.423799402134506
                        ],
                        [
                            0.1201233007671847,
                            48.42611877775111
                        ],
                        [
                            0.12112433917578436,
                            48.428438153367715
                        ],
                        [
                            0.12212537758438646,
                            48.43075752898431
                        ],
                        [
                            0.1231264159929879,
                            48.43307690460091
                        ],
                        [
                            0.12412745440158934,
                            48.43539628021751
                        ],
                        [
                            0.1251284928101899,
                            48.43771565583412
                        ],
                        [
                            0.1261295312187911,
                            48.44003503145072
                        ],
                        [
                            0.12713056962739344,
                            48.44235440706733
                        ],
                        [
                            0.12813160803599377,
                            48.44467378268393
                        ],
                        [
                            0.1291326464445952,
                            48.446993158300536
                        ],
                        [
                            0.1291326464445952,
                            48.446993158300536
                        ],
                        [
                            0.13539427730345688,
                            48.44912691021472
                        ],
                        [
                            0.1416559081623172,
                            48.45126066212891
                        ],
                        [
                            0.14791753902117688,
                            48.4533944140431
                        ],
                        [
                            0.1541791698800381,
                            48.45552816595729
                        ],
                        [
                            0.16044080073889888,
                            48.457661917871484
                        ],
                        [
                            0.16670243159775922,
                            48.45979566978568
                        ],
                        [
                            0.17296406245662088,
                            48.461929421699864
                        ],
                        [
                            0.17922569331548055,
                            48.46406317361405
                        ],
                        [
                            0.18548732417434088,
                            48.466196925528244
                        ],
                        [
                            0.19174895503320233,
                            48.46833067744243
                        ],
                        [
                            0.19174895503320233,
                            48.46833067744243
                        ],
                        [
                            0.20090546434726608,
                            48.4677689369327
                        ],
                        [
                            0.21006197366132962,
                            48.46720719642296
                        ],
                        [
                            0.21921848297539337,
                            48.46664545591321
                        ],
                        [
                            0.22837499228945712,
                            48.46608371540348
                        ],
                        [
                            0.23753150160352066,
                            48.46552197489374
                        ],
                        [
                            0.24668801091758352,
                            48.464960234383994
                        ],
                        [
                            0.25584452023164816,
                            48.464398493874256
                        ],
                        [
                            0.26500102954571103,
                            48.46383675336452
                        ],
                        [
                            0.27415753885977545,
                            48.46327501285477
                        ],
                        [
                            0.2833140481738392,
                            48.46271327234504
                        ],
                        [
                            0.2833140481738392,
                            48.46271327234504
                        ],
                        [
                            0.2902013781693036,
                            48.46001877629474
                        ],
                        [
                            0.29708870816476685,
                            48.457324280244435
                        ],
                        [
                            0.3039760381602301,
                            48.45462978419413
                        ],
                        [
                            0.3108633681556938,
                            48.451935288143844
                        ],
                        [
                            0.317750698151158,
                            48.44924079209354
                        ],
                        [
                            0.32463802814662235,
                            48.446546296043245
                        ],
                        [
                            0.3315253581420856,
                            48.443851799992935
                        ],
                        [
                            0.3384126881375509,
                            48.44115730394263
                        ],
                        [
                            0.34530001813301436,
                            48.43846280789234
                        ],
                        [
                            0.3521873481284785,
                            48.43576831184204
                        ],
                        [
                            0.3521873481284785,
                            48.43576831184204
                        ],
                        [
                            0.3536345377609025,
                            48.433887520993885
                        ],
                        [
                            0.3550817273933271,
                            48.43200673014573
                        ],
                        [
                            0.35652891702575107,
                            48.43012593929759
                        ],
                        [
                            0.3579761066581746,
                            48.428245148449435
                        ],
                        [
                            0.3594232962905983,
                            48.42636435760128
                        ],
                        [
                            0.3608704859230223,
                            48.424483566753125
                        ],
                        [
                            0.36231767555544603,
                            48.42260277590498
                        ],
                        [
                            0.36376486518787,
                            48.42072198505682
                        ],
                        [
                            0.3652120548202946,
                            48.41884119420867
                        ],
                        [
                            0.36665924445271836,
                            48.41696040336052
                        ],
                        [
                            0.36665924445271836,
                            48.41696040336052
                        ],
                        [
                            0.3668310584679153,
                            48.41232112266244
                        ],
                        [
                            0.36700287248311025,
                            48.40768184196435
                        ],
                        [
                            0.367174686498307,
                            48.40304256126625
                        ],
                        [
                            0.36734650051350304,
                            48.39840328056817
                        ],
                        [
                            0.3675183145286989,
                            48.393763999870075
                        ],
                        [
                            0.3676901285438958,
                            48.38912471917199
                        ],
                        [
                            0.36786194255909077,
                            48.3844854384739
                        ],
                        [
                            0.3680337565742873,
                            48.37984615777581
                        ],
                        [
                            0.3682055705894842,
                            48.37520687707773
                        ],
                        [
                            0.3683773846046794,
                            48.37056759637964
                        ],
                        [
                            0.3683773846046794,
                            48.37056759637964
                        ],
                        [
                            0.36900720102997386,
                            48.367872605198166
                        ],
                        [
                            0.36963701745526656,
                            48.3651776140167
                        ],
                        [
                            0.3702668338805619,
                            48.36248262283523
                        ],
                        [
                            0.3708966503058566,
                            48.35978763165376
                        ],
                        [
                            0.3715264667311493,
                            48.35709264047229
                        ],
                        [
                            0.3721562831564438,
                            48.35439764929081
                        ],
                        [
                            0.37278609958173825,
                            48.351702658109346
                        ],
                        [
                            0.37341591600703183,
                            48.349007666927875
                        ],
                        [
                            0.37404573243232564,
                            48.346312675746404
                        ],
                        [
                            0.3746755488576201,
                            48.34361768456494
                        ],
                        [
                            0.3746755488576201,
                            48.34361768456494
                        ],
                        [
                            0.37883790895456415,
                            48.33879139121555
                        ],
                        [
                            0.38300026905150775,
                            48.33396509786618
                        ],
                        [
                            0.3871626291484538,
                            48.329138804516795
                        ],
                        [
                            0.39132498924539805,
                            48.324312511167406
                        ],
                        [
                            0.39548734934234253,
                            48.31948621781803
                        ],
                        [
                            0.3996497094392868,
                            48.31465992446866
                        ],
                        [
                            0.4038120695362313,
                            48.30983363111927
                        ],
                        [
                            0.4079744296331771,
                            48.30500733776989
                        ],
                        [
                            0.41213678973012136,
                            48.30018104442051
                        ],
                        [
                            0.41629914982706584,
                            48.29535475107113
                        ],
                        [
                            0.41629914982706584,
                            48.29535475107113
                        ],
                        [
                            0.4205578975667743,
                            48.29403868753585
                        ],
                        [
                            0.42481664530648433,
                            48.29272262400058
                        ],
                        [
                            0.4290753930461939,
                            48.291406560465305
                        ],
                        [
                            0.4333341407859028,
                            48.290090496930034
                        ],
                        [
                            0.4375928885256115,
                            48.28877443339476
                        ],
                        [
                            0.4418516362653204,
                            48.28745836985948
                        ],
                        [
                            0.4461103840050291,
                            48.28614230632421
                        ],
                        [
                            0.450369131744738,
                            48.28482624278894
                        ],
                        [
                            0.4546278794844476,
                            48.28351017925366
                        ],
                        [
                            0.4588866272241574,
                            48.28219411571839
                        ],
                        [
                            0.4588866272241574,
                            48.28219411571839
                        ],
                        [
                            0.4653250326288756,
                            48.28225874571537
                        ],
                        [
                            0.47176343803359533,
                            48.28232337571234
                        ],
                        [
                            0.4782018434383135,
                            48.282388005709315
                        ],
                        [
                            0.4846402488430317,
                            48.28245263570629
                        ],
                        [
                            0.49107865424775077,
                            48.28251726570328
                        ],
                        [
                            0.4975170596524696,
                            48.28258189570025
                        ],
                        [
                            0.5039554650571878,
                            48.282646525697224
                        ],
                        [
                            0.510393870461906,
                            48.2827111556942
                        ],
                        [
                            0.516832275866626,
                            48.28277578569118
                        ],
                        [
                            0.5232706812713439,
                            48.28284041568815
                        ],
                        [
                            0.5232706812713439,
                            48.28284041568815
                        ],
                        [
                            0.5287992320826893,
                            48.28139968370151
                        ],
                        [
                            0.5343277828940356,
                            48.279958951714875
                        ],
                        [
                            0.5398563337053806,
                            48.27851821972823
                        ],
                        [
                            0.5453848845167251,
                            48.27707748774159
                        ],
                        [
                            0.5509134353280714,
                            48.275636755754945
                        ],
                        [
                            0.5564419861394156,
                            48.274196023768305
                        ],
                        [
                            0.561970536950761,
                            48.272755291781664
                        ],
                        [
                            0.5674990877621056,
                            48.271314559795016
                        ],
                        [
                            0.5730276385734521,
                            48.26987382780838
                        ],
                        [
                            0.5785561893847966,
                            48.26843309582174
                        ],
                        [
                            0.5785561893847966,
                            48.26843309582174
                        ],
                        [
                            0.5820924774996503,
                            48.26824596980384
                        ],
                        [
                            0.585628765614504,
                            48.26805884378595
                        ],
                        [
                            0.5891650537293576,
                            48.26787171776806
                        ],
                        [
                            0.5927013418442102,
                            48.26768459175017
                        ],
                        [
                            0.5962376299590628,
                            48.26749746573227
                        ],
                        [
                            0.5997739180739163,
                            48.26731033971438
                        ],
                        [
                            0.6033102061887701,
                            48.26712321369649
                        ],
                        [
                            0.6068464943036236,
                            48.26693608767859
                        ],
                        [
                            0.6103827824184764,
                            48.2667489616607
                        ],
                        [
                            0.61391907053333,
                            48.2665618356428
                        ],
                        [
                            0.61391907053333,
                            48.2665618356428
                        ],
                        [
                            0.6231627495418008,
                            48.26393095632301
                        ],
                        [
                            0.6324064285502713,
                            48.26130007700322
                        ],
                        [
                            0.6416501075587431,
                            48.25866919768343
                        ],
                        [
                            0.6508937865672135,
                            48.256038318363636
                        ],
                        [
                            0.6601374655756842,
                            48.25340743904384
                        ],
                        [
                            0.6693811445841558,
                            48.25077655972405
                        ],
                        [
                            0.6786248235926258,
                            48.24814568040426
                        ],
                        [
                            0.6878685026010964,
                            48.245514801084475
                        ],
                        [
                            0.697112181609568,
                            48.24288392176468
                        ],
                        [
                            0.7063558606180387,
                            48.240253042444884
                        ],
                        [
                            0.7063558606180387,
                            48.240253042444884
                        ],
                        [
                            0.7117132261742678,
                            48.24458071460015
                        ],
                        [
                            0.717070591730498,
                            48.24890838675541
                        ],
                        [
                            0.7224279572867267,
                            48.253236058910666
                        ],
                        [
                            0.7277853228429567,
                            48.25756373106593
                        ],
                        [
                            0.7331426883991861,
                            48.261891403221185
                        ],
                        [
                            0.7385000539554154,
                            48.26621907537645
                        ],
                        [
                            0.7438574195116447,
                            48.27054674753172
                        ],
                        [
                            0.7492147850678741,
                            48.27487441968697
                        ],
                        [
                            0.7545721506241043,
                            48.27920209184223
                        ],
                        [
                            0.7599295161803326,
                            48.28352976399749
                        ],
                        [
                            0.7599295161803326,
                            48.28352976399749
                        ],
                        [
                            0.7642863157934392,
                            48.28578695389208
                        ],
                        [
                            0.7686431154065456,
                            48.28804414378667
                        ],
                        [
                            0.7729999150196509,
                            48.290301333681256
                        ],
                        [
                            0.7773567146327567,
                            48.29255852357585
                        ],
                        [
                            0.7817135142458622,
                            48.29481571347044
                        ],
                        [
                            0.7860703138589686,
                            48.29707290336503
                        ],
                        [
                            0.7904271134720748,
                            48.29933009325963
                        ],
                        [
                            0.7947839130851806,
                            48.30158728315421
                        ],
                        [
                            0.7991407126982852,
                            48.303844473048805
                        ],
                        [
                            0.8034975123113914,
                            48.3061016629434
                        ],
                        [
                            0.8034975123113914,
                            48.3061016629434
                        ],
                        [
                            0.8055896432685272,
                            48.30936242012598
                        ],
                        [
                            0.8076817742256615,
                            48.31262317730857
                        ],
                        [
                            0.8097739051827952,
                            48.31588393449116
                        ],
                        [
                            0.8118660361399295,
                            48.319144691673756
                        ],
                        [
                            0.813958167097065,
                            48.32240544885634
                        ],
                        [
                            0.8160502980541993,
                            48.32566620603893
                        ],
                        [
                            0.818142429011333,
                            48.32892696322152
                        ],
                        [
                            0.8202345599684691,
                            48.332187720404114
                        ],
                        [
                            0.8223266909256022,
                            48.3354484775867
                        ],
                        [
                            0.8244188218827371,
                            48.33870923476929
                        ],
                        [
                            0.8244188218827371,
                            48.33870923476929
                        ],
                        [
                            0.8230655788837407,
                            48.34203216624843
                        ],
                        [
                            0.8217123358847434,
                            48.34535509772756
                        ],
                        [
                            0.8203590928857469,
                            48.3486780292067
                        ],
                        [
                            0.8190058498867503,
                            48.35200096068583
                        ],
                        [
                            0.8176526068877537,
                            48.35532389216497
                        ],
                        [
                            0.8162993638887572,
                            48.358646823644094
                        ],
                        [
                            0.8149461208897599,
                            48.361969755123226
                        ],
                        [
                            0.8135928778907635,
                            48.365292686602366
                        ],
                        [
                            0.8122396348917662,
                            48.36861561808149
                        ],
                        [
                            0.8108863918927693,
                            48.37193854956063
                        ],
                        [
                            0.8108863918927693,
                            48.37193854956063
                        ],
                        [
                            0.8080803984097886,
                            48.37425697507774
                        ],
                        [
                            0.8052744049268066,
                            48.376575400594845
                        ],
                        [
                            0.8024684114438259,
                            48.378893826111955
                        ],
                        [
                            0.7996624179608429,
                            48.381212251629066
                        ],
                        [
                            0.7968564244778631,
                            48.38353067714618
                        ],
                        [
                            0.7940504309948813,
                            48.38584910266329
                        ],
                        [
                            0.7912444375119003,
                            48.3881675281804
                        ],
                        [
                            0.7884384440289174,
                            48.390485953697514
                        ],
                        [
                            0.7856324505459367,
                            48.39280437921462
                        ],
                        [
                            0.7828264570629555,
                            48.39512280473173
                        ],
                        [
                            0.7828264570629555,
                            48.39512280473173
                        ],
                        [
                            0.7762997933665452,
                            48.396563287624964
                        ],
                        [
                            0.7697731296701336,
                            48.398003770518194
                        ],
                        [
                            0.7632464659737237,
                            48.39944425341143
                        ],
                        [
                            0.7567198022773138,
                            48.400884736304654
                        ],
                        [
                            0.7501931385809022,
                            48.40232521919789
                        ],
                        [
                            0.7436664748844923,
                            48.40376570209112
                        ],
                        [
                            0.7371398111880816,
                            48.405206184984365
                        ],
                        [
                            0.7306131474916717,
                            48.406646667877595
                        ],
                        [
                            0.724086483795261,
                            48.40808715077083
                        ],
                        [
                            0.7175598200988502,
                            48.40952763366407
                        ],
                        [
                            0.7175598200988502,
                            48.40952763366407
                        ],
                        [
                            0.7143018774611503,
                            48.41303809287809
                        ],
                        [
                            0.7110439348234503,
                            48.41654855209212
                        ],
                        [
                            0.7077859921857512,
                            48.420059011306144
                        ],
                        [
                            0.7045280495480517,
                            48.42356947052017
                        ],
                        [
                            0.7012701069103517,
                            48.427079929734205
                        ],
                        [
                            0.6980121642726509,
                            48.43059038894824
                        ],
                        [
                            0.6947542216349518,
                            48.43410084816227
                        ],
                        [
                            0.6914962789972521,
                            48.43761130737629
                        ],
                        [
                            0.6882383363595521,
                            48.441121766590314
                        ],
                        [
                            0.6849803937218524,
                            48.44463222580435
                        ],
                        [
                            0.6849803937218524,
                            48.44463222580435
                        ],
                        [
                            0.6839919301831658,
                            48.448832262396614
                        ],
                        [
                            0.6830034666444804,
                            48.45303229898888
                        ],
                        [
                            0.682015003105795,
                            48.45723233558114
                        ],
                        [
                            0.6810265395671096,
                            48.46143237217341
                        ],
                        [
                            0.6800380760284241,
                            48.46563240876568
                        ],
                        [
                            0.6790496124897387,
                            48.469832445357945
                        ],
                        [
                            0.6780611489510524,
                            48.47403248195021
                        ],
                        [
                            0.677072685412367,
                            48.47823251854248
                        ],
                        [
                            0.6760842218736816,
                            48.48243255513474
                        ],
                        [
                            0.6750957583349961,
                            48.48663259172701
                        ],
                        [
                            0.6750957583349961,
                            48.48663259172701
                        ],
                        [
                            0.6760999508667407,
                            48.49058208839607
                        ],
                        [
                            0.6771041433984832,
                            48.494531585065126
                        ],
                        [
                            0.6781083359302276,
                            48.498481081734184
                        ],
                        [
                            0.6791125284619715,
                            48.50243057840325
                        ],
                        [
                            0.6801167209937158,
                            48.50638007507231
                        ],
                        [
                            0.6811209135254592,
                            48.51032957174136
                        ],
                        [
                            0.6821251060572027,
                            48.51427906841042
                        ],
                        [
                            0.6831292985889472,
                            48.51822856507948
                        ],
                        [
                            0.6841334911206907,
                            48.52217806174854
                        ],
                        [
                            0.6851376836524352,
                            48.5261275584176
                        ],
                        [
                            0.6851376836524352,
                            48.5261275584176
                        ],
                        [
                            0.6815122593683096,
                            48.52656569940944
                        ],
                        [
                            0.6778868350841836,
                            48.52700384040128
                        ],
                        [
                            0.674261410800058,
                            48.52744198139311
                        ],
                        [
                            0.6706359865159324,
                            48.52788012238494
                        ],
                        [
                            0.6670105622318077,
                            48.528318263376775
                        ],
                        [
                            0.6633851379476816,
                            48.528756404368615
                        ],
                        [
                            0.6597597136635569,
                            48.52919454536045
                        ],
                        [
                            0.6561342893794304,
                            48.52963268635228
                        ],
                        [
                            0.6525088650953048,
                            48.530070827344126
                        ],
                        [
                            0.6488834408111788,
                            48.53050896833595
                        ],
                        [
                            0.6488834408111788,
                            48.53050896833595
                        ],
                        [
                            0.6477086729491428,
                            48.53263979239946
                        ],
                        [
                            0.6465339050871071,
                            48.53477061646297
                        ],
                        [
                            0.6453591372250702,
                            48.53690144052647
                        ],
                        [
                            0.6441843693630331,
                            48.53903226458998
                        ],
                        [
                            0.6430096015009954,
                            48.541163088653484
                        ],
                        [
                            0.6418348336389594,
                            48.54329391271698
                        ],
                        [
                            0.6406600657769241,
                            48.54542473678049
                        ],
                        [
                            0.6394852979148866,
                            48.547555560844
                        ],
                        [
                            0.6383105300528498,
                            48.5496863849075
                        ],
                        [
                            0.6371357621908138,
                            48.55181720897101
                        ],
                        [
                            0.6371357621908138,
                            48.55181720897101
                        ],
                        [
                            0.6341466047551543,
                            48.55369761499895
                        ],
                        [
                            0.6311574473194952,
                            48.55557802102689
                        ],
                        [
                            0.6281682898838348,
                            48.55745842705482
                        ],
                        [
                            0.6251791324481761,
                            48.559338833082755
                        ],
                        [
                            0.6221899750125175,
                            48.5612192391107
                        ],
                        [
                            0.6192008175768571,
                            48.563099645138635
                        ],
                        [
                            0.6162116601411984,
                            48.56498005116657
                        ],
                        [
                            0.6132225027055389,
                            48.56686045719451
                        ],
                        [
                            0.61023334526988,
                            48.56874086322245
                        ],
                        [
                            0.6072441878342205,
                            48.57062126925039
                        ],
                        [
                            0.6072441878342205,
                            48.57062126925039
                        ],
                        [
                            0.6062527302397376,
                            48.57406927089788
                        ],
                        [
                            0.6052612726452555,
                            48.577517272545386
                        ],
                        [
                            0.6042698150507726,
                            48.58096527419289
                        ],
                        [
                            0.6032783574562897,
                            48.58441327584039
                        ],
                        [
                            0.6022868998618067,
                            48.587861277487896
                        ],
                        [
                            0.6012954422673247,
                            48.591309279135395
                        ],
                        [
                            0.600303984672842,
                            48.5947572807829
                        ],
                        [
                            0.599312527078359,
                            48.5982052824304
                        ],
                        [
                            0.598321069483877,
                            48.601653284077905
                        ],
                        [
                            0.597329611889394,
                            48.605101285725404
                        ],
                        [
                            0.597329611889394,
                            48.605101285725404
                        ],
                        [
                            0.5990835057703818,
                            48.60683012226372
                        ],
                        [
                            0.600837399651369,
                            48.608558958802035
                        ],
                        [
                            0.6025912935323567,
                            48.61028779534036
                        ],
                        [
                            0.6043451874133439,
                            48.612016631878674
                        ],
                        [
                            0.6060990812943317,
                            48.613745468416994
                        ],
                        [
                            0.6078529751753179,
                            48.61547430495531
                        ],
                        [
                            0.6096068690563068,
                            48.617203141493626
                        ],
                        [
                            0.6113607629372937,
                            48.618931978031945
                        ],
                        [
                            0.6131146568182806,
                            48.62066081457026
                        ],
                        [
                            0.6148685506992684,
                            48.62238965110858
                        ]
                    ]
                ]
            }
        }
    ]
}