{"type": "FeatureCollection", "features": [{"type": "Feature", "properties": {"source": "0_Province_Mayence.txt"}, "geometry": {"type": "Polygon", "coordinates": [[[7.794096786055114, 49.24410745824494], [7.792794377190923, 49.24408859690712], [7.791364266252394, 49.243952113007], [7.789853638228511, 49.24371802199238], [7.788309678108259, 49.24340633931105], [7.786779570880626, 49.24303708041083], [7.785310501534589, 49.2426302607395], [7.783949655059136, 49.24220589574488], [7.782744216443248, 49.24178400087475], [7.78174137067592, 49.24138459157692], [7.780988302746124, 49.24102768329918], [7.780988302746138, 49.24102768329918], [7.7802656369706025, 49.24072715263099], [7.779333028758442, 49.24047928262634], [7.778214041836989, 49.240277946504776], [7.77693223993359, 49.24011701748584], [7.775511186775574, 49.239990368789066], [7.773974446090284, 49.23989187363399], [7.77234558160505, 49.23981540524016], [7.770648157047219, 49.2397548368271], [7.768905736144124, 49.239704041614374], [7.767141882623102, 49.23965689282151], [7.76714188262309, 49.23965689282151], [7.7653650385687225, 49.239559980351956], [7.763583056745835, 49.23936605747032], [7.761824312629203, 49.23907824385928], [7.760117181693598, 49.23869965920153], [7.7584900394138, 49.23823342317974], [7.756971261264589, 49.23768265547661], [7.755589222720731, 49.23705047577482], [7.754372299257007, 49.23634000375705], [7.75334886634819, 49.235554359105976], [7.752547299469061, 49.2346966615043], [7.752547299469061, 49.2346966615043], [7.751894932606781, 49.23389907351994], [7.751289035597162, 49.233262493598296], [7.750712887687936, 49.23274314523824], [7.7501497681268425, 49.23229725193864], [7.749582956161616, 49.23188103719837], [7.748995731039985, 49.23145072451632], [7.748371372009691, 49.23096253739134], [7.747693158318466, 49.23037269932233], [7.746944369214047, 49.22963743380814], [7.746108283944167, 49.22871296434766], [7.746108283944169, 49.22871296434766], [7.74510762674697, 49.22745880173109], [7.7438898218803764, 49.225829320076386], [7.742475198621808, 49.22392303787407], [7.740884086248682, 49.22183847361465], [7.739136814038416, 49.21967414578865], [7.737253711268426, 49.21752857288658], [7.735255107216137, 49.21550027339893], [7.733161331158955, 49.213687765816246], [7.730992712374308, 49.212189568629015], [7.7287695801396055, 49.21110420032776], [7.728769580139618, 49.21110420032776], [7.726489704389163, 49.210241054143694], [7.724165506519553, 49.20933123905599], [7.721838581130781, 49.208355896223495], [7.719550522822843, 49.20729616680505], [7.717342926195732, 49.20613319195951], [7.715257385849442, 49.2048481128457], [7.713335496383969, 49.20342207062249], [7.71161885239931, 49.20183620644871], [7.710149048495454, 49.20007166148321], [7.7089676792724, 49.198109576884825], [7.708967679272384, 49.19810957688483], [7.708034081156853, 49.1960150928414], [7.7072858064842915, 49.19387572726718], [7.706732485778655, 49.191706237312495], [7.706383749563912, 49.189521380127644], [7.706249228364014, 49.18733591286295], [7.706338552702917, 49.18516459266871], [7.7066613531045824, 49.18302217669525], [7.707227260092974, 49.180923422092874], [7.708045904192044, 49.17888308601191], [7.709126915925758, 49.176915925602636], [7.709126915925763, 49.176915925602636], [7.71049404034517, 49.17486260901212], [7.712097702625513, 49.1725998305689], [7.713848232965306, 49.17019638936069], [7.715655961563058, 49.16772108447526], [7.71743121861728, 49.16524271500033], [7.719084334326487, 49.16283008002366], [7.720525638889185, 49.160551978632974], [7.721665462503889, 49.158477209916015], [7.7224141353691085, 49.156674572960526], [7.722681987683357, 49.15521286685426], [7.722681987683364, 49.15521286685426], [7.722645572788725, 49.15400239539048], [7.722526669816217, 49.152890422664555], [7.722303447552747, 49.151851138993244], [7.721954074785231, 49.150858734693344], [7.721456720300575, 49.14988740008162], [7.720789552885691, 49.148911325474835], [7.71993074132749, 49.14790470118977], [7.71885845441288, 49.1468417175432], [7.717550860928778, 49.14569656485189], [7.715986129662085, 49.14444343343262], [7.715986129662076, 49.14444343343262], [7.7144232465184555, 49.14302193629273], [7.713124011058692, 49.141424461018474], [7.712070100681519, 49.13970440884144], [7.7112431927856555, 49.13791518099322], [7.710624964769833, 49.1361101787054], [7.710197094032775, 49.13434280320955], [7.709941257973211, 49.13266645573726], [7.709839133989863, 49.131134537520126], [7.70987239948146, 49.129800449789705], [7.710022731846728, 49.12871759377762], [7.710022731846729, 49.12871759377762], [7.7104376536829236, 49.12750159896102], [7.711225834206521, 49.12581285429069], [7.712309246813323, 49.12377189985334], [7.7136098648991265, 49.121499275735644], [7.715049661859725, 49.11911552202429], [7.716550611090918, 49.116741178805945], [7.718034685988506, 49.11449678616732], [7.7194238599482805, 49.112502884195095], [7.720640106366039, 49.11088001297594], [7.721605398637584, 49.10974871259655], [7.721605398637584, 49.10974871259655], [7.722441886484798, 49.10887134382556], [7.723286181925523, 49.107932341264714], [7.7240819517994765, 49.10693535575036], [7.7247728629463825, 49.105884038118845], [7.725302582205952, 49.10478203920649], [7.725614776417917, 49.103633009849666], [7.725653112421989, 49.10244060088469], [7.725361257057889, 49.101208463147906], [7.724682877165337, 49.09994024747568], [7.723561639584055, 49.09863960470433], [7.723561639584048, 49.09863960470433], [7.721839283140703, 49.097298780888686], [7.719513364950059, 49.09593086480673], [7.716761991344857, 49.094570820781364], [7.713763268657852, 49.09325361313544], [7.710695303221781, 49.09201420619188], [7.707736201369398, 49.09088756427352], [7.705064069433446, 49.089908651703304], [7.702857013746668, 49.08911243280405], [7.701293140641813, 49.0885338718987], [7.700550556451628, 49.08820793331008], [7.700550556451628, 49.08820793331008], [7.700051312441108, 49.08794585715673], [7.699145912263891, 49.08755405793313], [7.697908700665099, 49.0870602624145], [7.696414022389851, 49.086492197376096], [7.694736222183277, 49.08587758959314], [7.6929496447904935, 49.08524416584088], [7.691128634956634, 49.08461965289456], [7.689347537426814, 49.084031777529425], [7.68768069694616, 49.08350826652071], [7.686202458259796, 49.08307684664366], [7.686202458259803, 49.08307684664366], [7.684792155231005, 49.082571600854095], [7.68309016330085, 49.081785295274635], [7.681151466991757, 49.08077788244849], [7.679031050826154, 49.079609314918876], [7.676783899326461, 49.078339545229014], [7.6744649970151, 49.07702852592213], [7.672129328414496, 49.07573620954143], [7.66983187804707, 49.074522548630156], [7.667627630435247, 49.073447495731486], [7.665571570101449, 49.072571003388674], [7.665571570101447, 49.072571003388674], [7.665389194293173, 49.070135389840594], [7.665206818484897, 49.06769977629252], [7.665024442676625, 49.065264162744455], [7.664842066868351, 49.06282854919638], [7.664659691060077, 49.06039293564831], [7.664477315251803, 49.057957322100236], [7.664294939443529, 49.05552170855216], [7.664112563635255, 49.0530860950041], [7.663930187826979, 49.05065048145603], [7.663747812018707, 49.04821486790795], [7.663747812018707, 49.04821486790795], [7.669455922791553, 49.04614819840572], [7.675164033564402, 49.044081528903476], [7.680872144337247, 49.04201485940124], [7.686580255110092, 49.03994818989899], [7.692288365882941, 49.03788152039675], [7.697996476655787, 49.03581485089452], [7.703704587428636, 49.03374818139228], [7.709412698201481, 49.03168151189004], [7.715120808974326, 49.02961484238781], [7.720828919747175, 49.02754817288556], [7.720828919747175, 49.02754817288556], [7.723176711188495, 49.02240736626493], [7.725524502629819, 49.0172665596443], [7.72787229407114, 49.01212575302367], [7.730220085512464, 49.00698494640303], [7.732567876953782, 49.0018441397824], [7.7349156683951055, 48.99670333316177], [7.737263459836429, 48.99156252654114], [7.739611251277749, 48.98642171992051], [7.7419590427190705, 48.98128091329988], [7.744306834160394, 48.976140106679246], [7.744306834160394, 48.976140106679246], [7.750471798335591, 48.97538961103706], [7.7566367625107855, 48.974639115394865], [7.762801726685986, 48.97388861975267], [7.7689666908611805, 48.973138124110484], [7.775131655036379, 48.9723876284683], [7.781296619211574, 48.9716371328261], [7.78746158338677, 48.970886637183916], [7.793626547561969, 48.97013614154173], [7.7997915117371655, 48.96938564589954], [7.805956475912364, 48.96863515025735], [7.805956475912364, 48.96863515025735], [7.809568881295052, 48.96148852187521], [7.813181286677741, 48.95434189349308], [7.816793692060433, 48.94719526511094], [7.820406097443122, 48.94004863672882], [7.824018502825808, 48.93290200834668], [7.827630908208498, 48.92575537996455], [7.831243313591187, 48.91860875158241], [7.834855718973875, 48.91146212320028], [7.838468124356565, 48.90431549481814], [7.842080529739254, 48.897168866436004], [7.842080529739254, 48.897168866436004], [7.85259306069198, 48.89391232144908], [7.863105591644704, 48.89065577646216], [7.873618122597426, 48.88739923147523], [7.884130653550152, 48.884142686488296], [7.8946431845028755, 48.88088614150137], [7.905155715455598, 48.877629596514446], [7.9156682464083215, 48.87437305152751], [7.926180777361047, 48.87111650654058], [7.936693308313773, 48.867859961553656], [7.947205839266495, 48.86460341656673], [7.947205839266495, 48.86460341656673], [7.955191914568655, 48.867614612917976], [7.963177989870813, 48.87062580926923], [7.9711640651729745, 48.87363700562048], [7.979150140475131, 48.876648201971726], [7.987136215777291, 48.87965939832298], [7.995122291079452, 48.88267059467423], [8.00310836638161, 48.885681791025476], [8.01109444168377, 48.888692987376736], [8.019080516985927, 48.89170418372798], [8.027066592288087, 48.894715380079234], [8.027066592288087, 48.894715380079234], [8.033230456762077, 48.89421484939119], [8.039394321236067, 48.89371431870313], [8.045558185710059, 48.89321378801509], [8.051722050184045, 48.892713257327046], [8.057885914658035, 48.892212726639], [8.064049779132027, 48.891712195950944], [8.070213643606015, 48.8912116652629], [8.076377508080006, 48.89071113457485], [8.082541372553996, 48.8902106038868], [8.088705237027984, 48.889710073198756], [8.088705237027984, 48.889710073198756], [8.087607831515625, 48.884694458649925], [8.086510426003265, 48.87967884410109], [8.085413020490906, 48.87466322955226], [8.084315614978545, 48.86964761500344], [8.083218209466185, 48.864632000454606], [8.082120803953824, 48.859616385905774], [8.081023398441465, 48.85460077135694], [8.079925992929105, 48.84958515680811], [8.078828587416744, 48.84456954225928], [8.077731181904385, 48.839553927710455], [8.077731181904385, 48.839553927710455], [8.081844316102178, 48.83805302431886], [8.08595745029997, 48.836552120927266], [8.090070584497765, 48.835051217535664], [8.094183718695557, 48.83355031414407], [8.098296852893352, 48.83204941075247], [8.102409987091146, 48.83054850736087], [8.106523121288937, 48.82904760396927], [8.11063625548673, 48.82754670057767], [8.114749389684523, 48.826045797186076], [8.118862523882317, 48.82454489379448], [8.118862523882317, 48.82454489379448], [8.120616389219839, 48.82952111282169], [8.122204523974144, 48.83457641881569], [8.123727056808576, 48.83967279871126], [8.125284116386496, 48.84477223944313], [8.126975831371247, 48.84983672794608], [8.12890233042619, 48.85482825115484], [8.131163742214671, 48.859708796004185], [8.133860195400047, 48.86444034942884], [8.13709181864567, 48.86898489836358], [8.140958740614892, 48.87330442974316], [8.1409587406149, 48.87330442974316], [8.141687209688126, 48.874689475298354], [8.141951851407773, 48.875424874967216], [8.141876255638163, 48.8756715871452], [8.141584012243628, 48.875590570227736], [8.141198711088496, 48.875342782610275], [8.140843942037094, 48.87508918268824], [8.140643294953747, 48.87499072885709], [8.140720359702792, 48.87520837951226], [8.14119872614855, 48.87590309304918], [8.142201984155351, 48.8772358278633], [8.14220198415536, 48.8772358278633], [8.143067041804734, 48.87830545853061], [8.14400440369394, 48.87937108563707], [8.14499126727717, 48.88043482504879], [8.146004830008613, 48.88149879263192], [8.147022289342459, 48.882565104252606], [8.148020842732898, 48.883635875776974], [8.148977687634117, 48.88471322307115], [8.14987002150031, 48.885799262001285], [8.150675041785659, 48.886896108433504], [8.151369945944362, 48.88800587823394], [8.151369945944381, 48.88800587823394], [8.151791722121732, 48.888824740080075], [8.152154638907652, 48.889661424394305], [8.152474599218932, 48.89051223185556], [8.152767505972347, 48.891373463142806], [8.153049262084686, 48.89224141893498], [8.153335770472719, 48.893112399911026], [8.153642934053234, 48.893982706749895], [8.153986655743008, 48.894848640130526], [8.154382838458822, 48.89570650073186], [8.154847385117458, 48.89655258923286], [8.154847385117463, 48.89655258923287], [8.156983338587345, 48.89971838177728], [8.15945787348115, 48.902800089292576], [8.16221987206264, 48.90580335027147], [8.165218216595575, 48.908733803206616], [8.168401789343715, 48.91159708659073], [8.171719472570826, 48.91439883891649], [8.175120148540667, 48.91714469867659], [8.178552699516999, 48.91984030436372], [8.181966007763583, 48.922491294470554], [8.185308955544178, 48.92510330748979], [8.185308955544176, 48.92510330748979], [8.1864729738911, 48.92609344257184], [8.187534776853399, 48.92712739568359], [8.188516213525922, 48.92819597525507], [8.189439133003512, 48.92928998971633], [8.190325384381012, 48.93040024749735], [8.19119681675327, 48.931517557028194], [8.19207527921513, 48.93263272673888], [8.192982620861432, 48.933736565059434], [8.193940690787024, 48.93481988041987], [8.194971338086747, 48.935873481250226], [8.194971338086747, 48.935873481250226], [8.19635154837689, 48.93735036346465], [8.197508835987676, 48.93883875343274], [8.198502662366028, 48.94033519963587], [8.199392488958864, 48.94183625055543], [8.200237777213111, 48.94333845467283], [8.20109798857569, 48.94483836046947], [8.202032584493523, 48.94633251642673], [8.203101026413526, 48.947817471026006], [8.204362775782629, 48.949289772748706], [8.205877294047745, 48.950745970076206], [8.205877294047745, 48.950745970076206], [8.206706320390103, 48.95154779210017], [8.207506031687073, 48.95245481666585], [8.208288524188331, 48.953436280115874], [8.20906589414356, 48.9544614187929], [8.209850237802431, 48.95549946903954], [8.210653651414624, 48.956519667198435], [8.211488231229817, 48.95749124961223], [8.21236607349769, 48.95838345262356], [8.213299274467916, 48.959165512575055], [8.214299930390181, 48.95980666580937], [8.214299930390194, 48.95980666580937], [8.214988252037847, 48.96013235348663], [8.215633269151795, 48.96035822661299], [8.216247439537074, 48.960503134219735], [8.216843220998719, 48.96058592533821], [8.217433071341755, 48.96062544899972], [8.218029448371228, 48.9606405542356], [8.218644809892163, 48.96065009007717], [8.219291613709595, 48.96067290555575], [8.219982317628563, 48.960727849702664], [8.220729379454093, 48.96083377154922], [8.220729379454099, 48.96083377154922], [8.22147555673887, 48.96097938811056], [8.22216553440908, 48.9611437453402], [8.222811801115883, 48.96132478583584], [8.22342684551045, 48.9615204521952], [8.224023156243934, 48.961728687016], [8.224613221967502, 48.96194743289595], [8.22520953133231, 48.962174632432756], [8.22582457298952, 48.96240822822415], [8.226470835590296, 48.96264616286782], [8.227160807785797, 48.962886378961514], [8.227160807785797, 48.962886378961514], [8.227884588813293, 48.96329626218887], [8.228108798751789, 48.96383448798104], [8.227904946002443, 48.96447572937357], [8.227344538966415, 48.96519465940198], [8.226499086044868, 48.96596595110184], [8.225440095638955, 48.96676427750869], [8.224239076149846, 48.96756431165806], [8.222967535978693, 48.968340726585495], [8.22169698352666, 48.969068195326535], [8.220498927194907, 48.96972139091673], [8.220498927194905, 48.96972139091673], [8.219757889844919, 48.970028856333776], [8.219016852494935, 48.9703363217508], [8.218275815144953, 48.97064378716782], [8.217534777794967, 48.97095125258486], [8.216793740444984, 48.971258718001884], [8.216052703094999, 48.971566183418915], [8.215311665745016, 48.97187364883595], [8.21457062839503, 48.972181114252976], [8.213829591045048, 48.972488579670014], [8.213088553695064, 48.97279604508704], [8.213088553695064, 48.97279604508704], [8.21259370410016, 48.972573729668206], [8.212098854505259, 48.972351414249374], [8.211604004910358, 48.97212909883055], [8.211109155315455, 48.971906783411725], [8.210614305720553, 48.971684467992894], [8.210119456125652, 48.97146215257406], [8.20962460653075, 48.971239837155224], [8.209129756935848, 48.97101752173641], [8.208634907340947, 48.970795206317575], [8.208140057746045, 48.970572890898744], [8.208140057746045, 48.970572890898744], [8.207695507909206, 48.970794971876956], [8.207250958072368, 48.97101705285515], [8.20680640823553, 48.971239133833365], [8.206361858398692, 48.971461214811576], [8.205917308561853, 48.97168329578978], [8.205472758725012, 48.971905376767985], [8.205028208888177, 48.9721274577462], [8.204583659051337, 48.9723495387244], [8.204139109214502, 48.972571619702606], [8.203694559377663, 48.97279370068082], [8.203694559377663, 48.97279370068082], [8.20396732205289, 48.97320396922405], [8.204240084728118, 48.97361423776729], [8.204512847403343, 48.97402450631053], [8.204785610078572, 48.97443477485376], [8.2050583727538, 48.974845043397], [8.205331135429025, 48.97525531194024], [8.205603898104252, 48.97566558048348], [8.20587666077948, 48.97607584902672], [8.206149423454708, 48.976486117569955], [8.206422186129934, 48.97689638611319], [8.206422186129934, 48.97689638611319], [8.206323829783969, 48.97716982854788], [8.206225473438003, 48.97744327098257], [8.206127117092038, 48.97771671341725], [8.206028760746074, 48.97799015585195], [8.205930404400108, 48.978263598286645], [8.20583204805414, 48.978537040721335], [8.205733691708177, 48.97881048315602], [8.20563533536221, 48.97908392559071], [8.205536979016244, 48.979357368025404], [8.205438622670282, 48.979630810460094], [8.205438622670282, 48.979630810460094], [8.206255301018274, 48.98010958149053], [8.207071979366269, 48.98058835252096], [8.207888657714264, 48.981067123551405], [8.208705336062259, 48.98154589458184], [8.209522014410256, 48.982024665612286], [8.21033869275825, 48.98250343664272], [8.211155371106246, 48.98298220767316], [8.21197204945424, 48.9834609787036], [8.212788727802234, 48.983939749734034], [8.21360540615023, 48.98441852076447], [8.21360540615023, 48.98441852076447], [8.214126071945959, 48.98518777658796], [8.214646737741685, 48.985957032411456], [8.21516740353741, 48.98672628823495], [8.215688069333137, 48.98749554405844], [8.216208735128866, 48.98826479988193], [8.216729400924594, 48.98903405570542], [8.217250066720322, 48.98980331152892], [8.217770732516048, 48.9905725673524], [8.218291398311774, 48.991341823175894], [8.218812064107503, 48.992111078999386], [8.218812064107503, 48.992111078999386], [8.21897722305787, 48.99209691388098], [8.219441076339374, 48.9920759171709], [8.220156188597615, 48.99208033683685], [8.221075124478189, 48.99214242084651], [8.222150448626696, 48.99229441716759], [8.223334725688732, 48.9925685737678], [8.224580520309907, 48.99299713861482], [8.225840397135812, 48.993612359676334], [8.227066920812042, 48.99444648492008], [8.228212655984205, 48.99553176231373], [8.228212655984201, 48.99553176231373], [8.229287157831152, 48.99706401235198], [8.23032520093694, 48.99911937473305], [8.231317179149958, 49.0015506254541], [8.232253486318601, 49.004210540512275], [8.233124516291262, 49.00695189590473], [8.233920662916333, 49.009627467628576], [8.234632320042213, 49.012090031680984], [8.23524988151729, 49.014192364059085], [8.235763741189961, 49.01578724076003], [8.236164292908619, 49.01672743778094], [8.23616429290862, 49.01672743778094], [8.23649470202212, 49.01728452883411], [8.23680208948912, 49.01783350267369], [8.237082070606826, 49.01838225768201], [8.237330260672454, 49.01893869224142], [8.237542274983205, 49.019510704734245], [8.237713728836292, 49.02010619354281], [8.237840237528925, 49.020733057049455], [8.237917416358309, 49.021399193636505], [8.237940880621657, 49.0221125016863], [8.237906245616173, 49.022880879581166], [8.237906245616172, 49.022880879581166], [8.237832234825436, 49.02364262936545], [8.237773913081712, 49.0243587277527], [8.237775000107286, 49.025071132754], [8.237879215624446, 49.025821802380435], [8.238130279355484, 49.0266526946431], [8.238571911022678, 49.027605767553084], [8.23924783034833, 49.028722979121476], [8.240201757054713, 49.030046287359355], [8.241477410864123, 49.03161765027784], [8.243118511498848, 49.03347902588799], [8.243118511498851, 49.03347902588799], [8.245066157390095, 49.03581246554728], [8.247183675147587, 49.03871483461653], [8.249398126666392, 49.04210026288778], [8.251636573841573, 49.04588288015303], [8.253826078568196, 49.04997681620432], [8.255893702741325, 49.0542962008337], [8.257766508256022, 49.05875516383317], [8.259371557007357, 49.06326783499476], [8.26063591089039, 49.06774834411053], [8.261486631800185, 49.07211082097248], [8.261486631800192, 49.07211082097248], [8.26201821890042, 49.07598595909885], [8.262415929758749, 49.07913899415975], [8.262743675842113, 49.081685869352626], [8.263065368617456, 49.08374252787501], [8.263444919551716, 49.08542491292435], [8.263946240111833, 49.08684896769815], [8.264633241764756, 49.0881306353939], [8.265569835977416, 49.08938585920907], [8.266819934216759, 49.09073058234116], [8.268447447949722, 49.09228074798765], [8.268447447949722, 49.09228074798765], [8.270215998698145, 49.09392590334971], [8.271842562456703, 49.095481451245625], [8.273321794462474, 49.096952167700294], [8.274648349952535, 49.09834282873864], [8.27581688416398, 49.09965821038555], [8.27682205233388, 49.10090308866596], [8.277658509699323, 49.10208223960475], [8.278320911497389, 49.10320043922684], [8.278803912965156, 49.104262463557134], [8.27910216933971, 49.10527308862054], [8.27910216933973, 49.10527308862054], [8.279886240175735, 49.106834595839416], [8.281666099653457, 49.10937508956823], [8.28420122067547, 49.11263808165156], [8.287251076144353, 49.11636708393396], [8.290575138962677, 49.120305608260004], [8.293932882033019, 49.12419716647426], [8.297083778257955, 49.127785270421285], [8.29978730054006, 49.130813431945654], [8.301802921781908, 49.13302516289193], [8.302890114886072, 49.13416397510468], [8.302890114886086, 49.134163975104684], [8.303376410504082, 49.134750611601866], [8.30375870481348, 49.13546156604885], [8.304056214733043, 49.13627397768272], [8.304288157181517, 49.13716498574059], [8.304473749077669, 49.13811172945957], [8.304632207340253, 49.139091348076725], [8.304782748888023, 49.1400809808292], [8.304944590639744, 49.14105776695406], [8.305136949514162, 49.141998845688434], [8.305379042430038, 49.14288135626941], [8.305379042430035, 49.14288135626941], [8.305605536068622, 49.14373962623516], [8.305759253015555, 49.144620250044], [8.305865236448206, 49.145518814938164], [8.305948529543949, 49.14643090815991], [8.306034175480162, 49.14735211695146], [8.30614721743422, 49.148278028555076], [8.306312698583495, 49.14920423021301], [8.306555662105364, 49.15012630916751], [8.306901151177202, 49.1510398526608], [8.307374208976382, 49.15194044793516], [8.30737420897637, 49.15194044793516], [8.307967340040348, 49.15281946304898], [8.308646868955506, 49.15366570993974], [8.30939287324556, 49.15447094024683], [8.310185430434215, 49.15522690560964], [8.311004618045176, 49.155925357667556], [8.311830513602152, 49.156558048059956], [8.31264319462884, 49.15711672842623], [8.31342273864896, 49.15759315040579], [8.314149223186206, 49.157979065637974], [8.31480272576429, 49.15826622576221], [8.314802725764286, 49.15826622576221], [8.315480740416266, 49.158546361769325], [8.316247765844523, 49.15891054906469], [8.317040794174696, 49.15934950828449], [8.317796817532438, 49.15985396006493], [8.318452828043387, 49.160414625042186], [8.31894581783319, 49.16102222385245], [8.319212779027495, 49.16166747713194], [8.319190703751941, 49.162341105516845], [8.318816584132177, 49.16303382964335], [8.318027412293844, 49.16373637014764], [8.318027412293825, 49.16373637014764], [8.316813970032978, 49.164412335298444], [8.315261487694677, 49.16503557563084], [8.313447918357184, 49.16561222422695], [8.311451215098765, 49.16614841416892], [8.30934933099769, 49.16665027853888], [8.30722021913222, 49.167123950418976], [8.30514183258062, 49.16757556289134], [8.303192124421159, 49.1680112490381], [8.301449047732095, 49.1684371419414], [8.299990555591704, 49.16885937468338], [8.299990555591693, 49.16885937468338], [8.298619909894319, 49.16931776894001], [8.29709975600814, 49.16982771827474], [8.295452105983353, 49.17035871484464], [8.293698971870157, 49.17088025080678], [8.291862365718744, 49.17136181831826], [8.289964299579315, 49.17177290953613], [8.288026785502062, 49.1720830166175], [8.286071835537186, 49.17226163171942], [8.284121461734877, 49.17227824699898], [8.282197676145335, 49.17210235461326], [8.282197676145323, 49.17210235461326], [8.28001566679053, 49.17179807296574], [8.277348466538587, 49.17146150034194], [8.27431055043596, 49.171110100143416], [8.2710163935291, 49.17076133577173], [8.26758047086447, 49.17043267062848], [8.264117257488527, 49.170141568115206], [8.260741228447731, 49.169905491633486], [8.257566858788536, 49.16974190458488], [8.254708623557402, 49.16966827037098], [8.25228099780079, 49.16970205239332], [8.2522809978008, 49.16970205239332], [8.249850145260261, 49.1698046940182], [8.246986602886242, 49.16991968626784], [8.243812118454462, 49.17003805644618], [8.240448439740645, 49.17015083185721], [8.237017314520507, 49.170249039804865], [8.23364049056978, 49.17032370759313], [8.230439715664183, 49.17036586252593], [8.227536737579438, 49.17036653190725], [8.22505330409127, 49.17031674304105], [8.2231111629754, 49.17020752323128], [8.2231111629754, 49.17020752323128], [8.221233997064573, 49.17004934602149], [8.218938542753431, 49.169852260769886], [8.216336131485724, 49.16960838134516], [8.213538094705196, 49.169309821616], [8.21065576385559, 49.168948695451135], [8.207800470380645, 49.168517116719265], [8.205083545724122, 49.16800719928909], [8.202616321329748, 49.167411057029334], [8.200510128641277, 49.16672080380869], [8.198876299102452, 49.16592855349587], [8.198876299102452, 49.16592855349587], [8.197649817895789, 49.165176683848976], [8.19666483664054, 49.164592684203114], [8.195881436435528, 49.16414633579244], [8.19525969837959, 49.163807419851075], [8.194759703571565, 49.1635457176132], [8.194341533110281, 49.16333101031294], [8.193965268094574, 49.16313307918444], [8.193590989623274, 49.16292170546187], [8.193178778795218, 49.16266667037938], [8.192688716709236, 49.1623377551711], [8.192688716709242, 49.1623377551711], [8.19217036934683, 49.16196720061882], [8.191703935573239, 49.161595123559906], [8.191288326154114, 49.161203117535145], [8.190922451855096, 49.16077277608532], [8.19060522344183, 49.160285692751174], [8.190335551679953, 49.15972346107351], [8.19011234733511, 49.1590676745931], [8.189934521172939, 49.15829992685071], [8.189800983959087, 49.1574018113871], [8.189710646459192, 49.15635492174307], [8.189710646459186, 49.15635492174307], [8.189539458718887, 49.15516077172044], [8.189194610195955, 49.15386429372217], [8.188716175047139, 49.15251220776925], [8.188144227429179, 49.151151233882686], [8.187518841498829, 49.14982809208346], [8.186880091412835, 49.1485895023926], [8.186268051327941, 49.14748218483109], [8.185722795400894, 49.146552859419934], [8.185284397788443, 49.14584824618013], [8.184992932647335, 49.14541506513266], [8.184992932647328, 49.14541506513266], [8.184791390393034, 49.14504011528629], [8.184580625611375, 49.144500293067715], [8.184337508619633, 49.14382741540084], [8.184038909735076, 49.143053299209576], [8.183661699274982, 49.14220976141783], [8.183182747556618, 49.141328618949515], [8.182578924897268, 49.14044168872853], [8.181827101614195, 49.13958078767876], [8.180904148024679, 49.13877773272415], [8.179786934445993, 49.13806434078857], [8.179786934445982, 49.13806434078857], [8.178358479922727, 49.137392516753856], [8.176589018311255, 49.13670628669706], [8.174579122582628, 49.13602569678224], [8.172429365707899, 49.13537079317341], [8.17024032065813, 49.134761622034624], [8.168112560404376, 49.134218229529914], [8.166146657917697, 49.13376066182331], [8.164443186169144, 49.13340896507886], [8.163102718129783, 49.13318318546059], [8.162225826770667, 49.133103369132556], [8.162225826770669, 49.133103369132556], [8.161559270075376, 49.13307533442005], [8.160792246919499, 49.133006202738216], [8.159939703578004, 49.13291797506352], [8.159016586325853, 49.1328326523724], [8.15803784143801, 49.13277223564133], [8.157018415189436, 49.132758725846756], [8.155973253855102, 49.132814123965126], [8.154917303709967, 49.132960430972915], [8.153865511028997, 49.133219647846566], [8.152832822087156, 49.13361377556256], [8.152832822087163, 49.13361377556256], [8.151871626882425, 49.13408974271499], [8.151008055375174, 49.134570101060945], [8.150217667109153, 49.13504200916415], [8.149476021628113, 49.13549262558829], [8.148758678475799, 49.135909108897074], [8.14804119719596, 49.136278617654206], [8.147299137332345, 49.13658831042339], [8.1465080584287, 49.13682534576832], [8.145643520028777, 49.1369768822527], [8.144681081676316, 49.13703007844025], [8.14468108167633, 49.13703007844025], [8.143598309161137, 49.13701353419878], [8.142405924189642, 49.13696101263264], [8.141136339839427, 49.1368674189371], [8.139821969188063, 49.136727658307464], [8.138495225313118, 49.136536635938995], [8.137188521292163, 49.136289257026995], [8.13593427020277, 49.13598042676675], [8.13476488512251, 49.13560505035353], [8.133712779128953, 49.13515803298263], [8.132810365299672, 49.13463427984934], [8.132810365299685, 49.13463427984934], [8.132037631165842, 49.13410802518912], [8.131344599060464, 49.13364563763083], [8.13072656541362, 49.133229979793875], [8.130178826655373, 49.13284391429767], [8.129696679215801, 49.132470303761686], [8.129275419524973, 49.1320920108053], [8.128910344012958, 49.13169189804795], [8.128596749109825, 49.13125282810906], [8.12832993124565, 49.13075766360806], [8.128105186850497, 49.130189267164376], [8.128105186850494, 49.130189267164376], [8.127910844836002, 49.12949702194015], [8.127738164174682, 49.128666342088025], [8.127586836482948, 49.12773418593718], [8.1274565533772, 49.12673751181679], [8.127347006473846, 49.12571327805608], [8.127257887389291, 49.12469844298421], [8.12718888773994, 49.123729964930384], [8.127139699142203, 49.12284480222379], [8.127110013212482, 49.122079913193616], [8.127099521567182, 49.12147225616904], [8.127099521567185, 49.12147225616904], [8.127148844091813, 49.12093528499529], [8.127295106866521, 49.12036091854288], [8.127532760799696, 49.119753812679036], [8.127856256799713, 49.11911862327098], [8.128260045774967, 49.11846000618592], [8.128738578633827, 49.11778261729108], [8.129286306284689, 49.117091112453664], [8.129897679635926, 49.11639014754091], [8.130567149595924, 49.115684378420006], [8.13128916707307, 49.1149784609582], [8.131289167073067, 49.1149784609582], [8.132002373667143, 49.1142262725439], [8.132684620519942, 49.11340834128538], [8.133382765159874, 49.11256929753044], [8.134143665115346, 49.11175377162687], [8.135014177914778, 49.11100639392248], [8.136041161086577, 49.11037179476508], [8.137271472159158, 49.10989460450247], [8.138751968660932, 49.10961945348246], [8.140529508120315, 49.10959097205284], [8.14265094806571, 49.10985379056143], [8.142650948065706, 49.10985379056143], [8.144906526135495, 49.11027884631363], [8.147052401542606, 49.11069004535335], [8.149092145802019, 49.1110614730906], [8.151029330428715, 49.11136721493541], [8.152867526937673, 49.1115813562978], [8.154610306843871, 49.11167798258778], [8.156261241662293, 49.11163117921537], [8.157823902907912, 49.11141503159062], [8.15930186209572, 49.111003625123516], [8.160698690740688, 49.110371045224106], [8.160698690740682, 49.110371045224106], [8.162001404314081, 49.10961942288115], [8.16318602311869, 49.10886111137928], [8.164239629146929, 49.1080872031909], [8.165149304391212, 49.1072887907885], [8.16590213084396, 49.10645696664452], [8.166485190497587, 49.10558282323141], [8.166885565344517, 49.10465745302162], [8.167090337377157, 49.10367194848762], [8.16708658858793, 49.10261740210185], [8.166861400969252, 49.101484906336765], [8.166861400969244, 49.101484906336765], [8.166381269396009, 49.100358471130406], [8.16565873696411, 49.09932777824176], [8.164744262175363, 49.09839237722919], [8.163688303531584, 49.097551817651045], [8.162541319534595, 49.096805649065665], [8.161353768686212, 49.09615342103141], [8.160176109488255, 49.09559468310663], [8.15905880044254, 49.095128984849694], [8.158052300050889, 49.094755875818926], [8.157207066815115, 49.094474905572696], [8.157207066815108, 49.094474905572696], [8.156180275088655, 49.09418278703773], [8.154646089470942, 49.0937948716398], [8.152680453737759, 49.093338617461676], [8.15035931166489, 49.092841482586174], [8.14775860702812, 49.09233092509606], [8.144954283603234, 49.091834403074145], [8.142022285166018, 49.09137937460322], [8.139038555492261, 49.090993297766076], [8.136079038357744, 49.0907036306455], [8.133219677538257, 49.09053783132428], [8.133219677538264, 49.09053783132428], [8.130468222541845, 49.09046032313528], [8.12779597465082, 49.090406664079346], [8.125217086593608, 49.09036150470522], [8.122745711098627, 49.09030949556171], [8.120396000894292, 49.09023528719757], [8.118182108709023, 49.09012353016159], [8.116118187271239, 49.08995887500252], [8.114218389309352, 49.08972597226914], [8.112496867551785, 49.08940947251024], [8.110967774726952, 49.088994026274584], [8.110967774726948, 49.088994026274584], [8.109635021728955, 49.088584472754256], [8.108468977586982, 49.0882854557191], [8.107439889449967, 49.08808108806322], [8.106518004466876, 49.08795548268069], [8.105673569786648, 49.08789275246565], [8.104876832558233, 49.08787701031217], [8.104098039930589, 49.08789236911436], [8.10330743905266, 49.0879229417663], [8.102475277073403, 49.087952841162135], [8.101571801141759, 49.08796618019592], [8.101571801141755, 49.08796618019592], [8.100724230791396, 49.08795639732823], [8.100069927510557, 49.08793025467426], [8.09958438385767, 49.08789184812254], [8.099243092391157, 49.0878452735616], [8.099021545669448, 49.08779462687995], [8.098895236250971, 49.08774400396615], [8.098839656694153, 49.08769750070872], [8.098830299557422, 49.08765921299618], [8.098842657399205, 49.08763323671707], [8.098852222777928, 49.08762366775992], [8.09885222277792, 49.08762366775992], [8.098579196200319, 49.087076665660355], [8.09830616962272, 49.08652966356079], [8.098033143045122, 49.08598266146123], [8.097760116467521, 49.085435659361664], [8.097487089889924, 49.0848886572621], [8.097214063312322, 49.08434165516255], [8.096941036734723, 49.08379465306298], [8.096668010157122, 49.083247650963415], [8.096394983579527, 49.082700648863856], [8.096121957001927, 49.08215364676429], [8.096121957001927, 49.08215364676429], [8.095306070361048, 49.08208507640283], [8.094490183720168, 49.08201650604137], [8.09367429707929, 49.0819479356799], [8.09285841043841, 49.081879365318436], [8.09204252379753, 49.08181079495698], [8.091226637156652, 49.081742224595516], [8.09041075051577, 49.08167365423405], [8.089594863874893, 49.08160508387259], [8.088778977234016, 49.081536513511125], [8.087963090593135, 49.08146794314966], [8.087963090593135, 49.08146794314966], [8.08783541571643, 49.08141359691561], [8.087477250521498, 49.081264069310876], [8.086925884161111, 49.08103962698158], [8.08621860578804, 49.080760536573855], [8.085392704555064, 49.080447064733804], [8.084485469614949, 49.08011947810756], [8.083534190120472, 49.079798043341256], [8.082576155224407, 49.079503027081], [8.081648654079526, 49.07925469597292], [8.0807889758386, 49.07907331666315], [8.080788975838587, 49.07907331666315], [8.079960759756233, 49.078950347087115], [8.079113434241638, 49.078844448567274], [8.078255140554663, 49.07872669087574], [8.07739401995518, 49.07856814378464], [8.076538213703065, 49.07833987706609], [8.075695863058188, 49.07801296049221], [8.074875109280418, 49.077558463835125], [8.074084093629624, 49.07694745686694], [8.073330957365679, 49.07615100935978], [8.072623841748456, 49.075140191085794], [8.072623841748461, 49.075140191085794], [8.071891517828867, 49.07403429506846], [8.071065518684339, 49.07298027850285], [8.07015741721871, 49.071991002585214], [8.069178786335796, 49.071079328511786], [8.06814119893943, 49.070258117478794], [8.067056227933428, 49.06954023068251], [8.065935446221621, 49.068938529319155], [8.064790426707832, 49.06846587458497], [8.063632742295884, 49.0681351276762], [8.0624739658896, 49.06795914978909], [8.06247396588961, 49.06795914978909], [8.061418705167947, 49.06786916738651], [8.060509370263643, 49.067794644939546], [8.059672069385963, 49.06774580261119], [8.05883291074416, 49.067732860564476], [8.057918002547495, 49.06776603896238], [8.056853453005218, 49.06785555796793], [8.055565370326592, 49.06801163774413], [8.053979862720869, 49.068244498453986], [8.052023038397312, 49.0685643602605], [8.04962100556517, 49.0689814433267], [8.049621005565168, 49.068981443326706], [8.047120840754115, 49.06939064240692], [8.044906144488973, 49.069691035351845], [8.04296493091562, 49.069899266418], [8.041285214179917, 49.070031979861895], [8.039855008427732, 49.070105819940075], [8.038662327804934, 49.07013743090907], [8.037695186457391, 49.0701434570254], [8.03694159853097, 49.07014054254561], [8.036389578171537, 49.0701453317262], [8.036027139524961, 49.07017446882373], [8.036027139524972, 49.07017446882373], [8.035485983311139, 49.070334776957516], [8.034475452774364, 49.07069225206404], [8.033099313881289, 49.07120229744782], [8.031461332598553, 49.07182031641339], [8.029665274892801, 49.07250171226527], [8.027814906730674, 49.073201888307985], [8.02601399407881, 49.07387624784608], [8.02436630290385, 49.07448019418408], [8.022975599172435, 49.074969130626506], [8.02194564885121, 49.075298460477875], [8.02194564885122, 49.075298460477875], [8.020898552790612, 49.075599085307786], [8.019442650282176, 49.076010075101124], [8.017668184708091, 49.076499136786275], [8.015665399450539, 49.07703397729164], [8.013524537891696, 49.07758230354563], [8.01133584341375, 49.07811182247662], [8.009189559398877, 49.078590241013025], [8.007175929229257, 49.07898526608322], [8.005385196287072, 49.07926460461562], [8.003907603954502, 49.0793959635386], [8.003907603954502, 49.07939596353861], [8.002379453764345, 49.07946891682257], [8.000448160244567, 49.07960583033986], [7.99822134823599, 49.07982359904952], [7.995806642579435, 49.08013911791055], [7.993311668115723, 49.080569281882006], [7.990844049685675, 49.081130985922904], [7.98851141213011, 49.08184112499228], [7.986421380289849, 49.08271659404916], [7.984681579005716, 49.08377428805258], [7.983399633118532, 49.08503110196156], [7.983399633118529, 49.08503110196156], [7.982362650157254, 49.08640027578273], [7.981291974365892, 49.08776563256603], [7.980204417282559, 49.089099943789975], [7.979116790445364, 49.090375980933054], [7.978045905392424, 49.091566515473794], [7.97700857366185, 49.092644318890684], [7.976021606791759, 49.09358216266224], [7.975101816320258, 49.094352818266955], [7.9742660137854635, 49.09492905718336], [7.973531010725491, 49.095283650889925], [7.973531010725482, 49.095283650889925], [7.972842752780361, 49.095536508551376], [7.972126602666334, 49.09581778614461], [7.971374193357899, 49.096115676011934], [7.9705771578295455, 49.096418370495684], [7.969727129055775, 49.09671406193817], [7.968815740011079, 49.09699094268172], [7.967834623669951, 49.097237205068666], [7.966775413006896, 49.0974410414413], [7.965629740996404, 49.09759064414198], [7.964389240612968, 49.097674205513], [7.964389240612967, 49.097674205513], [7.962985378206415, 49.097637291803224], [7.961400577565499, 49.0974531809022], [7.95970219585722, 49.097151632435676], [7.957957590248574, 49.09676240602936], [7.956234117906561, 49.096315261308995], [7.954599135998183, 49.0958399579003], [7.953120001690435, 49.095366255429006], [7.951864072150318, 49.09492391352085], [7.95089870454483, 49.09454269180156], [7.950291256040975, 49.09425234989684], [7.950291256040963, 49.09425234989684], [7.9498346340522215, 49.09396517261859], [7.9492845377361245, 49.09359050020763], [7.948643968380113, 49.09315372252505], [7.94791592727163, 49.09268022943191], [7.947103415698109, 49.09219541078928], [7.946209434946995, 49.09172465645823], [7.94523698630573, 49.091293356299836], [7.9441890710617535, 49.09092690017516], [7.943068690502502, 49.090650677945284], [7.941878845915422, 49.09049007947128], [7.941878845915429, 49.09049007947128], [7.9405097702990215, 49.09043685054263], [7.938889510144781, 49.09044841752869], [7.937084195622662, 49.090499185000226], [7.935159956902609, 49.090563557528036], [7.93318292415457, 49.09061593968289], [7.931219227548498, 49.09063073603557], [7.929334997254331, 49.09058235115687], [7.927596363442028, 49.09044518961756], [7.92606945628153, 49.090193655988415], [7.924820405942789, 49.08980215484023], [7.924820405942786, 49.08980215484023], [7.923636039706448, 49.08924652855381], [7.922271095949311, 49.088553533897624], [7.920743571485525, 49.08777394702394], [7.919071463129251, 49.08695854408504], [7.91727276769465, 49.08615810123318], [7.915365481995872, 49.08542339462064], [7.913367602847087, 49.08480520039968], [7.911297127062445, 49.08435429472257], [7.909172051456109, 49.084121453741574], [7.907010372842228, 49.084157453608974], [7.907010372842235, 49.084157453608974], [7.904885316430361, 49.084410419122015], [7.902861232727387, 49.08477987821817], [7.9009435185543975, 49.0852437611618], [7.89913757073248, 49.0857799982173], [7.897448786082721, 49.08636651964901], [7.895882561426205, 49.08698125572133], [7.894444293584019, 49.0876021366986], [7.8931393793772475, 49.08820709284521], [7.8919732156269795, 49.08877405442553], [7.890951199154296, 49.08928095170393], [7.890951199154294, 49.08928095170393], [7.890067099273013, 49.089794901822074], [7.8893169459122525, 49.09038370134022], [7.888699559293652, 49.09102629716313], [7.888213759638852, 49.09170163619553], [7.887858367169496, 49.09238866534214], [7.887632202107222, 49.09306633150772], [7.887534084673673, 49.093713581596994], [7.887562835090488, 49.0943093625147], [7.887717273579316, 49.09483262116557], [7.887996220361789, 49.095262304454344], [7.887996220361785, 49.095262304454344], [7.888584095353565, 49.09595473228227], [7.889604028644104, 49.097190461964], [7.890956498117758, 49.09883484414922], [7.8925419816588835, 49.10075322948765], [7.8942609571518325, 49.10281096862903], [7.896013902480963, 49.104873412223064], [7.897701295530634, 49.10680591091947], [7.899223614185203, 49.10847381536798], [7.900481336329019, 49.109742476218294], [7.901374939846448, 49.11047724412014], [7.901374939846447, 49.11047724412014], [7.901984168297803, 49.11097089998089], [7.902448335386257, 49.111594502980395], [7.902762969937529, 49.11233082259853], [7.902923600777335, 49.113162628315145], [7.902925756731394, 49.11407268961013], [7.902764966625423, 49.11504377596337], [7.902436759285134, 49.116058656854726], [7.901936663536251, 49.11710010176408], [7.901260208204491, 49.1181508801713], [7.900402922115568, 49.11919376155627], [7.900402922115568, 49.11919376155627], [7.899314943364736, 49.120261642655784], [7.8979781334580395, 49.121381582712296], [7.896442726091239, 49.122527645964986], [7.89475895496008, 49.123673896653074], [7.892977053760319, 49.12479439901575], [7.891147256187711, 49.12586321729221], [7.889319795938006, 49.126854415721674], [7.88754490670696, 49.127742058543326], [7.885872822190326, 49.128500209996375], [7.884353776083858, 49.129102934320024], [7.884353776083849, 49.129102934320024], [7.88286365287135, 49.129646885993814], [7.881279731670633, 49.13023813236006], [7.879654338128434, 49.130864856952115], [7.878039797891503, 49.13151524330332], [7.876488436606591, 49.13217747494702], [7.875052579920435, 49.13283973541655], [7.873784553479789, 49.13349020824525], [7.872736682931393, 49.13411707696647], [7.871961293921997, 49.134708525113545], [7.871510712098344, 49.13525273621982], [7.871510712098356, 49.13525273621982], [7.871072189972185, 49.135963247739916], [7.870344549212636, 49.13701615232242], [7.869396757236666, 49.138343466113945], [7.8682977814612425, 49.13987720526113], [7.867116589303329, 49.141549385910594], [7.865922148179893, 49.143292024208954], [7.864783425507895, 49.145037136302854], [7.8637693887042985, 49.146716738338895], [7.862949005186067, 49.148262846463716], [7.862391242370167, 49.14960747682393], [7.862391242370187, 49.149607476823924], [7.861985367690359, 49.15093436897054], [7.861583321262291, 49.15243968516671], [7.86119095996202, 49.154074123074565], [7.860814140665585, 49.155788380356235], [7.860458720249017, 49.15753315467385], [7.860130555588363, 49.159259143689525], [7.859835503559653, 49.1609170450654], [7.85957942103893, 49.1624575564636], [7.8593681649022304, 49.163831375546266], [7.859207592025589, 49.16498919997551], [7.859207592025578, 49.16498919997551], [7.859176947800652, 49.16616653593806], [7.85933288239589, 49.16758792145612], [7.859647359947514, 49.16918765116912], [7.8600923445917505, 49.17090001971647], [7.860639800464821, 49.17265932173763], [7.8612616917029605, 49.174399851872], [7.861929982442383, 49.17605590475902], [7.8626166368193235, 49.17756177503812], [7.863293618969999, 49.178851757348724], [7.86393289303064, 49.17986014633027], [7.863932893030631, 49.17986014633027], [7.8647762257125, 49.180856547455356], [7.866012248215792, 49.182105268678725], [7.867541053034849, 49.18353266031744], [7.869262732664021, 49.18506507268859], [7.871077379597651, 49.18662885610925], [7.8728850863300845, 49.18815036089651], [7.874585945355669, 49.18955593736742], [7.876080049168753, 49.19077193583909], [7.877267490263677, 49.191724706628584], [7.878048361134791, 49.19234060005298], [7.878048361134777, 49.19234060005298], [7.878634770282158, 49.192793259760826], [7.879285623156282, 49.193290886303686], [7.879971207677071, 49.193811665353074], [7.880661811764465, 49.19433378258054], [7.881327723338394, 49.19483542365764], [7.881939230318784, 49.195294774255906], [7.882466620625571, 49.19569002004688], [7.882880182178685, 49.195999346702116], [7.883150202898051, 49.196200939893146], [7.883246970703606, 49.19627298529152], [7.883246970703617, 49.19627298529152], [7.882974693111434, 49.196494410062364], [7.882224019061756, 49.19710279898429], [7.881094186644884, 49.19801432397138], [7.879684433951123, 49.19914515693773], [7.87809399907078, 49.20041146979743], [7.876422120094157, 49.20172943446457], [7.874768035111563, 49.203015222853224], [7.873230982213293, 49.2041850068775], [7.871910199489662, 49.20515495845148], [7.870904925030963, 49.205841249489254], [7.870904925030974, 49.205841249489254], [7.869956112608907, 49.2063890062912], [7.868775793816667, 49.20698897273331], [7.867426943135651, 49.2076257488699], [7.865972535047273, 49.20828393475528], [7.864475544032935, 49.20894813044374], [7.862998944574045, 49.20960293598962], [7.861605711152006, 49.210232951447225], [7.860358818248226, 49.210822776870856], [7.859321240344112, 49.21135701231483], [7.858555951921069, 49.21182025783345], [7.858555951921062, 49.21182025783345], [7.858010800727239, 49.212279330436274], [7.8575696782866125, 49.21280291021794], [7.857189657221937, 49.213378389372906], [7.856827810155972, 49.213993160095654], [7.856441209711463, 49.214634614580625], [7.855986928511173, 49.215290145022294], [7.855422039177853, 49.21594714361511], [7.854703614334259, 49.21659300255354], [7.853788726603144, 49.21721511403204], [7.852634448607262, 49.217800870245064], [7.852634448607269, 49.217800870245064], [7.850771074597393, 49.218649103644196], [7.847933283085549, 49.21998298255685], [7.844378315393392, 49.22167640139215], [7.840363412842585, 49.223603254559215], [7.836145816754792, 49.225637436467146], [7.83198276845167, 49.22765284152507], [7.828131509254881, 49.2295233641421], [7.824849280486086, 49.23112289872735], [7.822393323466944, 49.23232533968993], [7.821020879519118, 49.23300458143897], [7.821020879519121, 49.23300458143896], [7.820115861437465, 49.233427201764925], [7.818931775030386, 49.23393508431639], [7.817523131576021, 49.234515129736934], [7.815944442352508, 49.23515423867012], [7.814250218637989, 49.23583931175951], [7.812494971710606, 49.236557249648655], [7.810733212848492, 49.23729495298114], [7.8090194533297925, 49.23803932240051], [7.807408204432644, 49.23877725855034], [7.805953977435186, 49.23949566207419], [7.8059539774351965, 49.23949566207419], [7.804632632393266, 49.240191069066995], [7.803374856330896, 49.24086185758118], [7.802168113039411, 49.24149774059823], [7.800999866310132, 49.24208843109965], [7.79985757993439, 49.24262364206698], [7.798728717703511, 49.24309308648172], [7.797600743408818, 49.24348647732537], [7.796461120841638, 49.24379352757944], [7.795297313793297, 49.24400395022547], [7.794096786055114, 49.24410745824494], [7.794096786055114, 49.24410745824494]]]}}, {"type": "Feature", "properties": {"source": "0_Province_Mayence.txt"}, "geometry": {"type": "Polygon", "coordinates": [[[8.118862523882317, 48.82454489379448], [8.114749389684523, 48.826045797186076], [8.11063625548673, 48.82754670057767], [8.106523121288937, 48.82904760396927], [8.102409987091146, 48.83054850736087], [8.098296852893352, 48.83204941075247], [8.094183718695557, 48.83355031414407], [8.090070584497765, 48.835051217535664], [8.08595745029997, 48.836552120927266], [8.081844316102178, 48.83805302431886], [8.077731181904385, 48.839553927710455], [8.077731181904385, 48.839553927710455], [8.078828587416744, 48.84456954225928], [8.079925992929105, 48.84958515680811], [8.081023398441465, 48.85460077135694], [8.082120803953824, 48.859616385905774], [8.083218209466185, 48.864632000454606], [8.084315614978545, 48.86964761500344], [8.085413020490906, 48.87466322955226], [8.086510426003265, 48.87967884410109], [8.087607831515625, 48.884694458649925], [8.088705237027984, 48.889710073198756], [8.088705237027984, 48.889710073198756], [8.082541372553996, 48.8902106038868], [8.076377508080006, 48.89071113457485], [8.070213643606015, 48.8912116652629], [8.064049779132027, 48.891712195950944], [8.057885914658035, 48.892212726639], [8.051722050184045, 48.892713257327046], [8.045558185710059, 48.89321378801509], [8.039394321236067, 48.89371431870313], [8.033230456762077, 48.89421484939119], [8.027066592288087, 48.894715380079234], [8.027066592288087, 48.894715380079234], [8.019080516985927, 48.89170418372798], [8.01109444168377, 48.888692987376736], [8.00310836638161, 48.885681791025476], [7.995122291079452, 48.88267059467423], [7.987136215777291, 48.87965939832298], [7.979150140475131, 48.876648201971726], [7.9711640651729745, 48.87363700562048], [7.963177989870813, 48.87062580926923], [7.955191914568655, 48.867614612917976], [7.947205839266495, 48.86460341656673], [7.947205839266495, 48.86460341656673], [7.936693308313773, 48.867859961553656], [7.926180777361047, 48.87111650654058], [7.9156682464083215, 48.87437305152751], [7.905155715455598, 48.877629596514446], [7.8946431845028755, 48.88088614150137], [7.884130653550152, 48.884142686488296], [7.873618122597426, 48.88739923147523], [7.863105591644704, 48.89065577646216], [7.85259306069198, 48.89391232144908], [7.842080529739254, 48.897168866436004], [7.842080529739254, 48.897168866436004], [7.838468124356565, 48.90431549481814], [7.834855718973875, 48.91146212320028], [7.831243313591187, 48.91860875158241], [7.827630908208498, 48.92575537996455], [7.824018502825808, 48.93290200834668], [7.820406097443122, 48.94004863672882], [7.816793692060433, 48.94719526511094], [7.813181286677741, 48.95434189349308], [7.809568881295052, 48.96148852187521], [7.805956475912364, 48.96863515025735], [7.805956475912364, 48.96863515025735], [7.7997915117371655, 48.96938564589954], [7.793626547561969, 48.97013614154173], [7.78746158338677, 48.970886637183916], [7.781296619211574, 48.9716371328261], [7.775131655036379, 48.9723876284683], [7.7689666908611805, 48.973138124110484], [7.762801726685986, 48.97388861975267], [7.7566367625107855, 48.974639115394865], [7.750471798335591, 48.97538961103706], [7.744306834160394, 48.976140106679246], [7.744306834160394, 48.976140106679246], [7.7419590427190705, 48.98128091329988], [7.739611251277749, 48.98642171992051], [7.737263459836429, 48.99156252654114], [7.7349156683951055, 48.99670333316177], [7.732567876953782, 49.0018441397824], [7.730220085512464, 49.00698494640303], [7.72787229407114, 49.01212575302367], [7.725524502629819, 49.0172665596443], [7.723176711188495, 49.02240736626493], [7.720828919747175, 49.02754817288556], [7.720828919747175, 49.02754817288556], [7.715120808974326, 49.02961484238781], [7.709412698201481, 49.03168151189004], [7.703704587428636, 49.03374818139228], [7.697996476655787, 49.03581485089452], [7.692288365882941, 49.03788152039675], [7.686580255110092, 49.03994818989899], [7.680872144337247, 49.04201485940124], [7.675164033564402, 49.044081528903476], [7.669455922791553, 49.04614819840572], [7.663747812018707, 49.04821486790795], [7.663747812018707, 49.04821486790795], [7.65775618657678, 49.04507918395135], [7.651764561134852, 49.04194349999475], [7.645772935692923, 49.038807816038144], [7.639781310250994, 49.035672132081544], [7.6337896848090665, 49.03253644812494], [7.627798059367141, 49.02940076416833], [7.621806433925212, 49.026265080211736], [7.615814808483282, 49.02312939625513], [7.609823183041357, 49.01999371229852], [7.6038315575994275, 49.01685802834193], [7.6038315575994275, 49.01685802834193], [7.596937976786018, 49.01553918158287], [7.5900443959726065, 49.014220334823804], [7.583150815159195, 49.01290148806475], [7.5762572343457855, 49.01158264130569], [7.569363653532372, 49.010263794546624], [7.562470072718963, 49.00894494778756], [7.555576491905553, 49.00762610102851], [7.54868291109214, 49.006307254269444], [7.54178933027873, 49.00498840751038], [7.534895749465321, 49.00366956075133], [7.534895749465321, 49.00366956075133], [7.530898339642789, 48.99946827986275], [7.526900929820258, 48.99526699897416], [7.522903519997726, 48.99106571808558], [7.518906110175195, 48.986864437197], [7.514908700352667, 48.98266315630841], [7.510911290530133, 48.97846187541983], [7.506913880707602, 48.974260594531245], [7.502916470885069, 48.970059313642665], [7.4989190610625425, 48.965858032754085], [7.494921651240009, 48.961656751865505], [7.494921651240009, 48.961656751865505], [7.48929510690729, 48.95958725363727], [7.483668562574575, 48.95751775540903], [7.478042018241858, 48.9554482571808], [7.472415473909141, 48.95337875895256], [7.466788929576422, 48.95130926072432], [7.461162385243705, 48.94923976249609], [7.455535840910988, 48.94717026426786], [7.449909296578271, 48.945100766039616], [7.444282752245556, 48.943031267811385], [7.438656207912839, 48.940961769583154], [7.438656207912839, 48.940961769583154], [7.429133626808522, 48.93995632713888], [7.419611045704201, 48.93895088469462], [7.410088464599886, 48.937945442250346], [7.4005658834955685, 48.93693999980608], [7.39104330239125, 48.93593455736181], [7.381520721286931, 48.934929114917544], [7.371998140182614, 48.93392367247327], [7.362475559078298, 48.932918230029], [7.352952977973981, 48.931912787584736], [7.343430396869664, 48.93090734514047], [7.343430396869664, 48.93090734514047], [7.336836078630547, 48.93171969031038], [7.330241760391431, 48.93253203548029], [7.323647442152314, 48.93334438065022], [7.317053123913199, 48.93415672582013], [7.3104588056740845, 48.93496907099004], [7.30386448743497, 48.935781416159955], [7.297270169195853, 48.93659376132987], [7.290675850956738, 48.937406106499786], [7.284081532717622, 48.938218451669705], [7.277487214478505, 48.939030796839624], [7.277487214478505, 48.939030796839624], [7.276851718253507, 48.93881165135341], [7.276216222028509, 48.93859250586721], [7.275580725803508, 48.938373360381014], [7.274945229578508, 48.938154214894816], [7.27430973335351, 48.93793506940862], [7.273674237128509, 48.93771592392242], [7.273038740903509, 48.93749677843622], [7.272403244678507, 48.93727763295002], [7.271767748453513, 48.93705848746382], [7.271132252228512, 48.936839341977624], [7.271132252228512, 48.936839341977624], [7.268883073207089, 48.93704388089838], [7.266633894185668, 48.93724841981915], [7.264384715164244, 48.93745295873991], [7.262135536142823, 48.93765749766067], [7.259886357121399, 48.93786203658144], [7.257637178099976, 48.9380665755022], [7.255387999078556, 48.93827111442297], [7.253138820057131, 48.93847565334373], [7.250889641035712, 48.9386801922645], [7.24864046201429, 48.938884731185254], [7.24864046201429, 48.938884731185254], [7.247552307515129, 48.93866226769867], [7.246464153015971, 48.93843980421208], [7.245375998516812, 48.938217340725494], [7.244287844017654, 48.93799487723889], [7.243199689518496, 48.9377724137523], [7.242111535019337, 48.93754995026572], [7.241023380520176, 48.937327486779125], [7.23993522602102, 48.93710502329254], [7.23884707152186, 48.936882559805944], [7.237758917022701, 48.93666009631935], [7.237758917022701, 48.93666009631935], [7.237487750893434, 48.93703604574473], [7.237216584764164, 48.9374119951701], [7.2369454186349, 48.93778794459548], [7.236674252505631, 48.938163894020846], [7.236403086376363, 48.93853984344623], [7.236131920247095, 48.938915792871605], [7.235860754117828, 48.93929174229698], [7.23558958798856, 48.93966769172235], [7.235318421859292, 48.94004364114773], [7.235047255730024, 48.9404195905731], [7.235047255730024, 48.9404195905731], [7.235171415145087, 48.94072727191241], [7.235295574560153, 48.94103495325172], [7.235419733975215, 48.941342634591024], [7.235543893390277, 48.941650315930346], [7.235668052805341, 48.941957997269654], [7.235792212220403, 48.94226567860897], [7.235916371635469, 48.94257335994827], [7.236040531050531, 48.942881041287585], [7.236164690465596, 48.9431887226269], [7.236288849880658, 48.94349640396621], [7.236288849880658, 48.94349640396621], [7.2358502642437355, 48.94361166476078], [7.235411678606813, 48.94372692555534], [7.23497309296989, 48.943842186349904], [7.234534507332967, 48.943957447144484], [7.234095921696046, 48.94407270793905], [7.233657336059121, 48.944187968733615], [7.233218750422198, 48.944303229528195], [7.232780164785275, 48.944418490322754], [7.232341579148352, 48.94453375111732], [7.231902993511429, 48.94464901191189], [7.231902993511429, 48.94464901191189], [7.231776373610003, 48.944665000007824], [7.231649753708574, 48.94468098810374], [7.231523133807151, 48.94469697619968], [7.2313965139057235, 48.944712964295604], [7.231269894004294, 48.944728952391536], [7.23114327410287, 48.94474494048746], [7.23101665420144, 48.94476092858338], [7.230890034300014, 48.94477691667932], [7.23076341439859, 48.94479290477524], [7.23063679449716, 48.94480889287117], [7.23063679449716, 48.94480889287117], [7.229966047115033, 48.9447286105898], [7.229295299732902, 48.94464832830841], [7.228624552350775, 48.94456804602704], [7.227953804968646, 48.94448776374566], [7.227283057586519, 48.94440748146428], [7.226612310204384, 48.94432719918291], [7.225941562822257, 48.944246916901534], [7.225270815440128, 48.94416663462015], [7.224600068057999, 48.94408635233878], [7.223929320675868, 48.944006070057405], [7.223929320675868, 48.944006070057405], [7.223407269392689, 48.94251896306321], [7.222885218109507, 48.941031856069], [7.22236316682633, 48.939544749074805], [7.221841115543148, 48.93805764208061], [7.221319064259966, 48.93657053508641], [7.220797012976787, 48.935083428092206], [7.220274961693605, 48.933596321098015], [7.219752910410428, 48.93210921410381], [7.219230859127245, 48.93062210710961], [7.218708807844065, 48.92913500011542], [7.218708807844065, 48.92913500011542], [7.217866821243918, 48.92833148072909], [7.217024834643775, 48.92752796134276], [7.216182848043628, 48.926724441956424], [7.215340861443483, 48.9259209225701], [7.21449887484334, 48.925117403183776], [7.213656888243191, 48.92431388379744], [7.212814901643048, 48.923510364411115], [7.211972915042903, 48.922706845024784], [7.211130928442758, 48.92190332563846], [7.210288941842613, 48.921099806252116], [7.210288941842613, 48.921099806252116], [7.210881026198399, 48.92046756162188], [7.211473110554186, 48.91983531699164], [7.212065194909972, 48.91920307236139], [7.212657279265757, 48.91857082773116], [7.213249363621545, 48.91793858310091], [7.21384144797733, 48.917306338470674], [7.214433532333118, 48.91667409384043], [7.215025616688903, 48.91604184921018], [7.215617701044689, 48.91540960457994], [7.216209785400476, 48.9147773599497], [7.216209785400476, 48.9147773599497], [7.216085480902498, 48.914435495201566], [7.215961176404521, 48.91409363045343], [7.215836871906543, 48.91375176570529], [7.21571256740857, 48.91340990095716], [7.21558826291059, 48.91306803620903], [7.215463958412613, 48.912726171460896], [7.215339653914636, 48.91238430671276], [7.21521534941666, 48.91204244196463], [7.215091044918681, 48.91170057721649], [7.214966740420703, 48.911358712468356], [7.214966740420703, 48.911358712468356], [7.214275079170481, 48.91163200683528], [7.21358341792026, 48.91190530120221], [7.212891756670036, 48.912178595569145], [7.212200095419815, 48.91245188993607], [7.211508434169593, 48.91272518430301], [7.210816772919371, 48.91299847866993], [7.2101251116691465, 48.913271773036854], [7.209433450418926, 48.91354506740378], [7.208741789168704, 48.913818361770716], [7.208050127918479, 48.91409165613764], [7.208050127918479, 48.91409165613764], [7.207702944793713, 48.913527543844936], [7.2073557616689445, 48.912963431552235], [7.207008578544178, 48.91239931925954], [7.206661395419411, 48.911835206966835], [7.206314212294641, 48.911271094674134], [7.205967029169875, 48.91070698238143], [7.205619846045106, 48.91014287008873], [7.20527266292034, 48.90957875779603], [7.204925479795573, 48.90901464550332], [7.204578296670805, 48.908450533210626], [7.204578296670805, 48.908450533210626], [7.205417327500992, 48.90768161671896], [7.206256358331181, 48.906912700227295], [7.207095389161369, 48.90614378373563], [7.207934419991556, 48.90537486724396], [7.208773450821743, 48.904605950752284], [7.209612481651934, 48.90383703426062], [7.210451512482122, 48.90306811776895], [7.211290543312307, 48.90229920127729], [7.212129574142496, 48.90153028478562], [7.212968604972687, 48.90076136829395], [7.212968604972687, 48.90076136829395], [7.2123502095991245, 48.90059029710143], [7.2117318142255655, 48.90041922590889], [7.211113418852008, 48.90024815471637], [7.210495023478449, 48.90007708352384], [7.209876628104887, 48.89990601233131], [7.209258232731328, 48.89973494113878], [7.208639837357769, 48.899563869946256], [7.20802144198421, 48.89939279875372], [7.207403046610649, 48.8992217275612], [7.206784651237088, 48.89905065636866], [7.206784651237088, 48.89905065636866], [7.205771623062924, 48.899306778847546], [7.204758594888762, 48.89956290132644], [7.203745566714598, 48.89981902380533], [7.202732538540433, 48.90007514628422], [7.201719510366269, 48.90033126876311], [7.200706482192103, 48.900587391242], [7.19969345401794, 48.900843513720886], [7.198680425843776, 48.90109963619978], [7.197667397669612, 48.90135575867867], [7.196654369495448, 48.90161188115755], [7.196654369495448, 48.90161188115755], [7.195813260434081, 48.90130402089316], [7.194972151372712, 48.900996160628765], [7.194131042311344, 48.90068830036437], [7.193289933249977, 48.90038044009998], [7.1924488241886095, 48.90007257983559], [7.19160771512724, 48.899764719571195], [7.190766606065873, 48.899456859306795], [7.1899254970045074, 48.8991489990424], [7.189084387943138, 48.898841138778], [7.188243278881771, 48.89853327851362], [7.188243278881771, 48.89853327851362], [7.185942137580733, 48.89747301967965], [7.183640996279694, 48.896412760845685], [7.1813398549786545, 48.89535250201172], [7.179038713677617, 48.89429224317776], [7.176737572376577, 48.89323198434379], [7.1744364310755415, 48.892171725509826], [7.172135289774502, 48.89111146667585], [7.169834148473463, 48.89005120784189], [7.167533007172425, 48.888990949007926], [7.165231865871386, 48.88793069017396], [7.165231865871386, 48.88793069017396], [7.165230249469358, 48.88709319714147], [7.165228633067329, 48.886255704108976], [7.1652270166653, 48.885418211076484], [7.165225400263271, 48.88458071804399], [7.165223783861244, 48.88374322501151], [7.1652221674592145, 48.88290573197901], [7.165220551057185, 48.88206823894652], [7.165218934655158, 48.88123074591403], [7.165217318253129, 48.88039325288153], [7.1652157018511, 48.87955575984904], [7.1652157018511, 48.87955575984904], [7.16860348021266, 48.88005226422074], [7.171991258574218, 48.880548768592426], [7.175379036935777, 48.88104527296411], [7.178766815297335, 48.88154177733579], [7.182154593658893, 48.88203828170748], [7.185542372020452, 48.88253478607917], [7.18893015038201, 48.88303129045085], [7.192317928743568, 48.88352779482254], [7.195705707105127, 48.88402429919423], [7.199093485466685, 48.88452080356592], [7.199093485466685, 48.88452080356592], [7.199984168554593, 48.88489704294745], [7.200874851642501, 48.88527328232899], [7.201765534730409, 48.88564952171052], [7.202656217818319, 48.88602576109206], [7.203546900906225, 48.886402000473595], [7.204437583994135, 48.88677823985513], [7.2053282670820415, 48.88715447923667], [7.206218950169951, 48.8875307186182], [7.2071096332578595, 48.88790695799974], [7.2080003163457675, 48.88828319738128], [7.2080003163457675, 48.88828319738128], [7.208840600712223, 48.88816376528215], [7.209680885078679, 48.88804433318303], [7.210521169445132, 48.887924901083906], [7.2113614538115876, 48.88780546898479], [7.212201738178042, 48.88768603688566], [7.2130420225444976, 48.88756660478654], [7.2138823069109534, 48.887447172687416], [7.214722591277408, 48.8873277405883], [7.215562875643862, 48.88720830848917], [7.216403160010319, 48.88708887639005], [7.216403160010319, 48.88708887639005], [7.21756505534702, 48.88707207467141], [7.21872695068372, 48.88705527295277], [7.219888846020419, 48.887038471234135], [7.22105074135712, 48.8870216695155], [7.22221263669382, 48.88700486779686], [7.223374532030521, 48.886988066078224], [7.224536427367221, 48.886971264359595], [7.225698322703922, 48.88695446264095], [7.2268602180406205, 48.886937660922314], [7.228022113377319, 48.88692085920368], [7.228022113377319, 48.88692085920368], [7.22928327558656, 48.88714336586683], [7.230544437795798, 48.887365872529976], [7.231805600005041, 48.88758837919313], [7.233066762214278, 48.88781088585628], [7.234327924423521, 48.888033392519425], [7.235589086632761, 48.888255899182575], [7.236850248842, 48.888478405845724], [7.238111411051239, 48.88870091250888], [7.23937257326048, 48.88892341917203], [7.240633735469718, 48.88914592583518], [7.240633735469718, 48.88914592583518], [7.241500350710016, 48.8898810846227], [7.242366965950314, 48.890616243410236], [7.243233581190609, 48.891351402197756], [7.244100196430907, 48.89208656098529], [7.244966811671205, 48.89282171977282], [7.245833426911501, 48.89355687856035], [7.246700042151797, 48.89429203734787], [7.247566657392095, 48.89502719613541], [7.2484332726323935, 48.89576235492293], [7.24929988787269, 48.89649751371046], [7.24929988787269, 48.89649751371046], [7.251030175715055, 48.89636121203818], [7.252760463557417, 48.8962249103659], [7.254490751399782, 48.896088608693624], [7.256221039242147, 48.89595230702134], [7.257951327084513, 48.89581600534907], [7.259681614926876, 48.895679703676784], [7.261411902769241, 48.89554340200451], [7.263142190611607, 48.89540710033222], [7.26487247845397, 48.89527079865995], [7.266602766296334, 48.895134496987666], [7.266602766296334, 48.895134496987666], [7.266625072659005, 48.89390390114036], [7.2666473790216735, 48.89267330529306], [7.266669685384343, 48.89144270944575], [7.26669199174701, 48.89021211359844], [7.266714298109681, 48.888981517751134], [7.266736604472349, 48.88775092190382], [7.2667589108350175, 48.88652032605652], [7.266781217197687, 48.88528973020921], [7.266803523560355, 48.884059134361905], [7.266825829923025, 48.882828538514595], [7.266825829923025, 48.882828538514595], [7.265860680266053, 48.88231554705839], [7.264895530609081, 48.8818025556022], [7.263930380952109, 48.88128956414599], [7.262965231295134, 48.88077657268978], [7.262000081638162, 48.880263581233585], [7.2610349319811895, 48.87975058977737], [7.260069782324216, 48.87923759832118], [7.2591046326672455, 48.87872460686498], [7.25813948301027, 48.87821161540877], [7.257174333353298, 48.87769862395257], [7.257174333353298, 48.87769862395257], [7.257445347675311, 48.87720303268515], [7.257716361997325, 48.87670744141774], [7.2579873763193365, 48.87621185015032], [7.25825839064135, 48.8757162588829], [7.2585294049633635, 48.87522066761549], [7.258800419285377, 48.87472507634807], [7.259071433607392, 48.87422948508065], [7.259342447929402, 48.87373389381324], [7.259613462251416, 48.87323830254582], [7.259884476573429, 48.872742711278406], [7.259884476573429, 48.872742711278406], [7.2606507363439015, 48.8726745357643], [7.261416996114374, 48.8726063602502], [7.262183255884846, 48.8725381847361], [7.26294951565532, 48.872470009222006], [7.263715775425792, 48.8724018337079], [7.2644820351962665, 48.8723336581938], [7.265248294966739, 48.8722654826797], [7.266014554737209, 48.872197307165614], [7.266780814507683, 48.872129131651505], [7.267547074278156, 48.8720609561374], [7.267547074278156, 48.8720609561374], [7.268455664280999, 48.87154008433741], [7.269089341662179, 48.87100743779204], [7.269479524928361, 48.870473807035914], [7.26965763258621, 48.86994998260364], [7.269655083142387, 48.86944675502984], [7.269503295103556, 48.86897491484912], [7.269233686976381, 48.86854525259608], [7.26887767726752, 48.86816855880535], [7.268466684483645, 48.86785562401152], [7.268032127131411, 48.86761723874922], [7.2680321271314074, 48.86761723874922], [7.2668454843350965, 48.86759985091915], [7.265658841538787, 48.86758246308909], [7.2644721987424745, 48.86756507525902], [7.263285555946167, 48.86754768742897], [7.262098913149856, 48.867530299598904], [7.260912270353545, 48.867512911768834], [7.259725627557238, 48.86749552393877], [7.258538984760927, 48.86747813610871], [7.257352341964616, 48.867460748278646], [7.256165699168305, 48.86744336044859], [7.256165699168305, 48.86744336044859], [7.25581902399221, 48.86710144020466], [7.25547234881612, 48.866759519960716], [7.255125673640027, 48.86641759971679], [7.2547789984639355, 48.86607567947286], [7.254432323287844, 48.865733759228924], [7.254085648111751, 48.865391838985005], [7.253738972935659, 48.865049918741065], [7.253392297759564, 48.86470799849714], [7.253045622583475, 48.864366078253205], [7.2526989474073815, 48.86402415800927], [7.2526989474073815, 48.86402415800927], [7.253192312551441, 48.86347734717378], [7.253685677695499, 48.862930536338276], [7.254179042839558, 48.862383725502774], [7.254672407983618, 48.86183691466727], [7.255165773127679, 48.86129010383177], [7.255659138271739, 48.860743292996275], [7.256152503415798, 48.860196482160774], [7.256645868559856, 48.85964967132527], [7.257139233703915, 48.85910286048978], [7.257632598847975, 48.858556049654275], [7.257632598847975, 48.858556049654275], [7.25676699309764, 48.85838491676684], [7.2559013873473095, 48.85821378387942], [7.255035781596973, 48.85804265099199], [7.254170175846644, 48.85787151810456], [7.25330457009631, 48.857700385217136], [7.252438964345975, 48.8575292523297], [7.251573358595644, 48.85735811944227], [7.250707752845308, 48.857186986554844], [7.249842147094975, 48.85701585366741], [7.248976541344643, 48.856844720779975], [7.248976541344643, 48.856844720779975], [7.248654745579348, 48.85660535686292], [7.248332949814049, 48.85636599294585], [7.248011154048754, 48.85612662902878], [7.247689358283457, 48.85588726511171], [7.247367562518159, 48.855647901194644], [7.247045766752862, 48.85540853727757], [7.246723970987567, 48.85516917336051], [7.246402175222272, 48.85492980944343], [7.2460803794569735, 48.854690445526366], [7.2457585836916785, 48.8544510816093], [7.2457585836916785, 48.8544510816093], [7.245781912676039, 48.853750328292755], [7.245805241660399, 48.85304957497621], [7.245828570644759, 48.85234882165965], [7.245851899629118, 48.85164806834311], [7.24587522861348, 48.85094731502656], [7.24589855759784, 48.85024656171001], [7.245921886582204, 48.84954580839347], [7.2459452155665645, 48.84884505507692], [7.245968544550923, 48.84814430176037], [7.245991873535285, 48.84744354844383], [7.245991873535285, 48.84744354844383], [7.24658543309752, 48.84694156831853], [7.247337965308651, 48.84645446596676], [7.248198085545667, 48.84602420552753], [7.249114409185557, 48.84569275113988], [7.2500355516053165, 48.84550206694284], [7.2509101281819355, 48.845494117075425], [7.251686754292402, 48.84571086567668], [7.252314045313712, 48.846194276885605], [7.25274061662285, 48.84698631484127], [7.252915083596815, 48.84812894368267], [7.2529150835968075, 48.84812894368267], [7.253359900213727, 48.849086572089455], [7.2539677538562835, 48.84982373119378], [7.254702245680612, 48.850346158656336], [7.25552697684285, 48.850659592137774], [7.256405548499131, 48.85076976929876], [7.2573015618055905, 48.85068242779998], [7.258178617918368, 48.850403305302095], [7.259000317993596, 48.84993813946577], [7.259730263187407, 48.84929266795169], [7.2603320546559456, 48.848472628420495], [7.260332054655947, 48.848472628420495], [7.260404429862104, 48.847566787108434], [7.2604768050682615, 48.84666094579638], [7.26054918027442, 48.845755104484326], [7.2606215554805775, 48.84484926317227], [7.260693930686733, 48.84394342186021], [7.260766305892892, 48.84303758054816], [7.260838681099049, 48.8421317392361], [7.260911056305206, 48.84122589792405], [7.260983431511365, 48.840320056612], [7.26105580671752, 48.839414215299946], [7.26105580671752, 48.839414215299946], [7.26226529681297, 48.83844029102601], [7.263474786908425, 48.83746636675208], [7.264684277003873, 48.83649244247814], [7.265893767099325, 48.83551851820421], [7.267103257194776, 48.834544593930275], [7.268312747290228, 48.833570669656346], [7.269522237385679, 48.83259674538241], [7.270731727481127, 48.83162282110848], [7.271941217576581, 48.83064889683455], [7.2731507076720305, 48.82967497256062], [7.2731507076720305, 48.82967497256062], [7.272852999610416, 48.82912796430143], [7.2725552915488, 48.82858095604225], [7.272257583487182, 48.82803394778307], [7.271959875425564, 48.827486939523894], [7.271662167363949, 48.82693993126471], [7.271364459302333, 48.82639292300553], [7.271066751240717, 48.82584591474635], [7.270769043179099, 48.82529890648717], [7.270471335117483, 48.82475189822799], [7.270173627055868, 48.824204889968804], [7.270173627055868, 48.824204889968804], [7.2701303058750995, 48.82417924436259], [7.270086984694334, 48.824153598756375], [7.270043663513565, 48.82412795315015], [7.270000342332798, 48.824102307543946], [7.269957021152031, 48.824076661937724], [7.269913699971264, 48.82405101633152], [7.269870378790497, 48.824025370725295], [7.269827057609728, 48.82399972511909], [7.269783736428964, 48.823974079512865], [7.2697404152481955, 48.82394843390665], [7.2697404152481955, 48.82394843390665], [7.269414034615197, 48.823751795326466], [7.2690876539822025, 48.823555156746274], [7.268761273349204, 48.82335851816609], [7.2684348927162095, 48.8231618795859], [7.268108512083213, 48.82296524100571], [7.267782131450215, 48.82276860242552], [7.267455750817218, 48.82257196384534], [7.267129370184222, 48.822375325265156], [7.266802989551225, 48.822178686684964], [7.266476608918229, 48.82198204810477], [7.266476608918229, 48.82198204810477], [7.265561475260878, 48.821725444425404], [7.2646463416035285, 48.821468840746036], [7.263731207946179, 48.82121223706667], [7.262816074288828, 48.82095563338729], [7.261900940631481, 48.820699029707924], [7.260985806974128, 48.820442426028556], [7.260070673316779, 48.82018582234918], [7.259155539659428, 48.81992921866981], [7.258240406002079, 48.81967261499044], [7.25732527234473, 48.81941601131108], [7.25732527234473, 48.81941601131108], [7.255498059763376, 48.820526514913944], [7.253670847182022, 48.821637018516824], [7.251843634600672, 48.8227475221197], [7.250016422019318, 48.82385802572258], [7.248189209437964, 48.82496852932547], [7.246361996856612, 48.826079032928334], [7.244534784275256, 48.827189536531215], [7.242707571693906, 48.82830004013409], [7.240880359112554, 48.82941054373697], [7.2390531465312, 48.83052104733985], [7.2390531465312, 48.83052104733985], [7.238138362607884, 48.830486635669764], [7.237223578684569, 48.830452223999686], [7.236308794761252, 48.83041781232959], [7.235394010837936, 48.83038340065951], [7.234479226914621, 48.83034898898943], [7.233564442991305, 48.83031457731934], [7.23264965906799, 48.830280165649256], [7.231734875144673, 48.83024575397918], [7.230820091221357, 48.83021134230909], [7.2299053072980435, 48.830176930639], [7.2299053072980435, 48.830176930639], [7.230077800335108, 48.82986932333358], [7.230250293372173, 48.829561716028145], [7.230422786409235, 48.829254108722715], [7.230595279446302, 48.82894650141728], [7.230767772483366, 48.828638894111855], [7.230940265520429, 48.82833128680643], [7.231112758557494, 48.828023679500994], [7.231285251594558, 48.827716072195564], [7.231457744631625, 48.827408464890134], [7.231630237668691, 48.8271008575847], [7.231630237668691, 48.8271008575847], [7.231676943024755, 48.826502660219916], [7.231723648380822, 48.82590446285512], [7.23177035373689, 48.82530626549034], [7.231817059092954, 48.82470806812555], [7.23186376444902, 48.82410987076076], [7.2319104698050864, 48.82351167339596], [7.231957175161151, 48.82291347603117], [7.232003880517219, 48.82231527866639], [7.232050585873283, 48.8217170813016], [7.2320972912293495, 48.821118883936805], [7.2320972912293495, 48.821118883936805], [7.231702084504475, 48.821289702170375], [7.231306877779604, 48.82146052040394], [7.230911671054731, 48.8216313386375], [7.230516464329856, 48.82180215687107], [7.230121257604985, 48.821972975104636], [7.229726050880114, 48.8221437933382], [7.229330844155239, 48.82231461157177], [7.228935637430366, 48.82248542980533], [7.2285404307054915, 48.822656248038896], [7.22814522398062, 48.82282706627247], [7.22814522398062, 48.82282706627247], [7.227726028515457, 48.823356803931766], [7.227306833050292, 48.823886541591065], [7.226887637585131, 48.82441627925036], [7.226468442119966, 48.82494601690967], [7.226049246654803, 48.82547575456896], [7.225630051189638, 48.82600549222826], [7.225210855724475, 48.82653522988756], [7.224791660259312, 48.82706496754687], [7.224372464794147, 48.82759470520616], [7.223953269328986, 48.828124442865466], [7.223953269328986, 48.828124442865466], [7.223112839879617, 48.82820969155576], [7.222272410430248, 48.82829494024607], [7.22143198098088, 48.82838018893636], [7.220591551531511, 48.82846543762666], [7.21975112208214, 48.82855068631696], [7.2189106926327735, 48.828635935007256], [7.218070263183405, 48.82872118369756], [7.217229833734036, 48.82880643238786], [7.2163894042846675, 48.828891681078154], [7.215548974835297, 48.82897692976846], [7.215548974835297, 48.82897692976846], [7.215054719020733, 48.82906226485135], [7.214560463206169, 48.82914759993426], [7.214066207391603, 48.82923293501716], [7.213571951577039, 48.82931827010007], [7.213077695762474, 48.82940360518297], [7.212583439947908, 48.82948894026586], [7.212089184133344, 48.82957427534877], [7.21159492831878, 48.82965961043167], [7.211100672504214, 48.82974494551458], [7.21060641668965, 48.82983028059748], [7.21060641668965, 48.82983028059748], [7.209544771135043, 48.8305136831009], [7.208483125580438, 48.83119708560432], [7.207421480025829, 48.83188048810775], [7.206359834471222, 48.83256389061117], [7.2052981889166166, 48.833247293114596], [7.204236543362008, 48.83393069561803], [7.203174897807402, 48.83461409812145], [7.202113252252797, 48.835297500624876], [7.20105160669819, 48.835980903128295], [7.199989961143583, 48.83666430563172], [7.199989961143583, 48.83666430563172], [7.200658280277718, 48.83712594795068], [7.201326599411853, 48.837587590269635], [7.201994918545987, 48.838049232588595], [7.2026632376801185, 48.838510874907556], [7.203331556814254, 48.83897251722651], [7.203999875948387, 48.83943415954547], [7.204668195082522, 48.83989580186442], [7.205336514216654, 48.84035744418338], [7.206004833350791, 48.84081908650234], [7.206673152484923, 48.8412807288213], [7.206673152484923, 48.8412807288213], [7.20571121577594, 48.84239144836619], [7.204749279066956, 48.8435021679111], [7.20378734235797, 48.844612887456], [7.2028254056489835, 48.845723607000906], [7.201863468940001, 48.8468343265458], [7.200901532231015, 48.8479450460907], [7.199939595522032, 48.849055765635605], [7.198977658813046, 48.8501664851805], [7.198015722104062, 48.851277204725406], [7.197053785395079, 48.8523879242703], [7.197053785395079, 48.8523879242703], [7.19663322429853, 48.85225108582278], [7.196212663201983, 48.852114247375255], [7.195792102105436, 48.85197740892772], [7.195371541008887, 48.85184057048019], [7.19495097991234, 48.851703732032675], [7.194530418815793, 48.851566893585144], [7.194109857719244, 48.851430055137605], [7.193689296622695, 48.85129321669009], [7.193268735526148, 48.851156378242564], [7.192848174429601, 48.85101953979503], [7.192848174429601, 48.85101953979503], [7.192136134133708, 48.850325013022555], [7.191424093837815, 48.849630486250064], [7.190712053541924, 48.848935959477586], [7.190000013246031, 48.8482414327051], [7.189287972950138, 48.847546905932624], [7.188575932654247, 48.84685237916014], [7.187863892358358, 48.84615785238766], [7.187151852062463, 48.84546332561518], [7.186439811766572, 48.8447687988427], [7.1857277714706775, 48.844074272070216], [7.1857277714706775, 48.844074272070216], [7.190317225176811, 48.839588847043785], [7.194906678882944, 48.83510342201734], [7.199496132589076, 48.8306179969909], [7.204085586295207, 48.82613257196446], [7.208675040001337, 48.82164714693802], [7.213264493707468, 48.81716172191158], [7.2178539474136, 48.812676296885144], [7.222443401119733, 48.8081908718587], [7.227032854825863, 48.80370544683227], [7.231622308531996, 48.79922002180582], [7.231622308531996, 48.79922002180582], [7.2292602800327845, 48.79702528641422], [7.226898251533571, 48.79483055102261], [7.2245362230343595, 48.792635815631], [7.22217419453515, 48.7904410802394], [7.219812166035936, 48.78824634484779], [7.217450137536723, 48.78605160945619], [7.215088109037513, 48.78385687406458], [7.212726080538301, 48.78166213867298], [7.21036405203909, 48.77946740328137], [7.208002023539876, 48.77727266788976], [7.208002023539876, 48.77727266788976], [7.204372072776884, 48.775328653289094], [7.2007421220138905, 48.773384638688434], [7.197112171250897, 48.77144062408777], [7.193482220487903, 48.7694966094871], [7.189852269724909, 48.76755259488644], [7.186222318961917, 48.765608580285765], [7.182592368198925, 48.763664565685104], [7.17896241743593, 48.76172055108444], [7.175332466672938, 48.75977653648377], [7.171702515909944, 48.757832521883095], [7.171702515909944, 48.757832521883095], [7.174779286855239, 48.75494906630366], [7.177856057800538, 48.75206561072423], [7.180932828745835, 48.749182155144794], [7.18400959969113, 48.74629869956536], [7.187086370636427, 48.743415243985915], [7.190163141581724, 48.740531788406486], [7.193239912527021, 48.73764833282705], [7.196316683472318, 48.73476487724762], [7.1993934544176135, 48.731881421668184], [7.202470225362912, 48.72899796608875], [7.202470225362912, 48.72899796608875], [7.2072762186437185, 48.728623148394625], [7.212082211924521, 48.72824833070051], [7.216888205205326, 48.727873513006394], [7.22169419848613, 48.72749869531227], [7.2265001917669345, 48.72712387761815], [7.231306185047739, 48.72674905992403], [7.236112178328542, 48.72637424222991], [7.24091817160935, 48.72599942453579], [7.245724164890152, 48.72562460684168], [7.250530158170957, 48.72524978914755], [7.250530158170957, 48.72524978914755], [7.250615189089702, 48.72286765590538], [7.250700220008451, 48.720485522663225], [7.250785250927194, 48.71810338942105], [7.250870281845943, 48.71572125617889], [7.250955312764688, 48.713339122936716], [7.251040343683435, 48.710956989694544], [7.251125374602182, 48.70857485645239], [7.251210405520929, 48.70619272321022], [7.2512954364396744, 48.70381058996805], [7.251380467358423, 48.701428456725885], [7.251380467358423, 48.701428456725885], [7.250105810696738, 48.69823092675617], [7.2488311540350505, 48.695033396786464], [7.247556497373365, 48.69183586681675], [7.246281840711681, 48.688638336847035], [7.245007184049999, 48.685440806877324], [7.243732527388312, 48.682243276907606], [7.242457870726627, 48.679045746937895], [7.241183214064941, 48.675848216968184], [7.239908557403258, 48.67265068699847], [7.238633900741572, 48.66945315702876], [7.238633900741572, 48.66945315702876], [7.235908163488876, 48.66694427044883], [7.23318242623618, 48.6644353838689], [7.23045668898348, 48.66192649728898], [7.227730951730784, 48.65941761070905], [7.225005214478086, 48.656908724129124], [7.222279477225392, 48.65439983754919], [7.219553739972694, 48.65189095096926], [7.2168280027199945, 48.649382064389336], [7.214102265467298, 48.646873177809404], [7.211376528214602, 48.64436429122948], [7.211376528214602, 48.64436429122948], [7.214991070319737, 48.638283757997726], [7.218605612424874, 48.63220322476597], [7.222220154530008, 48.626122691534235], [7.225834696635145, 48.620042158302475], [7.22944923874028, 48.61396162507072], [7.233063780845418, 48.60788109183897], [7.236678322950553, 48.60180055860722], [7.2402928650556895, 48.59572002537547], [7.243907407160824, 48.58963949214372], [7.247521949265963, 48.58355895891197], [7.247521949265963, 48.58355895891197], [7.251059084760774, 48.58381087887409], [7.254596220255589, 48.584062798836214], [7.258133355750402, 48.58431471879834], [7.261670491245216, 48.584566638760464], [7.265207626740027, 48.58481855872259], [7.268744762234842, 48.58507047868471], [7.2722818977296555, 48.585322398646845], [7.275819033224472, 48.58557431860896], [7.279356168719284, 48.58582623857109], [7.282893304214099, 48.58607815853322], [7.282893304214099, 48.58607815853322], [7.2816169528030485, 48.58200254207281], [7.280340601391998, 48.5779269256124], [7.279064249980948, 48.573851309152], [7.277787898569901, 48.569775692691586], [7.276511547158851, 48.56570007623119], [7.2752351957478005, 48.561624459770776], [7.27395884433675, 48.55754884331037], [7.272682492925702, 48.55347322684997], [7.271406141514651, 48.549397610389555], [7.270129790103601, 48.54532199392915], [7.270129790103601, 48.54532199392915], [7.260600787949537, 48.5418094100706], [7.251071785795473, 48.538296826212054], [7.241542783641405, 48.5347842423535], [7.232013781487339, 48.531271658494944], [7.222484779333273, 48.5277590746364], [7.212955777179209, 48.52424649077785], [7.203426775025143, 48.5207339069193], [7.193897772871077, 48.517221323060745], [7.184368770717011, 48.513708739202194], [7.174839768562945, 48.510196155343635], [7.174839768562945, 48.510196155343635], [7.175194764410724, 48.505995960660414], [7.175549760258498, 48.501795765977185], [7.175904756106275, 48.497595571293964], [7.176259751954053, 48.49339537661073], [7.176614747801828, 48.489195181927506], [7.176969743649606, 48.48499498724427], [7.177324739497383, 48.48079479256105], [7.17767973534516, 48.47659459787782], [7.178034731192936, 48.4723944031946], [7.178389727040713, 48.46819420851136], [7.178389727040713, 48.46819420851136], [7.183099184115484, 48.46506012864239], [7.187808641190257, 48.461926048773414], [7.192518098265028, 48.45879196890444], [7.197227555339801, 48.45565788903547], [7.201937012414572, 48.45252380916649], [7.206646469489343, 48.44938972929752], [7.211355926564115, 48.44625564942855], [7.216065383638888, 48.44312156955957], [7.220774840713661, 48.43998748969061], [7.225484297788434, 48.43685340982164], [7.225484297788434, 48.43685340982164], [7.220300692193813, 48.428890595391856], [7.2151170865991965, 48.42092778096208], [7.20993348100458, 48.4129649665323], [7.204749875409961, 48.405002152102526], [7.199566269815341, 48.39703933767276], [7.194382664220724, 48.38907652324298], [7.189199058626107, 48.3811137088132], [7.184015453031487, 48.37315089438342], [7.17883184743687, 48.36518807995365], [7.173648241842253, 48.35722526552387], [7.173648241842253, 48.35722526552387], [7.167207392213893, 48.35590652628104], [7.160766542585536, 48.35458778703821], [7.154325692957176, 48.35326904779539], [7.147884843328818, 48.35195030855256], [7.1414439937004595, 48.350631569309726], [7.135003144072101, 48.3493128300669], [7.128562294443741, 48.34799409082407], [7.122121444815381, 48.34667535158124], [7.115680595187023, 48.345356612338406], [7.109239745558666, 48.34403787309559], [7.109239745558666, 48.34403787309559], [7.106427000948411, 48.342846096638006], [7.103614256338155, 48.341654320180425], [7.1008015117279015, 48.34046254372285], [7.0979887671176485, 48.33927076726527], [7.09517602250739, 48.338078990807695], [7.092363277897137, 48.336887214350114], [7.089550533286886, 48.33569543789254], [7.086737788676631, 48.33450366143496], [7.083925044066373, 48.333311884977384], [7.0811122994561195, 48.3321201085198], [7.0811122994561195, 48.3321201085198], [7.080381496577852, 48.3297377716746], [7.079650693699584, 48.327355434829386], [7.078919890821318, 48.32497309798418], [7.07818908794305, 48.32259076113897], [7.077458285064784, 48.32020842429376], [7.07672748218652, 48.31782608744856], [7.0759966793082505, 48.315443750603336], [7.0752658764299845, 48.313061413758135], [7.074535073551717, 48.31067907691292], [7.073804270673449, 48.30829674006771], [7.073804270673449, 48.30829674006771], [7.076069359628747, 48.307482247955214], [7.078334448584041, 48.306667755842724], [7.080599537539337, 48.30585326373023], [7.082864626494629, 48.30503877161773], [7.085129715449927, 48.30422427950525], [7.087394804405223, 48.303409787392745], [7.089659893360517, 48.30259529528025], [7.091924982315813, 48.30178080316776], [7.094190071271109, 48.30096631105526], [7.096455160226405, 48.30015181894277], [7.096455160226405, 48.30015181894277], [7.106525365559044, 48.30228651587208], [7.116595570891684, 48.30442121280141], [7.1266657762243195, 48.306555909730726], [7.13673598155696, 48.308690606660036], [7.146806186889597, 48.31082530358937], [7.156876392222234, 48.31296000051868], [7.166946597554876, 48.31509469744799], [7.177016802887513, 48.317229394377314], [7.1870870082201535, 48.31936409130663], [7.19715721355279, 48.32149878823596], [7.19715721355279, 48.32149878823596], [7.197878931624658, 48.31999383343473], [7.198600649696527, 48.3184888786335], [7.1993223677683975, 48.31698392383228], [7.200044085840267, 48.31547896903106], [7.200765803912136, 48.31397401422983], [7.201487521984001, 48.31246905942861], [7.20220924005587, 48.31096410462739], [7.202930958127741, 48.30945914982617], [7.20365267619961, 48.307954195024934], [7.204374394271479, 48.306449240223714], [7.204374394271479, 48.306449240223714], [7.199376024931377, 48.3008055978154], [7.194377655591275, 48.29516195540708], [7.1893792862511745, 48.28951831299876], [7.184380916911071, 48.28387467059044], [7.179382547570967, 48.27823102818213], [7.174384178230863, 48.272587385773804], [7.169385808890761, 48.26694374336549], [7.16438743955066, 48.26130010095717], [7.15938907021056, 48.25565645854885], [7.154390700870458, 48.25001281614053], [7.154390700870458, 48.25001281614053], [7.149937292002027, 48.244118277985116], [7.145483883133595, 48.2382237398297], [7.141030474265165, 48.23232920167428], [7.136577065396734, 48.22643466351886], [7.132123656528304, 48.220540125363435], [7.12767024765987, 48.21464558720802], [7.123216838791439, 48.20875104905261], [7.118763429923009, 48.202856510897185], [7.114310021054575, 48.19696197274176], [7.109856612186146, 48.19106743458635], [7.109856612186146, 48.19106743458635], [7.107855741286722, 48.18868478624676], [7.105854870387299, 48.18630213790717], [7.103853999487878, 48.183919489567586], [7.101853128588452, 48.181536841228], [7.0998522576890295, 48.179154192888404], [7.097851386789605, 48.17677154454882], [7.095850515890181, 48.17438889620923], [7.093849644990758, 48.172006247869646], [7.091848774091336, 48.169623599530055], [7.089847903191913, 48.167240951190465], [7.089847903191913, 48.167240951190465], [7.093746092707931, 48.165611803774354], [7.097644282223953, 48.16398265635824], [7.101542471739977, 48.16235350894214], [7.105440661255997, 48.16072436152602], [7.109338850772017, 48.15909521410991], [7.113237040288038, 48.15746606669381], [7.117135229804058, 48.15583691927769], [7.12103341932008, 48.15420777186158], [7.124931608836102, 48.15257862444548], [7.12882979835212, 48.150949477029364], [7.12882979835212, 48.150949477029364], [7.1320950845061475, 48.15126434687866], [7.135360370660175, 48.15157921672797], [7.138625656814204, 48.15189408657727], [7.141890942968232, 48.15220895642657], [7.145156229122259, 48.152523826275875], [7.148421515276286, 48.15283869612518], [7.151686801430316, 48.15315356597447], [7.154952087584343, 48.153468435823775], [7.158217373738367, 48.15378330567308], [7.161482659892396, 48.15409817552238], [7.161482659892396, 48.15409817552238], [7.162033419239762, 48.15767154740124], [7.162584178587126, 48.1612449192801], [7.163134937934492, 48.164818291158944], [7.163685697281858, 48.16839166303781], [7.164236456629222, 48.17196503491667], [7.164787215976585, 48.175538406795525], [7.165337975323951, 48.179111778674375], [7.1658887346713165, 48.18268515055323], [7.166439494018681, 48.18625852243209], [7.166990253366047, 48.189831894310956], [7.166990253366047, 48.189831894310956], [7.170437708680055, 48.190835820620315], [7.173885163994067, 48.19183974692967], [7.177332619308077, 48.19284367323903], [7.180780074622085, 48.1938475995484], [7.184227529936093, 48.19485152585776], [7.187674985250105, 48.19585545216712], [7.191122440564113, 48.19685937847648], [7.194569895878123, 48.197863304785855], [7.198017351192133, 48.19886723109521], [7.201464806506143, 48.19987115740457], [7.201464806506143, 48.19987115740457], [7.206632320241942, 48.19949642993307], [7.211799833977739, 48.19912170246158], [7.216967347713535, 48.19874697499008], [7.222134861449334, 48.19837224751858], [7.227302375185134, 48.19799752004709], [7.232469888920932, 48.19762279257559], [7.237637402656729, 48.19724806510409], [7.242804916392528, 48.196873337632596], [7.247972430128328, 48.1964986101611], [7.2531399438641255, 48.1961238826896], [7.2531399438641255, 48.1961238826896], [7.257950293603061, 48.198006240665926], [7.2627606433419984, 48.199888598642254], [7.267570993080934, 48.20177095661858], [7.272381342819871, 48.20365331459491], [7.277191692558807, 48.20553567257124], [7.282002042297748, 48.20741803054756], [7.286812392036683, 48.20930038852389], [7.291622741775619, 48.211182746500214], [7.296433091514556, 48.21306510447655], [7.301243441253492, 48.21494746245287], [7.301243441253492, 48.21494746245287], [7.305229235244223, 48.213130328350324], [7.309215029234952, 48.21131319424778], [7.313200823225685, 48.20949606014524], [7.317186617216411, 48.207678926042696], [7.3211724112071455, 48.20586179194015], [7.325158205197875, 48.2040446578376], [7.329143999188606, 48.202227523735054], [7.333129793179335, 48.200410389632516], [7.337115587170066, 48.19859325552998], [7.3411013811607955, 48.19677612142743], [7.3411013811607955, 48.19677612142743], [7.3477181500443205, 48.19558669277106], [7.354334918927844, 48.19439726411468], [7.360951687811369, 48.193207835458296], [7.367568456694894, 48.19201840680192], [7.374185225578419, 48.19082897814554], [7.380801994461944, 48.189639549489165], [7.387418763345467, 48.18845012083279], [7.394035532228992, 48.187260692176416], [7.400652301112515, 48.186071263520034], [7.40726906999604, 48.18488183486367], [7.40726906999604, 48.18488183486367], [7.407354835691793, 48.182060661505666], [7.407440601387547, 48.17923948814767], [7.4075263670833, 48.17641831478968], [7.407612132779056, 48.173597141431685], [7.407697898474808, 48.17077596807369], [7.4077836641705606, 48.1679547947157], [7.407869429866315, 48.1651336213577], [7.407955195562069, 48.1623124479997], [7.408040961257823, 48.15949127464171], [7.408126726953576, 48.156670101283716], [7.408126726953576, 48.156670101283716], [7.411568536477523, 48.15478980822161], [7.415010346001472, 48.1529095151595], [7.418452155525419, 48.15102922209739], [7.421893965049364, 48.14914892903529], [7.425335774573313, 48.14726863597318], [7.42877758409726, 48.14538834291108], [7.432219393621205, 48.14350804984897], [7.435661203145152, 48.14162775678686], [7.439103012669101, 48.13974746372476], [7.442544822193048, 48.13786717066265], [7.442544822193048, 48.13786717066265], [7.441812939752424, 48.134105745032535], [7.441081057311802, 48.13034431940242], [7.4403491748711765, 48.12658289377231], [7.439617292430553, 48.12282146814219], [7.438885409989931, 48.119060042512075], [7.438153527549307, 48.11529861688196], [7.437421645108683, 48.11153719125185], [7.436689762668058, 48.10777576562173], [7.435957880227438, 48.104014339991615], [7.435225997786812, 48.100252914361505], [7.435225997786812, 48.100252914361505], [7.435129662336539, 48.097556680906514], [7.435033326886263, 48.09486044745153], [7.434936991435988, 48.09216421399653], [7.434840655985713, 48.08946798054154], [7.434744320535444, 48.086771747086566], [7.434647985085167, 48.084075513631575], [7.4345516496348925, 48.081379280176584], [7.434455314184618, 48.0786830467216], [7.434358978734341, 48.07598681326661], [7.434262643284068, 48.073290579811626], [7.434262643284068, 48.073290579811626], [7.437247565899476, 48.06921602134402], [7.440232488514885, 48.06514146287642], [7.443217411130295, 48.06106690440881], [7.446202333745703, 48.05699234594122], [7.449187256361109, 48.05291778747361], [7.452172178976518, 48.04884322900601], [7.455157101591926, 48.0447686705384], [7.4581420242073335, 48.0406941120708], [7.461126946822741, 48.0366195536032], [7.464111869438151, 48.0325449951356], [7.464111869438151, 48.0325449951356], [7.469370514807244, 48.032170290407315], [7.474629160176336, 48.03179558567902], [7.479887805545426, 48.03142088095073], [7.48514645091452, 48.031046176222446], [7.490405096283611, 48.03067147149416], [7.495663741652702, 48.030296766765865], [7.500922387021799, 48.02992206203758], [7.506181032390886, 48.02954735730929], [7.511439677759981, 48.029172652581], [7.516698323129072, 48.028797947852716], [7.516698323129072, 48.028797947852716], [7.522800023778258, 48.031296995332525], [7.528901724427442, 48.033796042812334], [7.53500342507663, 48.03629509029215], [7.5411051257258155, 48.03879413777196], [7.547206826375003, 48.041293185251774], [7.5533085270241855, 48.04379223273158], [7.5594102276733715, 48.04629128021139], [7.565511928322559, 48.04879032769121], [7.571613628971745, 48.05128937517102], [7.577715329620929, 48.05378842265083], [7.577715329620929, 48.05378842265083], [7.577873375176695, 48.05898000706135], [7.578129822141079, 48.06420020995566], [7.578501360729835, 48.069440097723], [7.579004681158716, 48.074690736752636], [7.579656473643482, 48.079943193433806], [7.580473428399889, 48.085188534155776], [7.581472235643687, 48.09041782530778], [7.582669585590642, 48.09562213327909], [7.584082168456501, 48.100792524458946], [7.585726674457025, 48.105920065236596], [7.58572667445701, 48.105920065236596], [7.585669378962734, 48.111496544271965], [7.587722565726157, 48.11633178646503], [7.591339263291635, 48.12060942873218], [7.595972500203526, 48.12451310798974], [7.601075305006194, 48.12822646115412], [7.606100706243989, 48.13193312514166], [7.610501732461277, 48.13581673686872], [7.613731412202407, 48.140060933251675], [7.615242774011747, 48.14484935120689], [7.6144888464336535, 48.15036562765073], [7.6144888464336535, 48.15036562765073], [7.616832106000434, 48.15671977620691], [7.620031817743534, 48.1628650698239], [7.6239144714669, 48.1688460612105], [7.628306556974486, 48.17470730307552], [7.633034564070247, 48.18049334812777], [7.637924982558129, 48.18624874907605], [7.642804302242084, 48.192018058629166], [7.647499012926065, 48.19784582949594], [7.651835604414023, 48.20377661438516], [7.655640566509907, 48.20985496600566], [7.655640566509902, 48.20985496600566], [7.6602008908462, 48.21420776945509], [7.665415405087556, 48.21824966999212], [7.671030277547377, 48.22209781363942], [7.676791676539088, 48.225869346419735], [7.682445770376098, 48.229681414355746], [7.687738727371826, 48.233651163470185], [7.6924167158396894, 48.23789573978576], [7.696225904093101, 48.242532289325176], [7.6989124604454755, 48.24767795811115], [7.700222553210233, 48.25344989216638], [7.700222553210237, 48.25344989216638], [7.702414198622813, 48.259653461773276], [7.703247698882544, 48.26625804964109], [7.703246391115881, 48.273096290694355], [7.702933612449286, 48.28000081985761], [7.702832700009216, 48.286804272055385], [7.703466990922134, 48.29333928221222], [7.705359822314495, 48.29943848525266], [7.709034531312762, 48.30493451610122], [7.71501445504339, 48.309660009682446], [7.72382293063284, 48.31344760092087], [7.723822930632847, 48.31344760092087], [7.729845123724534, 48.31569417127994], [7.736231867731737, 48.31817479652775], [7.742637721700415, 48.32091651816028], [7.7487172446765324, 48.32394637767353], [7.75412499570605, 48.32729141656346], [7.758515533834931, 48.33097867632608], [7.761543418109131, 48.33503519845734], [7.76286320757462, 48.33948802445325], [7.76212946127735, 48.344364195809774], [7.7589967382632885, 48.3496907540229], [7.758996738263287, 48.349690754022895], [7.756825809576901, 48.35656338929638], [7.7545565243426005, 48.363460160175016], [7.752374826195293, 48.370374708357645], [7.750466658769895, 48.37730067554306], [7.749017965701318, 48.38423170343011], [7.748214690624479, 48.39116143371761], [7.7482427771742906, 48.398083508104406], [7.7492881689856645, 48.40499156828929], [7.751536809693512, 48.41187925597111], [7.755174642932754, 48.41874021284868], [7.755174642932765, 48.41874021284868], [7.757455490666885, 48.42518077074764], [7.760991377306938, 48.43136817669119], [7.765343025797279, 48.4373791525842], [7.770071159082258, 48.44329042033155], [7.774736500106229, 48.44917870183811], [7.778899771813553, 48.45512071900876], [7.782121697148577, 48.461193193748365], [7.783962999055657, 48.46747284796181], [7.783984400479149, 48.47403640355395], [7.7817466243634055, 48.480960582429695], [7.7817466243634055, 48.48096058242969], [7.781387794791868, 48.48669852118957], [7.78381022078975, 48.49117003330997], [7.788322831491769, 48.494695265309154], [7.794234556032645, 48.49759436370534], [7.800854323547096, 48.5001874750168], [7.807491063169843, 48.502794745761754], [7.813453704035606, 48.505736322458446], [7.8180511752791, 48.50933235162514], [7.820592406035045, 48.51390297978004], [7.8203863254381645, 48.51976835344142], [7.820386325438152, 48.51976835344142], [7.819789342395884, 48.5268645014752], [7.81903760420988, 48.53395699160681], [7.818178228130682, 48.541045497918006], [7.817258331408828, 48.548129694490555], [7.816325031294868, 48.55520925540622], [7.815425445039343, 48.56228385474673], [7.814606689892795, 48.56935316659389], [7.81391588310577, 48.576416865029415], [7.813400141928808, 48.58347462413509], [7.813106583612452, 48.59052611799267], [7.813106583612445, 48.59052611799267], [7.817493041491327, 48.59574881206828], [7.821284245655161, 48.60117649753288], [7.824631290044277, 48.606752929636016], [7.827685268598998, 48.61242186362722], [7.830597275259645, 48.61812705475605], [7.8335184039665435, 48.623812258272054], [7.836599748660015, 48.629421229424764], [7.839992403280386, 48.634897723463716], [7.843847461767975, 48.640185495638484], [7.848316018063109, 48.645228301198586], [7.848316018063105, 48.645228301198586], [7.858169799934366, 48.64859334283678], [7.867682421927343, 48.65227058790593], [7.876874191656309, 48.656241583765535], [7.885765416735538, 48.66048787777509], [7.894376404779294, 48.664991017294064], [7.902727463401847, 48.66973254968194], [7.910838900217476, 48.674694022298226], [7.918731022840445, 48.67985698250238], [7.926424138885023, 48.6852029776539], [7.933938555965485, 48.69071355511227], [7.933938555965488, 48.69071355511227], [7.941689831792969, 48.694517258206375], [7.949025004996702, 48.69885876514799], [7.955797047680299, 48.703685258257316], [7.961858931947365, 48.70894391985453], [7.967063629901503, 48.714581932259826], [7.971264113646317, 48.720546477793356], [7.974313355285416, 48.72678473877533], [7.976064326922405, 48.73324389752591], [7.976370000660884, 48.7398711363653], [7.975083348604466, 48.74661363761366], [7.975083348604473, 48.74661363761366], [7.978924740777371, 48.75150150910307], [7.984656532456501, 48.754066876598195], [7.991750618913516, 48.75493585250227], [7.999678895420059, 48.75473454921851], [8.007913257247788, 48.75408907915014], [8.015925599668345, 48.75362555470039], [8.023187817953385, 48.75397008827249], [8.029171807374558, 48.75574879226966], [8.033349463203509, 48.75958777909513], [8.03519268071189, 48.766113161152106], [8.035192680711884, 48.766113161152106], [8.034173530307905, 48.77228285652619], [8.03565663015677, 48.777104835937685], [8.039223673248337, 48.78079122779356], [8.044456352572453, 48.78355416050078], [8.050936361118968, 48.785605762466325], [8.058245391877733, 48.78715816209716], [8.0659651378386, 48.788423487800266], [8.073677291991418, 48.78961386798259], [8.08096354732604, 48.790941431051124], [8.08740559683231, 48.79261830541282], [8.087405596832307, 48.79261830541282], [8.092756660336095, 48.794922249563186], [8.097479262211294, 48.79747695682843], [8.101625294668727, 48.8002624505978], [8.105246649919215, 48.803258754260526], [8.108395220173577, 48.80644589120584], [8.11112289764264, 48.809803884822976], [8.113481574537222, 48.813312758501176], [8.11552314306815, 48.81695253562967], [8.117299495446241, 48.82070323959769], [8.118862523882319, 48.82454489379448], [8.118862523882317, 48.82454489379448]]]}}, {"type": "Feature", "properties": {"source": "0_Province_Mayence.txt"}, "geometry": {"type": "Polygon", "coordinates": [[[7.276139709021649, 48.801153987492285], [7.275819575048557, 48.800996877388464], [7.275499441075459, 48.800839767284636], [7.2751793071023645, 48.80068265718082], [7.274859173129268, 48.800525547077], [7.274539039156178, 48.80036843697318], [7.27421890518308, 48.80021132686936], [7.273898771209986, 48.80005421676553], [7.27357863723689, 48.79989710666172], [7.273258503263797, 48.799739996557896], [7.272938369290701, 48.799582886454075], [7.272938369290701, 48.799582886454075], [7.27293837134914, 48.799583952975816], [7.2729383734075785, 48.799585019497556], [7.272938375466017, 48.799586086019296], [7.272938377524454, 48.79958715254103], [7.272938379582893, 48.79958821906278], [7.272938381641332, 48.79958928558451], [7.2729383836997705, 48.79959035210624], [7.272938385758209, 48.79959141862799], [7.272938387816648, 48.799592485149724], [7.272938389875085, 48.79959355167147], [7.272938389875085, 48.79959355167147], [7.273258521789742, 48.79974959525355], [7.273578653704398, 48.799905638835625], [7.273898785619053, 48.80006168241771], [7.274218917533711, 48.800217725999794], [7.274539049448368, 48.80037376958188], [7.274859181363025, 48.80052981316395], [7.275179313277681, 48.800685856746036], [7.2754994451923345, 48.800841900328116], [7.275819577106994, 48.800997943910204], [7.276139709021649, 48.801153987492285]]]}}, {"type": "Feature", "properties": {"source": "0_Province_Mayence.txt"}, "geometry": {"type": "Polygon", "coordinates": [[[7.28516497748539, 48.941697922131794], [7.272852167245599, 48.94321494285333], [7.260539357005806, 48.94473196357486], [7.248226546766011, 48.94624898429639], [7.235913736526216, 48.94776600501792], [7.223600926286423, 48.94928302573945], [7.211288116046632, 48.95080004646099], [7.198975305806838, 48.95231706718252], [7.186662495567045, 48.95383408790405], [7.174349685327249, 48.95535110862558], [7.162036875087457, 48.956868129347114], [7.162036875087457, 48.956868129347114], [7.157404026760654, 48.952477609335766], [7.15277117843385, 48.948087089324424], [7.148138330107045, 48.94369656931309], [7.143505481780242, 48.939306049301734], [7.138872633453438, 48.9349155292904], [7.134239785126635, 48.93052500927905], [7.129606936799831, 48.92613448926771], [7.124974088473026, 48.921743969256376], [7.120341240146223, 48.91735344924503], [7.115708391819419, 48.91296292923368], [7.115708391819419, 48.91296292923368], [7.1227329196853955, 48.90609702944269], [7.129757447551368, 48.899231129651696], [7.1367819754173425, 48.8923652298607], [7.143806503283317, 48.885499330069706], [7.1508310311492895, 48.87863343027871], [7.157855559015264, 48.87176753048772], [7.164880086881238, 48.86490163069673], [7.171904614747213, 48.85803573090573], [7.178929142613185, 48.851169831114746], [7.18595367047916, 48.84430393132375], [7.18595367047916, 48.84430393132375], [7.1866424890395795, 48.844976022539136], [7.187331307600001, 48.84564811375453], [7.188020126160422, 48.84632020496991], [7.188708944720844, 48.8469922961853], [7.189397763281264, 48.84766438740069], [7.190086581841685, 48.84833647861608], [7.1907754004021065, 48.84900856983146], [7.191464218962528, 48.84968066104685], [7.192153037522949, 48.85035275226224], [7.192841856083369, 48.85102484347763], [7.192841856083369, 48.85102484347763], [7.193262417179918, 48.85116168192516], [7.193682978276465, 48.85129852037268], [7.194103539373012, 48.851435358820204], [7.194524100469561, 48.85157219726774], [7.194944661566106, 48.85170903571526], [7.195365222662653, 48.85184587416279], [7.1957857837592005, 48.851982712610315], [7.196206344855751, 48.85211955105785], [7.196626905952298, 48.85225638950537], [7.197047467048844, 48.8523932279529], [7.197047467048844, 48.8523932279529], [7.19800940375783, 48.851282508408005], [7.198971340466814, 48.8501717888631], [7.1999332771758, 48.849061069318196], [7.200895213884783, 48.84795034977329], [7.201857150593767, 48.8468396302284], [7.202819087302753, 48.845728910683505], [7.203781024011738, 48.84461819113859], [7.204742960720722, 48.843507471593696], [7.205704897429708, 48.84239675204879], [7.206666834138693, 48.841286032503895], [7.206666834138693, 48.841286032503895], [7.205998515004559, 48.840824390184935], [7.205330195870424, 48.840362747865974], [7.20466187673629, 48.83990110554702], [7.203993557602153, 48.83943946322807], [7.203325238468022, 48.83897782090911], [7.202656919333888, 48.83851617859015], [7.201988600199753, 48.838054536271194], [7.201320281065618, 48.837592893952234], [7.200651961931483, 48.837131251633274], [7.199983642797351, 48.83666960931431], [7.199983642797351, 48.83666960931431], [7.201045288351956, 48.83598620681089], [7.202106933906563, 48.83530280430747], [7.20316857946117, 48.83461940180404], [7.204230225015776, 48.833935999300614], [7.205291870570383, 48.833252596797195], [7.20635351612499, 48.83256919429377], [7.207415161679597, 48.83188579179035], [7.208476807234206, 48.83120238928692], [7.209538452788813, 48.830518986783495], [7.210600098343416, 48.829835584280076], [7.210600098343416, 48.829835584280076], [7.211094354157982, 48.829750249197176], [7.211588609972544, 48.82966491411427], [7.212082865787112, 48.82957957903136], [7.212577121601676, 48.82949424394846], [7.21307137741624, 48.82940890886556], [7.213565633230806, 48.829323573782666], [7.2140598890453695, 48.82923823869976], [7.214554144859937, 48.82915290361686], [7.215048400674501, 48.82906756853395], [7.215542656489065, 48.82898223345104], [7.215542656489065, 48.82898223345104], [7.216383006831114, 48.82889698474101], [7.217223357173163, 48.82881173603097], [7.21806370751521, 48.82872648732093], [7.218904057857259, 48.828641238610885], [7.219744408199308, 48.82855598990084], [7.220584758541353, 48.828470741190806], [7.221425108883402, 48.828385492480756], [7.222265459225451, 48.82830024377072], [7.223105809567498, 48.828214995060684], [7.223946159909547, 48.82812974635064], [7.223946159909547, 48.82812974635064], [7.224365434482031, 48.82760000871108], [7.224784709054514, 48.82707027107152], [7.225203983626999, 48.82654053343197], [7.225623258199484, 48.826010795792406], [7.226042532771967, 48.825481058152846], [7.226461807344451, 48.82495132051329], [7.226881081916934, 48.82442158287373], [7.227300356489417, 48.82389184523417], [7.227719631061902, 48.82336210759461], [7.2281389056343865, 48.82283236995506], [7.2281389056343865, 48.82283236995506], [7.2285341123592595, 48.822661551721495], [7.228929319084131, 48.82249073348793], [7.229324525809005, 48.82231991525436], [7.229719732533878, 48.8221490970208], [7.230114939258751, 48.821978278787235], [7.230510145983622, 48.821807460553664], [7.230905352708495, 48.821636642320094], [7.231300559433372, 48.82146582408654], [7.231695766158243, 48.82129500585296], [7.232090972883116, 48.821124187619404], [7.232090972883116, 48.821124187619404], [7.232042685380639, 48.82172238458934], [7.231994397878161, 48.82232058155929], [7.231946110375683, 48.822918778529235], [7.231897822873206, 48.823516975499174], [7.231849535370728, 48.824115172469114], [7.231801247868251, 48.82471336943905], [7.231752960365775, 48.825311566409], [7.231704672863298, 48.825909763378945], [7.231656385360818, 48.82650796034889], [7.231608097858343, 48.82710615731882], [7.231608097858343, 48.82710615731882], [7.231435604821277, 48.82741376462426], [7.231263111784212, 48.82772137192969], [7.231090618747148, 48.828028979235114], [7.230918125710083, 48.828336586540544], [7.230745632673017, 48.828644193845975], [7.230573139635956, 48.82895180115141], [7.230400646598891, 48.829259408456835], [7.230228153561827, 48.829567015762265], [7.23005566052476, 48.829874623067695], [7.229883167487694, 48.830182230373126], [7.229883167487694, 48.830182230373126], [7.230797951411013, 48.83021664204321], [7.231712735334327, 48.8302510537133], [7.232627519257642, 48.83028546538338], [7.233542303180958, 48.83031987705347], [7.234457087104273, 48.83035428872355], [7.2353718710275885, 48.830388700393634], [7.236286654950906, 48.83042311206372], [7.237201438874221, 48.8304575237338], [7.238116222797537, 48.830491935403884], [7.239031006720854, 48.83052634707398], [7.239031006720854, 48.83052634707398], [7.240858219302206, 48.82941584347109], [7.242685431883562, 48.828305339868216], [7.24451264446491, 48.827194836265335], [7.246339857046262, 48.82608433266246], [7.248167069627618, 48.82497382905958], [7.24999428220897, 48.823863325456706], [7.251821494790326, 48.82275282185383], [7.253648707371674, 48.821642318250944], [7.255475919953028, 48.820531814648064], [7.257303132534382, 48.81942131104519], [7.257303132534382, 48.81942131104519], [7.258218266191733, 48.819677914724565], [7.259133399849082, 48.81993451840393], [7.260048533506431, 48.8201911220833], [7.260963667163782, 48.820447725762676], [7.26187880082113, 48.820704329442044], [7.262793934478481, 48.82096093312142], [7.263709068135832, 48.82121753680078], [7.264624201793183, 48.82147414048015], [7.265539335450532, 48.821730744159524], [7.266454469107883, 48.82198734783889], [7.266454469107883, 48.82198734783889], [7.266825753068055, 48.82220963242015], [7.267197037028232, 48.822431917001396], [7.26756832098841, 48.82265420158265], [7.267939604948582, 48.8228764861639], [7.268310888908758, 48.823098770745155], [7.268682172868932, 48.823321055326396], [7.269053456829109, 48.82354333990765], [7.269424740789283, 48.82376562448889], [7.269796024749457, 48.82398790907015], [7.270167308709635, 48.8242101936514], [7.270167308709635, 48.8242101936514], [7.270465016771251, 48.82475720191058], [7.270762724832867, 48.82530421016976], [7.2710604328944815, 48.825851218428944], [7.2713581409560994, 48.82639822668813], [7.271655849017716, 48.8269452349473], [7.271953557079332, 48.82749224320649], [7.27225126514095, 48.82803925146567], [7.272548973202564, 48.82858625972485], [7.272846681264182, 48.82913326798403], [7.273144389325797, 48.82968027624322], [7.273144389325797, 48.82968027624322], [7.271934899230349, 48.830654200517145], [7.270725409134894, 48.831628124791074], [7.269515919039444, 48.832602049065], [7.268306428943994, 48.833575973338945], [7.2670969388485425, 48.834549897612874], [7.265887448753091, 48.83552382188681], [7.264677958657641, 48.83649774616074], [7.263468468562191, 48.83747167043468], [7.26225897846674, 48.8384455947086], [7.261049488371288, 48.83941951898254], [7.261049488371288, 48.83941951898254], [7.260977113165133, 48.84032536029459], [7.260904737958974, 48.84123120160665], [7.260832362752819, 48.8421370429187], [7.260759987546658, 48.84304288423076], [7.260687612340501, 48.84394872554281], [7.2606152371343455, 48.84485456685487], [7.260542861928187, 48.845760408166925], [7.2604704867220295, 48.84666624947898], [7.260398111515871, 48.84757209079103], [7.260325736309715, 48.84847793210309], [7.260325736309715, 48.84847793210309], [7.259723944841177, 48.84929797163427], [7.2589939996473625, 48.84994344314836], [7.258172299572134, 48.850408608984694], [7.2572952434593585, 48.85068773148258], [7.256399230152898, 48.85077507298136], [7.2555206584966125, 48.85066489582037], [7.2546959273343745, 48.85035146233893], [7.253961435510048, 48.84982903487638], [7.25335358186749, 48.84909187577204], [7.252908765250572, 48.84813424736526], [7.2529087652505755, 48.84813424736526], [7.252734298276611, 48.846991618523866], [7.252307726967473, 48.846199580568204], [7.251680435946167, 48.84571616935927], [7.250903809835702, 48.84549942075802], [7.250029233259083, 48.845507370625434], [7.2491080908393215, 48.84569805482248], [7.248191767199431, 48.846029509210126], [7.247331646962415, 48.84645976964935], [7.246579114751285, 48.846946872001126], [7.245985555189046, 48.84744885212642], [7.2459855551890495, 48.84744885212642], [7.245962147097369, 48.848149605423224], [7.2459387390056875, 48.84885035872003], [7.245915330914007, 48.84955111201683], [7.245891922822327, 48.850251865313645], [7.245868514730644, 48.85095261861044], [7.2458451066389635, 48.85165337190725], [7.245821698547282, 48.85235412520405], [7.2457982904556, 48.85305487850086], [7.245774882363921, 48.85375563179767], [7.2457514742722395, 48.854456385094466], [7.2457514742722395, 48.854456385094466], [7.246073349144858, 48.85469574903128], [7.246395224017473, 48.854935112968086], [7.2467170988900875, 48.8551744769049], [7.247038973762706, 48.85541384084171], [7.247360848635324, 48.85565320477853], [7.247682723507941, 48.85589256871533], [7.248004598380559, 48.85613193265215], [7.248326473253176, 48.856371296588954], [7.248648348125792, 48.85661066052577], [7.248970222998407, 48.856850024462574], [7.248970222998407, 48.856850024462574], [7.249835749641422, 48.857021157330266], [7.250701276284435, 48.85719229019796], [7.251566802927448, 48.857363423065635], [7.2524323295704605, 48.85753455593333], [7.253297856213472, 48.85770568880102], [7.254163382856486, 48.857876821668704], [7.255028909499499, 48.85804795453639], [7.25589443614251, 48.85821908740407], [7.256759962785523, 48.858390220271765], [7.257625489428538, 48.85856135313944], [7.257625489428538, 48.85856135313944], [7.257132124284476, 48.85910816397495], [7.256638759140417, 48.859654974810454], [7.256145393996359, 48.86020178564595], [7.255652028852298, 48.86074859648144], [7.25515866370824, 48.86129540731695], [7.254665298564181, 48.86184221815245], [7.254171933420119, 48.86238902898795], [7.25367856827606, 48.86293583982344], [7.253185203132002, 48.863482650658945], [7.252691837987941, 48.86402946149445], [7.252691837987941, 48.86402946149445], [7.253038592271356, 48.86437138175812], [7.253385346554769, 48.86471330202179], [7.25373210083818, 48.86505522228546], [7.254078855121595, 48.86539714254914], [7.254425609405008, 48.865739062812814], [7.254772363688421, 48.866080983076486], [7.2551191179718355, 48.866422903340165], [7.255465872255245, 48.86676482360384], [7.25581262653866, 48.8671067438675], [7.256159380822075, 48.86744866413118], [7.256159380822075, 48.86744866413118], [7.2573460236183855, 48.867466051961244], [7.258532666414693, 48.86748343979131], [7.259719309211004, 48.86750082762137], [7.260905952007315, 48.86751821545143], [7.262092594803626, 48.867535603281496], [7.263279237599935, 48.86755299111156], [7.264465880396244, 48.86757037894162], [7.265652523192555, 48.867587766771685], [7.266839165988863, 48.86760515460175], [7.2680258087851755, 48.8676225424318], [7.2680258087851755, 48.8676225424318], [7.268457903526521, 48.86786092707954], [7.268868745215414, 48.86817386183566], [7.2692263789975655, 48.86855055603171], [7.269498850018673, 48.86898021899921], [7.2696542034244445, 48.869452060069726], [7.26966048436058, 48.86995528857478], [7.269485737972786, 48.870479113845896], [7.269098009406759, 48.87101274521463], [7.268465343808211, 48.8715453920125], [7.267555786322838, 48.87206626357105], [7.267555786322831, 48.87206626357105], [7.2667895265523565, 48.87213443908515], [7.266023266781884, 48.87220261459925], [7.265257007011414, 48.87227079011335], [7.26449074724094, 48.87233896562745], [7.263724487470466, 48.87240714114155], [7.262958227699993, 48.87247531665565], [7.262191967929521, 48.87254349216975], [7.261425708159049, 48.87261166768385], [7.260659448388575, 48.87267984319794], [7.259893188618102, 48.87274801871205], [7.259893188618102, 48.87274801871205], [7.259622253403409, 48.87324360999921], [7.25935131818872, 48.87373920128637], [7.259080382974025, 48.87423479257353], [7.258809447759335, 48.874730383860694], [7.258538512544641, 48.87522597514785], [7.258267577329949, 48.87572156643501], [7.257996642115257, 48.87621715772216], [7.257725706900564, 48.876712749009315], [7.2574547716858735, 48.87720834029648], [7.257183836471178, 48.87770393158364], [7.257183836471178, 48.87770393158364], [7.258148907020832, 48.8782169230201], [7.2591139775704825, 48.87872991445656], [7.260079048120138, 48.879242905893015], [7.261044118669789, 48.87975589732948], [7.262009189219441, 48.88026888876594], [7.262974259769091, 48.8807818802024], [7.263939330318744, 48.88129487163886], [7.264904400868396, 48.881807863075316], [7.265869471418048, 48.88232085451178], [7.2668345419677, 48.88283384594824], [7.2668345419677, 48.88283384594824], [7.26681223560503, 48.884064441795545], [7.266789929242362, 48.885295037642855], [7.2667676228796925, 48.886525633490166], [7.266745316517026, 48.88775622933747], [7.2667230101543545, 48.88898682518478], [7.266700703791685, 48.890217421032084], [7.266678397429017, 48.891448016879394], [7.266656091066345, 48.8926786127267], [7.266633784703679, 48.89390920857401], [7.266611478341009, 48.89513980442131], [7.266611478341009, 48.89513980442131], [7.264881269605965, 48.895276106113336], [7.263151060870921, 48.89541240780536], [7.261420852135878, 48.895548709497376], [7.259690643400834, 48.89568501118941], [7.25796043466579, 48.895821312881424], [7.2562302259307465, 48.89595761457345], [7.254500017195703, 48.896093916265464], [7.252769808460657, 48.89623021795748], [7.251039599725614, 48.896366519649504], [7.249309390990572, 48.89650282134153], [7.249309390990572, 48.89650282134153], [7.248442696642952, 48.895767662534254], [7.247576002295336, 48.895032503726995], [7.246709307947718, 48.89429734491972], [7.2458426136001, 48.89356218611245], [7.244975919252482, 48.892827027305174], [7.244109224904863, 48.8920918684979], [7.2432425305572465, 48.89135670969064], [7.242375836209629, 48.89062155088337], [7.2415091418620126, 48.88988639207609], [7.240642447514395, 48.88915123326882], [7.240642447514395, 48.88915123326882], [7.239381285305152, 48.88892872660567], [7.238120123095914, 48.88870621994253], [7.236858960886673, 48.88848371327938], [7.235597798677434, 48.88826120661622], [7.234336636468193, 48.88803869995307], [7.233075474258953, 48.88781619328992], [7.231814312049714, 48.88759368662677], [7.230553149840475, 48.88737117996362], [7.229291987631235, 48.88714867330047], [7.228030825421994, 48.88692616663732], [7.228030825421994, 48.88692616663732], [7.226868930085294, 48.88694296835596], [7.225707034748593, 48.8869597700746], [7.224545139411893, 48.886976571793234], [7.223383244075192, 48.88699337351187], [7.222221348738493, 48.88701017523051], [7.221059453401793, 48.88702697694915], [7.219897558065092, 48.88704377866778], [7.218735662728394, 48.88706058038642], [7.217573767391693, 48.88707738210506], [7.216411872054993, 48.8870941838237], [7.216411872054993, 48.8870941838237], [7.215571587688537, 48.88721361592282], [7.214731303322081, 48.88733304802194], [7.2138910189556285, 48.88745248012106], [7.213050734589173, 48.88757191222019], [7.212210450222717, 48.88769134431931], [7.211370165856263, 48.88781077641843], [7.210529881489807, 48.88793020851755], [7.209689597123351, 48.88804964061668], [7.208849312756897, 48.8881690727158], [7.2080090283904426, 48.88828850481492], [7.2080090283904426, 48.88828850481492], [7.2071183453025345, 48.887912265433386], [7.206227662214626, 48.887536026051855], [7.205336979126717, 48.88715978667031], [7.204446296038807, 48.88678354728878], [7.2035556129509, 48.886407307907234], [7.202664929862992, 48.8860310685257], [7.201774246775086, 48.88565482914417], [7.200883563687174, 48.885278589762635], [7.199992880599268, 48.884902350381104], [7.199102197511358, 48.88452611099956], [7.199102197511358, 48.88452611099956], [7.1957144982571215, 48.884029606647616], [7.192326799002883, 48.88353310229567], [7.188939099748646, 48.88303659794373], [7.185551400494408, 48.882540093591786], [7.182163701240171, 48.88204358923984], [7.178776001985932, 48.88154708488789], [7.175388302731696, 48.88105058053595], [7.172000603477459, 48.880554076184005], [7.168612904223222, 48.88005757183206], [7.165225204968982, 48.87956106748011], [7.165225204968982, 48.87956106748011], [7.165226821371011, 48.88039856051261], [7.16522843777304, 48.8812360535451], [7.165230054175069, 48.88207354657759], [7.165231670577096, 48.88291103961008], [7.1652332869791255, 48.88374853264257], [7.165234903381155, 48.88458602567506], [7.165236519783182, 48.88542351870756], [7.165238136185211, 48.88626101174005], [7.16523975258724, 48.88709850477254], [7.165241368989268, 48.88793599780503], [7.165241368989268, 48.88793599780503], [7.167542431182987, 48.88899625661925], [7.169843493376703, 48.89005651543347], [7.172144555570423, 48.891116774247706], [7.174445617764139, 48.89217703306192], [7.176746679957857, 48.89323729187615], [7.179047742151575, 48.894297550690375], [7.181348804345291, 48.89535780950459], [7.18364986653901, 48.89641806831882], [7.185950928732726, 48.897478327133044], [7.188251990926446, 48.898538585947264], [7.188251990926446, 48.898538585947264], [7.189093099987815, 48.898846446211664], [7.189934209049181, 48.89915430647605], [7.190775318110548, 48.89946216674045], [7.191616427171917, 48.899770027004834], [7.192457536233283, 48.90007788726923], [7.193298645294652, 48.900385747533626], [7.194139754356021, 48.90069360779802], [7.194980863417383, 48.90100146806241], [7.195821972478752, 48.9013093283268], [7.196663081540121, 48.901617188591196], [7.196663081540121, 48.901617188591196], [7.197676188821607, 48.90136106613205], [7.19868929610309, 48.9011049436729], [7.199702403384576, 48.900848821213756], [7.200715510666061, 48.90059269875461], [7.201728617947547, 48.900336576295466], [7.202741725229032, 48.90008045383632], [7.203754832510516, 48.899824331377175], [7.204767939792001, 48.899568208918026], [7.205781047073485, 48.89931208645888], [7.20679415435497, 48.899055963999736], [7.20679415435497, 48.899055963999736], [7.207412470621209, 48.89922703517252], [7.2080307868874485, 48.89939810634531], [7.208649103153688, 48.89956917751809], [7.209267419419927, 48.89974024869088], [7.209885735686166, 48.89991131986367], [7.2105040519524035, 48.90008239103645], [7.211122368218643, 48.900253462209236], [7.211740684484882, 48.90042453338203], [7.212359000751121, 48.90059560455481], [7.212977317017359, 48.900766675727596], [7.212977317017359, 48.900766675727596], [7.212138286187171, 48.90153559221927], [7.211299255356984, 48.902304508710934], [7.210460224526795, 48.90307342520261], [7.2096211936966075, 48.90384234169427], [7.20878216286642, 48.90461125818593], [7.207943132036231, 48.9053801746776], [7.20710410120604, 48.90614909116927], [7.206265070375856, 48.906918007660934], [7.205426039545667, 48.90768692415261], [7.204587008715478, 48.908455840644265], [7.204587008715478, 48.908455840644265], [7.204934191840245, 48.90901995293697], [7.205281374965015, 48.90958406522968], [7.20562855808978, 48.91014817752238], [7.20597574121455, 48.91071228981509], [7.206322924339316, 48.91127640210778], [7.206670107464083, 48.91184051440048], [7.207017290588855, 48.91240462669319], [7.207364473713618, 48.91296873898589], [7.207711656838384, 48.91353285127859], [7.208058839963156, 48.914096963571296], [7.208058839963156, 48.914096963571296], [7.208750501213377, 48.91382366920436], [7.209442162463599, 48.91355037483743], [7.210133823713823, 48.9132770804705], [7.210825484964044, 48.91300378610357], [7.211517146214266, 48.912730491736646], [7.212208807464489, 48.91245719736972], [7.212900468714711, 48.91218390300279], [7.213592129964933, 48.911910608635864], [7.214283791215154, 48.91163731426893], [7.21497545246538, 48.911364019902], [7.21497545246538, 48.911364019902], [7.215099756963356, 48.91170588465014], [7.215224061461331, 48.91204774939827], [7.215348365959308, 48.912389614146406], [7.215472670457286, 48.912731478894536], [7.215596974955265, 48.91307334364267], [7.215721279453241, 48.91341520839081], [7.215845583951218, 48.913757073138946], [7.215969888449196, 48.914098937887076], [7.216094192947173, 48.91444080263521], [7.2162184974451495, 48.91478266738335], [7.2162184974451495, 48.91478266738335], [7.215626413089364, 48.91541491201359], [7.2150343287335765, 48.916047156643835], [7.214442244377793, 48.916679401274074], [7.213850160022005, 48.91731164590431], [7.213258075666218, 48.91794389053456], [7.2126659913104305, 48.9185761351648], [7.212073906954645, 48.919208379795045], [7.211481822598859, 48.91984062442529], [7.210889738243074, 48.92047286905553], [7.210297653887286, 48.92110511368577], [7.210297653887286, 48.92110511368577], [7.211139719594753, 48.92190863309184], [7.211981785302218, 48.922712152497915], [7.212823851009684, 48.923515671903985], [7.213665916717149, 48.92431919131006], [7.214507982424616, 48.925122710716124], [7.215350048132084, 48.9259262301222], [7.216192113839549, 48.92672974952828], [7.217034179547014, 48.92753326893434], [7.21787624525448, 48.928336788340424], [7.218718310961945, 48.929140307746486], [7.218718310961945, 48.929140307746486], [7.219240283137806, 48.93062741472095], [7.219762255313665, 48.9321145216954], [7.220284227489525, 48.933601628669855], [7.220806199665384, 48.935088735644314], [7.221328171841245, 48.93657584261876], [7.221850144017104, 48.938062949593224], [7.222372116192965, 48.939550056567676], [7.2228940883688235, 48.941037163542134], [7.223416060544682, 48.942524270516586], [7.223938032720543, 48.94401137749105], [7.223938032720543, 48.94401137749105], [7.22465514730583, 48.94409701488883], [7.225372261891117, 48.944182652286614], [7.226089376476404, 48.9442682896844], [7.226806491061691, 48.94435392708219], [7.227523605646978, 48.94443956447998], [7.228240720232261, 48.94452520187775], [7.228957834817548, 48.94461083927554], [7.229674949402835, 48.944696476673336], [7.230392063988123, 48.944782114071124], [7.23110917857341, 48.944867751468905], [7.23110917857341, 48.944867751468905], [7.231628016908601, 48.944731147462], [7.232146855243792, 48.944594543455096], [7.232665693578987, 48.94445793944819], [7.233184531914178, 48.94432133544128], [7.233703370249369, 48.944184731434376], [7.234222208584564, 48.94404812742747], [7.234741046919755, 48.943911523420574], [7.2352598852549495, 48.94377491941366], [7.2357787235901405, 48.94363831540676], [7.236297561925335, 48.943501711399854], [7.236297561925335, 48.943501711399854], [7.236173402510271, 48.943194030060546], [7.236049243095206, 48.94288634872123], [7.235925083680142, 48.94257866738192], [7.235800924265078, 48.94227098604261], [7.235676764850016, 48.9419633047033], [7.235552605434952, 48.941655623363985], [7.235428446019888, 48.941347942024684], [7.2353042866048245, 48.94104026068536], [7.235180127189761, 48.940732579346054], [7.235055967774699, 48.94042489800675], [7.235055967774699, 48.94042489800675], [7.235327133903967, 48.94004894858137], [7.235598300033232, 48.939672999155995], [7.235869466162502, 48.93929704973062], [7.236140632291768, 48.93892110030525], [7.236411798421038, 48.938545150879875], [7.236682964550306, 48.9381692014545], [7.236954130679571, 48.93779325202912], [7.237225296808841, 48.93741730260375], [7.2374964629381076, 48.93704135317837], [7.237767629067378, 48.936665403753004], [7.237767629067378, 48.936665403753004], [7.238855783566535, 48.93688786723959], [7.239943938065693, 48.93711033072618], [7.241032092564851, 48.937332794212764], [7.24212024706401, 48.937555257699366], [7.243208401563168, 48.93777772118596], [7.244296556062327, 48.93800018467254], [7.245384710561487, 48.93822264815913], [7.246472865060644, 48.93844511164572], [7.2475610195598055, 48.93866757513232], [7.248649174058963, 48.93889003861891], [7.248649174058963, 48.93889003861891], [7.2508984321877055, 48.93868549971788], [7.25314769031645, 48.93848096081686], [7.25539694844519, 48.93827642191584], [7.257646206573934, 48.938071883014814], [7.259895464702678, 48.93786734411379], [7.262144722831421, 48.937662805212774], [7.264393980960163, 48.93745826631175], [7.266643239088905, 48.93725372741073], [7.268892497217649, 48.937049188509704], [7.271141755346392, 48.936844649608695], [7.271141755346392, 48.936844649608695], [7.272544077560292, 48.937329976861], [7.273946399774191, 48.93781530411331], [7.2753487219880935, 48.93830063136562], [7.2767510442019905, 48.938785958617935], [7.278153366415891, 48.939271285870234], [7.279555688629792, 48.939756613122555], [7.280958010843692, 48.94024194037486], [7.282360333057593, 48.94072726762718], [7.283762655271492, 48.94121259487948], [7.28516497748539, 48.941697922131794]]]}}]}