{"type": "FeatureCollection", "features": [{"type": "Feature", "properties": {"diocese": "ARLES", "province": "III_Arles"}, "geometry": {"type": "Polygon", "coordinates": [[[4.559037553143076, 43.91856681554242], [4.55468192212137, 43.91693559185881], [4.55032629109966, 43.91530436817521], [4.5459706600779555, 43.913673144491604], [4.541615029056246, 43.912041920807994], [4.537259398034541, 43.91041069712439], [4.532903767012835, 43.90877947344078], [4.528548135991127, 43.90714824975718], [4.52419250496942, 43.905517026073575], [4.51983687394771, 43.903885802389965], [4.515481242926006, 43.90225457870637], [4.515481242926006, 43.90225457870637], [4.514387468203591, 43.899120155364145], [4.513293693481177, 43.89598573202192], [4.512199918758762, 43.89285130867969], [4.511106144036349, 43.88971688533747], [4.510012369313936, 43.886582461995246], [4.5089185945915204, 43.883448038653015], [4.507824819869107, 43.8803136153108], [4.506731045146694, 43.87717919196857], [4.505637270424279, 43.87404476862635], [4.504543495701865, 43.870910345284116], [4.504543495701865, 43.870910345284116], [4.501994243331513, 43.86614536733983], [4.499444990961155, 43.86138038939554], [4.496895738590803, 43.856615411451244], [4.494346486220447, 43.85185043350695], [4.491797233850095, 43.84708545556266], [4.489247981479741, 43.842320477618365], [4.486698729109387, 43.837555499674075], [4.484149476739033, 43.832790521729784], [4.481600224368677, 43.82802554378549], [4.479050971998323, 43.8232605658412], [4.479050971998323, 43.8232605658412], [4.475414769272074, 43.818118260359526], [4.471778566545828, 43.812975954877864], [4.468142363819577, 43.80783364939618], [4.464506161093331, 43.80269134391451], [4.460869958367084, 43.79754903843284], [4.457233755640834, 43.792406732951164], [4.4535975529145855, 43.787264427469495], [4.449961350188337, 43.782122121987825], [4.446325147462089, 43.77697981650615], [4.442688944735838, 43.77183751102448], [4.442688944735838, 43.77183751102448], [4.445039479104471, 43.76807688747179], [4.4473900134731, 43.764316263919106], [4.449740547841726, 43.76055564036643], [4.452091082210357, 43.75679501681374], [4.454441616578984, 43.753034393261046], [4.456792150947614, 43.74927376970837], [4.459142685316241, 43.74551314615567], [4.46149321968487, 43.741752522603], [4.463843754053501, 43.73799189905031], [4.46619428842213, 43.73423127549762], [4.46619428842213, 43.73423127549762], [4.465639294296738, 43.72846377305647], [4.465084300171345, 43.722696270615316], [4.464529306045955, 43.71692876817417], [4.463974311920563, 43.71116126573302], [4.4634193177951715, 43.70539376329186], [4.4628643236697805, 43.69962626085071], [4.462309329544388, 43.693858758409554], [4.461754335418997, 43.6880912559684], [4.461199341293604, 43.68232375352725], [4.460644347168213, 43.67655625108609], [4.460644347168213, 43.67655625108609], [4.456830884194375, 43.67404706023256], [4.453017421220537, 43.67153786937901], [4.449203958246699, 43.66902867852547], [4.445390495272861, 43.66651948767192], [4.441577032299023, 43.66401029681838], [4.437763569325185, 43.66150110596483], [4.433950106351347, 43.658991915111294], [4.4301366433775105, 43.65648272425774], [4.4263231804036725, 43.653973533404205], [4.4225097174298345, 43.65146434255066], [4.4225097174298345, 43.65146434255066], [4.421598154397964, 43.64908199887954], [4.420686591366092, 43.64669965520841], [4.419775028334222, 43.64431731153728], [4.4188634653023495, 43.641934967866156], [4.417951902270479, 43.639552624195034], [4.417040339238605, 43.63717028052391], [4.416128776206735, 43.63478793685279], [4.415217213174863, 43.63240559318166], [4.4143056501429925, 43.63002324951053], [4.41339408711112, 43.627640905839414], [4.41339408711112, 43.627640905839414], [4.417382017824298, 43.62688986688725], [4.421369948537478, 43.62613882793508], [4.425357879250653, 43.62538778898293], [4.429345809963831, 43.62463675003076], [4.433333740677007, 43.62388571107861], [4.437321671390185, 43.62313467212644], [4.441309602103363, 43.62238363317428], [4.445297532816539, 43.62163259422212], [4.449285463529716, 43.62088155526995], [4.453273394242894, 43.62013051631779], [4.453273394242894, 43.62013051631779], [4.452362798043751, 43.61824910970362], [4.451452201844612, 43.61636770308945], [4.450541605645473, 43.61448629647528], [4.449631009446328, 43.61260488986111], [4.448720413247187, 43.61072348324693], [4.4478098170480465, 43.60884207663276], [4.4468992208489055, 43.60696067001859], [4.445988624649763, 43.60507926340442], [4.445078028450624, 43.603197856790246], [4.444167432251481, 43.60131645017607], [4.444167432251481, 43.60131645017607], [4.440718525453313, 43.59956047836823], [4.4372696186551455, 43.5978045065604], [4.433820711856978, 43.59604853475256], [4.43037180505881, 43.59429256294474], [4.426922898260642, 43.5925365911369], [4.423473991462474, 43.59078061932907], [4.420025084664305, 43.58902464752123], [4.416576177866139, 43.587268675713396], [4.413127271067969, 43.58551270390556], [4.409678364269803, 43.583756732097726], [4.409678364269803, 43.583756732097726], [4.393344208685734, 43.57748320636319], [4.377010053101669, 43.571209680628655], [4.360675897517602, 43.56493615489411], [4.344341741933537, 43.55866262915957], [4.328007586349466, 43.552389103425035], [4.311673430765399, 43.54611557769051], [4.295339275181334, 43.53984205195597], [4.279005119597265, 43.53356852622144], [4.2626709640132, 43.52729500048689], [4.246336808429131, 43.52102147475236], [4.246336808429131, 43.52102147475236], [4.243792687861044, 43.51813663827607], [4.2412485672929545, 43.515251801799764], [4.238704446724869, 43.51236696532347], [4.23616032615678, 43.50948212884718], [4.233616205588696, 43.506597292370884], [4.231072085020607, 43.50371245589459], [4.228527964452519, 43.500827619418295], [4.225983843884432, 43.497942782942005], [4.223439723316343, 43.49505794646571], [4.220895602748255, 43.492173109989416], [4.220895602748255, 43.492173109989416], [4.220790545709944, 43.48897477804217], [4.2206854886716325, 43.48577644609491], [4.220580431633321, 43.48257811414766], [4.220475374595008, 43.47937978220041], [4.220370317556695, 43.476181450253165], [4.2202652605183815, 43.47298311830591], [4.22016020348007, 43.469784786358666], [4.22005514644176, 43.46658645441141], [4.219950089403445, 43.46338812246415], [4.219845032365132, 43.460189790516914], [4.219845032365132, 43.460189790516914], [4.22073999639483, 43.4601248291846], [4.221629551720817, 43.46004135169399], [4.222515170557578, 43.45994470086344], [4.223398325119586, 43.459840219511285], [4.224280487621325, 43.4597332504559], [4.225163130277268, 43.459629136515616], [4.226047725301894, 43.4595332205088], [4.226935744909678, 43.4594508452538], [4.227828661315101, 43.45938735356896], [4.22872794673264, 43.45934808827264], [4.22872794673264, 43.45934808827265], [4.2306161294704605, 43.45929904993967], [4.232504723630965, 43.45925906237258], [4.234393173234729, 43.45922779070902], [4.236280922302324, 43.459204900086675], [4.238167414854333, 43.45919005564319], [4.2400520949113325, 43.45918292251623], [4.241934406493893, 43.45918316584347], [4.2438137936226, 43.45919045076255], [4.245689700318021, 43.45920444241115], [4.247561570600739, 43.45922480592694], [4.247561570600748, 43.45922480592694], [4.261295248104345, 43.45923865956555], [4.274976546147448, 43.45888969586399], [4.2886010817779, 43.45818917947417], [4.302164472043531, 43.457148375048014], [4.315662333992181, 43.455778547237436], [4.329090284671679, 43.45409096069435], [4.342443941129865, 43.452096880070684], [4.355718920414571, 43.44980757001835], [4.368910839573632, 43.44723429518926], [4.382015315654886, 43.44438832023535], [4.382015315654877, 43.44438832023535], [4.386606609958482, 43.44517209136671], [4.39132846748911, 43.44550491083893], [4.396146974143109, 43.445519156647606], [4.401028215816817, 43.445347206788306], [4.405938278406573, 43.44512143925663], [4.410843247808728, 43.44497423204816], [4.415709209919612, 43.445037963158484], [4.420502250635574, 43.445445010583164], [4.425188455852956, 43.44632775231781], [4.4297339114681, 43.447818566357995], [4.429733911468102, 43.447818566357995], [4.440709303253074, 43.449472374901504], [4.451914611160801, 43.45086729931512], [4.4632842386916085, 43.45194147484201], [4.474752589345835, 43.45263303672536], [4.486254066623813, 43.452880120208334], [4.497723074025881, 43.45262086053412], [4.509094015052366, 43.45179339294589], [4.520301293203609, 43.45033585268681], [4.531279311979937, 43.44818637500008], [4.541962474881691, 43.44528309512884], [4.541962474881686, 43.44528309512885], [4.549020524034777, 43.443504717237765], [4.556676430352635, 43.441473407986095], [4.564554001422092, 43.43914033839201], [4.572277044829985, 43.43645667947367], [4.579469368163144, 43.43337360224927], [4.585754779008401, 43.42984227773698], [4.590757084952591, 43.42581387695496], [4.594100093582545, 43.421239570921394], [4.595407612485099, 43.416070530654466], [4.594303449247084, 43.41025792717233], [4.594303449247082, 43.41025792717233], [4.592499625333232, 43.405960479939075], [4.589659218619342, 43.401929177887446], [4.586100196002093, 43.3980918427372], [4.582140524378152, 43.39437629620811], [4.5780981706442, 43.39071036001995], [4.574291101696904, 43.387021855892485], [4.571037284432943, 43.38323860554548], [4.568654685748992, 43.379288430698715], [4.567461272541724, 43.37509915307196], [4.567775011707814, 43.37059859438497], [4.567775011707814, 43.37059859438498], [4.573291206813565, 43.36445748149988], [4.580083260169246, 43.359753471602666], [4.587941986586861, 43.35628725350717], [4.596658200878425, 43.35385951602725], [4.606022717855936, 43.35227094797674], [4.615826352331402, 43.3513222381695], [4.625859919116833, 43.350814075419365], [4.635914233024229, 43.350547148540194], [4.6457801088655994, 43.350322146345825], [4.655248361452951, 43.34993975765012], [4.65524836145295, 43.34993975765013], [4.669545551265992, 43.34987014486125], [4.68384239712994, 43.34973299001771], [4.6981382584528415, 43.34952838484456], [4.712432494642744, 43.34925642106683], [4.72672446510769, 43.34891719040955], [4.741013529255728, 43.34851078459777], [4.755299046494903, 43.34803729535651], [4.769580376233257, 43.34749681441082], [4.783856877878842, 43.34688943348572], [4.7981279108397, 43.34621524430627], [4.798127910839705, 43.346215244306265], [4.80586692103479, 43.345880034654655], [4.811556846718075, 43.347271093528946], [4.81533608754107, 43.35002111274263], [4.817343043155297, 43.35376278410917], [4.817716113212267, 43.35812879944205], [4.8165936973634995, 43.36275185055475], [4.814114195260508, 43.36726462926076], [4.810416006554803, 43.37129982737352], [4.805637530897906, 43.37449013670656], [4.799917167941329, 43.376468249073326], [4.799917167941333, 43.376468249073326], [4.790497998867679, 43.380768510271515], [4.780574218342869, 43.38498826265231], [4.770474007181784, 43.38925922965319], [4.760525546199315, 43.393713134711696], [4.751057016210355, 43.398481701265354], [4.742396598029792, 43.40369665275165], [4.734872472472514, 43.40948971260812], [4.728812820353408, 43.41599260427227], [4.724545822487366, 43.42333705118163], [4.7223996596892786, 43.43165477677371], [4.72239965968928, 43.431654776773726], [4.723266819610233, 43.437350835660006], [4.724480248823108, 43.44301866728543], [4.725884067581463, 43.448667066825315], [4.727322396138865, 43.454304829454976], [4.728639354748875, 43.45994075034976], [4.729679063665049, 43.46558362468496], [4.730285643140958, 43.47124224763591], [4.730303213430158, 43.47692541437793], [4.72957589478621, 43.48264192008634], [4.72794780746268, 43.488400559936466], [4.727947807462677, 43.488400559936466], [4.729017829289541, 43.497135400632025], [4.727944023651601, 43.505523726819064], [4.725143731890807, 43.5136326530001], [4.7210342953491065, 43.52152929367767], [4.716033055368447, 43.52928076335432], [4.710557353290776, 43.53695417653258], [4.705024530458042, 43.54461664771496], [4.699851928212194, 43.55233529140401], [4.695456887895176, 43.56017722210228], [4.692256750848939, 43.568209554312276], [4.692256750848939, 43.568209554312276], [4.697380160596072, 43.5666141779158], [4.701890952468283, 43.56444087962698], [4.705877769514435, 43.561787299435316], [4.709429254783382, 43.55875107733037], [4.712634051323985, 43.555429853301646], [4.715580802185102, 43.551921267338685], [4.718358150415593, 43.548322959431005], [4.7210547390643125, 43.54473256956813], [4.723759211180123, 43.54124773773959], [4.726560209811879, 43.53796610393491], [4.726560209811879, 43.53796610393492], [4.734490240834104, 43.52884225301206], [4.740075631125766, 43.5193246381578], [4.7436176382264055, 43.50948519183306], [4.745417519675549, 43.49939584649876], [4.745776533012739, 43.489128534615816], [4.744995935777498, 43.47875518864516], [4.74337698550937, 43.46834774104772], [4.741220939747878, 43.4579781242844], [4.7388290560325625, 43.447718270816154], [4.736502591902958, 43.43764011310387], [4.736502591902955, 43.437640113103875], [4.7351749440000805, 43.431615469354455], [4.735917360155911, 43.42612966306509], [4.738428156688867, 43.42113097306613], [4.742405649917355, 43.41656767818792], [4.747548156159791, 43.412388057260806], [4.753553991734593, 43.40854038911517], [4.760121472960176, 43.40497295258134], [4.76694891615495, 43.401634026489674], [4.773734637637338, 43.398471889670546], [4.780176953725743, 43.39543482095428], [4.780176953725746, 43.395434820954286], [4.787749367300899, 43.392894169005565], [4.794968717596012, 43.389915997725346], [4.80191888458096, 43.386621294525284], [4.808683748225638, 43.38313104681706], [4.815347188499922, 43.37956624201232], [4.8219930853736965, 43.37604786752274], [4.828705318816844, 43.37269691075997], [4.835567768799251, 43.36963435913569], [4.842664315290797, 43.366981200061545], [4.850078838261371, 43.36485842094922], [4.850078838261375, 43.36485842094921], [4.855816007828235, 43.362508693573986], [4.860275708521499, 43.361667203923254], [4.863568344383337, 43.36210377832698], [4.865804319455918, 43.36358824311516], [4.867094037781419, 43.36589042461774], [4.867547903402011, 43.3687801491647], [4.867276320359865, 43.37202724308602], [4.866389692697153, 43.37540153271166], [4.864998424456051, 43.37867284437161], [4.863212919678727, 43.38161100439582], [4.863212919678736, 43.38161100439582], [4.857312116396161, 43.3820813120787], [4.8523048590577105, 43.38330205347853], [4.848259596639778, 43.385150582610365], [4.845244778118753, 43.38750425348928], [4.843328852471036, 43.39024042013035], [4.842580268673016, 43.393236436548605], [4.843067475701087, 43.396369656759134], [4.844858922531646, 43.399517434777], [4.848023058141083, 43.40255712461727], [4.852628331505793, 43.40536608029498], [4.852628331505802, 43.40536608029499], [4.856565617084618, 43.40710549578054], [4.860378297892753, 43.4087089758306], [4.8641209559178815, 43.41016808721877], [4.867848173147678, 43.41147439671868], [4.871614531569824, 43.412619471103945], [4.875474613171992, 43.413594877148164], [4.87948299994186, 43.414392181624955], [4.883694273867103, 43.41500295130793], [4.888163016935403, 43.41541875297071], [4.892943811134426, 43.41563115338689], [4.892943811134417, 43.41563115338688], [4.896385291625595, 43.4180869242517], [4.900118887652901, 43.42029473784192], [4.904106819859063, 43.422194295104674], [4.908311308886818, 43.423725296987094], [4.912694575378893, 43.42482744443632], [4.91721883997803, 43.42544043839948], [4.92184632332695, 43.42550397982371], [4.926539246068392, 43.424957769656146], [4.931259828845089, 43.42374150884394], [4.935970292299775, 43.421794898334205], [4.935970292299778, 43.4217948983342], [4.938537223541514, 43.419330540945644], [4.941639954717797, 43.41774821875272], [4.945137129491814, 43.41685717294834], [4.948887391526748, 43.41646664472544], [4.952749384485784, 43.41638587527694], [4.956581752032106, 43.416424105795734], [4.960243137828899, 43.41639057747478], [4.963592185539346, 43.41609453150697], [4.966487538826634, 43.41534520908524], [4.968787841353947, 43.4139518514025], [4.968787841353947, 43.4139518514025], [4.969143040130104, 43.413604668156914], [4.969473674185625, 43.413229444039835], [4.969778201918341, 43.41282423267548], [4.970055081726082, 43.41238708768811], [4.970302772006672, 43.41191606270195], [4.970519731157948, 43.41140921134123], [4.9707044175777355, 43.410864587230186], [4.9708552896638665, 43.410280243993064], [4.970970805814167, 43.409654235254074], [4.97104942442647, 43.40898461463748], [4.9710494244264645, 43.40898461463749], [4.972254578221223, 43.404769199287784], [4.9745570328843485, 43.402218989303385], [4.977755889736645, 43.401030986731776], [4.9816502500989, 43.40090219362049], [4.986039215291921, 43.40152961201702], [4.990721886636505, 43.40261024396887], [4.995497365453449, 43.403841091523574], [5.000164753063551, 43.40491915672861], [5.004523150787607, 43.405541441631506], [5.008371659946425, 43.405404948279745], [5.008371659946434, 43.405404948279745], [5.013211364790225, 43.40556009230198], [5.018020294896781, 43.406094559068656], [5.022779766078379, 43.406962936365474], [5.027471094147286, 43.40811981197816], [5.0320755949157725, 43.409519773692416], [5.036574584196108, 43.41111740929396], [5.040949377800565, 43.412867306568494], [5.045181291541409, 43.414724053301754], [5.049251641230915, 43.41664223727942], [5.053141742681349, 43.41857644628721], [5.053141742681365, 43.41857644628721], [5.055618521189972, 43.422434929828775], [5.057455240086853, 43.42656996502747], [5.058686219014458, 43.43091665688884], [5.059345777615253, 43.43541011041849], [5.0594682355316785, 43.43998543062198], [5.059087912406202, 43.44457772250489], [5.058239127881272, 43.44912209107278], [5.056956201599348, 43.45355364133125], [5.055273453202879, 43.457807478285844], [5.053225202334321, 43.46181870694216], [5.053225202334314, 43.461818706942154], [5.050932308706688, 43.465613355421404], [5.047603420878673, 43.46825519360332], [5.0434764199306965, 43.47000692073078], [5.038789186943202, 43.471131236046645], [5.033779602996615, 43.47189083879377], [5.028685549171371, 43.472548428215006], [5.023744906547902, 43.47336670355323], [5.0191955562066415, 43.474608364051306], [5.0152753792280205, 43.476536108952075], [5.012222256692471, 43.47941263749841], [5.0122222566924695, 43.47941263749841], [5.013053769437574, 43.48292825375632], [5.012744635102887, 43.48629756382637], [5.011631162768323, 43.4895502287341], [5.010049661513785, 43.49271590950507], [5.008336440419184, 43.495824267164814], [5.006827808564424, 43.498904962738905], [5.0058600750294175, 43.501987657252876], [5.0057695488940706, 43.50510201173229], [5.00689253923829, 43.5082776872027], [5.009565355141989, 43.51154434468963], [5.009565355141982, 43.511544344689625], [5.014093361011474, 43.51402363468745], [5.016813015736972, 43.51689076586988], [5.018110113480359, 43.52007145368633], [5.018370448403537, 43.523491413586186], [5.017979814668392, 43.52707636101884], [5.017324006436818, 43.53075201143372], [5.0167888178707045, 43.53444408028019], [5.016760043131949, 43.538078283007664], [5.017623476382441, 43.54158033506553], [5.019764911784071, 43.54487595190321], [5.019764911784074, 43.5448759519032], [5.024139588452556, 43.5462541692361], [5.027729222204249, 43.54613407617826], [5.030722943741214, 43.544820321673605], [5.033309883765519, 43.54261755466607], [5.035679172979226, 43.53983042409957], [5.038019942084402, 43.53676357891803], [5.040521321783107, 43.53372166806538], [5.043372442777407, 43.53100934048555], [5.046762435769368, 43.52893124512246], [5.050880431461048, 43.527792030920025], [5.05088043146106, 43.527792030920025], [5.055458989760513, 43.52809885003389], [5.059947655896769, 43.52812563074569], [5.064377618573918, 43.52793624413], [5.0687800664960445, 43.527594561261395], [5.073186188367226, 43.52716445321447], [5.077627172891555, 43.52670979106379], [5.082134208773111, 43.526294445883934], [5.086738484715985, 43.525982288749496], [5.091471189424253, 43.525837190735025], [5.096363511602004, 43.52592302291514], [5.096363511602002, 43.52592302291514], [5.1026551766553006, 43.526013320546355], [5.107966950232903, 43.52526796591475], [5.112244652420225, 43.52381764193233], [5.1154341033026824, 43.52179303151114], [5.117481122965701, 43.519324817563145], [5.118331531494698, 43.51654368300042], [5.117931148975085, 43.51358031073495], [5.116225795492284, 43.51056538367876], [5.113161291131714, 43.50762958474386], [5.108683455978795, 43.504903596842276], [5.108683455978797, 43.50490359684228], [5.1100163757035055, 43.49980519177859], [5.112783626008074, 43.495444583390544], [5.116706491815467, 43.491669530872315], [5.1215062580486475, 43.4883277934181], [5.1269042096305775, 43.48526713022206], [5.1326216314842235, 43.48233530047837], [5.13837980853255, 43.47938006338122], [5.143900025698525, 43.476249178124775], [5.148903567905105, 43.472790403903225], [5.153111720075257, 43.468851499910734], [5.153111720075254, 43.46885149991074], [5.1605199793775505, 43.46829158685977], [5.16742137737929, 43.4692078391212], [5.173945166104749, 43.471254437448685], [5.180220597578208, 43.47408556259588], [5.186376923823934, 43.47735539531645], [5.192543396866217, 43.48071811636404], [5.198849268729322, 43.483827906492294], [5.205423791437537, 43.48633894645489], [5.212396217015135, 43.48790541700547], [5.219895797486391, 43.48818149889769], [5.219895797486389, 43.488181498897696], [5.223040630889368, 43.485521902872925], [5.225071604493904, 43.48250613237625], [5.2261994265121245, 43.47921023537308], [5.226634805156152, 43.47571025982878], [5.226588448638118, 43.47208225370876], [5.226271065170158, 43.46840226497842], [5.22589336296439, 43.464746341603146], [5.225666050232949, 43.46119053154833], [5.225799835187956, 43.45781088277936], [5.226505426041546, 43.454683443261644], [5.226505426041536, 43.454683443261644], [5.221369196756372, 43.452807098442534], [5.216279928322757, 43.45077069855603], [5.211320025497566, 43.448555536054705], [5.206571893037674, 43.44614290339113], [5.20211793569996, 43.44351409301787], [5.198040558241297, 43.4406503973875], [5.194422165418564, 43.43753310895258], [5.191345161988638, 43.434143520165684], [5.18889195270839, 43.430462923479375], [5.187144942334703, 43.42647261134623], [5.187144942334706, 43.42647261134622], [5.1828217866518, 43.42432137259717], [5.178316674785927, 43.42237592047169], [5.173686968832083, 43.42057304262543], [5.168990030885256, 43.418849526714084], [5.164283223040446, 43.41714216039332], [5.159623907392653, 43.41538773131882], [5.155069446036865, 43.41352302714627], [5.150677201068085, 43.411484835531326], [5.146504534581304, 43.40920994412967], [5.1426088086715165, 43.40663514059699], [5.142608808671504, 43.40663514059698], [5.136716173446988, 43.40809131027019], [5.13080473337523, 43.408827202601834], [5.124876122813681, 43.408998569478], [5.118931976119789, 43.40876116278475], [5.112973927651007, 43.40827073440816], [5.1070036117647835, 43.40768303623428], [5.101022662818567, 43.407153820149176], [5.095032715169806, 43.406838838038915], [5.089035403175954, 43.40689384178955], [5.083032361194459, 43.40747458328716], [5.08303236119446, 43.40747458328717], [5.077051127072583, 43.40869326962488], [5.0711970292495305, 43.40920770301633], [5.065475684172897, 43.40909485159804], [5.059892708290269, 43.408431683506514], [5.0544537180492295, 43.40729516687828], [5.049164329897366, 43.40576226984983], [5.044030160282269, 43.403909960557684], [5.039056825651523, 43.40181520713838], [5.034249942452719, 43.39955497772839], [5.0296151271334395, 43.39720624046427], [5.029615127133443, 43.397206240464264], [5.022973264205094, 43.395708328542376], [5.017347073199094, 43.39340177773763], [5.01274583940228, 43.390412659739404], [5.009178848101495, 43.386867046237036], [5.0066553845835795, 43.38289100891988], [5.005184734135369, 43.378610619477286], [5.0047761820437024, 43.37415194959862], [5.005439013595417, 43.36964107097323], [5.0071825140773605, 43.36520405529047], [5.0100159687763615, 43.36096697423968], [5.010015968776349, 43.36096697423967], [5.0140518066479505, 43.358835376536916], [5.017103361412422, 43.356160165239736], [5.019466709129343, 43.35311494544559], [5.021437925858287, 43.34987332225194], [5.023313087658819, 43.34660890075623], [5.025388270590527, 43.34349528605592], [5.027959550712973, 43.34070608324844], [5.031323004085735, 43.33841489743127], [5.03577470676839, 43.33679533370184], [5.041610734820505, 43.33602099715762], [5.041610734820493, 43.33602099715761], [5.046018662552235, 43.33403042407077], [5.050708737627522, 43.33267686756342], [5.05562588154571, 43.33181479445229], [5.06071501580616, 43.33129867155414], [5.065921061908234, 43.33098296568569], [5.071188941351291, 43.330722143663706], [5.076463575634692, 43.33037067230491], [5.081689886257795, 43.32978301842605], [5.086812794719959, 43.32881364884387], [5.091777222520548, 43.32731703037509], [5.091777222520539, 43.32731703037509], [5.09613154000213, 43.32902471400488], [5.100616862120635, 43.33021012370934], [5.105206483044036, 43.33094826372264], [5.109873696940314, 43.331314138278955], [5.114591797977454, 43.33138275161247], [5.119334080323439, 43.33122910795736], [5.12407383814625, 43.3309282115478], [5.1287843656138765, 43.33055506661797], [5.133438956894292, 43.330184677402045], [5.138010906155488, 43.329892048134184], [5.138010906155493, 43.329892048134184], [5.142849777574996, 43.33016378568961], [5.147588569351051, 43.329970199670015], [5.152232448107778, 43.3294945689354], [5.156786580469296, 43.32892017234583], [5.161256133059732, 43.328430288761304], [5.1656462725032135, 43.328208197041846], [5.169962165423856, 43.32843717604749], [5.174208978445781, 43.32930050463825], [5.178391878193121, 43.33098146167415], [5.182516031289987, 43.33366332601521], [5.182516031289987, 43.33366332601521], [5.189022345075706, 43.33154801068468], [5.195703153902826, 43.330149254114076], [5.20250917376994, 43.329404670561026], [5.209391120675647, 43.3292518742831], [5.216299710618539, 43.32962847953789], [5.223185659597217, 43.330472100583], [5.229999683610275, 43.33172035167602], [5.236692498656316, 43.333310847074536], [5.243214820733925, 43.33518120103613], [5.249517365841706, 43.33726902781841], [5.249517365841719, 43.3372690278184], [5.253586225604996, 43.33956944825602], [5.257784908462707, 43.341657623989725], [5.262102915538319, 43.343558272720564], [5.2665297479552855, 43.3452961121496], [5.271054906837071, 43.34689585997789], [5.2756678933071335, 43.34838223390651], [5.2803582084889324, 43.34977995163652], [5.285115353505928, 43.35111373086898], [5.289928829481573, 43.352408289304954], [5.294788137539337, 43.3536883446455], [5.294788137539339, 43.3536883446455], [5.295730745930378, 43.354066261852715], [5.2966690038431015, 43.354415706779896], [5.297603032243941, 43.354737873960985], [5.2985329520993325, 43.35503395792997], [5.299458884375705, 43.35530515322079], [5.300380950039488, 43.355552654367415], [5.30129927005712, 43.35577765590381], [5.302213965395028, 43.35598135236392], [5.303125157019645, 43.35616493828172], [5.304032965897401, 43.35632960819118], [5.304032965897411, 43.35632960819117], [5.2997091284483915, 43.36153933305024], [5.295385290999372, 43.3667490579093], [5.291061453550352, 43.37195878276837], [5.286737616101332, 43.37716850762744], [5.282413778652312, 43.3823782324865], [5.278089941203291, 43.387587957345566], [5.273766103754271, 43.39279768220462], [5.26944226630525, 43.3980074070637], [5.265118428856232, 43.403217131922766], [5.26079459140721, 43.40842685678183], [5.26079459140721, 43.40842685678183], [5.260074849763596, 43.410996829233525], [5.259355108119982, 43.41356680168522], [5.258635366476366, 43.416136774136916], [5.257915624832755, 43.41870674658862], [5.257195883189141, 43.421276719040314], [5.256476141545527, 43.42384669149202], [5.255756399901914, 43.42641666394371], [5.2550366582583, 43.42898663639541], [5.254316916614684, 43.4315566088471], [5.253597174971073, 43.434126581298806], [5.253597174971073, 43.434126581298806], [5.254962679560391, 43.437136152738226], [5.256328184149709, 43.44014572417766], [5.257693688739028, 43.44315529561708], [5.259059193328346, 43.44616486705652], [5.260424697917664, 43.449174438495945], [5.261790202506981, 43.45218400993536], [5.263155707096301, 43.4551935813748], [5.264521211685619, 43.45820315281422], [5.265886716274936, 43.46121272425365], [5.267252220864254, 43.46422229569308], [5.267252220864254, 43.46422229569308], [5.272298976254287, 43.4661217988848], [5.277345731644321, 43.46802130207652], [5.282392487034352, 43.46992080526824], [5.287439242424387, 43.47182030845996], [5.2924859978144205, 43.473719811651684], [5.297532753204454, 43.47561931484341], [5.302579508594487, 43.47751881803512], [5.307626263984519, 43.47941832122684], [5.312673019374552, 43.48131782441857], [5.3177197747645835, 43.483217327610284], [5.3177197747645835, 43.483217327610284], [5.317852114685499, 43.48534526190962], [5.317984454606414, 43.48747319620895], [5.3181167945273256, 43.489601130508284], [5.318249134448241, 43.491729064807615], [5.318381474369156, 43.49385699910695], [5.318513814290069, 43.49598493340629], [5.318646154210983, 43.49811286770562], [5.318778494131896, 43.50024080200496], [5.31891083405281, 43.502368736304284], [5.319043173973723, 43.50449667060362], [5.319043173973723, 43.50449667060362], [5.3162280510299755, 43.50768787465066], [5.313412928086223, 43.51087907869769], [5.310597805142473, 43.514070282744726], [5.307782682198722, 43.51726148679177], [5.304967559254971, 43.520452690838795], [5.302152436311221, 43.523643894885836], [5.29933731336747, 43.52683509893287], [5.296522190423721, 43.530026302979905], [5.2937070674799696, 43.53321750702694], [5.290891944536222, 43.536408711073975], [5.290891944536222, 43.536408711073975], [5.2840982819306195, 43.53800291422519], [5.277304619325017, 43.53959711737641], [5.27051095671942, 43.54119132052762], [5.263717294113819, 43.542785523678845], [5.256923631508219, 43.54437972683005], [5.250129968902616, 43.54597392998127], [5.243336306297019, 43.54756813313249], [5.236542643691418, 43.54916233628371], [5.229748981085818, 43.55075653943493], [5.222955318480215, 43.55235074258613], [5.222955318480215, 43.55235074258613], [5.218590539995326, 43.54995577803531], [5.214225761510434, 43.54756081348449], [5.209860983025543, 43.545165848933664], [5.205496204540649, 43.54277088438284], [5.20113142605576, 43.540375919832016], [5.19676664757087, 43.5379809552812], [5.192401869085979, 43.53558599073037], [5.188037090601087, 43.53319102617954], [5.183672312116196, 43.53079606162872], [5.179307533631304, 43.5284010970779], [5.179307533631304, 43.5284010970779], [5.174053430295459, 43.53035037112251], [5.1687993269596095, 43.532299645167114], [5.163545223623766, 43.53424891921172], [5.15829112028792, 43.53619819325634], [5.153037016952071, 43.53814746730095], [5.147782913616226, 43.540096741345565], [5.142528810280378, 43.54204601539018], [5.137274706944533, 43.54399528943479], [5.132020603608687, 43.545944563479395], [5.126766500272842, 43.54789383752401], [5.126766500272842, 43.54789383752401], [5.121133990481972, 43.5523245112102], [5.115501480691105, 43.55675518489639], [5.109868970900237, 43.561185858582576], [5.10423646110937, 43.56561653226877], [5.0986039513185, 43.570047205954964], [5.092971441527631, 43.57447787964116], [5.087338931736763, 43.578908553327345], [5.081706421945897, 43.58333922701353], [5.07607391215503, 43.58776990069973], [5.07044140236416, 43.59220057438592], [5.07044140236416, 43.59220057438592], [5.069677480538539, 43.595037603665396], [5.068913558712918, 43.597874632944865], [5.068149636887297, 43.60071166222434], [5.0673857150616755, 43.60354869150382], [5.066621793236054, 43.60638572078329], [5.065857871410433, 43.60922275006276], [5.065093949584812, 43.61205977934223], [5.064330027759189, 43.61489680862171], [5.0635661059335675, 43.617733837901184], [5.0628021841079445, 43.62057086718065], [5.0628021841079445, 43.62057086718065], [5.067292115396553, 43.621369964357854], [5.0717820466851595, 43.622169061535054], [5.076271977973766, 43.622968158712254], [5.080761909262373, 43.623767255889454], [5.085251840550978, 43.62456635306664], [5.089741771839586, 43.62536545024384], [5.094231703128191, 43.62616454742105], [5.098721634416796, 43.62696364459824], [5.103211565705404, 43.62776274177544], [5.107701496994009, 43.62856183895264], [5.107701496994009, 43.62856183895264], [5.110269523806506, 43.63104501309349], [5.112837550619004, 43.63352818723435], [5.115405577431501, 43.6360113613752], [5.117973604243996, 43.63849453551605], [5.120541631056492, 43.6409777096569], [5.123109657868989, 43.64346088379776], [5.125677684681484, 43.64594405793861], [5.128245711493982, 43.64842723207946], [5.130813738306479, 43.65091040622032], [5.133381765118976, 43.65339358036116], [5.133381765118976, 43.65339358036116], [5.132752579025562, 43.659599865857714], [5.132123392932147, 43.66580615135427], [5.131494206838733, 43.672012436850814], [5.130865020745322, 43.67821872234737], [5.130235834651906, 43.684425007843906], [5.129606648558493, 43.69063129334045], [5.128977462465079, 43.69683757883701], [5.128348276371664, 43.70304386433356], [5.1277190902782515, 43.70925014983011], [5.127089904184839, 43.71545643532665], [5.127089904184839, 43.71545643532665], [5.121190320852065, 43.71439101236489], [5.115290737519297, 43.71332558940313], [5.109391154186527, 43.712260166441354], [5.103491570853755, 43.71119474347959], [5.097591987520985, 43.71012932051782], [5.091692404188214, 43.70906389755605], [5.085792820855444, 43.70799847459429], [5.079893237522672, 43.706933051632525], [5.073993654189902, 43.70586762867075], [5.068094070857132, 43.70480220570899], [5.068094070857132, 43.70480220570899], [5.061425561055248, 43.70480054148658], [5.054757051253359, 43.70479887726417], [5.048088541451476, 43.70479721304176], [5.041420031649588, 43.70479554881935], [5.034751521847705, 43.704793884596945], [5.028083012045821, 43.70479222037453], [5.021414502243934, 43.704790556152126], [5.01474599244205, 43.70478889192971], [5.008077482640161, 43.70478722770731], [5.001408972838277, 43.7047855634849], [5.001408972838277, 43.7047855634849], [4.993467808305464, 43.70983736084757], [4.985526643772646, 43.714889158210255], [4.977585479239831, 43.71994095557294], [4.969644314707015, 43.72499275293562], [4.961703150174198, 43.73004455029831], [4.9537619856413855, 43.735096347660985], [4.945820821108567, 43.74014814502367], [4.937879656575753, 43.74519994238635], [4.929938492042936, 43.75025173974903], [4.921997327510121, 43.755303537111715], [4.921997327510121, 43.755303537111715], [4.913026534518508, 43.758404492234256], [4.904055741526893, 43.76150544735679], [4.895084948535279, 43.76460640247933], [4.8861141555436625, 43.76770735760188], [4.877143362552051, 43.77080831272441], [4.868172569560437, 43.77390926784695], [4.859201776568822, 43.777010222969494], [4.850230983577209, 43.78011117809203], [4.841260190585595, 43.783212133214576], [4.83228939759398, 43.78631308833712], [4.83228939759398, 43.78631308833712], [4.829339025575129, 43.785869062053315], [4.826388653556277, 43.78542503576951], [4.823438281537422, 43.784981009485705], [4.820487909518574, 43.784536983201896], [4.817537537499721, 43.7840929569181], [4.814587165480866, 43.78364893063429], [4.811636793462014, 43.78320490435049], [4.808686421443163, 43.78276087806669], [4.805736049424311, 43.78231685178288], [4.802785677405458, 43.78187282549908], [4.802785677405458, 43.78187282549908], [4.800095364825706, 43.783290736709795], [4.797405052245953, 43.78470864792052], [4.794714739666201, 43.78612655913125], [4.792024427086448, 43.78754447034197], [4.789334114506692, 43.78896238155269], [4.786643801926939, 43.79038029276341], [4.783953489347185, 43.79179820397414], [4.781263176767434, 43.79321611518486], [4.77857286418768, 43.79463402639558], [4.775882551607925, 43.7960519376063], [4.775882551607925, 43.7960519376063], [4.7784543852638315, 43.79968777602182], [4.781026218919733, 43.80332361443734], [4.783598052575638, 43.806959452852865], [4.7861698862315425, 43.810595291268385], [4.788741719887446, 43.814231129683904], [4.79131355354335, 43.81786696809942], [4.7938853871992535, 43.82150280651495], [4.796457220855157, 43.82513864493047], [4.79902905451106, 43.82877448334599], [4.8016008881669645, 43.83241032176151], [4.8016008881669645, 43.83241032176151], [4.802631201188515, 43.83471585084676], [4.8036615142100665, 43.83702137993201], [4.804691827231617, 43.83932690901726], [4.80572214025317, 43.84163243810251], [4.80675245327472, 43.84393796718776], [4.807782766296272, 43.846243496273004], [4.808813079317822, 43.84854902535826], [4.809843392339374, 43.850854554443515], [4.810873705360924, 43.853160083528756], [4.811904018382476, 43.855465612614005], [4.811904018382476, 43.855465612614005], [4.811136845174072, 43.85661802978613], [4.810369671965667, 43.857770446958256], [4.809602498757259, 43.858922864130385], [4.808835325548856, 43.86007528130251], [4.80806815234045, 43.86122769847463], [4.8073009791320445, 43.86238011564676], [4.806533805923641, 43.86353253281888], [4.805766632715233, 43.864684949991], [4.804999459506828, 43.86583736716314], [4.804232286298424, 43.86698978433527], [4.804232286298424, 43.86698978433527], [4.7984594328932015, 43.86592439300076], [4.792686579487981, 43.86485900166627], [4.786913726082759, 43.86379361033178], [4.781140872677536, 43.86272821899729], [4.775368019272317, 43.86166282766279], [4.769595165867095, 43.860597436328305], [4.763822312461876, 43.85953204499381], [4.758049459056652, 43.85846665365933], [4.75227660565143, 43.85740126232483], [4.746503752246209, 43.856335870990335], [4.746503752246209, 43.856335870990335], [4.742393043883306, 43.85269964852653], [4.738282335520401, 43.84906342606272], [4.734171627157496, 43.84542720359891], [4.730060918794591, 43.8417909811351], [4.7259502104316855, 43.838154758671294], [4.7218395020687804, 43.83451853620748], [4.717728793705875, 43.83088231374367], [4.71361808534297, 43.82724609127987], [4.709507376980065, 43.82360986881605], [4.70539666861716, 43.819973646352246], [4.70539666861716, 43.819973646352246], [4.700262413119548, 43.81757843507399], [4.6951281576219355, 43.81518322379572], [4.689993902124321, 43.812788012517466], [4.684859646626709, 43.810392801239196], [4.679725391129095, 43.80799758996094], [4.674591135631482, 43.80560237868268], [4.669456880133868, 43.803207167404416], [4.664322624636258, 43.800811956126154], [4.6591883691386435, 43.79841674484789], [4.654054113641031, 43.79602153356963], [4.654054113641031, 43.79602153356963], [4.653162906532799, 43.799390533747925], [4.652271699424565, 43.802759533926235], [4.651380492316331, 43.80612853410454], [4.650489285208099, 43.80949753428285], [4.649598078099864, 43.81286653446114], [4.6487068709916315, 43.816235534639446], [4.647815663883398, 43.81960453481775], [4.6469244567751655, 43.822973534996045], [4.646033249666932, 43.82634253517435], [4.645142042558698, 43.82971153535265], [4.645142042558698, 43.82971153535265], [4.6433496110726065, 43.83121838333112], [4.641557179586512, 43.832725231309574], [4.6397647481004185, 43.834232079288036], [4.637972316614325, 43.8357389272665], [4.636179885128229, 43.83724577524495], [4.634387453642136, 43.838752623223414], [4.632595022156043, 43.84025947120187], [4.630802590669951, 43.84176631918034], [4.629010159183856, 43.84327316715879], [4.627217727697765, 43.84478001513725], [4.627217727697765, 43.84478001513725], [4.630555707770723, 43.846731433459695], [4.633893687843685, 43.84868285178215], [4.6372316679166445, 43.850634270104585], [4.640569647989604, 43.852585688427034], [4.643907628062566, 43.854537106749476], [4.647245608135526, 43.856488525071924], [4.650583588208486, 43.85843994339437], [4.653921568281449, 43.860391361716815], [4.657259548354407, 43.862342780039256], [4.660597528427367, 43.864294198361705], [4.660597528427367, 43.864294198361705], [4.6593199222534825, 43.86596246564758], [4.658042316079598, 43.867630732933435], [4.6567647099057154, 43.8692990002193], [4.655487103731833, 43.87096726750516], [4.654209497557948, 43.87263553479103], [4.652931891384064, 43.87430380207689], [4.65165428521018, 43.87597206936275], [4.650376679036295, 43.87764033664862], [4.649099072862414, 43.879308603934476], [4.64782146668853, 43.88097687122035], [4.64782146668853, 43.88097687122035], [4.644375947341208, 43.8809760113415], [4.6409304279938866, 43.88097515146266], [4.637484908646567, 43.88097429158381], [4.634039389299247, 43.88097343170496], [4.630593869951925, 43.88097257182612], [4.627148350604603, 43.880971711947275], [4.623702831257283, 43.88097085206842], [4.620257311909963, 43.880969992189584], [4.61681179256264, 43.88096913231074], [4.61336627321532, 43.880968272431886], [4.61336627321532, 43.880968272431886], [4.60901531900806, 43.88171922078633], [4.604664364800795, 43.88247016914076], [4.600313410593534, 43.88322111749519], [4.595962456386271, 43.88397206584962], [4.591611502179008, 43.88472301420406], [4.587260547971747, 43.88547396255849], [4.582909593764487, 43.88622491091293], [4.578558639557224, 43.88697585926736], [4.574207685349961, 43.887726807621796], [4.569856731142702, 43.888477755976226], [4.569856731142702, 43.888477755976226], [4.568774813342737, 43.891486661932845], [4.567692895542773, 43.894495567889464], [4.566610977742814, 43.897504473846084], [4.56552905994285, 43.90051337980271], [4.564447142142889, 43.90352228575932], [4.5633652243429275, 43.90653119171594], [4.562283306542961, 43.90954009767256], [4.561201388743003, 43.91254900362918], [4.5601194709430395, 43.9155579095858], [4.559037553143076, 43.91856681554242]]]}}, {"type": "Feature", "properties": {"diocese": "MARSEILLE", "province": "III_Arles"}, "geometry": {"type": "Polygon", "coordinates": [[[5.3177197747645835, 43.483217327610284], [5.312673019374552, 43.48131782441857], [5.307626263984519, 43.47941832122684], [5.302579508594487, 43.47751881803512], [5.297532753204454, 43.47561931484341], [5.2924859978144205, 43.473719811651684], [5.287439242424387, 43.47182030845996], [5.282392487034352, 43.46992080526824], [5.277345731644321, 43.46802130207652], [5.272298976254287, 43.4661217988848], [5.267252220864254, 43.46422229569308], [5.267252220864254, 43.46422229569308], [5.265886716274936, 43.46121272425365], [5.264521211685619, 43.45820315281422], [5.263155707096301, 43.4551935813748], [5.261790202506981, 43.45218400993536], [5.260424697917664, 43.449174438495945], [5.259059193328346, 43.44616486705652], [5.257693688739028, 43.44315529561708], [5.256328184149709, 43.44014572417766], [5.254962679560391, 43.437136152738226], [5.253597174971073, 43.434126581298806], [5.253597174971073, 43.434126581298806], [5.254316916614684, 43.4315566088471], [5.2550366582583, 43.42898663639541], [5.255756399901914, 43.42641666394371], [5.256476141545527, 43.42384669149202], [5.257195883189141, 43.421276719040314], [5.257915624832755, 43.41870674658862], [5.258635366476366, 43.416136774136916], [5.259355108119982, 43.41356680168522], [5.260074849763596, 43.410996829233525], [5.26079459140721, 43.40842685678183], [5.26079459140721, 43.40842685678183], [5.265118428856232, 43.403217131922766], [5.26944226630525, 43.3980074070637], [5.273766103754271, 43.39279768220462], [5.278089941203291, 43.387587957345566], [5.282413778652312, 43.3823782324865], [5.286737616101332, 43.37716850762744], [5.291061453550352, 43.37195878276837], [5.295385290999372, 43.3667490579093], [5.2997091284483915, 43.36153933305024], [5.304032965897411, 43.35632960819117], [5.304032965897411, 43.35632960819117], [5.311344692361587, 43.356896125298206], [5.318326946773901, 43.356157758423706], [5.324937681974832, 43.35429974032547], [5.331134850804869, 43.35150730376133], [5.336876406104489, 43.34796568148906], [5.342120300714177, 43.343860106266476], [5.346824487474416, 43.33937581085138], [5.350946919225686, 43.33469802800158], [5.35444554880848, 43.33001199047489], [5.357278329063268, 43.32550293102909], [5.357278329063268, 43.32550293102909], [5.357484386323007, 43.32213224321393], [5.3577856667922035, 43.318663285285325], [5.358099895474075, 43.31513035244102], [5.358344797371837, 43.31156773987872], [5.358438097488714, 43.30800974279617], [5.358297520827916, 43.3044906563911], [5.35784079239267, 43.30104477586122], [5.356985637186188, 43.29770639640428], [5.355649780211692, 43.294509813217985], [5.353750946472395, 43.29148932150009], [5.353750946472392, 43.29148932150007], [5.3492969538408595, 43.2885729387102], [5.3472487514790945, 43.28581976963152], [5.347204729732326, 43.28320799966442], [5.348763278945787, 43.28071581420928], [5.351522789464719, 43.278321398666506], [5.355081651634347, 43.27600293843646], [5.359038255799911, 43.27373861891956], [5.362990992306646, 43.27150662551618], [5.3665382514997795, 43.269285143626696], [5.369278423724552, 43.26705235865152], [5.36927842372455, 43.26705235865151], [5.369651689988622, 43.26191878087344], [5.368294409817377, 43.25719821390856], [5.36563623020737, 43.25278466416833], [5.362106798155157, 43.24857213806419], [5.3581357606573, 43.24445464200761], [5.354152764710355, 43.240326182410044], [5.350587457310882, 43.23608076568291], [5.347869485455435, 43.231612398237694], [5.346428496140572, 43.22681508648582], [5.346694136362856, 43.22158283683875], [5.346694136362855, 43.22158283683875], [5.351442163544238, 43.21723746538697], [5.357109923982705, 43.214026800144346], [5.363535505455575, 43.21176794317803], [5.370556995740166, 43.21027799655516], [5.378012482613801, 43.20937406234289], [5.385740053853796, 43.20887324260835], [5.393577797237478, 43.20859263941868], [5.401363800542159, 43.20834935484103], [5.408936151545163, 43.207960490942554], [5.416132938023809, 43.20724314979038], [5.4161329380238055, 43.20724314979037], [5.419882960669881, 43.21001986138745], [5.424115801612389, 43.21100197453152], [5.428684062606074, 43.2106653407713], [5.4334403454056694, 43.209485811655554], [5.438237251765921, 43.20793923873297], [5.442927383441571, 43.2065014735523], [5.447363342187357, 43.20564836766229], [5.451397729758019, 43.205855772611635], [5.454883147908303, 43.2075995399491], [5.457672198392951, 43.2113555212234], [5.457672198392947, 43.21135552122341], [5.462962385598285, 43.20993163766621], [5.468148290042079, 43.20815670805476], [5.473275012960153, 43.206178593021015], [5.478387655588328, 43.20414515319699], [5.483531319162443, 43.202204249214596], [5.488751104918315, 43.20050374170582], [5.49409211409178, 43.19919149130264], [5.499599447918655, 43.198415358637014], [5.505318207634774, 43.1983232043409], [5.511293494475964, 43.19906288904629], [5.511293494475959, 43.19906288904628], [5.514472283657417, 43.20089168169068], [5.518007831920331, 43.20306121681211], [5.521812624235398, 43.205342669310184], [5.5257991455733, 43.20750721408455], [5.529879880904732, 43.20932602603484], [5.5339673152003765, 43.21057028006068], [5.5379739334309335, 43.2110111510617], [5.5418122205670795, 43.21041981393754], [5.545394661579513, 43.208567443587825], [5.54863374143892, 43.20522521491218], [5.5486337414389215, 43.20522521491218], [5.5492974805257695, 43.200547198963875], [5.551150878841124, 43.19634279546883], [5.554029853697026, 43.192563668115184], [5.557770322405501, 43.18916148059101], [5.562208202278592, 43.18608789658445], [5.567179410628325, 43.1832945797836], [5.572519864766743, 43.180733193876556], [5.578065482005874, 43.178355402551425], [5.583652179657756, 43.176112869496336], [5.589115875034421, 43.17395725839939], [5.589115875034411, 43.173957258399376], [5.594207278012227, 43.17094415391313], [5.598627628456628, 43.169344445906944], [5.602492842539515, 43.16895333872834], [5.6059188364327905, 43.1695660367249], [5.6090215263083465, 43.17097774424422], [5.6119168283380905, 43.17298366563383], [5.614720658693917, 43.1753790052413], [5.617548933547733, 43.17795896741421], [5.620517569071428, 43.18051875650011], [5.623742481436906, 43.18285357684658], [5.623742481436906, 43.18285357684658], [5.629230979601342, 43.182569177413605], [5.634788644648097, 43.182418510751084], [5.640399759252176, 43.18235388138891], [5.646048606088584, 43.182327593857025], [5.6517194678323275, 43.18229195268532], [5.657396627158413, 43.18219926240369], [5.663064366741841, 43.18200182754207], [5.66870696925762, 43.18165195263036], [5.674308717380756, 43.181101942198474], [5.679853893786252, 43.180304100776304], [5.679853893786259, 43.180304100776304], [5.685625090957391, 43.1791526354451], [5.68959930190314, 43.17738173570205], [5.692045263768106, 43.175098898477], [5.69323171369688, 43.17241162069986], [5.6934273888340545, 43.169427399300474], [5.692901026324222, 43.16625373120872], [5.69192136331198, 43.16299811335448], [5.690757136941919, 43.15976804266761], [5.6896770843586335, 43.15667101607797], [5.688949942706714, 43.153814530515454], [5.688949942706721, 43.15381453051546], [5.692293763118236, 43.15182372085286], [5.696042831918001, 43.15037024039758], [5.700069089265744, 43.14927898034766], [5.704244475321177, 43.14837483190114], [5.708440930244027, 43.147482686256026], [5.71253039419401, 43.14642743461039], [5.716384807330844, 43.145033968162245], [5.719876109814253, 43.143127178109616], [5.722876241803954, 43.14053195565055], [5.725257143459672, 43.13707319198308], [5.7252571434596735, 43.13707319198307], [5.729854747807302, 43.13415564051411], [5.734994357738694, 43.13289584769692], [5.740511826026733, 43.132872664043894], [5.7462430054443026, 43.1336649400674], [5.752023748764291, 43.1348515262798], [5.757689908759586, 43.136011273193496], [5.76307733820307, 43.13672303132083], [5.768021889867635, 43.13656565117417], [5.772359416526159, 43.13511798326592], [5.775925770951535, 43.131958878108435], [5.775925770951542, 43.13195887810843], [5.775833600361507, 43.131801730276564], [5.77575468308515, 43.13165015463387], [5.775686168959812, 43.13150295924684], [5.775625207822841, 43.13135895218204], [5.77556894951157, 43.131216941506], [5.775514543863352, 43.13107573528523], [5.775459140715517, 43.13093414158628], [5.775399889905421, 43.13079096847567], [5.775333941270393, 43.130645024019955], [5.775258444647781, 43.13049511628564], [5.775258444647784, 43.13049511628563], [5.786511808047287, 43.13563718969671], [5.797765171446789, 43.140779263107795], [5.8090185348462935, 43.14592133651888], [5.820271898245798, 43.15106340992995], [5.831525261645298, 43.15620548334103], [5.842778625044803, 43.16134755675211], [5.854031988444307, 43.1664896301632], [5.865285351843809, 43.17163170357428], [5.8765387152433135, 43.176773776985364], [5.887792078642816, 43.18191585039644], [5.887792078642816, 43.18191585039644], [5.8986969607374355, 43.18422269526093], [5.909601842832055, 43.186529540125406], [5.920506724926675, 43.18883638498989], [5.931411607021296, 43.191143229854376], [5.942316489115916, 43.193450074718854], [5.953221371210535, 43.19575691958334], [5.964126253305153, 43.198063764447824], [5.975031135399773, 43.200370609312316], [5.985936017494392, 43.20267745417679], [5.996840899589012, 43.20498429904128], [5.996840899589012, 43.20498429904128], [5.997100788019374, 43.2067576331913], [5.997360676449738, 43.208530967341325], [5.9976205648800995, 43.21030430149136], [5.99788045331046, 43.212077635641386], [5.9981403417408234, 43.2138509697914], [5.998400230171185, 43.21562430394143], [5.998660118601544, 43.21739763809147], [5.998920007031909, 43.21917097224149], [5.9991798954622695, 43.220944306391516], [5.999439783892631, 43.22271764054154], [5.999439783892631, 43.22271764054154], [5.9970069640375065, 43.22466761867798], [5.994574144182383, 43.2266175968144], [5.992141324327257, 43.22856757495083], [5.989708504472135, 43.23051755308727], [5.9872756846170105, 43.23246753122369], [5.984842864761886, 43.23441750936013], [5.982410044906761, 43.23636748749656], [5.979977225051638, 43.23831746563298], [5.9775444051965145, 43.24026744376941], [5.97511158534139, 43.24221742190584], [5.97511158534139, 43.24221742190584], [5.977681023291559, 43.24461199309704], [5.980250461241731, 43.24700656428824], [5.982819899191901, 43.249401135479445], [5.985389337142072, 43.25179570667064], [5.987958775092245, 43.254190277861845], [5.990528213042415, 43.25658484905305], [5.993097650992585, 43.258979420244245], [5.995667088942758, 43.26137399143545], [5.998236526892928, 43.26376856262665], [6.000805964843099, 43.26616313381785], [6.000805964843099, 43.26616313381785], [5.9997872883327386, 43.269886734165205], [5.998768611822378, 43.273610334512554], [5.997749935312017, 43.27733393485991], [5.996731258801656, 43.28105753520725], [5.995712582291295, 43.2847811355546], [5.994693905780936, 43.28850473590196], [5.993675229270574, 43.29222833624931], [5.992656552760213, 43.29595193659666], [5.991637876249854, 43.299675536944015], [5.990619199739491, 43.30339913729136], [5.990619199739491, 43.30339913729136], [5.990754619928891, 43.307123025660125], [5.990890040118293, 43.31084691402888], [5.991025460307691, 43.31457080239764], [5.991160880497091, 43.3182946907664], [5.991296300686491, 43.322018579135154], [5.991431720875891, 43.325742467503915], [5.991567141065291, 43.32946635587268], [5.991702561254691, 43.333190244241436], [5.991837981444091, 43.336914132610204], [5.991973401633489, 43.340638020978965], [5.991973401633489, 43.340638020978965], [5.990307926101069, 43.34152423998119], [5.988642450568648, 43.34241045898341], [5.9869769750362245, 43.343296677985634], [5.985311499503805, 43.34418289698786], [5.983646023971385, 43.345069115990086], [5.981980548438964, 43.34595533499232], [5.980315072906546, 43.346841553994544], [5.9786495973741225, 43.34772777299677], [5.976984121841703, 43.34861399199899], [5.975318646309281, 43.34950021100122], [5.975318646309281, 43.34950021100122], [5.9718544867468175, 43.34861271182487], [5.968390327184354, 43.34772521264852], [5.964926167621892, 43.34683771347217], [5.961462008059426, 43.34595021429583], [5.957997848496964, 43.34506271511948], [5.9545336889345, 43.34417521594313], [5.951069529372038, 43.34328771676678], [5.9476053698095726, 43.342400217590445], [5.9441412102471105, 43.341512718414094], [5.9406770506846485, 43.340625219237744], [5.9406770506846485, 43.340625219237744], [5.937986909219191, 43.34213178848639], [5.935296767753737, 43.34363835773503], [5.9326066262882815, 43.34514492698368], [5.929916484822829, 43.34665149623232], [5.92722634335737, 43.34815806548096], [5.9245362018919145, 43.349664634729606], [5.921846060426461, 43.35117120397825], [5.919155918961005, 43.352677773226894], [5.916465777495549, 43.35418434247554], [5.913775636030097, 43.35569091172418], [5.913775636030097, 43.35569091172418], [5.909800690190748, 43.355955948398396], [5.9058257443514, 43.35622098507261], [5.901850798512051, 43.35648602174683], [5.897875852672701, 43.35675105842105], [5.893900906833354, 43.35701609509526], [5.889925960994006, 43.35728113176948], [5.885951015154658, 43.3575461684437], [5.881976069315309, 43.357811205117905], [5.878001123475961, 43.358076241792126], [5.874026177636615, 43.35834127846635], [5.874026177636615, 43.35834127846635], [5.869025631079859, 43.35878332048421], [5.864025084523105, 43.359225362502066], [5.85902453796635, 43.35966740451993], [5.854023991409598, 43.3601094465378], [5.8490234448528415, 43.36055148855566], [5.844022898296087, 43.36099353057352], [5.8390223517393345, 43.36143557259138], [5.834021805182582, 43.36187761460925], [5.829021258625824, 43.362319656627115], [5.824020712069071, 43.36276169864498], [5.824020712069071, 43.36276169864498], [5.824283417646644, 43.36595367080833], [5.824546123224216, 43.36914564297169], [5.824808828801787, 43.37233761513504], [5.82507153437936, 43.375529587298395], [5.825334239956934, 43.378721559461745], [5.825596945534507, 43.381913531625095], [5.8258596511120775, 43.385105503788445], [5.826122356689652, 43.3882974759518], [5.826385062267223, 43.391489448115166], [5.826647767844795, 43.394681420278516], [5.826647767844795, 43.394681420278516], [5.830757107187754, 43.39760832374553], [5.834866446530713, 43.40053522721254], [5.838975785873677, 43.40346213067957], [5.843085125216636, 43.40638903414658], [5.847194464559596, 43.4093159376136], [5.851303803902555, 43.41224284108061], [5.855413143245515, 43.415169744547626], [5.859522482588476, 43.418096648014654], [5.8636318219314365, 43.42102355148166], [5.867741161274395, 43.42395045494868], [5.867741161274395, 43.42395045494868], [5.864921509934893, 43.42483638590975], [5.8621018585953895, 43.425722316870825], [5.859282207255889, 43.4266082478319], [5.856462555916389, 43.42749417879298], [5.853642904576885, 43.42838010975405], [5.850823253237383, 43.42926604071512], [5.848003601897883, 43.430151971676196], [5.845183950558383, 43.43103790263727], [5.842364299218877, 43.43192383359835], [5.839544647879375, 43.432809764559416], [5.839544647879375, 43.432809764559416], [5.831719816680735, 43.43165514843578], [5.823894985482092, 43.43050053231214], [5.816070154283452, 43.429345916188495], [5.808245323084812, 43.42819130006487], [5.800420491886166, 43.427036683941225], [5.792595660687526, 43.425882067817575], [5.784770829488886, 43.42472745169394], [5.776945998290245, 43.423572835570305], [5.769121167091601, 43.42241821944666], [5.761296335892958, 43.42126360332302], [5.761296335892958, 43.42126360332302], [5.755394828185182, 43.420020863890564], [5.749493320477404, 43.418778124458115], [5.743591812769626, 43.41753538502566], [5.737690305061848, 43.4162926455932], [5.731788797354069, 43.415049906160746], [5.725887289646293, 43.41380716672828], [5.719985781938517, 43.41256442729583], [5.714084274230737, 43.41132168786337], [5.70818276652296, 43.410078948430915], [5.70228125881518, 43.40883620899846], [5.70228125881518, 43.40883620899846], [5.692283538309507, 43.410606983214834], [5.68228581780383, 43.41237775743121], [5.672288097298157, 43.41414853164759], [5.662290376792482, 43.41591930586396], [5.652292656286809, 43.417690080080334], [5.642294935781132, 43.4194608542967], [5.632297215275459, 43.42123162851308], [5.622299494769784, 43.42300240272945], [5.6123017742641075, 43.42477317694582], [5.602304053758434, 43.426543951162195], [5.602304053758434, 43.426543951162195], [5.595247593673847, 43.4248575788253], [5.588191133589255, 43.42317120648841], [5.581134673504668, 43.421484834151514], [5.574078213420078, 43.41979846181462], [5.567021753335489, 43.418112089477724], [5.559965293250899, 43.41642571714083], [5.55290883316631, 43.41473934480394], [5.545852373081722, 43.41305297246705], [5.5387959129971325, 43.41136660013015], [5.531739452912543, 43.40968022779325], [5.531739452912543, 43.40968022779325], [5.529690818614444, 43.41136432782306], [5.5276421843163455, 43.413048427852864], [5.5255935500182485, 43.41473252788266], [5.52354491572015, 43.41641662791247], [5.521496281422051, 43.41810072794227], [5.519447647123952, 43.41978482797207], [5.517399012825857, 43.42146892800187], [5.51535037852776, 43.42315302803168], [5.513301744229661, 43.424837128061476], [5.5112531099315625, 43.42652122809128], [5.5112531099315625, 43.42652122809128], [5.508046785322325, 43.42634311191649], [5.504840460713089, 43.426164995741686], [5.501634136103847, 43.42598687956689], [5.498427811494608, 43.4258087633921], [5.495221486885372, 43.4256306472173], [5.492015162276132, 43.4254525310425], [5.488808837666895, 43.42527441486771], [5.485602513057653, 43.4250962986929], [5.482396188448417, 43.424918182518105], [5.479189863839178, 43.42474006634331], [5.479189863839178, 43.42474006634331], [5.473415733420989, 43.42305401403021], [5.4676416030028, 43.4213679617171], [5.461867472584613, 43.41968190940399], [5.456093342166422, 43.417995857090894], [5.4503192117482335, 43.416309804777775], [5.444545081330046, 43.41462375246468], [5.438770950911858, 43.41293770015157], [5.432996820493669, 43.41125164783846], [5.427222690075478, 43.40956559552536], [5.421448559657291, 43.407879543212246], [5.421448559657291, 43.407879543212246], [5.416963762114307, 43.40974035125296], [5.412478964571324, 43.41160115929366], [5.407994167028338, 43.413461967334364], [5.4035093694853575, 43.415322775375074], [5.399024571942373, 43.41718358341577], [5.394539774399391, 43.41904439145648], [5.390054976856405, 43.42090519949719], [5.385570179313422, 43.422766007537895], [5.381085381770438, 43.4246268155786], [5.376600584227456, 43.4264876236193], [5.376600584227456, 43.4264876236193], [5.3714807031753615, 43.43154012507381], [5.366360822123266, 43.4365926265283], [5.361240941071173, 43.44164512798281], [5.356121060019083, 43.4466976294373], [5.351001178966987, 43.4517501308918], [5.345881297914893, 43.45680263234631], [5.340761416862801, 43.4618551338008], [5.335641535810707, 43.46690763525531], [5.330521654758613, 43.471960136709804], [5.325401773706519, 43.477012638164304], [5.325401773706519, 43.477012638164304], [5.324633573812324, 43.47763310710891], [5.323865373918132, 43.478253576053504], [5.323097174023937, 43.47887404499811], [5.322328974129745, 43.4794945139427], [5.321560774235552, 43.4801149828873], [5.320792574341359, 43.4807354518319], [5.320024374447165, 43.4813559207765], [5.319256174552972, 43.4819763897211], [5.318487974658778, 43.482596858665694], [5.3177197747645835, 43.483217327610284]]]}}, {"type": "Feature", "properties": {"diocese": "ORANGE", "province": "III_Arles"}, "geometry": {"type": "Polygon", "coordinates": [[[4.876458370080011, 44.304501379350086], [4.869944787350564, 44.30308330421753], [4.8634312046211186, 44.30166522908498], [4.856917621891673, 44.300247153952434], [4.850404039162225, 44.29882907881988], [4.84389045643278, 44.29741100368732], [4.8373768737033345, 44.295992928554774], [4.830863290973889, 44.29457485342222], [4.824349708244442, 44.29315677828967], [4.8178361255149955, 44.29173870315711], [4.81132254278555, 44.29032062802456], [4.81132254278555, 44.29032062802456], [4.810945311135191, 44.29021371767823], [4.810568079484833, 44.2901068073319], [4.810190847834477, 44.289999896985584], [4.809813616184117, 44.289892986639245], [4.809436384533761, 44.28978607629292], [4.809059152883403, 44.28967916594659], [4.808681921233042, 44.28957225560026], [4.808304689582686, 44.289465345253944], [4.807927457932326, 44.289358434907605], [4.807550226281968, 44.28925152456128], [4.807550226281968, 44.28925152456128], [4.8075485603190735, 44.28838835296691], [4.8075468943561805, 44.28752518137254], [4.807545228393288, 44.28666200977817], [4.807543562430393, 44.2857988381838], [4.807541896467496, 44.284935666589426], [4.807540230504605, 44.284072494995065], [4.80753856454171, 44.28320932340069], [4.807536898578816, 44.28234615180633], [4.807535232615923, 44.281482980211955], [4.80753356665303, 44.280619808617594], [4.80753356665303, 44.280619808617594], [4.807482409212257, 44.27973102816249], [4.807431251771485, 44.2788422477074], [4.807380094330711, 44.27795346725231], [4.807328936889938, 44.27706468679721], [4.807277779449166, 44.27617590634212], [4.807226622008393, 44.275287125887026], [4.807175464567621, 44.27439834543194], [4.807124307126848, 44.273509564976834], [4.807073149686074, 44.27262078452174], [4.807021992245302, 44.271732004066656], [4.807021992245302, 44.271732004066656], [4.8054626470663475, 44.2707574161368], [4.803903301887395, 44.26978282820695], [4.802343956708439, 44.2688082402771], [4.800784611529485, 44.26783365234725], [4.799225266350529, 44.2668590644174], [4.797665921171577, 44.26588447648755], [4.7961065759926225, 44.2649098885577], [4.7945472308136665, 44.26393530062786], [4.792987885634712, 44.262960712698], [4.791428540455758, 44.26198612476816], [4.791428540455758, 44.26198612476816], [4.790414786497289, 44.26186620262044], [4.789401032538823, 44.261746280472714], [4.788387278580355, 44.261626358325], [4.787373524621888, 44.261506436177285], [4.7863597706634184, 44.261386514029574], [4.785346016704953, 44.261266591881856], [4.784332262746483, 44.26114666973414], [4.783318508788014, 44.26102674758642], [4.782304754829548, 44.2609068254387], [4.7812910008710805, 44.260786903290985], [4.7812910008710805, 44.260786903290985], [4.780844735721605, 44.26012024349979], [4.780398470572129, 44.2594535837086], [4.779952205422653, 44.2587869239174], [4.779505940273179, 44.258120264126205], [4.779059675123701, 44.25745360433501], [4.778613409974225, 44.25678694454382], [4.778167144824751, 44.256120284752626], [4.777720879675275, 44.25545362496143], [4.777274614525799, 44.25478696517023], [4.776828349376325, 44.25412030537904], [4.776828349376325, 44.25412030537904], [4.776407689369167, 44.25393221919461], [4.77598702936201, 44.253744133010166], [4.775566369354854, 44.25355604682573], [4.775145709347697, 44.25336796064129], [4.774725049340541, 44.253179874456855], [4.774304389333386, 44.25299178827242], [4.773883729326229, 44.25280370208798], [4.773463069319071, 44.252615615903544], [4.773042409311914, 44.25242752971911], [4.77262174930476, 44.25223944353466], [4.77262174930476, 44.25223944353466], [4.7721026140266165, 44.25222219494399], [4.771583478748477, 44.25220494635332], [4.771064343470334, 44.25218769776264], [4.770545208192193, 44.25217044917197], [4.77002607291405, 44.252153200581304], [4.76950693763591, 44.25213595199063], [4.768987802357769, 44.25211870339996], [4.768468667079626, 44.252101454809285], [4.767949531801486, 44.25208420621861], [4.767430396523343, 44.252066957627946], [4.767430396523343, 44.252066957627946], [4.7628828471757885, 44.25264694005615], [4.758335297828234, 44.25322692248437], [4.753787748480679, 44.25380690491257], [4.749240199133123, 44.25438688734079], [4.74469264978557, 44.25496686976901], [4.740145100438012, 44.25554685219721], [4.735597551090459, 44.256126834625434], [4.731050001742904, 44.25670681705363], [4.72650245239535, 44.257286799481854], [4.721954903047793, 44.25786678191007], [4.721954903047793, 44.25786678191007], [4.721363346443969, 44.25877246630625], [4.720771789840148, 44.25967815070243], [4.720180233236325, 44.26058383509861], [4.719588676632503, 44.261489519494795], [4.718997120028678, 44.262395203890975], [4.718405563424856, 44.26330088828715], [4.717814006821033, 44.264206572683335], [4.717222450217211, 44.265112257079515], [4.716630893613388, 44.266017941475695], [4.7160393370095655, 44.266923625871875], [4.7160393370095655, 44.266923625871875], [4.7150135922014655, 44.26702597469377], [4.713987847393362, 44.267128323515664], [4.712962102585264, 44.267230672337554], [4.7119363577771605, 44.26733302115945], [4.7109106129690606, 44.26743536998135], [4.709884868160959, 44.26753771880325], [4.708859123352861, 44.26764006762513], [4.707833378544759, 44.26774241644703], [4.706807633736657, 44.267844765268926], [4.705781888928556, 44.267947114090816], [4.705781888928556, 44.267947114090816], [4.703114522620856, 44.26764623635958], [4.700447156313151, 44.26734535862833], [4.69777979000545, 44.26704448089709], [4.695112423697751, 44.26674360316586], [4.692445057390048, 44.266442725434615], [4.689777691082346, 44.26614184770337], [4.687110324774645, 44.26584096997213], [4.684442958466944, 44.2655400922409], [4.6817755921592425, 44.26523921450965], [4.679108225851541, 44.26493833677841], [4.679108225851541, 44.26493833677841], [4.67844974164518, 44.264776881618864], [4.677791257438818, 44.264615426459315], [4.677132773232458, 44.26445397129978], [4.676474289026096, 44.26429251614023], [4.675815804819738, 44.26413106098068], [4.675157320613378, 44.263969605821146], [4.674498836407016, 44.263808150661596], [4.673840352200656, 44.263646695502054], [4.673181867994298, 44.263485240342504], [4.6725233837879365, 44.26332378518296], [4.6725233837879365, 44.26332378518296], [4.670030813602821, 44.26312982197075], [4.667538243417706, 44.262935858758546], [4.665045673232591, 44.262741895546334], [4.662553103047474, 44.26254793233412], [4.66006053286236, 44.26235396912191], [4.657567962677245, 44.2621600059097], [4.655075392492131, 44.261966042697495], [4.652582822307014, 44.26177207948528], [4.650090252121899, 44.26157811627307], [4.6475976819367855, 44.26138415306086], [4.6475976819367855, 44.26138415306086], [4.6472299127845655, 44.26134347877881], [4.646862143632342, 44.26130280449677], [4.64649437448012, 44.26126213021473], [4.646126605327899, 44.261221455932684], [4.645758836175673, 44.26118078165064], [4.6453910670234535, 44.26114010736859], [4.64502329787123, 44.26109943308655], [4.64465552871901, 44.26105875880451], [4.644287759566787, 44.26101808452246], [4.643919990414565, 44.26097741024042], [4.643919990414565, 44.26097741024042], [4.6460100215691345, 44.25758415191099], [4.648100052723702, 44.25419089358156], [4.650190083878272, 44.25079763525213], [4.652280115032843, 44.2474043769227], [4.654370146187411, 44.24401111859328], [4.656460177341977, 44.24061786026384], [4.658550208496546, 44.237224601934415], [4.660640239651114, 44.23383134360498], [4.662730270805685, 44.23043808527556], [4.664820301960253, 44.22704482694612], [4.664820301960253, 44.22704482694612], [4.668830070543809, 44.21518846342858], [4.6728398391273664, 44.20333209991104], [4.676849607710928, 44.19147573639349], [4.6808593762944835, 44.17961937287594], [4.684869144878039, 44.1677630093584], [4.688878913461599, 44.15590664584085], [4.6928886820451545, 44.14405028232331], [4.696898450628712, 44.13219391880576], [4.70090821921227, 44.120337555288216], [4.704917987795827, 44.10848119177067], [4.704917987795827, 44.10848119177067], [4.708740041204589, 44.1082685132135], [4.712562094613347, 44.10805583465633], [4.716384148022106, 44.10784315609916], [4.720206201430866, 44.107630477541974], [4.7240282548396255, 44.10741779898481], [4.727850308248385, 44.107205120427636], [4.731672361657145, 44.10699244187046], [4.735494415065904, 44.10677976331329], [4.739316468474664, 44.10656708475612], [4.743138521883424, 44.106354406198946], [4.743138521883424, 44.106354406198946], [4.751862682091868, 44.10830716872002], [4.760586842300313, 44.11025993124108], [4.769311002508758, 44.11221269376215], [4.778035162717204, 44.11416545628322], [4.786759322925649, 44.11611821880428], [4.795483483134092, 44.11807098132535], [4.80420764334254, 44.12002374384642], [4.812931803550983, 44.12197650636748], [4.821655963759429, 44.123929268888546], [4.830380123967874, 44.12588203140962], [4.830380123967874, 44.12588203140962], [4.835614043729562, 44.126304203293124], [4.840847963491248, 44.12672637517664], [4.846081883252937, 44.12714854706014], [4.851315803014623, 44.12757071894365], [4.856549722776311, 44.12799289082716], [4.8617836425380005, 44.12841506271066], [4.867017562299688, 44.12883723459417], [4.872251482061374, 44.12925940647768], [4.877485401823062, 44.129681578361186], [4.8827193215847515, 44.13010375024469], [4.8827193215847515, 44.13010375024469], [4.886372229308815, 44.127096525090074], [4.890025137032882, 44.12408929993544], [4.8936780447569515, 44.121082074780816], [4.897330952481017, 44.11807484962619], [4.900983860205082, 44.11506762447157], [4.904636767929151, 44.112060399316945], [4.908289675653217, 44.10905317416231], [4.911942583377286, 44.106045949007694], [4.915595491101351, 44.10303872385307], [4.9192483988254185, 44.10003149869845], [4.9192483988254185, 44.10003149869845], [4.926513713887186, 44.099428676367346], [4.933779028948951, 44.09882585403624], [4.941044344010717, 44.09822303170514], [4.9483096590724855, 44.09762020937404], [4.955574974134253, 44.097017387042946], [4.962840289196018, 44.09641456471184], [4.970105604257787, 44.09581174238075], [4.977370919319554, 44.09520892004965], [4.984636234381318, 44.09460609771855], [4.991901549443085, 44.09400327538745], [4.991901549443085, 44.09400327538745], [4.99610133305079, 44.09817256192049], [5.000301116658493, 44.102341848453534], [5.004500900266196, 44.106511134986576], [5.008700683873901, 44.11068042151962], [5.012900467481602, 44.11484970805266], [5.017100251089307, 44.1190189945857], [5.021300034697012, 44.12318828111874], [5.025499818304716, 44.127357567651785], [5.029699601912418, 44.13152685418483], [5.033899385520121, 44.13569614071787], [5.033899385520121, 44.13569614071787], [5.0312521666077465, 44.1386203188142], [5.0286049476953725, 44.14154449691052], [5.025957728782997, 44.14446867500684], [5.023310509870621, 44.14739285310316], [5.020663290958247, 44.15031703119949], [5.018016072045871, 44.153241209295814], [5.015368853133497, 44.15616538739214], [5.012721634221119, 44.15908956548846], [5.010074415308747, 44.16201374358479], [5.007427196396369, 44.1649379216811], [5.007427196396369, 44.1649379216811], [5.002625266384474, 44.164221005508004], [4.997823336372573, 44.163504089334914], [4.993021406360674, 44.16278717316181], [4.988219476348776, 44.16207025698871], [4.9834175463368755, 44.161353340815616], [4.978615616324976, 44.16063642464251], [4.973813686313077, 44.159919508469414], [4.96901175630118, 44.15920259229632], [4.964209826289281, 44.15848567612321], [4.95940789627738, 44.15776875995012], [4.95940789627738, 44.15776875995012], [4.9594909727141125, 44.162366471646614], [4.9595740491508415, 44.1669641833431], [4.959657125587574, 44.171561895039574], [4.959740202024305, 44.176159606736064], [4.959823278461036, 44.18075731843255], [4.959906354897768, 44.18535503012903], [4.959989431334497, 44.18995274182552], [4.96007250777123, 44.194550453522], [4.9601555842079605, 44.19914816521849], [4.960238660644691, 44.20374587691497], [4.960238660644691, 44.20374587691497], [4.954646173243349, 44.20571426389304], [4.9490536858420064, 44.207682650871114], [4.943461198440666, 44.20965103784918], [4.937868711039325, 44.21161942482725], [4.932276223637983, 44.21358781180532], [4.92668373623664, 44.21555619878339], [4.9210912488353, 44.21752458576145], [4.915498761433961, 44.21949297273952], [4.909906274032618, 44.221461359717594], [4.904313786631278, 44.223429746695665], [4.904313786631278, 44.223429746695665], [4.902649588111823, 44.224936626676495], [4.900985389592368, 44.22644350665733], [4.899321191072916, 44.22795038663818], [4.897656992553463, 44.22945726661901], [4.89599279403401, 44.23096414659985], [4.894328595514557, 44.23247102658069], [4.892664396995103, 44.23397790656153], [4.89100019847565, 44.23548478654237], [4.889335999956199, 44.23699166652321], [4.887671801436744, 44.23849854650405], [4.887671801436744, 44.23849854650405], [4.889132667019982, 44.242100963463436], [4.890593532603221, 44.245703380422825], [4.89205439818646, 44.24930579738223], [4.893515263769698, 44.252908214341616], [4.894976129352935, 44.25651063130101], [4.896436994936174, 44.26011304826039], [4.897897860519413, 44.26371546521978], [4.899358726102649, 44.26731788217918], [4.900819591685888, 44.27092029913857], [4.902280457269127, 44.27452271609796], [4.902280457269127, 44.27452271609796], [4.899698248550214, 44.27752058242317], [4.897116039831305, 44.28051844874839], [4.894533831112394, 44.2835163150736], [4.89195162239348, 44.286514181398815], [4.889369413674567, 44.289512047724024], [4.886787204955658, 44.29250991404924], [4.884204996236745, 44.29550778037445], [4.881622787517831, 44.29850564669966], [4.879040578798925, 44.301503513024876], [4.876458370080011, 44.304501379350086]]]}}, {"type": "Feature", "properties": {"diocese": "ORANGE", "province": "III_Arles"}, "geometry": {"type": "Polygon", "coordinates": [[[4.807615507245801, 44.29438396915116], [4.8033951208825005, 44.2931886855874], [4.799174734519198, 44.29199340202364], [4.794954348155899, 44.29079811845989], [4.790733961792599, 44.28960283489613], [4.786513575429295, 44.28840755133238], [4.782293189065994, 44.287212267768616], [4.778072802702695, 44.286016984204856], [4.773852416339393, 44.284821700641096], [4.769632029976092, 44.28362641707734], [4.765411643612794, 44.28243113351359], [4.765411643612794, 44.28243113351359], [4.759077964590393, 44.28138906568397], [4.752744285567994, 44.28034699785435], [4.746410606545595, 44.279304930024736], [4.740076927523198, 44.27826286219513], [4.733743248500797, 44.277220794365505], [4.727409569478398, 44.27617872653588], [4.721075890456005, 44.275136658706266], [4.714742211433604, 44.27409459087664], [4.708408532411205, 44.27305252304703], [4.702074853388806, 44.27201045521742], [4.702074853388806, 44.27201045521742], [4.69625867877115, 44.27091940186868], [4.690442504153493, 44.26982834851995], [4.684626329535837, 44.26873729517121], [4.67881015491818, 44.26764624182247], [4.672993980300523, 44.26655518847374], [4.667177805682867, 44.26546413512501], [4.661361631065208, 44.26437308177627], [4.655545456447552, 44.26328202842753], [4.649729281829895, 44.262190975078795], [4.643913107212239, 44.261099921730064], [4.643913107212239, 44.261099921730064], [4.6467811764769476, 44.261322856766654], [4.649649245741658, 44.26154579180324], [4.652517315006367, 44.26176872683982], [4.655385384271078, 44.26199166187641], [4.658253453535787, 44.26221459691299], [4.661121522800498, 44.26243753194959], [4.663989592065207, 44.262660466986176], [4.666857661329917, 44.26288340202275], [4.669725730594628, 44.26310633705934], [4.672593799859337, 44.26332927209592], [4.672593799859337, 44.26332927209592], [4.6748939844614945, 44.263893844441505], [4.677194169063654, 44.26445841678707], [4.679494353665817, 44.26502298913265], [4.681794538267976, 44.265587561478235], [4.6840947228701335, 44.26615213382381], [4.686394907472295, 44.266716706169376], [4.688695092074456, 44.26728127851495], [4.690995276676613, 44.26784585086054], [4.693295461278774, 44.26841042320611], [4.695595645880932, 44.26897499555169], [4.695595645880932, 44.26897499555169], [4.697647056600937, 44.268770407275], [4.699698467320941, 44.26856581899831], [4.701749878040943, 44.26836123072164], [4.703801288760946, 44.26815664244495], [4.705852699480948, 44.26795205416827], [4.707904110200952, 44.267747465891574], [4.709955520920955, 44.26754287761489], [4.712006931640959, 44.26733828933821], [4.714058342360962, 44.267133701061525], [4.716109753080966, 44.266929112784844], [4.716109753080966, 44.266929112784844], [4.7167013096847885, 44.26602342838866], [4.717292866288613, 44.265117743992484], [4.717884422892434, 44.2642120595963], [4.718475979496256, 44.263306375200116], [4.719067536100081, 44.262400690803936], [4.719659092703905, 44.261495006407756], [4.720250649307728, 44.26058932201157], [4.7208422059115485, 44.25968363761539], [4.721433762515373, 44.258777953219216], [4.722025319119195, 44.25787226882303], [4.722025319119195, 44.25787226882303], [4.726572868466748, 44.25729228639481], [4.731120417814305, 44.2567123039666], [4.735667967161859, 44.256132321538395], [4.740215516509416, 44.25555233911018], [4.744763065856969, 44.25497235668196], [4.749310615204525, 44.25439237425375], [4.75385816455208, 44.25381239182554], [4.758405713899634, 44.25323240939733], [4.762953263247189, 44.25265242696912], [4.767500812594745, 44.2520724445409], [4.767500812594745, 44.2520724445409], [4.768020026874645, 44.2520896384579], [4.7685392411545475, 44.252106832374885], [4.769058455434445, 44.25212402629188], [4.769577669714348, 44.25214122020888], [4.770096883994247, 44.25215841412586], [4.770616098274152, 44.252175608042855], [4.771135312554053, 44.25219280195985], [4.771654526833952, 44.25220999587683], [4.772173741113853, 44.25222718979383], [4.7726929553937545, 44.252244383710824], [4.7726929553937545, 44.252244383710824], [4.773113536399151, 44.252432524568945], [4.77353411740455, 44.25262066542705], [4.773954698409945, 44.252808806285174], [4.774375279415342, 44.252996947143295], [4.774795860420738, 44.25318508800141], [4.775216441426135, 44.25337322885952], [4.775637022431535, 44.253561369717644], [4.77605760343693, 44.253749510575766], [4.776478184442327, 44.25393765143388], [4.776898765447724, 44.254125792292], [4.776898765447724, 44.254125792292], [4.7773450305972, 44.254792452083194], [4.777791295746674, 44.25545911187439], [4.778237560896152, 44.25612577166559], [4.778683826045626, 44.25679243145678], [4.779130091195102, 44.25745909124797], [4.7795763563445774, 44.25812575103917], [4.780022621494053, 44.25879241083037], [4.780468886643529, 44.25945907062156], [4.780915151793003, 44.26012573041276], [4.781361416942479, 44.260792390203946], [4.781361416942479, 44.260792390203946], [4.78237525000827, 44.2609123123714], [4.783389083074056, 44.26103223453887], [4.784402916139845, 44.26115215670632], [4.785416749205634, 44.26127207887379], [4.786430582271423, 44.261392001041244], [4.787444415337212, 44.2615119232087], [4.788458248403, 44.261631845376165], [4.789472081468787, 44.26175176754362], [4.790485914534576, 44.261871689711086], [4.791499747600366, 44.261991611878535], [4.791499747600366, 44.261991611878535], [4.793059013671998, 44.26296619978864], [4.794618279743631, 44.26394078769875], [4.796177545815265, 44.26491537560886], [4.7977368118868995, 44.265889963518966], [4.799296077958534, 44.26686455142908], [4.8008553440301664, 44.26783913933918], [4.802414610101803, 44.268813727249295], [4.803973876173435, 44.269788315159396], [4.8055331422450696, 44.27076290306951], [4.807092408316702, 44.27173749097962], [4.807092408316702, 44.27173749097962], [4.807142062718384, 44.27262627105961], [4.807191717120068, 44.2735150511396], [4.80724137152175, 44.27440383121958], [4.80729102592343, 44.27529261129957], [4.8073406803251135, 44.27618139137955], [4.807390334726794, 44.27707017145954], [4.807439989128476, 44.27795895153953], [4.8074896435301575, 44.27884773161952], [4.807539297931839, 44.27973651169951], [4.807588952333521, 44.2806252917795], [4.807588952333521, 44.2806252917795], [4.807591607824751, 44.28200115951666], [4.807594263315979, 44.28337702725383], [4.807596918807205, 44.284752894990994], [4.807599574298434, 44.28612876272817], [4.807602229789662, 44.28750463046533], [4.807604885280888, 44.288880498202495], [4.807607540772118, 44.290256365939655], [4.8076101962633455, 44.29163223367683], [4.807612851754573, 44.29300810141399], [4.807615507245801, 44.29438396915116]]]}}, {"type": "Feature", "properties": {"diocese": "TRICASTIN", "province": "III_Arles"}, "geometry": {"type": "Polygon", "coordinates": [[[4.742115789827503, 44.56916474708006], [4.738780118900296, 44.56840974737546], [4.735444447973089, 44.567654747670865], [4.732108777045886, 44.56689974796626], [4.728773106118682, 44.566144748261664], [4.725437435191475, 44.56538974855705], [4.722101764264268, 44.564634748852455], [4.718766093337063, 44.56387974914786], [4.715430422409858, 44.56312474944326], [4.7120947514826526, 44.56236974973866], [4.708759080555447, 44.56161475003405], [4.708759080555447, 44.56161475003405], [4.706961088540817, 44.560240567287316], [4.7051630965261815, 44.55886638454059], [4.703365104511551, 44.55749220179386], [4.701567112496917, 44.556118019047126], [4.699769120482285, 44.554743836300396], [4.697971128467655, 44.55336965355366], [4.696173136453021, 44.55199547080693], [4.694375144438391, 44.55062128806019], [4.692577152423757, 44.54924710531346], [4.690779160409127, 44.547872922566725], [4.690779160409127, 44.547872922566725], [4.6877593919916585, 44.54512360700822], [4.68473962357419, 44.54237429144972], [4.681719855156718, 44.539624975891215], [4.67870008673925, 44.5368756603327], [4.675680318321781, 44.534126344774194], [4.672660549904313, 44.53137702921569], [4.669640781486844, 44.52862771365718], [4.666621013069374, 44.525878398098676], [4.6636012446519075, 44.523129082540166], [4.660581476234437, 44.52037976698166], [4.660581476234437, 44.52037976698166], [4.66057403334306, 44.516523443145914], [4.6605665904516815, 44.512667119310166], [4.6605591475603045, 44.50881079547442], [4.660551704668926, 44.50495447163866], [4.660544261777547, 44.50109814780292], [4.660536818886172, 44.497241823967165], [4.660529375994793, 44.49338550013142], [4.660521933103416, 44.48952917629566], [4.660514490212037, 44.48567285245993], [4.66050704732066, 44.48181652862417], [4.66050704732066, 44.48181652862417], [4.656709622646995, 44.47396839121114], [4.652912197973327, 44.466120253798124], [4.649114773299662, 44.45827211638508], [4.645317348625994, 44.45042397897206], [4.641519923952329, 44.44257584155903], [4.637722499278659, 44.434727704146006], [4.633925074604994, 44.42687956673297], [4.630127649931328, 44.41903142931994], [4.626330225257659, 44.411183291906916], [4.622532800583995, 44.403335154493895], [4.622532800583995, 44.403335154493895], [4.622395155697598, 44.398458602245306], [4.6222575108112025, 44.39358204999672], [4.622119865924805, 44.38870549774814], [4.621982221038412, 44.383828945499566], [4.621844576152016, 44.378952393250984], [4.621706931265619, 44.37407584100241], [4.6215692863792235, 44.36919928875382], [4.621431641492828, 44.36432273650524], [4.621293996606433, 44.35944618425666], [4.621156351720035, 44.35456963200808], [4.621156351720035, 44.35456963200808], [4.622030665094808, 44.34888261209655], [4.622904978469581, 44.34319559218503], [4.623779291844354, 44.337508572273514], [4.624653605219127, 44.33182155236199], [4.625527918593898, 44.32613453245047], [4.626402231968669, 44.32044751253895], [4.6272765453434435, 44.31476049262742], [4.628150858718216, 44.3090734727159], [4.629025172092987, 44.303386452804375], [4.62989948546776, 44.29769943289285], [4.62989948546776, 44.29769943289285], [4.631399188834468, 44.297406048934455], [4.632898892201176, 44.297112664976055], [4.634398595567884, 44.29681928101766], [4.63589829893459, 44.29652589705926], [4.6373980023013, 44.29623251310087], [4.638897705668008, 44.29593912914247], [4.640397409034717, 44.295645745184075], [4.641897112401423, 44.29535236122568], [4.643396815768133, 44.29505897726728], [4.644896519134841, 44.29476559330889], [4.644896519134841, 44.29476559330889], [4.644971368425736, 44.29514162908738], [4.645046217716629, 44.29551766486587], [4.6451210670075245, 44.29589370064436], [4.6451959162984195, 44.29626973642286], [4.645270765589313, 44.29664577220135], [4.64534561488021, 44.297021807979846], [4.6454204641711065, 44.29739784375834], [4.645495313462, 44.29777387953683], [4.645570162752895, 44.29814991531532], [4.64564501204379, 44.298525951093815], [4.64564501204379, 44.298525951093815], [4.64538638287747, 44.302200571758725], [4.645127753711151, 44.30587519242364], [4.644869124544831, 44.30954981308855], [4.64461049537851, 44.31322443375347], [4.64435186621219, 44.31689905441838], [4.6440932370458725, 44.32057367508329], [4.643834607879551, 44.3242482957482], [4.643575978713232, 44.327922916413115], [4.64331734954691, 44.33159753707802], [4.643058720380592, 44.335272157742935], [4.643058720380592, 44.335272157742935], [4.646196405295354, 44.334315806364025], [4.649334090210115, 44.33335945498511], [4.652471775124875, 44.332403103606204], [4.655609460039637, 44.33144675222729], [4.6587471449544005, 44.33049040084838], [4.661884829869161, 44.32953404946947], [4.665022514783924, 44.32857769809056], [4.668160199698683, 44.32762134671166], [4.671297884613445, 44.326664995332735], [4.674435569528207, 44.32570864395383], [4.674435569528207, 44.32570864395383], [4.677969102388303, 44.32569246145811], [4.6815026352484, 44.32567627896238], [4.685036168108496, 44.32566009646664], [4.6885697009685945, 44.325643913970914], [4.692103233828691, 44.32562773147519], [4.6956367666887875, 44.32561154897946], [4.699170299548884, 44.32559536648374], [4.702703832408982, 44.325579183988005], [4.706237365269077, 44.32556300149228], [4.709770898129175, 44.32554681899655], [4.709770898129175, 44.32554681899655], [4.70977093106419, 44.32556388334438], [4.7097709639992065, 44.3255809476922], [4.709770996934223, 44.32559801204004], [4.7097710298692395, 44.32561507638786], [4.709771062804254, 44.3256321407357], [4.709771095739271, 44.32564920508352], [4.709771128674285, 44.32566626943136], [4.709771161609304, 44.32568333377918], [4.709771194544318, 44.32570039812701], [4.709771227479335, 44.32571746247484], [4.709771227479335, 44.32571746247484], [4.709796647826602, 44.32605930254502], [4.709822068173869, 44.32640114261519], [4.709847488521138, 44.32674298268537], [4.709872908868405, 44.327084822755545], [4.709898329215671, 44.32742666282571], [4.70992374956294, 44.327768502895886], [4.709949169910207, 44.32811034296606], [4.709974590257476, 44.328452183036234], [4.710000010604741, 44.32879402310641], [4.71002543095201, 44.329135863176596], [4.71002543095201, 44.329135863176596], [4.710940597597158, 44.329409558550495], [4.711855764242303, 44.32968325392441], [4.71277093088745, 44.32995694929832], [4.713686097532598, 44.330230644672234], [4.714601264177741, 44.33050434004614], [4.715516430822888, 44.33077803542005], [4.716431597468032, 44.33105173079396], [4.7173467641131825, 44.33132542616788], [4.718261930758329, 44.331599121541785], [4.719177097403474, 44.3318728169157], [4.719177097403474, 44.3318728169157], [4.723575642233566, 44.33172011680566], [4.727974187063662, 44.331567416695634], [4.732372731893756, 44.3314147165856], [4.736771276723847, 44.33126201647558], [4.741169821553939, 44.33110931636555], [4.745568366384031, 44.33095661625551], [4.749966911214123, 44.330803916145484], [4.7543654560442175, 44.330651216035456], [4.75876400087431, 44.33049851592543], [4.763162545704404, 44.3303458158154], [4.763162545704404, 44.3303458158154], [4.764125109181519, 44.32955983846677], [4.765087672658639, 44.328773861118144], [4.766050236135758, 44.3279878837695], [4.767012799612877, 44.32720190642088], [4.7679753630899935, 44.326415929072255], [4.768937926567112, 44.32562995172362], [4.769900490044229, 44.32484397437499], [4.770863053521349, 44.324057997026365], [4.771825616998468, 44.32327201967774], [4.772788180475583, 44.32248604232911], [4.772788180475583, 44.32248604232911], [4.773750725311675, 44.322469163512984], [4.774713270147764, 44.32245228469688], [4.775675814983851, 44.32243540588076], [4.776638359819941, 44.32241852706465], [4.777600904656028, 44.32240164824853], [4.778563449492122, 44.32238476943242], [4.779525994328212, 44.32236789061629], [4.780488539164299, 44.32235101180019], [4.781451084000389, 44.32233413298407], [4.782413628836476, 44.32231725416795], [4.782413628836476, 44.32231725416795], [4.7840180618072115, 44.32103580545084], [4.785622494777941, 44.319754356733725], [4.787226927748675, 44.31847290801661], [4.788831360719406, 44.3171914592995], [4.79043579369014, 44.31591001058239], [4.7920402266608715, 44.31462856186528], [4.793644659631605, 44.31334711314816], [4.795249092602337, 44.31206566443105], [4.79685352557307, 44.31078421571394], [4.798457958543802, 44.30950276699683], [4.798457958543802, 44.30950276699683], [4.799370830442742, 44.30936626132666], [4.8002837023416784, 44.30922975565649], [4.801196574240619, 44.30909324998631], [4.802109446139561, 44.30895674431615], [4.803022318038501, 44.30882023864598], [4.803935189937437, 44.30868373297581], [4.804848061836378, 44.308547227305645], [4.8057609337353195, 44.30841072163547], [4.806673805634256, 44.308274215965305], [4.807586677533196, 44.30813771029513], [4.807586677533196, 44.30813771029513], [4.807583032408074, 44.306249091721746], [4.807579387282951, 44.30436047314836], [4.807575742157827, 44.30247185457498], [4.807572097032706, 44.300583236001586], [4.807568451907581, 44.29869461742821], [4.807564806782459, 44.296805998854815], [4.807561161657336, 44.29491738028144], [4.8075575165322135, 44.29302876170805], [4.807553871407091, 44.29114014313467], [4.807550226281968, 44.28925152456128], [4.807550226281968, 44.28925152456128], [4.807927457932326, 44.289358434907605], [4.808304689582686, 44.289465345253944], [4.808681921233042, 44.28957225560026], [4.809059152883403, 44.28967916594659], [4.809436384533761, 44.28978607629292], [4.809813616184117, 44.289892986639245], [4.810190847834477, 44.289999896985584], [4.810568079484833, 44.2901068073319], [4.810945311135191, 44.29021371767823], [4.81132254278555, 44.29032062802456], [4.81132254278555, 44.29032062802456], [4.8178361255149955, 44.29173870315711], [4.824349708244442, 44.29315677828967], [4.830863290973889, 44.29457485342222], [4.8373768737033345, 44.295992928554774], [4.84389045643278, 44.29741100368732], [4.850404039162225, 44.29882907881988], [4.856917621891673, 44.300247153952434], [4.8634312046211186, 44.30166522908498], [4.869944787350564, 44.30308330421753], [4.876458370080011, 44.304501379350086], [4.876458370080011, 44.304501379350086], [4.876413696358396, 44.30455370978127], [4.876369022636785, 44.30460604021245], [4.876324348915169, 44.30465837064363], [4.876279675193555, 44.30471070107481], [4.8762350014719456, 44.30476303150599], [4.876190327750331, 44.30481536193717], [4.8761456540287185, 44.30486769236835], [4.876100980307104, 44.304920022799536], [4.876056306585491, 44.30497235323072], [4.876011632863875, 44.305024683661905], [4.876011632863875, 44.305024683661905], [4.881234097689825, 44.30750430886438], [4.886456562515775, 44.30998393406686], [4.891679027341723, 44.31246355926934], [4.896901492167672, 44.31494318447182], [4.902123956993622, 44.317422809674305], [4.907346421819568, 44.31990243487679], [4.912568886645516, 44.32238206007927], [4.917791351471466, 44.324861685281746], [4.923013816297416, 44.32734131048423], [4.928236281123365, 44.32982093568671], [4.928236281123365, 44.32982093568671], [4.931506312924974, 44.33017638375099], [4.934776344726583, 44.330531831815264], [4.93804637652819, 44.33088727987954], [4.941316408329799, 44.33124272794382], [4.9445864401314115, 44.33159817600809], [4.947856471933019, 44.33195362407237], [4.9511265037346295, 44.332309072136646], [4.9543965355362385, 44.33266452020093], [4.957666567337846, 44.333019968265205], [4.960936599139455, 44.33337541632948], [4.960936599139455, 44.33337541632948], [4.961327971919239, 44.33683339458923], [4.961719344699025, 44.34029137284898], [4.9621107174788115, 44.34374935110874], [4.962502090258598, 44.34720732936849], [4.962893463038384, 44.35066530762825], [4.963284835818168, 44.354123285888], [4.963676208597954, 44.35758126414775], [4.964067581377741, 44.36103924240751], [4.964458954157527, 44.36449722066726], [4.964850326937313, 44.367955198927014], [4.964850326937313, 44.367955198927014], [4.961969100989899, 44.369727749166834], [4.959087875042485, 44.37150029940665], [4.956206649095069, 44.37327284964646], [4.953325423147655, 44.375045399886275], [4.950444197200236, 44.37681795012609], [4.9475629712528235, 44.37859050036591], [4.944681745305406, 44.380363050605716], [4.941800519357994, 44.38213560084553], [4.938919293410578, 44.38390815108535], [4.936038067463164, 44.38568070132516], [4.936038067463164, 44.38568070132516], [4.936557667762591, 44.389094902175586], [4.937077268062016, 44.39250910302602], [4.937596868361442, 44.395923303876444], [4.938116468660869, 44.39933750472687], [4.938636068960298, 44.4027517055773], [4.939155669259723, 44.406165906427724], [4.9396752695591495, 44.40958010727816], [4.9401948698585745, 44.41299430812859], [4.940714470158001, 44.41640850897901], [4.941234070457428, 44.41982270982945], [4.941234070457428, 44.41982270982945], [4.940274486183709, 44.421373520373834], [4.939314901909992, 44.422924330918235], [4.938355317636269, 44.424475141462615], [4.93739573336255, 44.426025952007016], [4.936436149088831, 44.4275767625514], [4.9354765648151115, 44.429127573095805], [4.934516980541392, 44.4306783836402], [4.93355739626767, 44.43222919418459], [4.932597811993952, 44.43378000472899], [4.931638227720233, 44.43533081527338], [4.931638227720233, 44.43533081527338], [4.927019941921078, 44.43368995469617], [4.922401656121918, 44.43204909411896], [4.917783370322759, 44.43040823354175], [4.9131650845236035, 44.428767372964536], [4.908546798724444, 44.42712651238733], [4.9039285129252885, 44.42548565181012], [4.899310227126131, 44.423844791232916], [4.894691941326975, 44.422203930655705], [4.890073655527816, 44.420563070078494], [4.885455369728659, 44.41892220950129], [4.885455369728659, 44.41892220950129], [4.883663707148518, 44.42082744436945], [4.881872044568373, 44.42273267923762], [4.880080381988231, 44.42463791410579], [4.87828871940809, 44.426543148973956], [4.876497056827947, 44.428448383842124], [4.874705394247805, 44.4303536187103], [4.872913731667662, 44.43225885357847], [4.871122069087519, 44.434164088446636], [4.869330406507377, 44.436069323314804], [4.867538743927234, 44.43797455818297], [4.867538743927234, 44.43797455818297], [4.868440910542123, 44.440324903872316], [4.869343077157012, 44.44267524956167], [4.870245243771903, 44.44502559525101], [4.871147410386792, 44.447375940940354], [4.872049577001681, 44.449726286629705], [4.8729517436165715, 44.45207663231904], [4.873853910231457, 44.454426978008385], [4.874756076846348, 44.456777323697736], [4.875658243461238, 44.45912766938709], [4.8765604100761255, 44.46147801507642], [4.8765604100761255, 44.46147801507642], [4.878809025321827, 44.46413738631944], [4.881057640567526, 44.466796757562456], [4.883306255813228, 44.469456128805476], [4.885554871058927, 44.47211550004849], [4.88780348630463, 44.4747748712915], [4.89005210155033, 44.477434242534514], [4.892300716796031, 44.48009361377753], [4.894549332041731, 44.48275298502054], [4.89679794728743, 44.48541235626355], [4.899046562533131, 44.48807172750657], [4.899046562533131, 44.48807172750657], [4.896746938275971, 44.49259298482537], [4.894447314018812, 44.497114242144164], [4.892147689761652, 44.50163549946295], [4.889848065504491, 44.50615675678174], [4.887548441247333, 44.51067801410053], [4.885248816990174, 44.51519927141933], [4.882949192733015, 44.51972052873811], [4.880649568475853, 44.5242417860569], [4.878349944218694, 44.52876304337569], [4.876050319961536, 44.53328430069449], [4.876050319961536, 44.53328430069449], [4.874773131493415, 44.53598873447534], [4.873495943025295, 44.53869316825618], [4.872218754557176, 44.54139760203704], [4.870941566089055, 44.54410203581788], [4.869664377620936, 44.54680646959873], [4.868387189152816, 44.54951090337958], [4.867110000684695, 44.552215337160426], [4.865832812216574, 44.55491977094128], [4.864555623748455, 44.55762420472212], [4.863278435280334, 44.56032863850297], [4.863278435280334, 44.56032863850297], [4.860070912765451, 44.559529861369306], [4.856863390250567, 44.55873108423564], [4.853655867735679, 44.557932307101964], [4.850448345220794, 44.5571335299683], [4.847240822705908, 44.55633475283463], [4.844033300191024, 44.55553597570096], [4.840825777676139, 44.55473719856729], [4.837618255161251, 44.55393842143363], [4.834410732646367, 44.553139644299954], [4.831203210131481, 44.55234086716628], [4.831203210131481, 44.55234086716628], [4.824664557984798, 44.55318102141242], [4.818125905838114, 44.55402117565855], [4.8115872536914335, 44.554861329904675], [4.805048601544751, 44.55570148415081], [4.798509949398069, 44.556541638396936], [4.791971297251385, 44.55738179264306], [4.785432645104706, 44.5582219468892], [4.778893992958023, 44.559062101135325], [4.772355340811339, 44.559902255381445], [4.765816688664659, 44.56074240962758], [4.765816688664659, 44.56074240962758], [4.763446598780941, 44.56158464337283], [4.761076508897226, 44.56242687711808], [4.758706419013512, 44.56326911086332], [4.756336329129796, 44.56411134460857], [4.753966239246081, 44.564953578353816], [4.751596149362362, 44.565795812099076], [4.749226059478646, 44.56663804584432], [4.746855969594931, 44.56748027958956], [4.744485879711217, 44.56832251333481], [4.742115789827503, 44.56916474708006]]]}}, {"type": "Feature", "properties": {"diocese": "TRICASTIN", "province": "III_Arles"}, "geometry": {"type": "Polygon", "coordinates": [[[4.643067412685367, 44.33526723750657], [4.643332293335671, 44.331593657576335], [4.643597173985974, 44.32792007764609], [4.643862054636276, 44.324246497715855], [4.644126935286579, 44.320572917785626], [4.644391815936881, 44.31689933785538], [4.644656696587186, 44.313225757925146], [4.64492157723749, 44.30955217799491], [4.645186457887791, 44.305878598064666], [4.645451338538093, 44.302205018134444], [4.645716219188394, 44.29853143820421], [4.645716219188394, 44.29853143820421], [4.645641132575539, 44.29815540236648], [4.645566045962683, 44.29777936652876], [4.645490959349827, 44.29740333069104], [4.645415872736967, 44.29702729485332], [4.6453407861241125, 44.2966512590156], [4.645265699511256, 44.29627522317788], [4.645190612898398, 44.29589918734016], [4.645115526285542, 44.29552315150244], [4.645040439672687, 44.29514711566472], [4.644965353059831, 44.294771079827], [4.644965353059831, 44.294771079827], [4.644615036094393, 44.29258325655293], [4.6442647191289606, 44.29039543327888], [4.643914402163526, 44.28820761000481], [4.64356408519809, 44.28601978673075], [4.643213768232654, 44.283831963456684], [4.642863451267219, 44.28164414018262], [4.642513134301785, 44.279456316908565], [4.6421628173363505, 44.2772684936345], [4.641812500370916, 44.27508067036043], [4.641462183405478, 44.272892847086375], [4.641462183405478, 44.272892847086375], [4.641707117571515, 44.27171355451126], [4.641952051737551, 44.270534261936135], [4.642196985903585, 44.269354969361025], [4.6424419200696185, 44.26817567678591], [4.642686854235654, 44.2669963842108], [4.642931788401688, 44.265817091635675], [4.643176722567725, 44.26463779906057], [4.643421656733759, 44.26345850648545], [4.643666590899793, 44.26227921391034], [4.643911525065828, 44.26109992133522], [4.643911525065828, 44.26109992133522], [4.649727699683485, 44.26219097468395], [4.6555438743011415, 44.263282028032684], [4.661360048918796, 44.26437308138143], [4.667176223536455, 44.26546413473016], [4.672992398154113, 44.26655518807889], [4.67880857277177, 44.26764624142763], [4.684624747389426, 44.26873729477636], [4.690440922007083, 44.2698283481251], [4.696257096624738, 44.27091940147383], [4.702073271242394, 44.27201045482256], [4.702073271242394, 44.27201045482256], [4.708406950264793, 44.27305252265218], [4.714740629287194, 44.2740945904818], [4.721074308309593, 44.275136658311425], [4.72740798733199, 44.27617872614103], [4.733741666354387, 44.277220793970656], [4.740075345376788, 44.27826286180027], [4.746409024399185, 44.27930492962989], [4.752742703421584, 44.28034699745951], [4.759076382443981, 44.28138906528912], [4.7654100614663815, 44.28243113311874], [4.7654100614663815, 44.28243113311874], [4.769630447829682, 44.2836264166825], [4.773850834192983, 44.284821700246255], [4.778071220556283, 44.28601698381001], [4.782291606919584, 44.28721226737376], [4.786511993282886, 44.28840755093753], [4.790732379646187, 44.28960283450128], [4.794952766009487, 44.290798118065034], [4.799173152372788, 44.291993401628794], [4.803393538736088, 44.293188685192554], [4.807613925099389, 44.294383968756314], [4.807613925099389, 44.294383968756314], [4.807616580696179, 44.2957598911869], [4.807619236292968, 44.29713581361749], [4.807621891889756, 44.29851173604807], [4.807624547486544, 44.29988765847866], [4.807627203083333, 44.30126358090926], [4.807629858680123, 44.30263950333984], [4.8076325142769125, 44.30401542577043], [4.807635169873702, 44.30539134820101], [4.807637825470492, 44.3067672706316], [4.8076404810672795, 44.30814319306219], [4.8076404810672795, 44.30814319306219], [4.806726027021929, 44.308279698337515], [4.805811572976577, 44.308416203612836], [4.804897118931224, 44.30855270888816], [4.803982664885876, 44.30868921416348], [4.803068210840525, 44.30882571943881], [4.802153756795171, 44.30896222471413], [4.801239302749822, 44.30909872998945], [4.80032484870447, 44.309235235264765], [4.799410394659118, 44.309371740540094], [4.798495940613769, 44.309508245815415], [4.798495940613769, 44.309508245815415], [4.796891586750357, 44.31078969455227], [4.795287232886945, 44.31207114328912], [4.7936828790235335, 44.31335259202598], [4.792078525160122, 44.31463404076283], [4.79047417129671, 44.31591548949969], [4.788869817433298, 44.31719693823654], [4.787265463569886, 44.318478386973396], [4.785661109706476, 44.31975983571025], [4.7840567558430624, 44.321041284447105], [4.782452401979651, 44.32232273318396], [4.782452401979651, 44.32232273318396], [4.78148827468047, 44.32233944752496], [4.780524147381284, 44.32235616186596], [4.7795600200821, 44.32237287620696], [4.778595892782917, 44.322389590547964], [4.777631765483733, 44.322406304888965], [4.776667638184552, 44.322423019229966], [4.775703510885366, 44.32243973357097], [4.774739383586182, 44.32245644791197], [4.773775256286999, 44.322473162252976], [4.772811128987815, 44.32248987659396], [4.772811128987815, 44.32248987659396], [4.771848565510698, 44.3232758539426], [4.770886002033578, 44.32406183129123], [4.769923438556461, 44.32484780863985], [4.76896087507934, 44.32563378598848], [4.767998311602225, 44.326419763337114], [4.767035748125107, 44.32720574068575], [4.76607318464799, 44.32799171803437], [4.765110621170869, 44.328777695382996], [4.7641480576937525, 44.329563672731624], [4.763185494216634, 44.33034965008026], [4.763185494216634, 44.33034965008026], [4.758785444341791, 44.33050131064015], [4.754385394466951, 44.330652971200045], [4.749985344592108, 44.330804631759946], [4.745585294717269, 44.33095629231984], [4.741185244842427, 44.33110795287974], [4.7367851949675845, 44.33125961343964], [4.732385145092742, 44.331411273999535], [4.7279850952179, 44.331562934559436], [4.723585045343061, 44.33171459511933], [4.719184995468217, 44.33186625567922], [4.719184995468217, 44.33186625567922], [4.718269749715752, 44.33159256028558], [4.717354503963282, 44.33131886489192], [4.716439258210817, 44.33104516949826], [4.715524012458349, 44.330771474104615], [4.714608766705883, 44.330497778710956], [4.7136935209534165, 44.330224083317304], [4.712778275200948, 44.329950387923645], [4.711863029448482, 44.32967669253001], [4.710947783696016, 44.32940299713635], [4.710032537943546, 44.32912930174269], [4.710032537943546, 44.32912930174269], [4.7100073549182415, 44.32878746173174], [4.709982171892937, 44.3284456217208], [4.709956988867631, 44.32810378170985], [4.709931805842322, 44.32776194169891], [4.709906622817018, 44.327420101687956], [4.7098814397917135, 44.327078261677016], [4.7098562567664075, 44.32673642166606], [4.7098310737411, 44.326394581655116], [4.709805890715794, 44.32605274164416], [4.709780707690488, 44.32571090163323], [4.709780707690488, 44.32571090163323], [4.709780677077813, 44.32569504054069], [4.709780646465138, 44.32567917944815], [4.709780615852463, 44.325663318355616], [4.709780585239788, 44.32564745726308], [4.709780554627111, 44.32563159617056], [4.7097805240144375, 44.325615735078024], [4.709780493401761, 44.32559987398549], [4.709780462789087, 44.325584012892946], [4.7097804321764105, 44.32556815180041], [4.709780401563737, 44.32555229070789], [4.709780401563737, 44.32555229070789], [4.706245284234887, 44.325567269553474], [4.702710166906039, 44.32558224839905], [4.699175049577189, 44.32559722724464], [4.695639932248341, 44.32561220609023], [4.692104814919491, 44.32562718493581], [4.688569697590644, 44.325642163781396], [4.685034580261794, 44.32565714262697], [4.681499462932944, 44.325672121472564], [4.677964345604096, 44.325687100318156], [4.6744292282752475, 44.32570207916373], [4.6744292282752475, 44.32570207916373], [4.67129304671626, 44.32665859499802], [4.668156865157274, 44.327615110832305], [4.665020683598284, 44.32857162666659], [4.661884502039296, 44.32952814250087], [4.658748320480308, 44.33048465833515], [4.65561213892132, 44.331441174169434], [4.652475957362331, 44.332397690003724], [4.649339775803343, 44.333354205838], [4.646203594244357, 44.33431072167229], [4.643067412685367, 44.33526723750657]]]}}, {"type": "Feature", "properties": {"diocese": "TOULON", "province": "III_Arles"}, "geometry": {"type": "Polygon", "coordinates": [[[5.991973401633489, 43.340638020978965], [5.991837981444091, 43.336914132610204], [5.991702561254691, 43.333190244241436], [5.991567141065291, 43.32946635587268], [5.991431720875891, 43.325742467503915], [5.991296300686491, 43.322018579135154], [5.991160880497091, 43.3182946907664], [5.991025460307691, 43.31457080239764], [5.990890040118293, 43.31084691402888], [5.990754619928891, 43.307123025660125], [5.990619199739491, 43.30339913729136], [5.990619199739491, 43.30339913729136], [5.991637876249854, 43.299675536944015], [5.992656552760213, 43.29595193659666], [5.993675229270574, 43.29222833624931], [5.994693905780936, 43.28850473590196], [5.995712582291295, 43.2847811355546], [5.996731258801656, 43.28105753520725], [5.997749935312017, 43.27733393485991], [5.998768611822378, 43.273610334512554], [5.9997872883327386, 43.269886734165205], [6.000805964843099, 43.26616313381785], [6.000805964843099, 43.26616313381785], [5.998236526892928, 43.26376856262665], [5.995667088942758, 43.26137399143545], [5.993097650992585, 43.258979420244245], [5.990528213042415, 43.25658484905305], [5.987958775092245, 43.254190277861845], [5.985389337142072, 43.25179570667064], [5.982819899191901, 43.249401135479445], [5.980250461241731, 43.24700656428824], [5.977681023291559, 43.24461199309704], [5.97511158534139, 43.24221742190584], [5.97511158534139, 43.24221742190584], [5.9775444051965145, 43.24026744376941], [5.979977225051638, 43.23831746563298], [5.982410044906761, 43.23636748749656], [5.984842864761886, 43.23441750936013], [5.9872756846170105, 43.23246753122369], [5.989708504472135, 43.23051755308727], [5.992141324327257, 43.22856757495083], [5.994574144182383, 43.2266175968144], [5.9970069640375065, 43.22466761867798], [5.999439783892631, 43.22271764054154], [5.999439783892631, 43.22271764054154], [5.9991798954622695, 43.220944306391516], [5.998920007031909, 43.21917097224149], [5.998660118601544, 43.21739763809147], [5.998400230171185, 43.21562430394143], [5.9981403417408234, 43.2138509697914], [5.99788045331046, 43.212077635641386], [5.9976205648800995, 43.21030430149136], [5.997360676449738, 43.208530967341325], [5.997100788019374, 43.2067576331913], [5.996840899589012, 43.20498429904128], [5.996840899589012, 43.20498429904128], [5.985936017494392, 43.20267745417679], [5.975031135399773, 43.200370609312316], [5.964126253305153, 43.198063764447824], [5.953221371210535, 43.19575691958334], [5.942316489115916, 43.193450074718854], [5.931411607021296, 43.191143229854376], [5.920506724926675, 43.18883638498989], [5.909601842832055, 43.186529540125406], [5.8986969607374355, 43.18422269526093], [5.887792078642816, 43.18191585039644], [5.887792078642816, 43.18191585039644], [5.8765387152433135, 43.176773776985364], [5.865285351843809, 43.17163170357428], [5.854031988444307, 43.1664896301632], [5.842778625044803, 43.16134755675211], [5.831525261645298, 43.15620548334103], [5.820271898245798, 43.15106340992995], [5.8090185348462935, 43.14592133651888], [5.797765171446789, 43.140779263107795], [5.786511808047287, 43.13563718969671], [5.775258444647784, 43.13049511628563], [5.775258444647784, 43.13049511628563], [5.773675934159108, 43.12654141047581], [5.7733762791004235, 43.123159640818685], [5.774238049056931, 43.120328932262375], [5.776139813613838, 43.118028409755055], [5.778960142356336, 43.11623719824484], [5.782577604869628, 43.11493442267989], [5.786870770738915, 43.11409920800832], [5.791718209549396, 43.11371067917829], [5.796998490886272, 43.11374796113794], [5.802590184334743, 43.114190178835415], [5.802590184334742, 43.114190178835415], [5.808566741297685, 43.11206591089244], [5.81178183837692, 43.109987408170475], [5.812642944301723, 43.10798488435539], [5.811557527801401, 43.10608855313307], [5.808933057605239, 43.104328628189386], [5.805177002442521, 43.10273532321021], [5.800696831042547, 43.10133885188145], [5.795900012134608, 43.10016942788895], [5.79119401444799, 43.099257264918606], [5.786986306711984, 43.09863257665629], [5.786986306711983, 43.0986325766563], [5.781882181774874, 43.097342882857575], [5.777685074604017, 43.09488124624074], [5.774475674663044, 43.09158951848142], [5.772334671415594, 43.08780955125526], [5.771342754325298, 43.083883196237906], [5.771580612855788, 43.080152305104995], [5.773128936470695, 43.076958729532166], [5.776068414633656, 43.07464432119506], [5.780479736808299, 43.073550931769304], [5.786443592458264, 43.07402041293056], [5.786443592458273, 43.074020412930544], [5.793491778933383, 43.074529747406814], [5.799315422670077, 43.07360044278476], [5.80418153556551, 43.07153308841118], [5.808357129516843, 43.068628273632875], [5.812109216421236, 43.065186587796674], [5.8157048081758465, 43.06150862024938], [5.81941091667783, 43.05789496033778], [5.823494553824359, 43.05464619740871], [5.828222731512577, 43.052062920808964], [5.833862461639654, 43.05044571988536], [5.833862461639653, 43.05044571988537], [5.839357744795915, 43.049375165285184], [5.844976325523065, 43.0486092333545], [5.850533558089147, 43.048234079180205], [5.8558447967622005, 43.04833585784914], [5.860725395810272, 43.0490007244482], [5.8649907095014076, 43.05031483406421], [5.8684560921036475, 43.05236434178408], [5.870936897885036, 43.05523540269465], [5.872248481113617, 43.05901417188278], [5.872206196057437, 43.06378680443536], [5.872206196057446, 43.06378680443536], [5.875179220364682, 43.06584568405371], [5.878203345132354, 43.06827607366144], [5.881310571082787, 43.07087398362794], [5.884532898938302, 43.073435424322646], [5.88790232942122, 43.07575640611494], [5.891450863253867, 43.077632939374254], [5.895210501158568, 43.07886103446998], [5.899213243857638, 43.07923670177155], [5.903491092073409, 43.078555951648354], [5.908076046528198, 43.07661479446981], [5.9080760465282065, 43.07661479446982], [5.9132239860461535, 43.07418255507072], [5.918317669429639, 43.07325802513906], [5.923026855849386, 43.07353976273939], [5.927021304476112, 43.07472632593625], [5.9299707744805445, 43.07651627279417], [5.931545025033401, 43.07860816137772], [5.931413815305405, 43.080700549751406], [5.929246904467275, 43.082491995979794], [5.924714051689735, 43.08368105812742], [5.9174850161435035, 43.083966294258815], [5.9174850161435035, 43.08396629425882], [5.913235776273444, 43.085328655392125], [5.910276046262981, 43.08751129626741], [5.908221231396629, 43.0902582378495], [5.906686736958923, 43.093313501103175], [5.905287968234379, 43.09642110699328], [5.9036403305075265, 43.099325076484604], [5.901359229062889, 43.10176943054196], [5.898060069184986, 43.10349819013015], [5.893358256158347, 43.10425537621399], [5.886869195267497, 43.1037850097583], [5.886869195267504, 43.1037850097583], [5.882202380413839, 43.105577288584875], [5.880296226404372, 43.107443455827735], [5.880690016011835, 43.10932470830644], [5.88292303200895, 43.111162242840535], [5.886534557168451, 43.11289725624958], [5.891063874263066, 43.11447094535314], [5.8960502660655205, 43.11582450697077], [5.901033015348544, 43.116899137922005], [5.905551404884866, 43.11763603502641], [5.909144717447214, 43.11797639510354], [5.909144717447218, 43.11797639510354], [5.911997939951695, 43.120213080401335], [5.916005302531866, 43.12190936356762], [5.920722781501453, 43.12304595609746], [5.925706353174165, 43.123603569485915], [5.930511993863719, 43.123562915228085], [5.934695679883834, 43.12290470481902], [5.937813387548227, 43.12160964975381], [5.939421093170608, 43.119658461527514], [5.939074773064702, 43.11703185163522], [5.936330403544218, 43.11371053157198], [5.936330403544211, 43.113710531571975], [5.933803156207404, 43.109217994582835], [5.933291708053984, 43.106460071672544], [5.934471054332082, 43.10510374333927], [5.937016190289819, 43.104815990081235], [5.940602111175327, 43.10526379239661], [5.9449038122367295, 43.10611413078359], [5.94959628872215, 43.10703398574037], [5.954354535879716, 43.10769033776513], [5.958853548957553, 43.107750167356066], [5.962768323203788, 43.106880455011364], [5.962768323203791, 43.106880455011364], [5.968016750436409, 43.104199478716545], [5.973526681385069, 43.10290733255488], [5.979236470121224, 43.102689646471674], [5.985084470716329, 43.10323205041227], [5.991009037241831, 43.10422017432198], [5.996948523769186, 43.10533964814613], [6.002841284369845, 43.10627610183004], [6.00862567311526, 43.106715165319045], [6.0142400440768835, 43.10634246855846], [6.019622751326164, 43.104843641493616], [6.019622751326162, 43.10484364149361], [6.021617171423445, 43.10006726066778], [6.0247964009949015, 43.09629625856798], [6.0289762248105525, 43.093473417119775], [6.0339724276404105, 43.0915415182487], [6.039600794254502, 43.09044334388029], [6.04567710942284, 43.0901216759401], [6.052017157915442, 43.09051929635365], [6.058436724502329, 43.09157898704651], [6.06475159395352, 43.093243529944196], [6.070777551039033, 43.095455706972274], [6.07077755103904, 43.09545570697227], [6.077202580705375, 43.09563126769968], [6.084155189077862, 43.095417233546485], [6.091332315165161, 43.09476144654598], [6.098430897975929, 43.09361174873151], [6.105147876518835, 43.09191598213639], [6.11118018980253, 43.08962198879395], [6.116224776835683, 43.08667761073752], [6.1199785766269486, 43.0830306900004], [6.122138528184987, 43.07862906861593], [6.122401570518459, 43.073420588617445], [6.122401570518457, 43.073420588617445], [6.123634087010858, 43.06943361691048], [6.123679881080383, 43.06583312214196], [6.122648166821898, 43.06264542049564], [6.120648158330276, 43.059896828155274], [6.117789069700393, 43.05761366130462], [6.114180115027105, 43.05582223612745], [6.109930508405295, 43.0545488688075], [6.105149463929825, 43.05381987552853], [6.099946195695569, 43.05366157247431], [6.094429917797392, 43.05410027582858], [6.094429917797397, 43.05410027582858], [6.087934801577674, 43.054575247117135], [6.083354550849682, 43.053838304493], [6.080551310397553, 43.052211762209296], [6.0793872250054175, 43.050017934519104], [6.0797244394574115, 43.047579135675505], [6.0814250985376646, 43.04521767993158], [6.084351347030314, 43.043255881540425], [6.088365329719487, 43.04201605475514], [6.093329191389323, 43.04182051382879], [6.09910507682395, 43.042991573014454], [6.099105076823964, 43.04299157301446], [6.103824412419399, 43.04337275996221], [6.1086072068460044, 43.04384932287101], [6.113438109637848, 43.0443595276614], [6.1183017703290155, 43.044841640253885], [6.123182838453575, 43.045233926569026], [6.128065963545614, 43.04547465252733], [6.132935795139206, 43.04550208404935], [6.137776982768427, 43.045254487055615], [6.142574175967356, 43.04467012746664], [6.14731202427007, 43.04368727120297], [6.147312024270089, 43.04368727120297], [6.151451682535537, 43.04152575094713], [6.15642395486733, 43.04063751369387], [6.161736600329368, 43.04080500737636], [6.166897377985549, 43.0418106799277], [6.171414046899775, 43.043436979281054], [6.17479436613594, 43.045466353369555], [6.176546094757949, 43.047681250126345], [6.176176991829699, 43.049864117484546], [6.173194816415089, 43.05179740337731], [6.167107327578021, 43.053263555737786], [6.167107327578025, 43.05326355573778], [6.160627544082187, 43.053801725243574], [6.1566747079483175, 43.05536114353745], [6.154759276235753, 43.057764652486696], [6.154391706003837, 43.06083509395859], [6.155082454311904, 43.064395309820405], [6.156341978219295, 43.06826814193944], [6.1576807347853535, 43.07227643218295], [6.158609181069416, 43.076243022418254], [6.158637774130822, 43.07999075451259], [6.157276971028912, 43.08334247033328], [6.157276971028914, 43.083342470333285], [6.156847293878583, 43.08925466289467], [6.157877276494627, 43.09523933954119], [6.160267947474905, 43.10107584350677], [6.163920335417288, 43.10654351802533], [6.168735468919639, 43.11142170633079], [6.174614376579834, 43.115489751657066], [6.181458086995727, 43.11852699723808], [6.18916762876519, 43.12031278630776], [6.1976440304860905, 43.1206264621], [6.20678832075629, 43.11924736784874], [6.206788320756299, 43.119247367848736], [6.212837782255205, 43.11785638972813], [6.218693337259609, 43.1176751953593], [6.224393374848056, 43.11841600095364], [6.229976284099072, 43.11979102272257], [6.235480454091201, 43.12151247687754], [6.240944273902974, 43.12329257962994], [6.246406132612934, 43.12484354719121], [6.251904419299613, 43.12587759577277], [6.257477523041548, 43.12610694158602], [6.263163832917279, 43.125243800842405], [6.263163832917279, 43.1252438008424], [6.267923932071266, 43.1227933720767], [6.272949329460509, 43.12084754625499], [6.278182423121692, 43.1192960700864], [6.283565611091499, 43.11802869028003], [6.289041291406617, 43.116935153545], [6.2945518621037255, 43.11590520659043], [6.3000397212195125, 43.11482859612544], [6.30544726679066, 43.113595068859155], [6.310716896853851, 43.11209437150068], [6.315791009445768, 43.11021625075915], [6.315791009445759, 43.11021625075915], [6.318271193506597, 43.10789713464719], [6.319833812322978, 43.105060004974206], [6.320801296526039, 43.10189444169878], [6.321496076746927, 43.09859002477947], [6.322240583616784, 43.09533633417484], [6.3233572477667455, 43.09232294984344], [6.325168499827953, 43.08973945174387], [6.327996770431547, 43.08777541983465], [6.332164490208669, 43.086620434074376], [6.33799408979046, 43.0864640744216], [6.337994089790454, 43.0864640744216], [6.341948597751976, 43.086251236399605], [6.346551869952634, 43.08566330233161], [6.351490788570768, 43.08493137649703], [6.356452235784724, 43.08428656317529], [6.361123093772845, 43.083959966645814], [6.365190244713473, 43.08418269118799], [6.368340570784953, 43.08518584108128], [6.370260954165634, 43.08720052060508], [6.370638277033851, 43.09045783403881], [6.369159421567954, 43.0951888856619], [6.369159421567957, 43.0951888856619], [6.3662092570956546, 43.09803095134113], [6.364235504571788, 43.100995290415824], [6.363040079081959, 43.104061264668985], [6.362424895711756, 43.10720823588362], [6.362191869546779, 43.110415565842715], [6.362142915672623, 43.11366261632929], [6.3620799491748805, 43.11692874912636], [6.361804885139151, 43.120193326016896], [6.361119638651028, 43.12343570878394], [6.359826124796102, 43.12663525921046], [6.359826124796115, 43.12663525921046], [6.360734260301328, 43.13072154032753], [6.362938904436103, 43.133932537643915], [6.366171116638331, 43.13646113249858], [6.370161956345889, 43.13850020623047], [6.3746424829966735, 43.140242640178535], [6.379343756028566, 43.141881315681744], [6.383996834879454, 43.14360911407901], [6.3883327789872215, 43.14561891670933], [6.392082647789758, 43.148103604911626], [6.394977500724947, 43.15125606002486], [6.394977500724936, 43.151256060024856], [6.3992730656243495, 43.152508991141254], [6.403862365929994, 43.152907226384464], [6.408617347634236, 43.15274101462155], [6.41340995672944, 43.15230060471958], [6.418112139207974, 43.1518762455456], [6.422595841062204, 43.15175818596672], [6.426733008284494, 43.152236674849966], [6.430395586867212, 43.15360196106244], [6.433455522802719, 43.15614429347119], [6.435784762083385, 43.16015392094329], [6.435784762083381, 43.160153920943294], [6.438700405227751, 43.16021964238741], [6.441627652737024, 43.160243207963916], [6.44456548358715, 43.160231715526955], [6.447512876754072, 43.16019226293068], [6.4504688112137405, 43.16013194802922], [6.4534322659421, 43.160057868676724], [6.4564022199150966, 43.15997712272736], [6.459377652108676, 43.159896808035256], [6.462357541498793, 43.15982402245456], [6.465340867061387, 43.15976586383941], [6.465340867061384, 43.15976586383941], [6.462351509245746, 43.16633795138226], [6.45936215143011, 43.1729100389251], [6.456372793614474, 43.179482126467946], [6.453383435798836, 43.18605421401079], [6.450394077983198, 43.19262630155363], [6.447404720167562, 43.199198389096466], [6.444415362351927, 43.205770476639316], [6.441426004536291, 43.212342564182144], [6.438436646720655, 43.218914651724994], [6.435447288905017, 43.225486739267836], [6.435447288905017, 43.225486739267836], [6.431346334584903, 43.22690429843265], [6.427245380264791, 43.22832185759746], [6.423144425944676, 43.22973941676228], [6.419043471624558, 43.23115697592709], [6.4149425173044445, 43.232574535091906], [6.410841562984331, 43.23399209425672], [6.406740608664219, 43.23540965342153], [6.402639654344103, 43.23682721258634], [6.3985387000239875, 43.238244771751155], [6.394437745703874, 43.23966233091597], [6.394437745703874, 43.23966233091597], [6.394186334408898, 43.242322172109375], [6.393934923113919, 43.24498201330278], [6.393683511818942, 43.24764185449618], [6.393432100523963, 43.25030169568959], [6.393180689228986, 43.25296153688299], [6.392929277934007, 43.25562137807639], [6.39267786663903, 43.2582812192698], [6.392426455344051, 43.2609410604632], [6.392175044049074, 43.2636009016566], [6.391923632754098, 43.26626074285001], [6.391923632754098, 43.26626074285001], [6.391929964299804, 43.26954125433336], [6.391936295845515, 43.272821765816715], [6.391942627391224, 43.27610227730006], [6.391948958936931, 43.279382788783415], [6.39195529048264, 43.28266330026677], [6.391961622028351, 43.28594381175013], [6.391967953574056, 43.289224323233476], [6.391974285119767, 43.29250483471683], [6.3919806166654745, 43.295785346200184], [6.3919869482111835, 43.29906585768354], [6.3919869482111835, 43.29906585768354], [6.387498728171119, 43.29915339557897], [6.383010508131052, 43.299240933474415], [6.378522288090986, 43.29932847136984], [6.374034068050921, 43.299416009265286], [6.369545848010857, 43.29950354716071], [6.36505762797079, 43.29959108505615], [6.360569407930727, 43.29967862295159], [6.356081187890659, 43.29976616084703], [6.3515929678505945, 43.29985369874246], [6.34710474781053, 43.29994123663789], [6.34710474781053, 43.29994123663789], [6.339533131373507, 43.29710218179851], [6.3319615149364825, 43.29426312695913], [6.32438989849946, 43.29142407211974], [6.316818282062435, 43.28858501728036], [6.309246665625409, 43.28574596244097], [6.301675049188388, 43.282906907601586], [6.294103432751363, 43.2800678527622], [6.286531816314341, 43.277228797922824], [6.278960199877318, 43.274389743083425], [6.271388583440293, 43.27155068824405], [6.271388583440293, 43.27155068824405], [6.267156750226189, 43.27163829012449], [6.262924917012082, 43.27172589200495], [6.258693083797976, 43.2718134938854], [6.254461250583873, 43.27190109576585], [6.250229417369765, 43.27198869764631], [6.24599758415566, 43.27207629952675], [6.241765750941555, 43.272163901407204], [6.237533917727449, 43.272251503287656], [6.2333020845133404, 43.2723391051681], [6.229070251299236, 43.27242670704856], [6.229070251299236, 43.27242670704856], [6.227662860836098, 43.274110912416575], [6.2262554703729585, 43.27579511778458], [6.2248480799098225, 43.27747932315261], [6.223440689446683, 43.27916352852062], [6.222033298983545, 43.28084773388864], [6.220625908520406, 43.28253193925666], [6.219218518057268, 43.28421614462467], [6.21781112759413, 43.28590034999269], [6.216403737130991, 43.2875845553607], [6.214996346667851, 43.28926876072872], [6.214996346667851, 43.28926876072872], [6.217308120779098, 43.2910426069563], [6.219619894890339, 43.29281645318387], [6.221931669001586, 43.29459029941144], [6.2242434431128295, 43.29636414563901], [6.226555217224075, 43.29813799186658], [6.228866991335316, 43.29991183809416], [6.231178765446561, 43.30168568432173], [6.233490539557806, 43.303459530549304], [6.2358023136690495, 43.305233376776876], [6.238114087780293, 43.30700722300445], [6.238114087780293, 43.30700722300445], [6.238116825820182, 43.308425860998035], [6.238119563860071, 43.309844498991616], [6.238122301899962, 43.311263136985204], [6.238125039939851, 43.31268177497879], [6.2381277779797415, 43.31410041297237], [6.238130516019632, 43.31551905096595], [6.238133254059521, 43.31693768895954], [6.238135992099412, 43.31835632695313], [6.238138730139301, 43.31977496494671], [6.23814146817919, 43.32119360294029], [6.23814146817919, 43.32119360294029], [6.233787128194283, 43.324207052169776], [6.229432788209374, 43.32722050139926], [6.225078448224465, 43.330233950628745], [6.220724108239558, 43.33324739985822], [6.216369768254648, 43.33626084908771], [6.212015428269742, 43.33927429831719], [6.207661088284832, 43.34228774754667], [6.203306748299923, 43.34530119677615], [6.198952408315014, 43.34831464600564], [6.194598068330105, 43.35132809523512], [6.194598068330105, 43.35132809523512], [6.189593456831247, 43.34884425831616], [6.184588845332387, 43.34636042139721], [6.179584233833529, 43.34387658447825], [6.174579622334667, 43.34139274755929], [6.1695750108358105, 43.33890891064034], [6.164570399336947, 43.33642507372138], [6.159565787838087, 43.33394123680242], [6.154561176339229, 43.33145739988346], [6.149556564840367, 43.32897356296451], [6.1445519533415105, 43.32648972604555], [6.1445519533415105, 43.32648972604555], [6.138910242057118, 43.32693166274494], [6.133268530772723, 43.327373599444336], [6.127626819488329, 43.327815536143724], [6.121985108203935, 43.32825747284311], [6.116343396919541, 43.3286994095425], [6.1107016856351475, 43.329141346241904], [6.105059974350755, 43.329583282941286], [6.099418263066362, 43.33002521964068], [6.093776551781968, 43.33046715634008], [6.088134840497574, 43.330909093039466], [6.088134840497574, 43.330909093039466], [6.084411911303077, 43.328868920652226], [6.080688982108578, 43.32682874826497], [6.076966052914077, 43.32478857587773], [6.073243123719578, 43.322748403490486], [6.069520194525079, 43.32070823110325], [6.065797265330582, 43.31866805871599], [6.062074336136082, 43.316627886328746], [6.058351406941583, 43.314587713941506], [6.054628477747084, 43.31254754155426], [6.050905548552587, 43.31050736916702], [6.050905548552587, 43.31050736916702], [6.048729707973635, 43.31272338542197], [6.0465538673946835, 43.31493940167692], [6.044378026815735, 43.317155417931865], [6.042202186236786, 43.31937143418682], [6.040026345657838, 43.321587450441776], [6.037850505078884, 43.323803466696724], [6.035674664499934, 43.326019482951665], [6.033498823920985, 43.32823549920662], [6.0313229833420365, 43.330451515461576], [6.029147142763085, 43.332667531716524], [6.029147142763085, 43.332667531716524], [6.027095165075227, 43.332578361620804], [6.025043187387366, 43.33248919152508], [6.022991209699507, 43.33240002142935], [6.0209392320116475, 43.33231085133363], [6.018887254323786, 43.332221681237904], [6.016835276635929, 43.332132511142184], [6.014783298948069, 43.33204334104646], [6.01273132126021, 43.33195417095073], [6.010679343572351, 43.331865000855004], [6.0086273658844895, 43.331775830759284], [6.0086273658844895, 43.331775830759284], [6.006961969459391, 43.33266204978125], [6.0052965730342915, 43.33354826880322], [6.003631176609192, 43.334434487825185], [6.00196578018409, 43.33532070684715], [6.000300383758988, 43.336206925869114], [5.99863498733389, 43.33709314489109], [5.99696959090879, 43.33797936391306], [5.995304194483689, 43.33886558293503], [5.993638798058589, 43.33975180195699], [5.991973401633489, 43.340638020978965]]]}}, {"type": "Feature", "properties": {"diocese": "TOULON", "province": "III_Arles"}, "geometry": {"type": "Polygon", "coordinates": [[[6.234826843190476, 43.028529506605715], [6.232758940566125, 43.02834409458271], [6.230469577818029, 43.027661467601405], [6.22804252201486, 43.02656624959392], [6.225561540225302, 43.02514306449237], [6.223110399518028, 43.023476536228834], [6.220772866961719, 43.02165128873541], [6.21863270962505, 43.01975194594419], [6.216773694576702, 43.01786313178731], [6.215279588885348, 43.016069470196825], [6.21423415961967, 43.014455585104855], [6.214234159619661, 43.014455585104855], [6.210622765121151, 43.011812774567055], [6.2065887569964815, 43.01020264818043], [6.2022535359856565, 43.00936756799573], [6.197738502828674, 43.00904989606379], [6.193165058265535, 43.00899199443538], [6.188654603036241, 43.00893622516129], [6.184328537880795, 43.008624950292315], [6.180308263539192, 43.00780053187927], [6.176715180751438, 43.0062053319729], [6.173670690257531, 43.003581712624026], [6.173670690257518, 43.003581712624026], [6.170467387623237, 42.99938648046889], [6.169949234719496, 42.99680950953354], [6.171550326835776, 42.995461581800406], [6.174704759261543, 42.99495347925193], [6.178846627286276, 42.99489598387053], [6.183410026199448, 42.994899877638645], [6.187829051290533, 42.9945759425387], [6.191537797849005, 42.99353496055314], [6.193970361164336, 42.991387713664395], [6.194560836526001, 42.98774498385489], [6.194560836526003, 42.98774498385489], [6.201333265045319, 42.988005804759624], [6.2080947289543555, 42.98924522342537], [6.214656443001381, 42.99134987239663], [6.220829621934662, 42.99420638421791], [6.226425480502467, 42.99770139143372], [6.231255233453066, 43.001721526588554], [6.235130095534727, 43.006153422226895], [6.237861281495718, 43.01088371089328], [6.239260006084303, 43.0157990251322], [6.23913748404876, 43.02078599748816], [6.2391374840487615, 43.020785997488154], [6.239213603403641, 43.02232791247355], [6.239156077244687, 43.023677961394135], [6.238972757352856, 43.0248441303514], [6.2386714955091165, 43.02583440544687], [6.238260143494429, 43.02665677278204], [6.2377465530897585, 43.02731921845839], [6.237138576076061, 43.02782972857742], [6.236444064234309, 43.02819628924066], [6.235670869345455, 43.028426886549596], [6.23482684319047, 43.028529506605715], [6.234826843190476, 43.028529506605715], [6.234826843190476, 43.028529506605715], [6.234826843190476, 43.028529506605715], [6.234826843190476, 43.028529506605715], [6.234826843190476, 43.028529506605715], [6.234826843190476, 43.028529506605715], [6.234826843190476, 43.028529506605715], [6.234826843190476, 43.028529506605715], [6.234826843190476, 43.028529506605715], [6.234826843190476, 43.028529506605715], [6.234826843190476, 43.028529506605715]]]}}, {"type": "Feature", "properties": {"diocese": "TOULON", "province": "III_Arles"}, "geometry": {"type": "Polygon", "coordinates": [[[6.395154232467611, 43.01862461838024], [6.391902739431291, 43.018565084264765], [6.388481144014367, 43.018085242547635], [6.3850701159187775, 43.017237424110455], [6.381850324846457, 43.01607395983485], [6.379002440499347, 43.014647180602395], [6.37670713257938, 43.013009417294704], [6.375145070788495, 43.01121300079339], [6.3744969248286285, 43.009310261980055], [6.374943364401718, 43.007353531736314], [6.376665059209699, 43.00539514094375], [6.376665059209719, 43.00539514094374], [6.379031701826701, 43.004048063320155], [6.381684546886897, 43.003449518747416], [6.384537011811609, 43.00348737946957], [6.387502514022158, 43.00404951773066], [6.390494470939844, 43.00502380577473], [6.393426299985979, 43.006298115845816], [6.396211418581872, 43.00776032018797], [6.398763244148835, 43.009298291045226], [6.400995194108173, 43.010799900661645], [6.402820685881197, 43.01215302128126], [6.402820685881206, 43.01215302128126], [6.402863924454373, 43.01338023757328], [6.4026819267426, 43.014465405940776], [6.402291666026528, 43.01541345630694], [6.401710115586804, 43.01622931859494], [6.400954248704064, 43.01691792272798], [6.40004103865895, 43.017484198629234], [6.398987458732105, 43.017933076221915], [6.3978104822041715, 43.01826948542918], [6.396527082355787, 43.01849835617423], [6.395154232467599, 43.01862461838024], [6.395154232467609, 43.01862461838024], [6.395154232467609, 43.01862461838024], [6.395154232467609, 43.01862461838024], [6.395154232467609, 43.01862461838024], [6.395154232467609, 43.01862461838024], [6.395154232467609, 43.01862461838024], [6.395154232467611, 43.01862461838024], [6.395154232467611, 43.01862461838024], [6.395154232467611, 43.01862461838024], [6.395154232467611, 43.01862461838024], [6.395154232467611, 43.01862461838024]]]}}, {"type": "Feature", "properties": {"diocese": "TOULON", "province": "III_Arles"}, "geometry": {"type": "Polygon", "coordinates": [[[6.495805335704608, 43.06152826605058], [6.492650181734566, 43.061237073657786], [6.489488261753488, 43.06053643715552], [6.486339565227528, 43.05950128382813], [6.483224081622852, 43.058206540959986], [6.480161800405616, 43.05672713583543], [6.477172711041979, 43.05513799573883], [6.4742768029981, 43.053514047954536], [6.471494065740137, 43.051930219766916], [6.468844488734247, 43.05046143846032], [6.466348061446595, 43.0491826313191], [6.4663480614465865, 43.0491826313191], [6.464370200079641, 43.04500740391094], [6.461408442269054, 43.041492268394535], [6.457672914070249, 43.038490340119395], [6.453373741538654, 43.035854734435055], [6.448721050729686, 43.033438566691025], [6.443924967698775, 43.03109495223683], [6.439195618501339, 43.028677006421965], [6.434743129192803, 43.026037844595976], [6.430777625828588, 43.02303058210837], [6.427509234464118, 43.019508334308675], [6.4275092344641305, 43.019508334308675], [6.42843260110487, 43.01686401324769], [6.429789592282143, 43.01494001398359], [6.431511991245213, 43.01366944040706], [6.433531581243335, 43.012985396408745], [6.43578014552577, 43.012820985879344], [6.438189467341777, 43.013109312709524], [6.440691329940618, 43.01378348078997], [6.443217516571551, 43.01477659401132], [6.445699810483831, 43.016021756264294], [6.448069994926723, 43.017452071439536], [6.448069994926719, 43.01745207143954], [6.4519164311045785, 43.01770394498502], [6.455612835800622, 43.01825514211041], [6.459139329063984, 43.01911207010815], [6.462476030943801, 43.020281136270675], [6.46560306148921, 43.021768747890434], [6.4685005407493446, 43.023581312259864], [6.471148588773342, 43.02572523667141], [6.473527325610336, 43.02820692841752], [6.475616871309462, 43.03103279479062], [6.4773973459198615, 43.03420924308316], [6.477397345919872, 43.034209243083154], [6.478858836892741, 43.03759178782355], [6.48092833282743, 43.04065495782272], [6.483494499732851, 43.04343974862442], [6.4864460036179015, 43.04598715577239], [6.48967151049149, 43.04833817481038], [6.493059686362519, 43.05053380128213], [6.496499197239892, 43.052615030731396], [6.499878709132515, 43.05462285870191], [6.503086888049291, 43.05659828073744], [6.506012399999127, 43.058582292381715], [6.506012399999133, 43.058582292381715], [6.505026716152443, 43.05919833650077], [6.5040312353371235, 43.05973551795464], [6.503026712867845, 43.06019662301342], [6.502013904059277, 43.06058443794718], [6.500993564226102, 43.060901749026065], [6.499966448682985, 43.06115134252015], [6.4989333127446045, 43.06133600469954], [6.497894911725632, 43.06145852183434], [6.496852000940745, 43.06152168019465], [6.495805335704613, 43.06152826605058], [6.495805335704608, 43.06152826605058], [6.495805335704608, 43.06152826605058], [6.495805335704608, 43.06152826605058], [6.495805335704608, 43.06152826605058], [6.495805335704608, 43.06152826605058], [6.495805335704608, 43.06152826605058], [6.495805335704608, 43.06152826605058], [6.495805335704608, 43.06152826605058], [6.495805335704608, 43.06152826605058], [6.495805335704608, 43.06152826605058], [6.495805335704608, 43.06152826605058]]]}}]}