{"type": "FeatureCollection", "features": [{"type": "Feature", "properties": {"diocese": "AUCH", "province": "IV_Auch"}, "geometry": {"type": "Polygon", "coordinates": [[[-0.1739352571140913, 44.11423919961167], [-0.17593614154436177, 44.11022644741142], [-0.17793702597463312, 44.106213695211174], [-0.17993791040490448, 44.10220094301093], [-0.18193879483517583, 44.09818819081069], [-0.1839396792654463, 44.094175438610435], [-0.18594056369571765, 44.090162686410196], [-0.187941448125989, 44.08614993420995], [-0.18994233255625947, 44.0821371820097], [-0.19194321698653183, 44.078124429809456], [-0.19394410141680218, 44.07411167760922], [-0.19394410141680218, 44.07411167760922], [-0.18561535722792644, 44.06734326065312], [-0.17728661303905235, 44.06057484369703], [-0.16895786885017572, 44.053806426740934], [-0.16062912466129986, 44.047038009784856], [-0.1523003804724249, 44.04026959282876], [-0.14397163628354914, 44.033501175872665], [-0.13564289209467328, 44.02673275891657], [-0.12731414790579743, 44.01996434196048], [-0.11898540371692168, 44.01319592500439], [-0.1106566595280476, 44.0064275080483], [-0.1106566595280476, 44.0064275080483], [-0.10287130144849022, 43.99991005286429], [-0.09508594336893195, 43.99339259768028], [-0.08730058528937534, 43.98687514249627], [-0.07951522720981796, 43.98035768731225], [-0.07172986913026047, 43.97384023212824], [-0.06394451105070287, 43.96732277694423], [-0.056159152971147375, 43.96080532176022], [-0.04837379489158988, 43.95428786657621], [-0.040588436812031614, 43.9477704113922], [-0.03280307873247512, 43.94125295620818], [-0.03280307873247512, 43.94125295620818], [-0.03307936654172161, 43.9389957454894], [-0.03335565435096843, 43.93673853477062], [-0.033631942160215034, 43.93448132405184], [-0.03390822996946341, 43.93222411333305], [-0.03418451777870912, 43.92996690261427], [-0.034460805587955834, 43.92770969189548], [-0.03473709339720321, 43.9254524811767], [-0.03501338120644992, 43.92319527045792], [-0.03528966901569741, 43.920938059739136], [-0.0355659568249439, 43.918680849020355], [-0.0355659568249439, 43.918680849020355], [-0.039194164476830884, 43.91767686666297], [-0.04282237212871676, 43.916672884305584], [-0.04645057978060363, 43.9156689019482], [-0.05007878743249039, 43.91466491959082], [-0.05370699508437726, 43.91366093723344], [-0.0573352027362648, 43.91265695487605], [-0.060963410388151784, 43.91165297251867], [-0.06459161804003855, 43.910648990161285], [-0.06821982569192442, 43.909645007803896], [-0.07184803334381118, 43.908641025446514], [-0.07184803334381118, 43.908641025446514], [-0.0729396003951488, 43.90744969494154], [-0.07403116744648564, 43.90625836443657], [-0.07512273449782314, 43.905067033931594], [-0.07621430154916009, 43.90387570342661], [-0.0773058686004977, 43.902684372921634], [-0.07839743565183455, 43.90149304241666], [-0.07948900270317116, 43.90030171191169], [-0.08058056975450889, 43.899110381406715], [-0.08167213680584562, 43.89791905090174], [-0.08276370385718335, 43.89672772039676], [-0.08276370385718335, 43.89672772039676], [-0.08022652029546118, 43.89522319132433], [-0.07768933673374001, 43.89371866225189], [-0.07515215317201773, 43.89221413317947], [-0.07261496961029668, 43.89070960410704], [-0.07007778604857451, 43.88920507503461], [-0.06754060248685234, 43.887700545962176], [-0.06500341892513029, 43.88619601688974], [-0.06246623536340978, 43.884691487817314], [-0.05992905180168684, 43.883186958744886], [-0.05739186823996545, 43.88168242967246], [-0.05739186823996545, 43.88168242967246], [-0.053310113697662476, 43.88312554911017], [-0.04922835915536017, 43.88456866854787], [-0.04514660461305808, 43.886011787985574], [-0.041064850070754, 43.88745490742329], [-0.036983095528451804, 43.888898026861], [-0.03290134098614861, 43.8903411462987], [-0.028819586443846412, 43.89178426573641], [-0.024737831901544216, 43.89322738517412], [-0.020656077359240133, 43.89467050461184], [-0.016574322816937825, 43.89611362404955], [-0.016574322816937825, 43.89611362404955], [-0.016592593939321, 43.886646958317506], [-0.016610865061704838, 43.877180292585464], [-0.01662913618408779, 43.86771362685343], [-0.01664740730647085, 43.85824696112139], [-0.016665678428853803, 43.84878029538935], [-0.016683949551237642, 43.839313629657326], [-0.016702220673620705, 43.829846963925284], [-0.016720491796003767, 43.82038029819325], [-0.016738762918387717, 43.81091363246121], [-0.01675703404077067, 43.80144696672917], [-0.01675703404077067, 43.80144696672917], [-0.022836224609481648, 43.79937628901535], [-0.02891541517819285, 43.79730561130151], [-0.03499460574690494, 43.795234933587686], [-0.04107379631561614, 43.79316425587385], [-0.04715298688432723, 43.791093578160016], [-0.05323217745303843, 43.789022900446184], [-0.05931136802174941, 43.78695222273236], [-0.06539055859045972, 43.784881545018536], [-0.07146974915917093, 43.78281086730469], [-0.07754893972788202, 43.780740189590865], [-0.07754893972788202, 43.780740189590865], [-0.08044657893229012, 43.78280862700788], [-0.08334421813669834, 43.7848770644249], [-0.08624185734110656, 43.78694550184191], [-0.0891394965455139, 43.78901393925892], [-0.09203713574992212, 43.791082376675945], [-0.09493477495433023, 43.793150814092954], [-0.09783241415873845, 43.79521925150997], [-0.10073005336314489, 43.797287688926986], [-0.10362769256755311, 43.799356126343994], [-0.10652533177196111, 43.80142456376102], [-0.10652533177196111, 43.80142456376102], [-0.1098783322483734, 43.80211379355126], [-0.11323133272478392, 43.80280302334151], [-0.11658433320119632, 43.80349225313175], [-0.1199373336776075, 43.804181482922], [-0.12329033415401902, 43.804870712712244], [-0.12664333463043143, 43.805559942502484], [-0.12999633510684272, 43.80624917229272], [-0.133349335583255, 43.80693840208297], [-0.13670233605966642, 43.80762763187322], [-0.1400553365360787, 43.80831686166346], [-0.1400553365360787, 43.80831686166346], [-0.14513892575642418, 43.80574440173265], [-0.15022251497677064, 43.80317194180185], [-0.155306104197116, 43.800599481871046], [-0.16038969341746334, 43.79802702194025], [-0.1654732826378088, 43.795454562009446], [-0.17055687185815438, 43.79288210207864], [-0.1756404610785005, 43.79030964214784], [-0.18072405029884708, 43.787737182217036], [-0.18580763951919355, 43.785164722286225], [-0.1908912287395398, 43.78259226235543], [-0.1908912287395398, 43.78259226235543], [-0.19334514516452517, 43.77920640218842], [-0.19579906158950944, 43.77582054202141], [-0.19825297801449582, 43.77243468185439], [-0.2007068944394803, 43.76904882168738], [-0.20316081086446547, 43.76566296152036], [-0.20561472728945085, 43.762277101353355], [-0.20806864371443523, 43.75889124118634], [-0.2105225601394214, 43.75550538101933], [-0.21297647656440666, 43.75211952085232], [-0.21543039298939215, 43.7487336606853], [-0.21543039298939215, 43.7487336606853], [-0.21290105020253014, 43.743970004870775], [-0.21037170741567002, 43.73920634905625], [-0.207842364628809, 43.73444269324173], [-0.20531302184194866, 43.7296790374272], [-0.20278367905508687, 43.72491538161268], [-0.20025433626822675, 43.72015172579815], [-0.19772499348136563, 43.71538806998363], [-0.1951956506945045, 43.710624414169104], [-0.1926663079076435, 43.70586075835458], [-0.1901369651207825, 43.70109710254006], [-0.1901369651207825, 43.70109710254006], [-0.19349904141088947, 43.69708395594144], [-0.19686111770099568, 43.693070809342814], [-0.20022319399110278, 43.68905766274418], [-0.20358527028120788, 43.685044516145574], [-0.2069473465713142, 43.68103136954694], [-0.21030942286142118, 43.67701822294832], [-0.21367149915152817, 43.67300507634971], [-0.21703357544163437, 43.66899192975108], [-0.22039565173173958, 43.664978783152456], [-0.22375772802184668, 43.66096563655384], [-0.22375772802184668, 43.66096563655384], [-0.2245845113953593, 43.65607507489161], [-0.22541129476887, 43.65118451322939], [-0.22623807814238273, 43.646293951567166], [-0.22706486151589345, 43.64140338990494], [-0.22789164488940605, 43.636512828242715], [-0.22871842826291955, 43.631622266580486], [-0.2295452116364305, 43.626731704918264], [-0.230371995009943, 43.621841143256034], [-0.2311987783834537, 43.61695058159382], [-0.23202556175696631, 43.6120600199316], [-0.23202556175696631, 43.6120600199316], [-0.23755846107348733, 43.61124359812713], [-0.24309136039000823, 43.61042717632267], [-0.24862425970653024, 43.60961075451821], [-0.25415715902305125, 43.60879433271374], [-0.25969005833957226, 43.607977910909284], [-0.26522295765609316, 43.607161489104826], [-0.2707558569726143, 43.60634506730036], [-0.2762887562891362, 43.605528645495895], [-0.2818216556056572, 43.604712223691436], [-0.2873545549221781, 43.60389580188698], [-0.2873545549221781, 43.60389580188698], [-0.28717720471130326, 43.6013256940737], [-0.2869998545004293, 43.59875558626044], [-0.28682250428955536, 43.59618547844717], [-0.2866451540786814, 43.5936153706339], [-0.28646780386780746, 43.59104526282062], [-0.2862904536569326, 43.58847515500735], [-0.2861131034460578, 43.58590504719409], [-0.2859357532351847, 43.58333493938082], [-0.28575840302431077, 43.58076483156754], [-0.2855810528134357, 43.57819472375428], [-0.2855810528134357, 43.57819472375428], [-0.2819545399425818, 43.57832060321294], [-0.2783280270717281, 43.5784464826716], [-0.2747015142008742, 43.57857236213027], [-0.2710750013300214, 43.57869824158893], [-0.26744848845916747, 43.57882412104759], [-0.26382197558831266, 43.578950000506254], [-0.26019546271745886, 43.57907587996492], [-0.25656894984660505, 43.57920175942358], [-0.25294243697575125, 43.57932763888224], [-0.24931592410489734, 43.579453518340905], [-0.24931592410489734, 43.579453518340905], [-0.24719849839694663, 43.576609333852495], [-0.24508107268899515, 43.573765149364085], [-0.24296364698104533, 43.57092096487567], [-0.24084622127309485, 43.568076780387244], [-0.23872879556514315, 43.565232595898834], [-0.23661136985719255, 43.562388411410424], [-0.23449394414924107, 43.55954422692201], [-0.23237651844129137, 43.55670004243359], [-0.23025909273334078, 43.55385585794517], [-0.22814166702538918, 43.551011673456756], [-0.22814166702538918, 43.551011673456756], [-0.22137756989532043, 43.55091190528443], [-0.21461347276525244, 43.55081213711211], [-0.20784937563518457, 43.550712368939784], [-0.20108527850511582, 43.550612600767465], [-0.19432118137504695, 43.55051283259514], [-0.18755708424497897, 43.550413064422806], [-0.1807929871149111, 43.550313296250486], [-0.17402888998484223, 43.55021352807816], [-0.16726479285477258, 43.550113759905834], [-0.1605006957247046, 43.550013991733515], [-0.1605006957247046, 43.550013991733515], [-0.15814486175518472, 43.54901150277968], [-0.15578902778566572, 43.54800901382584], [-0.15343319381614584, 43.54700652487199], [-0.15107735984662585, 43.54600403591815], [-0.14872152587710508, 43.545001546964315], [-0.14636569190758597, 43.54399905801048], [-0.1440098579380662, 43.542996569056626], [-0.14165402396854632, 43.541994080102796], [-0.1392981899990272, 43.54099159114895], [-0.13694235602950822, 43.53998910219511], [-0.13694235602950822, 43.53998910219511], [-0.13440332549847012, 43.54024077853514], [-0.1318642949674348, 43.54049245487517], [-0.1293252644363977, 43.540744131215206], [-0.12678623390536137, 43.54099580755525], [-0.12424720337432427, 43.541247483895276], [-0.12170817284328783, 43.54149916023532], [-0.11916914231225251, 43.541750836575346], [-0.11663011178121452, 43.542002512915374], [-0.1140910812501783, 43.54225418925541], [-0.11155205071914198, 43.542505865595444], [-0.11155205071914198, 43.542505865595444], [-0.1094362995793956, 43.540396650547066], [-0.10732054843964955, 43.53828743549867], [-0.10520479729990329, 43.53617822045029], [-0.10308904616015613, 43.53406900540191], [-0.10097329502040986, 43.53195979035353], [-0.09885754388066348, 43.52985057530515], [-0.09674179274091743, 43.52774136025676], [-0.09462604160117016, 43.525632145208384], [-0.092510290461424, 43.52352293015999], [-0.09039453932167762, 43.52141371511161], [-0.09039453932167762, 43.52141371511161], [-0.08670582254343184, 43.52415143853562], [-0.08301710576518773, 43.52688916195961], [-0.07932838898694283, 43.52962688538361], [-0.0756396722086986, 43.53236460880761], [-0.07195095543045371, 43.53510233223161], [-0.0682622386522086, 43.53784005565561], [-0.06457352187396459, 43.5405777790796], [-0.060884805095719585, 43.5433155025036], [-0.05719608831747458, 43.5460532259276], [-0.053507371539229576, 43.548790949351606], [-0.053507371539229576, 43.548790949351606], [-0.05568073678997498, 43.550670492450976], [-0.0578541020407195, 43.55255003555034], [-0.06002746729146313, 43.55442957864971], [-0.06220083254220843, 43.55630912174908], [-0.06437419779295395, 43.55818866484845], [-0.06654756304369747, 43.56006820794782], [-0.06872092829444187, 43.5619477510472], [-0.0708942935451875, 43.563827294146556], [-0.07306765879593202, 43.56570683724593], [-0.07524102404667643, 43.567586380345304], [-0.07524102404667643, 43.567586380345304], [-0.07287889769455969, 43.569844111615055], [-0.07051677134244383, 43.572101842884805], [-0.06815464499032797, 43.57435957415456], [-0.06579251863821034, 43.576617305424314], [-0.06343039228609437, 43.57887503669407], [-0.06106826593397774, 43.58113276796382], [-0.05870613958186188, 43.58339049923357], [-0.05634401322974503, 43.585648230503324], [-0.05398188687762839, 43.587905961773075], [-0.051619760525512426, 43.59016369304284], [-0.051619760525512426, 43.59016369304284], [-0.05143381111496592, 43.59204491881099], [-0.05124786170442053, 43.59392614457914], [-0.05106191229387491, 43.5958073703473], [-0.05087596288332841, 43.59768859611546], [-0.05069001347278279, 43.59956982188362], [-0.05050406406223629, 43.60145104765177], [-0.05031811465169067, 43.60333227341993], [-0.050132165241146054, 43.60521349918809], [-0.04994621583059966, 43.60709472495624], [-0.049760266420053045, 43.6089759507244], [-0.049760266420053045, 43.6089759507244], [-0.04486540983022924, 43.60822513810862], [-0.03997055324040555, 43.60747432549284], [-0.03507569665057986, 43.60672351287706], [-0.030180840060756053, 43.605972700261276], [-0.02528598347093225, 43.6052218876455], [-0.020391126881107557, 43.60447107502971], [-0.015496270291283754, 43.60372026241393], [-0.01060141370145995, 43.60296944979815], [-0.005706557111636146, 43.602218637182375], [-0.0008117005218105655, 43.60146782456658], [-0.0008117005218105655, 43.60146782456658], [0.004622177871802746, 43.59820890732236], [0.010056056265418722, 43.59494999007813], [0.015489934659032145, 43.59169107283391], [0.020923813052647233, 43.58843215558968], [0.0263576914462611, 43.58517323834545], [0.0317915698398763, 43.581914321101216], [0.03722544823349061, 43.57865540385699], [0.0426593266271047, 43.57539648661276], [0.048093205020719676, 43.57213756936853], [0.05352708341433399, 43.5688786521243], [0.05352708341433399, 43.5688786521243], [0.05334074862502991, 43.56599440406732], [0.05315441383572872, 43.56311015601033], [0.05296807904642553, 43.560225907953345], [0.052781744257122565, 43.55734165989636], [0.052595409467819376, 43.55445741183937], [0.0524090746785173, 43.55157316378239], [0.052222739889215, 43.54868891572541], [0.05203640509991114, 43.54580466766843], [0.051850070310607954, 43.542920419611434], [0.051663735521305876, 43.540036171554455], [0.051663735521305876, 43.540036171554455], [0.05528878901838152, 43.53941001645134], [0.05891384251545739, 43.53878386134825], [0.06253889601253304, 43.53815770624515], [0.06616394950960891, 43.53753155114206], [0.06978900300668478, 43.536905396038954], [0.07341405650376132, 43.536279240935855], [0.07703911000083696, 43.535653085832756], [0.08066416349791283, 43.535026930729664], [0.08428921699498781, 43.53440077562656], [0.08791427049206457, 43.53377462052347], [0.08791427049206457, 43.53377462052347], [0.09297693288133724, 43.5255003355935], [0.09803959527061168, 43.51722605066354], [0.10310225765988612, 43.508951765733585], [0.1081649200491599, 43.500677480803624], [0.11322758243843345, 43.49240319587366], [0.118290244827707, 43.4841289109437], [0.12335290721698056, 43.47585462601374], [0.12841556960625522, 43.46758034108378], [0.13347823199552966, 43.45930605615382], [0.13854089438480233, 43.45103177122386], [0.13854089438480233, 43.45103177122386], [0.1405205663793596, 43.443258747572955], [0.14250023837391423, 43.435485723922035], [0.14447991036847152, 43.42771270027113], [0.14645958236302703, 43.419939676620224], [0.14843925435758432, 43.41216665296931], [0.15041892635213894, 43.40439362931841], [0.1523985983466951, 43.39662060566749], [0.1543782703412515, 43.38884758201659], [0.15635794233580613, 43.38107455836568], [0.15833761433036342, 43.37330153471477], [0.15833761433036342, 43.37330153471477], [0.1623267314620609, 43.37317750115257], [0.16631584859375836, 43.37305346759037], [0.17030496572545673, 43.37292943402817], [0.17429408285715509, 43.37280540046598], [0.17828319998885345, 43.37268136690378], [0.1822723171205498, 43.372557333341575], [0.18626143425224884, 43.37243329977937], [0.1902505513839463, 43.372309266217165], [0.19423966851564578, 43.37218523265498], [0.19822878564734214, 43.37206119909277], [0.19822878564734214, 43.37206119909277], [0.20240433470868302, 43.37406839493312], [0.20657988377002456, 43.37607559077346], [0.21075543283136478, 43.37808278661381], [0.21493098189270654, 43.38008998245414], [0.21910653095404653, 43.38209717829449], [0.22328208001538719, 43.38410437413483], [0.22745762907672895, 43.38611156997517], [0.23163317813806894, 43.38811876581551], [0.2358087271994107, 43.39012596165585], [0.23998427626075158, 43.3921331574962], [0.23998427626075158, 43.3921331574962], [0.2421585173200811, 43.391506640322014], [0.2443327583794126, 43.39088012314784], [0.246506999438743, 43.39025360597365], [0.24868124049807427, 43.389627088799465], [0.25085548155740356, 43.38900057162528], [0.2530297226167342, 43.3883740544511], [0.25520396367606457, 43.38774753727692], [0.25737820473539585, 43.38712102010274], [0.25955244579472625, 43.38649450292856], [0.26172668685405576, 43.38586798575437], [0.26172668685405576, 43.38586798575437], [0.2665952546813595, 43.37069714328668], [0.2714638225086632, 43.35552630081898], [0.2763323903359669, 43.34035545835128], [0.28120095816326973, 43.32518461588358], [0.28606952599057256, 43.31001377341588], [0.29093809381787605, 43.29484293094818], [0.2958066616451789, 43.27967208848048], [0.3006752294724826, 43.264501246012784], [0.3055437972997872, 43.24933040354509], [0.31041236512709003, 43.23415956107739], [0.31041236512709003, 43.23415956107739], [0.30895429326289525, 43.23039793233891], [0.3074962213987016, 43.226636303600436], [0.3060381495345068, 43.222874674861956], [0.30458007767031336, 43.21911304612348], [0.30312200580612014, 43.215351417385], [0.3016639339419265, 43.211589788646535], [0.3002058620777319, 43.20782815990806], [0.29874779021353826, 43.20406653116959], [0.29728971834934437, 43.20030490243111], [0.2958316464851498, 43.19654327369263], [0.2958316464851498, 43.19654327369263], [0.2972764098582854, 43.19340948387905], [0.2987211732314212, 43.19027569406547], [0.30016593660455704, 43.187141904251895], [0.30161069997769197, 43.18400811443832], [0.3030554633508278, 43.180874324624746], [0.30450022672396226, 43.17774053481116], [0.3059449900970983, 43.17460674499758], [0.30738975347023323, 43.17147295518401], [0.3088345168433688, 43.168339165370426], [0.3102792802165055, 43.165205375556845], [0.3102792802165055, 43.165205375556845], [0.314092217000709, 43.167462429722654], [0.3179051537849127, 43.16971948388847], [0.32171809056911616, 43.171976538054274], [0.32553102735331985, 43.174233592220084], [0.3293439641375233, 43.17649064638589], [0.3331569009217268, 43.178747700551696], [0.3369698377059305, 43.18100475471751], [0.34078277449013417, 43.18326180888332], [0.34459571127433763, 43.18551886304913], [0.348408648058542, 43.18777591721494], [0.348408648058542, 43.18777591721494], [0.35185075622282014, 43.186021665158876], [0.3552928643870974, 43.1842674131028], [0.35873497255137554, 43.182513161046735], [0.3621770807156528, 43.18075890899067], [0.36561918887993095, 43.17900465693461], [0.3690612970442091, 43.17725040487854], [0.37250340520848635, 43.17549615282247], [0.3759455133727645, 43.1737419007664], [0.37938762153704353, 43.171987648710335], [0.3828297297013217, 43.170233396654275], [0.3828297297013217, 43.170233396654275], [0.38716838982020807, 43.163088021510006], [0.39150704993909446, 43.15594264636574], [0.39584571005798086, 43.14879727122147], [0.40018437017686725, 43.1416518960772], [0.40452303029575454, 43.134506520932945], [0.40886169041464115, 43.12736114578867], [0.41320035053352755, 43.1202157706444], [0.41753901065241394, 43.113070395500145], [0.42187767077130034, 43.105925020355876], [0.4262163308901876, 43.0987796452116], [0.4262163308901876, 43.0987796452116], [0.43038839346024504, 43.09978376329579], [0.43456045603030047, 43.10078788137998], [0.4387325186003579, 43.101791999464176], [0.4429045811704151, 43.102796117548365], [0.4470766437404716, 43.103800235632555], [0.45124870631052794, 43.10480435371675], [0.45542076888058514, 43.10580847180094], [0.45959283145064167, 43.10681258988513], [0.463764894020698, 43.10781670796932], [0.4679369565907554, 43.10882082605352], [0.4679369565907554, 43.10882082605352], [0.4746645954511304, 43.11785008762006], [0.48139223431150513, 43.126879349186616], [0.4881198731718801, 43.13590861075316], [0.49484751203225485, 43.14493787231971], [0.5015751508926289, 43.15396713388626], [0.5083027897530039, 43.162996395452815], [0.5150304286133789, 43.17202565701936], [0.5217580674737539, 43.181054918585914], [0.5284857063341288, 43.190084180152475], [0.5352133451945038, 43.19911344171902], [0.5352133451945038, 43.19911344171902], [0.546471640748823, 43.20601172131252], [0.5577299363031452, 43.21291000090602], [0.5689882318574644, 43.21980828049952], [0.5802465274117854, 43.226706560093014], [0.5915048229661048, 43.23360483968652], [0.602763118520425, 43.24050311928001], [0.6140214140747453, 43.24740139887351], [0.6252797096290656, 43.25429967846701], [0.6365380051833858, 43.26119795806051], [0.647796300737705, 43.268096237654], [0.647796300737705, 43.268096237654], [0.6510635928991468, 43.2702292204106], [0.6543308850605869, 43.2723622031672], [0.6575981772220274, 43.274495185923804], [0.6608654693834675, 43.276628168680396], [0.6641327615449084, 43.27876115143699], [0.6674000537063485, 43.28089413419359], [0.6706673458677903, 43.283027116950194], [0.6739346380292295, 43.285160099706786], [0.6772019301906707, 43.287293082463385], [0.6804692223521107, 43.28942606521999], [0.6804692223521107, 43.28942606521999], [0.6839259403934304, 43.294442257630465], [0.6873826584347502, 43.29945845004095], [0.6908393764760696, 43.304474642451424], [0.6942960945173895, 43.30949083486192], [0.6977528125587091, 43.3145070272724], [0.7012095306000279, 43.31952321968288], [0.7046662486413466, 43.324539412093365], [0.7081229666826663, 43.329555604503845], [0.7115796847239859, 43.334571796914325], [0.7150364027653056, 43.339587989324805], [0.7150364027653056, 43.339587989324805], [0.7219278785203103, 43.33984075188007], [0.728819354275315, 43.340093514435324], [0.7357108300303188, 43.34034627699059], [0.7426023057853244, 43.34059903954584], [0.7494937815403282, 43.3408518021011], [0.7563852572953338, 43.341104564656355], [0.7632767330503376, 43.341357327211625], [0.7701682088053414, 43.34161008976688], [0.7770596845603479, 43.34186285232214], [0.7839511603153517, 43.34211561487739], [0.7839511603153517, 43.34211561487739], [0.7901495668883609, 43.34671589191688], [0.7963479734613701, 43.35131616895638], [0.8025463800343795, 43.35591644599587], [0.8087447866073894, 43.36051672303536], [0.8149431931803988, 43.36511700007485], [0.821141599753408, 43.36971727711434], [0.8273400063264171, 43.374317554153826], [0.8335384128994272, 43.37891783119331], [0.8397368194724364, 43.38351810823281], [0.8459352260454458, 43.3881183852723], [0.8459352260454458, 43.3881183852723], [0.8446637692201613, 43.39379250781626], [0.843392312394879, 43.39946663036023], [0.8421208555695954, 43.40514075290418], [0.840849398744312, 43.41081487544815], [0.8395779419190275, 43.41648899799211], [0.8383064850937445, 43.42216312053608], [0.8370350282684609, 43.427837243080035], [0.8357635714431773, 43.433511365624], [0.8344921146178941, 43.43918548816796], [0.8332206577926116, 43.44485961071193], [0.8332206577926116, 43.44485961071193], [0.8299006141336225, 43.45221783329754], [0.8265805704746316, 43.45957605588315], [0.8232605268156425, 43.46693427846875], [0.8199404831566544, 43.474292501054364], [0.8166204394976644, 43.48165072363997], [0.8133003958386755, 43.48900894622559], [0.8099803521796862, 43.4963671688112], [0.806660308520698, 43.503725391396806], [0.8033402648617081, 43.51108361398242], [0.8000202212027192, 43.51844183656803], [0.8000202212027192, 43.51844183656803], [0.8042584858802431, 43.52172340419108], [0.8084967505577678, 43.52500497181414], [0.8127350152352917, 43.52828653943719], [0.8169732799128155, 43.531568107060245], [0.8212115445903403, 43.5348496746833], [0.8254498092678635, 43.538131242306356], [0.8296880739453882, 43.54141280992941], [0.8339263386229123, 43.54469437755247], [0.8381646033004371, 43.547975945175516], [0.84240286797796, 43.55125751279857], [0.84240286797796, 43.55125751279857], [0.847158361858646, 43.557552706246646], [0.8519138557393329, 43.56384789969473], [0.8566693496200191, 43.5701430931428], [0.8614248435007053, 43.57643828659088], [0.8661803373813903, 43.582733480038954], [0.8709358312620772, 43.589028673487036], [0.8756913251427634, 43.595323866935104], [0.8804468190234496, 43.601619060383186], [0.8852023129041355, 43.60791425383126], [0.8899578067848226, 43.61420944727934], [0.8899578067848226, 43.61420944727934], [0.889708170024242, 43.61775592356118], [0.8894585332636606, 43.621302399843], [0.8892088965030802, 43.62484887612484], [0.8889592597424998, 43.62839535240667], [0.8887096229819191, 43.631941828688504], [0.8884599862213389, 43.63548830497033], [0.888210349460758, 43.639034781252164], [0.8879607127001778, 43.642581257534005], [0.8877110759395972, 43.64612773381584], [0.8874614391790168, 43.649674210097665], [0.8874614391790168, 43.649674210097665], [0.8800805208393307, 43.65440247175921], [0.8726996024996438, 43.659130733420746], [0.8653186841599569, 43.663858995082286], [0.8579377658202711, 43.66858725674383], [0.850556847480584, 43.67331551840537], [0.8431759291408971, 43.67804378006691], [0.8357950108012111, 43.68277204172845], [0.8284140924615242, 43.68750030338998], [0.8210331741218373, 43.69222856505153], [0.8136522557821513, 43.69695682671306], [0.8136522557821513, 43.69695682671306], [0.8007880299068044, 43.703348094675775], [0.7879238040314589, 43.70973936263848], [0.775059578156112, 43.71613063060119], [0.762195352280765, 43.722521898563905], [0.7493311264054188, 43.72891316652662], [0.7364669005300717, 43.73530443448933], [0.7236026746547255, 43.741695702452034], [0.7107384487793786, 43.74808697041475], [0.6978742229040322, 43.75447823837745], [0.6850099970286854, 43.760869506340164], [0.6850099970286854, 43.760869506340164], [0.6830298425150327, 43.768392526356685], [0.6810496880013803, 43.77591554637321], [0.679069533487727, 43.783438566389734], [0.6770893789740735, 43.790961586406254], [0.6751092244604213, 43.79848460642279], [0.6731290699467687, 43.8060076264393], [0.6711489154331156, 43.81353064645583], [0.6691687609194621, 43.82105366647235], [0.6671886064058099, 43.82857668648888], [0.6652084518921564, 43.83609970650541], [0.6652084518921564, 43.83609970650541], [0.6628562486914706, 43.83898337572717], [0.6605040454907849, 43.84186704494893], [0.6581518422900992, 43.84475071417069], [0.6557996390894134, 43.84763438339245], [0.6534474358887259, 43.85051805261421], [0.651095232688041, 43.853401721835965], [0.6487430294873553, 43.85628539105773], [0.6463908262866687, 43.8591690602795], [0.6440386230859838, 43.862052729501265], [0.6416864198852981, 43.864936398723025], [0.6416864198852981, 43.864936398723025], [0.6318930680260839, 43.86455684368469], [0.6220997161668698, 43.86417728864635], [0.6123063643076556, 43.863797733608024], [0.6025130124484406, 43.86341817856969], [0.5927196605892266, 43.86303862353136], [0.5829263087300123, 43.86265906849303], [0.5731329568707983, 43.8622795134547], [0.563339605011584, 43.861899958416366], [0.55354625315237, 43.86152040337803], [0.5437529012931566, 43.861140848339694], [0.5437529012931566, 43.861140848339694], [0.5332382189048288, 43.86327039160658], [0.522723536516503, 43.865399934873466], [0.5122088541281762, 43.86752947814034], [0.5016941717398493, 43.86965902140722], [0.49117948935152267, 43.87178856467411], [0.4806648069631967, 43.87391810794099], [0.4701501245748698, 43.87604765120787], [0.45963544218654295, 43.878177194474745], [0.4491207597982161, 43.88030673774163], [0.4386060774098903, 43.882436281008516], [0.4386060774098903, 43.882436281008516], [0.434248542148872, 43.879802034657025], [0.42989100688785187, 43.877167788305535], [0.4255334716268342, 43.874533541954044], [0.42117593636581496, 43.87189929560257], [0.41681840110479573, 43.869265049251084], [0.4124608658437765, 43.86663080289959], [0.40810333058275705, 43.86399655654811], [0.4037457953217396, 43.86136231019662], [0.39938826006072015, 43.85872806384513], [0.39503072479970114, 43.85609381749365], [0.39503072479970114, 43.85609381749365], [0.38904490728950836, 43.85596734923662], [0.383059089779314, 43.85584088097959], [0.37707327226912146, 43.85571441272257], [0.3710874547589271, 43.85558794446554], [0.36510163724873457, 43.85546147620852], [0.3591158197385411, 43.855335007951496], [0.3531300022283477, 43.855208539694466], [0.3471441847181551, 43.85508207143744], [0.3411583672079608, 43.854955603180414], [0.33517254969776733, 43.854829134923385], [0.33517254969776733, 43.854829134923385], [0.3297396302261515, 43.858588989222596], [0.3243067107545343, 43.862348843521794], [0.3188737912829176, 43.866108697821], [0.31344087181130087, 43.86986855212021], [0.30800795233968503, 43.873628406419414], [0.3025750328680692, 43.877388260718625], [0.29714211339645047, 43.88114811501783], [0.29170919392483463, 43.88490796931704], [0.2862762744532179, 43.888667823616245], [0.28084335498160184, 43.89242767791546], [0.28084335498160184, 43.89242767791546], [0.2701432968315307, 43.892173964873756], [0.25944323868146135, 43.89192025183205], [0.24874318053139022, 43.89166653879034], [0.23804312238131997, 43.891412825748645], [0.22734306423124973, 43.891159112706944], [0.2166430060811786, 43.890905399665236], [0.20594294793110923, 43.890651686623535], [0.19524288978103788, 43.890397973581834], [0.18454283163096763, 43.89014426054013], [0.1738427734808976, 43.889890547498425], [0.1738427734808976, 43.889890547498425], [0.17149735298707558, 43.896284385886716], [0.16915193249325555, 43.90267822427501], [0.16680651199943464, 43.909072062663306], [0.16446109150561283, 43.9154659010516], [0.16211567101179192, 43.921859739439896], [0.1597702505179719, 43.92825357782817], [0.1574248300241501, 43.93464741621647], [0.15507940953032917, 43.94104125460476], [0.15273398903650803, 43.947435092993054], [0.150388568542688, 43.953828931381345], [0.150388568542688, 43.953828931381345], [0.1480549992773652, 43.96636724762838], [0.14572143001204418, 43.978905563875415], [0.14338786074672294, 43.99144388012245], [0.1410542914814008, 44.003982196369485], [0.13872072221607978, 44.016520512616516], [0.13638715295075787, 44.029058828863555], [0.13405358368543685, 44.04159714511059], [0.1317200144201156, 44.05413546135762], [0.1293864451547937, 44.066673777604656], [0.12705287588947245, 44.07921209385169], [0.12705287588947245, 44.07921209385169], [0.12542636963464648, 44.08184490149306], [0.12379986337981963, 44.084477709134426], [0.12217335712499344, 44.08711051677579], [0.12054685087016637, 44.08974332441715], [0.11892034461533951, 44.092376132058526], [0.11729383836051355, 44.09500893969989], [0.11566733210568536, 44.09764174734125], [0.1140408258508594, 44.10027455498262], [0.11241431959603254, 44.10290736262398], [0.11078781334120635, 44.10554017026534], [0.11078781334120635, 44.10554017026534], [0.10371063149364357, 44.10353225028086], [0.09663344964607945, 44.10152433029638], [0.08955626779851644, 44.09951641031191], [0.08247908595095343, 44.097508490327414], [0.07540190410338865, 44.095500570342935], [0.06832472225582542, 44.09349265035844], [0.06124754040826086, 44.09148473037396], [0.05417035856069785, 44.08947681038948], [0.04709317671313462, 44.08746889040499], [0.040015994865570725, 44.085460970420506], [0.040015994865570725, 44.085460970420506], [0.02387625035848262, 44.08545694251543], [0.007736505851395736, 44.08545291461036], [-0.008403238655691592, 44.08544888670527], [-0.024542983162779586, 44.085444858800194], [-0.04068272766986747, 44.085440830895124], [-0.0568224721769548, 44.08543680299004], [-0.07296221668404268, 44.08543277508497], [-0.08910196119113079, 44.08542874717989], [-0.10524170569821889, 44.085424719274805], [-0.12138145020530589, 44.085420691369734], [-0.12138145020530589, 44.085420691369734], [-0.12409505542684984, 44.08918127900627], [-0.12680866064839635, 44.0929418666428], [-0.12952226586994098, 44.09670245427934], [-0.1322358710914856, 44.10046304191587], [-0.13494947631303034, 44.10422362955241], [-0.13766308153457585, 44.10798421718894], [-0.14037668675612058, 44.111744804825484], [-0.14309029197766532, 44.11550539246201], [-0.14580389719921172, 44.119265980098554], [-0.14851750242075545, 44.12302656773509], [-0.14851750242075545, 44.12302656773509], [-0.15100988321160025, 44.12212328591501], [-0.15350226400244582, 44.12122000409493], [-0.1559946447932905, 44.12031672227485], [-0.1584870255841353, 44.11941344045477], [-0.16097940637497987, 44.11851015863469], [-0.16347178716582444, 44.11760687681462], [-0.16596416795666924, 44.11670359499454], [-0.16845654874751392, 44.11580031317446], [-0.1709489295383586, 44.114897031354374], [-0.17344131032920418, 44.1139937495343], [-0.17344131032920418, 44.1139937495343], [-0.1734907050076926, 44.11401829454204], [-0.17354009968618112, 44.114042839549775], [-0.17358949436466942, 44.114067384557515], [-0.17363888904315883, 44.11409192956524], [-0.17368828372164713, 44.11411647457299], [-0.17373767840013654, 44.11414101958072], [-0.17378707307862507, 44.11416556458846], [-0.1738364677571126, 44.11419010959619], [-0.173885862435602, 44.11421465460393], [-0.1739352571140913, 44.11423919961167]]]}}, {"type": "Feature", "properties": {"diocese": "AIRE", "province": "IV_Auch"}, "geometry": {"type": "Polygon", "coordinates": [[[-0.38621596505317446, 44.16004554074561], [-0.3996887313590385, 44.15614095316671], [-0.4131614976649025, 44.15223636558781], [-0.42663426397076454, 44.14833177800892], [-0.44010703027662756, 44.14442719043002], [-0.45357979658249237, 44.14052260285113], [-0.4670525628883546, 44.13661801527223], [-0.48052532919421753, 44.13271342769334], [-0.4939980955000815, 44.12880884011444], [-0.5074708618059445, 44.12490425253554], [-0.5209436281118076, 44.12099966495665], [-0.5209436281118076, 44.12099966495665], [-0.5286375356627503, 44.12126377351055], [-0.5363314432136932, 44.121527882064456], [-0.5440253507646368, 44.121791990618355], [-0.5517192583155806, 44.12205609917225], [-0.5594131658665235, 44.12232020772615], [-0.5671070734174652, 44.122584316280054], [-0.5748009809684098, 44.12284842483396], [-0.5824948885193525, 44.12311253338786], [-0.5901887960702944, 44.12337664194176], [-0.5978827036212382, 44.12364075049566], [-0.5978827036212382, 44.12364075049566], [-0.6001225461567629, 44.12550211879713], [-0.6023623886922866, 44.127363487098606], [-0.6046022312278114, 44.12922485540008], [-0.6068420737633352, 44.13108622370156], [-0.6090819162988608, 44.132947592003035], [-0.6113217588343854, 44.13480896030451], [-0.6135616013699092, 44.13667032860598], [-0.615801443905433, 44.13853169690746], [-0.6180412864409586, 44.14039306520893], [-0.6202811289764824, 44.14225443351041], [-0.6202811289764824, 44.14225443351041], [-0.6277095676894577, 44.131165407829016], [-0.6351380064024332, 44.12007638214763], [-0.6425664451154077, 44.10898735646624], [-0.6499948838283831, 44.09789833078485], [-0.6574233225413587, 44.08680930510346], [-0.6648517612543333, 44.075720279422065], [-0.6722801999673096, 44.06463125374068], [-0.679708638680284, 44.05354222805929], [-0.6871370773932595, 44.0424532023779], [-0.6945655161062348, 44.031364176696506], [-0.6945655161062348, 44.031364176696506], [-0.6867879039835391, 44.02083337286067], [-0.6790102918608432, 44.01030256902482], [-0.6712326797381474, 43.999771765188974], [-0.6634550676154533, 43.98924096135313], [-0.6556774554927574, 43.978710157517284], [-0.6478998433700613, 43.96817935368145], [-0.6401222312473666, 43.9576485498456], [-0.6323446191246705, 43.94711774600976], [-0.6245670070019747, 43.93658694217391], [-0.6167893948792788, 43.92605613833807], [-0.6167893948792788, 43.92605613833807], [-0.6157115903672482, 43.92091604847914], [-0.6146337858552167, 43.91577595862022], [-0.6135559813431843, 43.9106358687613], [-0.6124781768311538, 43.90549577890236], [-0.6114003723191215, 43.900355689043444], [-0.610322567807089, 43.89521559918452], [-0.6092447632950574, 43.8900755093256], [-0.608166958783026, 43.88493541946667], [-0.6070891542709953, 43.87979532960775], [-0.606011349758963, 43.87465523974882], [-0.606011349758963, 43.87465523974882], [-0.6103771054796479, 43.86775769580652], [-0.6147428612003321, 43.8608601518642], [-0.619108616921016, 43.85396260792191], [-0.623474372641701, 43.84706506397959], [-0.6278401283623852, 43.84016752003729], [-0.6322058840830702, 43.833269976094975], [-0.6365716398037551, 43.826372432152674], [-0.6409373955244391, 43.819474888210365], [-0.6453031512451224, 43.81257734426806], [-0.6496689069658073, 43.805679800325755], [-0.6496689069658073, 43.805679800325755], [-0.6572926133615973, 43.80229264996339], [-0.6649163197573872, 43.79890549960103], [-0.6725400261531762, 43.79551834923867], [-0.6801637325489661, 43.79213119887631], [-0.6877874389447554, 43.78874404851395], [-0.6954111453405453, 43.78535689815159], [-0.7030348517363343, 43.781969747789226], [-0.7106585581321242, 43.77858259742687], [-0.7182822645279133, 43.775195447064505], [-0.7259059709237032, 43.77180829670215], [-0.7259059709237032, 43.77180829670215], [-0.7284493499388027, 43.7692994775097], [-0.730992728953904, 43.76679065831725], [-0.7335361079690046, 43.76428183912479], [-0.736079486984105, 43.76177301993234], [-0.7386228659992045, 43.75926420073989], [-0.741166245014305, 43.756755381547435], [-0.7437096240294063, 43.754246562354986], [-0.7462530030445058, 43.751737743162536], [-0.7487963820596064, 43.74922892397008], [-0.7513397610747068, 43.74672010477763], [-0.7513397610747068, 43.74672010477763], [-0.7518918523795681, 43.74245661676263], [-0.7524439436844287, 43.73819312874763], [-0.7529960349892882, 43.733929640732626], [-0.7535481262941497, 43.72966615271763], [-0.7541002175990109, 43.725402664702635], [-0.7546523089038714, 43.72113917668764], [-0.7552044002087327, 43.716875688672644], [-0.7557564915135924, 43.712612200657645], [-0.7563085828184537, 43.70834871264264], [-0.7568606741233141, 43.70408522462764], [-0.7568606741233141, 43.70408522462764], [-0.7527049751586902, 43.69581175252646], [-0.7485492761940651, 43.68753828042528], [-0.7443935772294402, 43.67926480832409], [-0.7402378782648162, 43.670991336222905], [-0.7360821793001913, 43.66271786412173], [-0.7319264803355664, 43.654444392020544], [-0.7277707813709432, 43.64617091991936], [-0.7236150824063174, 43.637897447818176], [-0.7194593834416935, 43.62962397571699], [-0.7153036844770684, 43.62135050361581], [-0.7153036844770684, 43.62135050361581], [-0.7131408179266542, 43.61483060608375], [-0.7109779513762401, 43.608310708551684], [-0.7088150848258232, 43.60179081101962], [-0.7066522182754089, 43.59527091348755], [-0.7044893517249939, 43.588751015955495], [-0.7023264851745797, 43.58223111842343], [-0.7001636186241647, 43.575711220891364], [-0.6980007520737496, 43.5691913233593], [-0.6958378855233336, 43.56267142582724], [-0.6936750189729194, 43.556151528295175], [-0.6936750189729194, 43.556151528295175], [-0.686058815321566, 43.55565134365122], [-0.6784426116702117, 43.55515115900725], [-0.6708264080188582, 43.5546509743633], [-0.663210204367504, 43.55415078971933], [-0.6555940007161497, 43.553650605075354], [-0.6479777970647963, 43.5531504204314], [-0.6403615934134429, 43.55265023578743], [-0.6327453897620885, 43.55215005114347], [-0.6251291861107352, 43.55164986649951], [-0.6175129824593799, 43.55114968185555], [-0.6175129824593799, 43.55114968185555], [-0.6122550311788835, 43.55039895985526], [-0.6069970798983858, 43.549648237854974], [-0.6017391286178883, 43.548897515854684], [-0.5964811773373915, 43.5481467938544], [-0.5912232260568948, 43.547396071854116], [-0.5859652747763971, 43.54664534985383], [-0.5807073234958997, 43.54589462785354], [-0.5754493722154029, 43.54514390585326], [-0.5701914209349054, 43.544393183852975], [-0.5649334696544068, 43.54364246185269], [-0.5649334696544068, 43.54364246185269], [-0.5634884651800642, 43.54063359181617], [-0.5620434607057215, 43.53762472177965], [-0.5605984562313789, 43.534615851743126], [-0.5591534517570363, 43.53160698170661], [-0.5577084472826934, 43.52859811167009], [-0.5562634428083517, 43.525589241633575], [-0.5548184383340099, 43.52258037159705], [-0.5533734338596673, 43.519571501560534], [-0.5519284293853247, 43.51656263152401], [-0.550483424910982, 43.51355376148749], [-0.550483424910982, 43.51355376148749], [-0.5408679461746362, 43.51543734053014], [-0.5312524674382912, 43.51732091957279], [-0.5216369887019463, 43.51920449861544], [-0.5120215099656014, 43.521088077658085], [-0.5024060312292564, 43.52297165670073], [-0.49279055249291137, 43.52485523574338], [-0.48317507375656643, 43.526738814786036], [-0.4735595950202214, 43.52862239382868], [-0.46394411628387644, 43.53050597287133], [-0.4543286375475306, 43.53238955191398], [-0.4543286375475306, 43.53238955191398], [-0.44961503362069033, 43.531387651375496], [-0.44490142969385127, 43.53038575083701], [-0.4401878257670101, 43.529383850298544], [-0.43547422184017015, 43.52838194976006], [-0.430760617913331, 43.52738004922158], [-0.4260470139864898, 43.52637814868311], [-0.42133341005964975, 43.52537624814462], [-0.4166198061328097, 43.524374347606134], [-0.4119062022059694, 43.52337244706766], [-0.40719259827912935, 43.52237054652918], [-0.40719259827912935, 43.52237054652918], [-0.4019323255265135, 43.52362597888035], [-0.3966720527738976, 43.52488141123151], [-0.39141178002128096, 43.526136843582684], [-0.3861515072686659, 43.52739227593385], [-0.38089123451605, 43.528647708285014], [-0.37563096176343325, 43.52990314063617], [-0.3703706890108166, 43.531158572987344], [-0.36511041625820084, 43.53241400533851], [-0.35985014350558564, 43.533669437689674], [-0.3545898707529691, 43.53492487004083], [-0.3545898707529691, 43.53492487004083], [-0.3511454884649039, 43.53354554178316], [-0.3477011061768396, 43.53216621352549], [-0.3442567238887744, 43.53078688526782], [-0.34081234160070895, 43.529407557010146], [-0.33736795931264374, 43.528028228752476], [-0.33392357702457853, 43.526648900494806], [-0.3304791947365143, 43.52526957223713], [-0.32703481244844823, 43.52389024397946], [-0.3235904301603838, 43.52251091572178], [-0.3201460478723186, 43.52113158746411], [-0.3201460478723186, 43.52113158746411], [-0.3125246177115347, 43.52414272015963], [-0.30490318755075174, 43.52715385285514], [-0.29728175738996876, 43.53016498555066], [-0.2896603272291849, 43.53317611824618], [-0.28203889706840113, 43.53618725094169], [-0.27441746690761804, 43.539198383637206], [-0.26679603674683516, 43.542209516332726], [-0.2591746065860513, 43.54522064902824], [-0.2515531764252674, 43.54823178172376], [-0.24393174626448355, 43.55124291441927], [-0.24393174626448355, 43.55124291441927], [-0.24235273834057436, 43.551219790323024], [-0.24077373041666517, 43.551196666226765], [-0.23919472249275575, 43.55117354213051], [-0.23761571456884567, 43.55115041803427], [-0.23603670664493648, 43.55112729393801], [-0.23445769872102706, 43.55110416984177], [-0.23287869079711787, 43.55108104574551], [-0.23129968287320757, 43.55105792164926], [-0.22972067494929838, 43.551034797553015], [-0.22814166702538918, 43.551011673456756], [-0.22814166702538918, 43.551011673456756], [-0.23025909273334078, 43.55385585794517], [-0.23237651844129137, 43.55670004243359], [-0.23449394414924107, 43.55954422692201], [-0.23661136985719255, 43.562388411410424], [-0.23872879556514315, 43.565232595898834], [-0.24084622127309485, 43.568076780387244], [-0.24296364698104533, 43.57092096487567], [-0.24508107268899515, 43.573765149364085], [-0.24719849839694663, 43.576609333852495], [-0.24931592410489734, 43.579453518340905], [-0.24931592410489734, 43.579453518340905], [-0.25294243697575125, 43.57932763888224], [-0.25656894984660505, 43.57920175942358], [-0.26019546271745886, 43.57907587996492], [-0.26382197558831266, 43.578950000506254], [-0.26744848845916747, 43.57882412104759], [-0.2710750013300214, 43.57869824158893], [-0.2747015142008742, 43.57857236213027], [-0.2783280270717281, 43.5784464826716], [-0.2819545399425818, 43.57832060321294], [-0.2855810528134357, 43.57819472375428], [-0.2855810528134357, 43.57819472375428], [-0.28575840302431077, 43.58076483156754], [-0.2859357532351847, 43.58333493938082], [-0.2861131034460578, 43.58590504719409], [-0.2862904536569326, 43.58847515500735], [-0.28646780386780746, 43.59104526282062], [-0.2866451540786814, 43.5936153706339], [-0.28682250428955536, 43.59618547844717], [-0.2869998545004293, 43.59875558626044], [-0.28717720471130326, 43.6013256940737], [-0.2873545549221781, 43.60389580188698], [-0.2873545549221781, 43.60389580188698], [-0.2818216556056572, 43.604712223691436], [-0.2762887562891362, 43.605528645495895], [-0.2707558569726143, 43.60634506730036], [-0.26522295765609316, 43.607161489104826], [-0.25969005833957226, 43.607977910909284], [-0.25415715902305125, 43.60879433271374], [-0.24862425970653024, 43.60961075451821], [-0.24309136039000823, 43.61042717632267], [-0.23755846107348733, 43.61124359812713], [-0.23202556175696631, 43.6120600199316], [-0.23202556175696631, 43.6120600199316], [-0.2311987783834537, 43.61695058159382], [-0.230371995009943, 43.621841143256034], [-0.2295452116364305, 43.626731704918264], [-0.22871842826291955, 43.631622266580486], [-0.22789164488940605, 43.636512828242715], [-0.22706486151589345, 43.64140338990494], [-0.22623807814238273, 43.646293951567166], [-0.22541129476887, 43.65118451322939], [-0.2245845113953593, 43.65607507489161], [-0.22375772802184668, 43.66096563655384], [-0.22375772802184668, 43.66096563655384], [-0.22039565173173958, 43.664978783152456], [-0.21703357544163437, 43.66899192975108], [-0.21367149915152817, 43.67300507634971], [-0.21030942286142118, 43.67701822294832], [-0.2069473465713142, 43.68103136954694], [-0.20358527028120788, 43.685044516145574], [-0.20022319399110278, 43.68905766274418], [-0.19686111770099568, 43.693070809342814], [-0.19349904141088947, 43.69708395594144], [-0.1901369651207825, 43.70109710254006], [-0.1901369651207825, 43.70109710254006], [-0.1926663079076435, 43.70586075835458], [-0.1951956506945045, 43.710624414169104], [-0.19772499348136563, 43.71538806998363], [-0.20025433626822675, 43.72015172579815], [-0.20278367905508687, 43.72491538161268], [-0.20531302184194866, 43.7296790374272], [-0.207842364628809, 43.73444269324173], [-0.21037170741567002, 43.73920634905625], [-0.21290105020253014, 43.743970004870775], [-0.21543039298939215, 43.7487336606853], [-0.21543039298939215, 43.7487336606853], [-0.21297647656440666, 43.75211952085232], [-0.2105225601394214, 43.75550538101933], [-0.20806864371443523, 43.75889124118634], [-0.20561472728945085, 43.762277101353355], [-0.20316081086446547, 43.76566296152036], [-0.2007068944394803, 43.76904882168738], [-0.19825297801449582, 43.77243468185439], [-0.19579906158950944, 43.77582054202141], [-0.19334514516452517, 43.77920640218842], [-0.1908912287395398, 43.78259226235543], [-0.1908912287395398, 43.78259226235543], [-0.18580763951919355, 43.785164722286225], [-0.18072405029884708, 43.787737182217036], [-0.1756404610785005, 43.79030964214784], [-0.17055687185815438, 43.79288210207864], [-0.1654732826378088, 43.795454562009446], [-0.16038969341746334, 43.79802702194025], [-0.155306104197116, 43.800599481871046], [-0.15022251497677064, 43.80317194180185], [-0.14513892575642418, 43.80574440173265], [-0.1400553365360787, 43.80831686166346], [-0.1400553365360787, 43.80831686166346], [-0.13670233605966642, 43.80762763187322], [-0.133349335583255, 43.80693840208297], [-0.12999633510684272, 43.80624917229272], [-0.12664333463043143, 43.805559942502484], [-0.12329033415401902, 43.804870712712244], [-0.1199373336776075, 43.804181482922], [-0.11658433320119632, 43.80349225313175], [-0.11323133272478392, 43.80280302334151], [-0.1098783322483734, 43.80211379355126], [-0.10652533177196111, 43.80142456376102], [-0.10652533177196111, 43.80142456376102], [-0.10362769256755311, 43.799356126343994], [-0.10073005336314489, 43.797287688926986], [-0.09783241415873845, 43.79521925150997], [-0.09493477495433023, 43.793150814092954], [-0.09203713574992212, 43.791082376675945], [-0.0891394965455139, 43.78901393925892], [-0.08624185734110656, 43.78694550184191], [-0.08334421813669834, 43.7848770644249], [-0.08044657893229012, 43.78280862700788], [-0.07754893972788202, 43.780740189590865], [-0.07754893972788202, 43.780740189590865], [-0.07146974915917093, 43.78281086730469], [-0.06539055859045972, 43.784881545018536], [-0.05931136802174941, 43.78695222273236], [-0.05323217745303843, 43.789022900446184], [-0.04715298688432723, 43.791093578160016], [-0.04107379631561614, 43.79316425587385], [-0.03499460574690494, 43.795234933587686], [-0.02891541517819285, 43.79730561130151], [-0.022836224609481648, 43.79937628901535], [-0.01675703404077067, 43.80144696672917], [-0.01675703404077067, 43.80144696672917], [-0.016738762918387717, 43.81091363246121], [-0.016720491796003767, 43.82038029819325], [-0.016702220673620705, 43.829846963925284], [-0.016683949551237642, 43.839313629657326], [-0.016665678428853803, 43.84878029538935], [-0.01664740730647085, 43.85824696112139], [-0.01662913618408779, 43.86771362685343], [-0.016610865061704838, 43.877180292585464], [-0.016592593939321, 43.886646958317506], [-0.016574322816937825, 43.89611362404955], [-0.016574322816937825, 43.89611362404955], [-0.020656077359240133, 43.89467050461184], [-0.024737831901544216, 43.89322738517412], [-0.028819586443846412, 43.89178426573641], [-0.03290134098614861, 43.8903411462987], [-0.036983095528451804, 43.888898026861], [-0.041064850070754, 43.88745490742329], [-0.04514660461305808, 43.886011787985574], [-0.04922835915536017, 43.88456866854787], [-0.053310113697662476, 43.88312554911017], [-0.05739186823996545, 43.88168242967246], [-0.05739186823996545, 43.88168242967246], [-0.05992905180168684, 43.883186958744886], [-0.06246623536340978, 43.884691487817314], [-0.06500341892513029, 43.88619601688974], [-0.06754060248685234, 43.887700545962176], [-0.07007778604857451, 43.88920507503461], [-0.07261496961029668, 43.89070960410704], [-0.07515215317201773, 43.89221413317947], [-0.07768933673374001, 43.89371866225189], [-0.08022652029546118, 43.89522319132433], [-0.08276370385718335, 43.89672772039676], [-0.08276370385718335, 43.89672772039676], [-0.08167213680584562, 43.89791905090174], [-0.08058056975450889, 43.899110381406715], [-0.07948900270317116, 43.90030171191169], [-0.07839743565183455, 43.90149304241666], [-0.0773058686004977, 43.902684372921634], [-0.07621430154916009, 43.90387570342661], [-0.07512273449782314, 43.905067033931594], [-0.07403116744648564, 43.90625836443657], [-0.0729396003951488, 43.90744969494154], [-0.07184803334381118, 43.908641025446514], [-0.07184803334381118, 43.908641025446514], [-0.06821982569192442, 43.909645007803896], [-0.06459161804003855, 43.910648990161285], [-0.060963410388151784, 43.91165297251867], [-0.0573352027362648, 43.91265695487605], [-0.05370699508437726, 43.91366093723344], [-0.05007878743249039, 43.91466491959082], [-0.04645057978060363, 43.9156689019482], [-0.04282237212871676, 43.916672884305584], [-0.039194164476830884, 43.91767686666297], [-0.0355659568249439, 43.918680849020355], [-0.0355659568249439, 43.918680849020355], [-0.03528966901569741, 43.920938059739136], [-0.03501338120644992, 43.92319527045792], [-0.03473709339720321, 43.9254524811767], [-0.034460805587955834, 43.92770969189548], [-0.03418451777870912, 43.92996690261427], [-0.03390822996946341, 43.93222411333305], [-0.033631942160215034, 43.93448132405184], [-0.03335565435096843, 43.93673853477062], [-0.03307936654172161, 43.9389957454894], [-0.03280307873247512, 43.94125295620818], [-0.03280307873247512, 43.94125295620818], [-0.040588436812031614, 43.9477704113922], [-0.04837379489158988, 43.95428786657621], [-0.056159152971147375, 43.96080532176022], [-0.06394451105070287, 43.96732277694423], [-0.07172986913026047, 43.97384023212824], [-0.07951522720981796, 43.98035768731225], [-0.08730058528937534, 43.98687514249627], [-0.09508594336893195, 43.99339259768028], [-0.10287130144849022, 43.99991005286429], [-0.1106566595280476, 44.0064275080483], [-0.1106566595280476, 44.0064275080483], [-0.11898540371692168, 44.01319592500439], [-0.12731414790579743, 44.01996434196048], [-0.13564289209467328, 44.02673275891657], [-0.14397163628354914, 44.033501175872665], [-0.1523003804724249, 44.04026959282876], [-0.16062912466129986, 44.047038009784856], [-0.16895786885017572, 44.053806426740934], [-0.17728661303905235, 44.06057484369703], [-0.18561535722792644, 44.06734326065312], [-0.19394410141680218, 44.07411167760922], [-0.19394410141680218, 44.07411167760922], [-0.19194321698653183, 44.078124429809456], [-0.18994233255625947, 44.0821371820097], [-0.187941448125989, 44.08614993420995], [-0.18594056369571765, 44.090162686410196], [-0.1839396792654463, 44.094175438610435], [-0.18193879483517583, 44.09818819081069], [-0.17993791040490448, 44.10220094301093], [-0.17793702597463312, 44.106213695211174], [-0.17593614154436177, 44.11022644741142], [-0.1739352571140913, 44.11423919961167], [-0.1739352571140913, 44.11423919961167], [-0.17913704635358063, 44.11687319333886], [-0.18433883559307174, 44.11950718706606], [-0.18954062483256306, 44.12214118079326], [-0.19474241407205328, 44.124775174520444], [-0.19994420331154372, 44.12740916824764], [-0.20514599255103394, 44.13004316197483], [-0.21034778179052505, 44.13267715570203], [-0.21554957103001537, 44.13531114942923], [-0.22075136026950648, 44.13794514315642], [-0.2259531495089967, 44.140579136883616], [-0.2259531495089967, 44.140579136883616], [-0.23070077617389662, 44.13915936942831], [-0.2354484028387983, 44.13773960197302], [-0.24019602950369723, 44.136319834517714], [-0.24494365616859892, 44.13490006706241], [-0.24969128283349984, 44.13348029960711], [-0.25443890949839965, 44.132060532151804], [-0.25918653616330034, 44.13064076469651], [-0.26393416282820104, 44.129220997241205], [-0.26868178949310195, 44.1278012297859], [-0.27342941615800265, 44.126381462330606], [-0.27342941615800265, 44.126381462330606], [-0.2809908126737335, 44.12886216322176], [-0.288552209189465, 44.13134286411291], [-0.2961136057051956, 44.13382356500407], [-0.30367500222092736, 44.13630426589522], [-0.31123639873665865, 44.13878496678638], [-0.3187977952523904, 44.14126566767754], [-0.326359191768121, 44.143746368568685], [-0.33392058828385185, 44.14622706945984], [-0.34148198479958336, 44.148707770350995], [-0.34904338131531487, 44.15118847124216], [-0.34904338131531487, 44.15118847124216], [-0.35276063968910043, 44.1520741781925], [-0.3564778980628869, 44.15295988514284], [-0.3601951564366732, 44.15384559209319], [-0.3639124148104588, 44.15473129904353], [-0.3676296731842452, 44.155617005993875], [-0.37134693155803067, 44.156502712944224], [-0.3750641899318172, 44.157388419894566], [-0.37878144830560256, 44.15827412684492], [-0.3824987066793899, 44.15915983379526], [-0.38621596505317446, 44.16004554074561]]]}}, {"type": "Feature", "properties": {"diocese": "BAYONNE", "province": "IV_Auch"}, "geometry": {"type": "Polygon", "coordinates": [[[-1.0846403127845297, 43.074666202223106], [-1.090401716614323, 43.07954128227935], [-1.0961631204441153, 43.08441636233558], [-1.1019245242739086, 43.08929144239182], [-1.1076859281037013, 43.09416652244806], [-1.1134473319334952, 43.0990416025043], [-1.1192087357632878, 43.10391668256054], [-1.1249701395930805, 43.108791762616775], [-1.1307315434228737, 43.11366684267301], [-1.1364929472526661, 43.11854192272925], [-1.1422543510824594, 43.12341700278549], [-1.1422543510824594, 43.12341700278549], [-1.1401855658009072, 43.132194058979714], [-1.1381167805193537, 43.14097111517394], [-1.1360479952378004, 43.14974817136817], [-1.133979209956248, 43.1585252275624], [-1.1319104246746945, 43.16730228375663], [-1.1298416393931423, 43.176079339950846], [-1.1277728541115888, 43.18485639614507], [-1.1257040688300357, 43.1936334523393], [-1.1236352835484833, 43.20241050853353], [-1.12156649826693, 43.21118756472776], [-1.12156649826693, 43.21118756472776], [-1.121304198309371, 43.21420216610605], [-1.1210418983518116, 43.217216767484345], [-1.1207795983942526, 43.22023136886264], [-1.1205172984366938, 43.22324597024093], [-1.1202549984791341, 43.226260571619235], [-1.1199926985215751, 43.22927517299753], [-1.1197303985640163, 43.23228977437583], [-1.1194680986064574, 43.23530437575412], [-1.1192057986488986, 43.238318977132415], [-1.1189434986913396, 43.241333578510705], [-1.1189434986913396, 43.241333578510705], [-1.1220176703154259, 43.243194738593374], [-1.1250918419395122, 43.245055898676036], [-1.1281660135635991, 43.246917058758704], [-1.1312401851876852, 43.24877821884137], [-1.1343143568117724, 43.25063937892403], [-1.1373885284358591, 43.2525005390067], [-1.1404627000599454, 43.254361699089365], [-1.1435368716840315, 43.25622285917203], [-1.1466110433081185, 43.258084019254696], [-1.1496852149322045, 43.259945179337365], [-1.1496852149322045, 43.259945179337365], [-1.1455726242064614, 43.26455669491173], [-1.1414600334807163, 43.26916821048609], [-1.1373474427549741, 43.27377972606046], [-1.1332348520292292, 43.27839124163482], [-1.1291222613034861, 43.28300275720919], [-1.1250096705777417, 43.28761427278355], [-1.1208970798519968, 43.29222578835791], [-1.1167844891262546, 43.29683730393228], [-1.1126718984005097, 43.301448819506646], [-1.1085593076747664, 43.30606033508101], [-1.1085593076747664, 43.30606033508101], [-1.110089641960526, 43.31049312639195], [-1.111619976246287, 43.31492591770289], [-1.1131503105320484, 43.31935870901382], [-1.1146806448178088, 43.32379150032476], [-1.11621097910357, 43.3282242916357], [-1.1177413133893292, 43.33265708294663], [-1.1192716476750904, 43.33708987425757], [-1.120801981960851, 43.341522665568505], [-1.1223323162466121, 43.345955456879445], [-1.1238626505323726, 43.35038824819038], [-1.1238626505323726, 43.35038824819038], [-1.1292396740642054, 43.35508605349042], [-1.1346166975960394, 43.35978385879044], [-1.1399937211278734, 43.364481664090476], [-1.1453707446597066, 43.36917946939051], [-1.1507477681915397, 43.37387727469054], [-1.1561247917233746, 43.378575079990576], [-1.1615018152552077, 43.3832728852906], [-1.1668788387870417, 43.38797069059064], [-1.172255862318874, 43.39266849589067], [-1.1776328858507088, 43.3973663011907], [-1.1776328858507088, 43.3973663011907], [-1.1814753048333793, 43.39984793020612], [-1.1853177238160524, 43.40232955922154], [-1.1891601427987246, 43.40481118823696], [-1.193002561781397, 43.407292817252376], [-1.1968449807640693, 43.4097744462678], [-1.2006873997467407, 43.41225607528322], [-1.204529818729414, 43.41473770429863], [-1.2083722377120862, 43.41721933331406], [-1.2122146566947585, 43.41970096232948], [-1.216057075677431, 43.422182591344885], [-1.216057075677431, 43.422182591344885], [-1.2146306905771667, 43.43033992042693], [-1.2132043054769017, 43.43849724950898], [-1.2117779203766372, 43.446654578591016], [-1.210351535276373, 43.45481190767306], [-1.208925150176109, 43.46296923675509], [-1.2074987650758437, 43.47112656583713], [-1.2060723799755786, 43.479283894919185], [-1.2046459948753143, 43.48744122400122], [-1.2032196097750498, 43.49559855308326], [-1.2017932246747858, 43.5037558821653], [-1.2017932246747858, 43.5037558821653], [-1.2035868777987218, 43.50464206917896], [-1.2053805309226588, 43.50552825619263], [-1.2071741840465946, 43.506414443206296], [-1.2089678371705317, 43.507300630219966], [-1.2107614902944674, 43.50818681723363], [-1.2125551434184043, 43.509073004247306], [-1.2143487965423403, 43.50995919126097], [-1.2161424496662776, 43.51084537827463], [-1.2179361027902131, 43.51173156528831], [-1.2197297559141504, 43.51261775230197], [-1.2197297559141504, 43.51261775230197], [-1.2275570356295797, 43.50942394698387], [-1.2353843153450095, 43.506230141665775], [-1.2432115950604405, 43.50303633634769], [-1.2510388747758694, 43.49984253102959], [-1.2588661544912987, 43.4966487257115], [-1.2666934342067302, 43.493454920393404], [-1.2745207139221597, 43.49026111507531], [-1.2823479936375892, 43.487067309757215], [-1.290175273353019, 43.483873504439124], [-1.2980025530684491, 43.48067969912103], [-1.2980025530684491, 43.48067969912103], [-1.3124928612648825, 43.481119372832566], [-1.3269831694613163, 43.4815590465441], [-1.3414734776577495, 43.48199872025563], [-1.3559637858541826, 43.48243839396716], [-1.3704540940506167, 43.4828780676787], [-1.384944402247049, 43.48331774139022], [-1.399434710443484, 43.483757415101756], [-1.4139250186399162, 43.484197088813296], [-1.4284153268363502, 43.48463676252483], [-1.4429056350327834, 43.485076436236355], [-1.4429056350327834, 43.485076436236355], [-1.4519046998082814, 43.48716150916251], [-1.4609037645837792, 43.48924658208866], [-1.4699028293592773, 43.49133165501481], [-1.4789018941347742, 43.49341672794098], [-1.487900958910272, 43.49550180086714], [-1.49690002368577, 43.49758687379329], [-1.505899088461267, 43.49967194671944], [-1.514898153236765, 43.5017570196456], [-1.523897218012263, 43.50384209257175], [-1.5328962827877608, 43.50592716549791], [-1.5328962827877608, 43.50592716549791], [-1.5368245236508669, 43.50235667971577], [-1.5411060914829195, 43.499055814206564], [-1.5456592650114311, 43.49596676094334], [-1.550402322963915, 43.493031711899164], [-1.555253544067881, 43.4901928590471], [-1.5601312070508417, 43.4873923943602], [-1.56495359064031, 43.48457250981154], [-1.5696389735637981, 43.481675397374175], [-1.5741056345488165, 43.47864324902117], [-1.5782718523228771, 43.47541825672558], [-1.578271852322878, 43.475418256725575], [-1.58212987680658, 43.46365752567728], [-1.588461543889859, 43.452745003490584], [-1.59699337700782, 43.44271003688436], [-1.6074518995955644, 43.43358197257744], [-1.619563635088196, 43.425390157288696], [-1.6330551069208197, 43.41816393773695], [-1.6476528385285367, 43.411932660641085], [-1.6630833533464502, 43.40672567271993], [-1.679073174809667, 43.40257232069234], [-1.6953488263532874, 43.39950195127718], [-1.6953488263532865, 43.39950195127718], [-1.7032854210573762, 43.39706585739674], [-1.711660808503051, 43.395405983013404], [-1.7203744398733227, 43.39431443080564], [-1.7293257663511976, 43.39358330345191], [-1.7384142391196875, 43.393004703630666], [-1.7475393093617984, 43.392370734020396], [-1.756600428260546, 43.39147349729953], [-1.7654970469989344, 43.39010509614654], [-1.7741286167599761, 43.38805763323989], [-1.7823945887266792, 43.38512321125805], [-1.7823945887266839, 43.385123211258055], [-1.7839277077670033, 43.37533699869118], [-1.7834411825775347, 43.36751900540879], [-1.7812788643383772, 43.361437661267864], [-1.7777846042296288, 43.35686139612539], [-1.7733022534313923, 43.35355863983833], [-1.7681756631237646, 43.351297822263696], [-1.7627486844868472, 43.349847373258456], [-1.7573651687007377, 43.348975722679604], [-1.7523689669455378, 43.34845130038409], [-1.7481039304013466, 43.348042536228924], [-1.7481039304013481, 43.34804253622893], [-1.7429284445081574, 43.344165105093225], [-1.7397702721939337, 43.339796055532375], [-1.7380927151946615, 43.335083991086535], [-1.7373590752463204, 43.330177515295894], [-1.7370326540848935, 43.325225231700635], [-1.7365767534463639, 43.32037574384093], [-1.7354546750667104, 43.31577765525696], [-1.7331297206819167, 43.311579569488906], [-1.7290651920279636, 43.30793009007695], [-1.7227243908408325, 43.30497782056126], [-1.7227243908408343, 43.30497782056126], [-1.7176636000572245, 43.308737088136645], [-1.7123832137874517, 43.31136641979108], [-1.7068926722319355, 43.31309033721704], [-1.7012014155911004, 43.31413336210701], [-1.6953188840653657, 43.31472001615347], [-1.6892545178551535, 43.315074821048896], [-1.6830177571608838, 43.31542229848578], [-1.6766180421829797, 43.31598697015658], [-1.6700648131218618, 43.316993357753795], [-1.6633675101779504, 43.318665982969904], [-1.6633675101779506, 43.3186659829699], [-1.657640347683502, 43.31776830861954], [-1.6511322002850402, 43.31653617778581], [-1.6443417010342638, 43.314946271652204], [-1.6377674829828686, 43.31297527140223], [-1.6319081791825512, 43.3105998582194], [-1.627262422685009, 43.30779671328723], [-1.624328846541938, 43.304542517789194], [-1.623606083805035, 43.300813952908825], [-1.6255927675259967, 43.29658769982962], [-1.6307875307565194, 43.291840439735076], [-1.630787530756522, 43.291840439735076], [-1.6277170300612336, 43.28784022165225], [-1.6255349312185552, 43.283459388191645], [-1.6238513422565943, 43.278906329892564], [-1.6222763712034665, 43.27438943729431], [-1.6204201260872786, 43.270117100936204], [-1.6178927149361435, 43.266297711357545], [-1.6143042457781709, 43.26313965909763], [-1.6092648266414733, 43.2608513346958], [-1.6023845655541593, 43.25964112869133], [-1.5932735705443417, 43.25971743162354], [-1.5932735705443388, 43.25971743162356], [-1.584599569936108, 43.25927766549981], [-1.5774646171410978, 43.26044256409706], [-1.57170895177619, 43.262936233632715], [-1.5671728134582652, 43.266482780324175], [-1.5636964418042063, 43.27080631038883], [-1.5611200764308935, 43.275630930044095], [-1.5592839569552113, 43.28068074550736], [-1.5580283229940382, 43.285679862996034], [-1.5571934141642574, 43.29035238872752], [-1.5566194700827496, 43.29442242891921], [-1.556619470082746, 43.29442242891922], [-1.5508957921770261, 43.295818156641154], [-1.5449199257481294, 43.296729848393646], [-1.5387546090245796, 43.29720432028688], [-1.532462580234899, 43.29728838843105], [-1.5261065776076133, 43.297028868936344], [-1.5197493393712425, 43.296472577912965], [-1.5134536037543098, 43.29566633147109], [-1.5072821089853408, 43.29465694572093], [-1.5012975932928572, 43.29349123677267], [-1.4955627949053822, 43.29221602073649], [-1.4955627949053842, 43.29221602073648], [-1.4900937287751557, 43.289449127502735], [-1.484339737593785, 43.286673996355375], [-1.4783342674369475, 43.28397629505873], [-1.472110764380322, 43.28144169137708], [-1.465702674499584, 43.27915585307476], [-1.4591434438704098, 43.27720444791605], [-1.4524665185684786, 43.27567314366528], [-1.4457053446694665, 43.27464760808675], [-1.4388933682490506, 43.274213508944776], [-1.432064035382905, 43.27445651400365], [-1.4320640353829044, 43.274456514003646], [-1.4293740422898964, 43.27564675575842], [-1.4266741709873911, 43.27662152987484], [-1.4239716830718885, 43.27738894010196], [-1.4212738401398917, 43.27795709018889], [-1.4185879037879023, 43.27833408388468], [-1.4159211356124195, 43.27852802493843], [-1.4132807972099455, 43.27854701709921], [-1.4106741501769793, 43.278399164116095], [-1.4081084561100239, 43.27809256973816], [-1.4055909766055796, 43.27763533771451], [-1.4055909766055779, 43.27763533771451], [-1.4055754876771998, 43.27765568752338], [-1.4055599987488194, 43.27767603733224], [-1.4055445098204398, 43.2776963871411], [-1.4055290208920597, 43.27771673694998], [-1.4055135319636802, 43.27773708675883], [-1.4054980430353003, 43.277757436567704], [-1.4054825541069207, 43.27777778637657], [-1.405467065178541, 43.27779813618543], [-1.4054515762501611, 43.2778184859943], [-1.4054360873217813, 43.277838835803166], [-1.4054360873217813, 43.277838835803166], [-1.4016511584233942, 43.276818946742495], [-1.3980332295675568, 43.275478383626485], [-1.3946113982917487, 43.273842978541545], [-1.3914147621334467, 43.27193856357406], [-1.3884724186301274, 43.2697909708104], [-1.3858134653192695, 43.26742603233696], [-1.3834669997383517, 43.264869580240116], [-1.3814621194248506, 43.26214744660627], [-1.3798279219162437, 43.259285463521806], [-1.3785935047500097, 43.2563094630731], [-1.37859350475001, 43.256309463073094], [-1.3789672068464838, 43.25071593634518], [-1.3792436662175858, 43.24503294455075], [-1.3794435265623268, 43.23929441432087], [-1.379587431579714, 43.23353427228658], [-1.3796960249687602, 43.22778644507896], [-1.3797899504284714, 43.22208485932906], [-1.379889851657858, 43.21646344166796], [-1.3800163723559318, 43.210956118726706], [-1.3801901562216998, 43.205596817136374], [-1.3804318469541714, 43.200419463528014], [-1.3804318469541714, 43.200419463528014], [-1.385703856257898, 43.19708829736564], [-1.389366317277399, 43.19324693831359], [-1.3918107677704512, 43.1890110209782], [-1.3934287454948326, 43.18449617996579], [-1.3946117882083224, 43.17981804988269], [-1.3957514336686963, 43.175092265335216], [-1.3972392196337322, 43.170434460929705], [-1.3994666838612084, 43.16596027127247], [-1.4028253641089028, 43.16178533096985], [-1.4077067981345917, 43.15802527462816], [-1.4077067981345945, 43.15802527462816], [-1.4063664538273137, 43.15327893335556], [-1.4065650101663119, 43.148680667782806], [-1.408070507801667, 43.14423713182226], [-1.4106509873834583, 43.1399549793863], [-1.4140744895617667, 43.13584086438728], [-1.4181090549866697, 43.131901440737586], [-1.4225227243082483, 43.128143362349576], [-1.4270835381765794, 43.12457328313561], [-1.4315595372417462, 43.12119785700806], [-1.435718762153826, 43.11802373787931], [-1.435718762153828, 43.118023737879305], [-1.4407638105665868, 43.11534310074766], [-1.446409445011116, 43.112628821683046], [-1.4522165889663265, 43.109829141234115], [-1.4577461659111237, 43.10689229994953], [-1.4625590993244164, 43.10376653837792], [-1.4662163126851162, 43.10040009706793], [-1.4682787294721273, 43.09674121656822], [-1.4683072731643607, 43.092738137427425], [-1.465862867240724, 43.08833910019418], [-1.4605064351801271, 43.08349234541716], [-1.460506435180125, 43.083492345417156], [-1.4565379961578788, 43.07996648683848], [-1.4532933041970786, 43.07578012332748], [-1.450477847579521, 43.0712028136855], [-1.4477971145870043, 43.06650411671385], [-1.4449565935013302, 43.06195359121385], [-1.4416617726042964, 43.0578207959868], [-1.4376181401777037, 43.05437528983403], [-1.4325311845033495, 43.05188663155685], [-1.426106393863034, 43.05062437995658], [-1.4180492565385567, 43.050858093834535], [-1.4180492565385585, 43.050858093834535], [-1.4117548957600277, 43.048846765574034], [-1.405213456484502, 43.04705768652206], [-1.398479909290301, 43.04547698474717], [-1.3916092247557414, 43.044090788317966], [-1.3846563734591444, 43.04288522530302], [-1.377676325978827, 43.04184642377089], [-1.3707240528931077, 43.040960511790175], [-1.3638545247803069, 43.04021361742944], [-1.3571227122187415, 43.03959186875726], [-1.3505835857867319, 43.03908139384224], [-1.3505835857867294, 43.03908139384223], [-1.3443135624393692, 43.041943568721564], [-1.3404651435769828, 43.04552881820796], [-1.338524297608945, 43.049693556029816], [-1.3379769929446326, 43.05429419591556], [-1.3383091979934187, 43.05918715159359], [-1.339006881164679, 43.06422883679233], [-1.3395560108677866, 43.06927566524019], [-1.339442555512119, 43.07418405066557], [-1.33815248350705, 43.07881040679692], [-1.3351717632619542, 43.08301114736261], [-1.3351717632619549, 43.08301114736262], [-1.3371992504887005, 43.08785886200206], [-1.3378794285013114, 43.09280339859595], [-1.3373049079979582, 43.09770648662829], [-1.3355682996768161, 43.10242985558306], [-1.3327622142360576, 43.10683523494429], [-1.3289792623738548, 43.11078435419596], [-1.3243120547883835, 43.11413894282207], [-1.3188532021778148, 43.11676073030662], [-1.3126953152403233, 43.11851144613362], [-1.305931004674082, 43.11925281978704], [-1.3059310046740822, 43.119252819787036], [-1.2993669787667224, 43.12194823239709], [-1.292304745740826, 43.123835405321714], [-1.2852949031947674, 43.124933030993844], [-1.2788880487269232, 43.12525980184635], [-1.2736347799356686, 43.124834410312154], [-1.2700856944193766, 43.12367554882413], [-1.2687913897764271, 43.12180190981519], [-1.2703024636051903, 43.119232185718246], [-1.275169513504045, 43.115985068966175], [-1.2839431370713654, 43.112079251991894], [-1.2839431370713628, 43.112079251991894], [-1.288125495029528, 43.10796848299064], [-1.2918740711643752, 43.103449341334866], [-1.2949645164359818, 43.09867855990453], [-1.2971724818044201, 43.093812871579615], [-1.2982736182297656, 43.089009009240094], [-1.2980435766720944, 43.08442370576593], [-1.296258008091478, 43.08021369403712], [-1.2926925634479938, 43.076535706933626], [-1.287122893701716, 43.07354647733543], [-1.2793246498127167, 43.071402738122494], [-1.2793246498127193, 43.071402738122494], [-1.2740993523661839, 43.06679253346736], [-1.2688249005724304, 43.06299793775425], [-1.263475303321878, 43.06002760777719], [-1.2580245695049421, 43.05789020033014], [-1.2524467080120356, 43.05659437220713], [-1.2467157277335783, 43.05614878020215], [-1.2408056375599836, 43.05656208110916], [-1.2346904463816695, 43.057842931722206], [-1.2283441630890501, 43.059999988835244], [-1.2217407965725413, 43.0630419092423], [-1.2217407965725398, 43.063041909242294], [-1.2146304346916925, 43.06107287502349], [-1.208458787861364, 43.058846670086005], [-1.203017654100835, 43.05642452861033], [-1.1980988314293854, 43.05386768477696], [-1.193494117866293, 43.05123737276643], [-1.188995311430839, 43.04859482675922], [-1.1843942101423006, 43.04600128093583], [-1.1794826120199562, 43.04351796947679], [-1.1740523150830895, 43.041206126562585], [-1.167895117350974, 43.039126986373724], [-1.167895117350973, 43.03912698637372], [-1.1594673010522736, 43.04103025671977], [-1.1525668258173702, 43.040692023824484], [-1.1469342193108465, 43.03862912299676], [-1.142310009197283, 43.0353583895455], [-1.1384347231412641, 43.03139665877962], [-1.13504888880737, 43.02726076600804], [-1.131893033860184, 43.02346754653964], [-1.1287076859642866, 43.02053383568336], [-1.125233372784261, 43.0189764687481], [-1.1212106219846891, 43.01931228104277], [-1.1212106219846847, 43.01931228104277], [-1.1211964036291853, 43.019321958212146], [-1.1211823783483719, 43.019330214398906], [-1.1211684984747965, 43.01933740074655], [-1.1211547163410085, 43.01934386839858], [-1.1211409842795577, 43.01934996849848], [-1.1211272546229951, 43.019356052189764], [-1.1211134797038709, 43.01936247061594], [-1.121099611854735, 43.01936957492049], [-1.121085603408138, 43.019377716246915], [-1.1210714066966299, 43.01938724573872], [-1.1210714066966272, 43.01938724573872], [-1.1174282973054188, 43.024915141387154], [-1.1137851879142082, 43.030443037035596], [-1.1101420785229974, 43.03597093268404], [-1.1064989691317881, 43.04149882833248], [-1.102855859740579, 43.047026723980906], [-1.0992127503493685, 43.052554619629355], [-1.0955696409581586, 43.05808251527779], [-1.0919265315669493, 43.06361041092624], [-1.0882834221757396, 43.069138306574665], [-1.0846403127845297, 43.074666202223106]]]}}, {"type": "Feature", "properties": {"diocese": "BAZAS", "province": "IV_Auch"}, "geometry": {"type": "Polygon", "coordinates": [[[-0.016649378447166407, 44.793865230595074], [-0.023909021102773376, 44.79098025646703], [-0.031168663758378568, 44.78809528233899], [-0.038428306413985536, 44.78521030821095], [-0.045687949069591616, 44.78232533408291], [-0.05294759172519947, 44.779440359954876], [-0.060207234380804664, 44.77655538582684], [-0.06746687703641074, 44.773670411698795], [-0.0747265196920186, 44.77078543757076], [-0.08198616234762457, 44.76790046344273], [-0.08924580500323054, 44.765015489314685], [-0.08924580500323054, 44.765015489314685], [-0.092874730475908, 44.76363548967938], [-0.09650365594858612, 44.762255490044076], [-0.10013258142126347, 44.760875490408765], [-0.10376150689394081, 44.75949549077347], [-0.10739043236661816, 44.75811549113816], [-0.11101935783929617, 44.756735491502866], [-0.11464828331197441, 44.75535549186756], [-0.11827720878465176, 44.75397549223225], [-0.12190613425732988, 44.75259549259695], [-0.12553505973000711, 44.75121549296165], [-0.12553505973000711, 44.75121549296165], [-0.12861344651252615, 44.75409788708594], [-0.1316918332950453, 44.75698028121023], [-0.13477022007756423, 44.75986267533453], [-0.13784860686008338, 44.76274506945882], [-0.1409269936426032, 44.76562746358312], [-0.14400538042512057, 44.768509857707414], [-0.14708376720764038, 44.77139225183171], [-0.15016215399016053, 44.774274645956], [-0.1532405407726778, 44.77715704008029], [-0.15631892755519772, 44.78003943420459], [-0.15631892755519772, 44.78003943420459], [-0.1592261249868363, 44.77715554629177], [-0.16213332241847478, 44.77427165837896], [-0.16504051985011237, 44.77138777046615], [-0.16794771728175095, 44.76850388255334], [-0.17085491471339043, 44.76561999464052], [-0.1737621121450279, 44.76273610672771], [-0.1766693095766665, 44.7598522188149], [-0.17957650700830496, 44.75696833090208], [-0.18248370443994366, 44.75408444298926], [-0.18539090187158203, 44.75120055507645], [-0.18539090187158203, 44.75120055507645], [-0.1857643962221478, 44.74580807585542], [-0.18613789057271346, 44.7404155966344], [-0.18651138492327912, 44.73502311741337], [-0.18688487927384478, 44.72963063819234], [-0.18725837362441045, 44.72423815897132], [-0.187631867974976, 44.7188456797503], [-0.18800536232554266, 44.71345320052927], [-0.18837885667610732, 44.70806072130824], [-0.18875235102667298, 44.70266824208721], [-0.18912584537723964, 44.69727576286619], [-0.18912584537723964, 44.69727576286619], [-0.18804214177209944, 44.69439287094005], [-0.18695843816696, 44.69150997901392], [-0.18587473456182058, 44.68862708708779], [-0.18479103095668026, 44.685744195161654], [-0.18370732735154083, 44.682861303235526], [-0.1826236237464025, 44.67997841130938], [-0.1815399201412623, 44.67709551938325], [-0.18045621653612376, 44.67421262745712], [-0.17937251293098355, 44.67132973553098], [-0.17828880932584323, 44.668446843604855], [-0.17828880932584323, 44.668446843604855], [-0.17704596768485603, 44.655156220953515], [-0.17580312604386772, 44.64186559830218], [-0.1745602844028793, 44.62857497565086], [-0.1733174427618912, 44.61528435299952], [-0.172074601120903, 44.60199373034818], [-0.1708317594799148, 44.58870310769684], [-0.1695889178389266, 44.575412485045504], [-0.1683460761979374, 44.56212186239417], [-0.1671032345569492, 44.54883123974284], [-0.16586039291596177, 44.535540617091506], [-0.16586039291596177, 44.535540617091506], [-0.16804044193869505, 44.53315790215808], [-0.1702204909614281, 44.530775187224656], [-0.17240053998416116, 44.52839247229124], [-0.17458058900689433, 44.52600975735782], [-0.1767606380296276, 44.5236270424244], [-0.17894068705236055, 44.521244327490976], [-0.1811207360750937, 44.51886161255756], [-0.18330078509782877, 44.51647889762413], [-0.18548083412056082, 44.51409618269072], [-0.18766088314329488, 44.51171346775729], [-0.18766088314329488, 44.51171346775729], [-0.19165444589939595, 44.51033337712152], [-0.19564800865549792, 44.50895328648574], [-0.19964157141159977, 44.507573195849965], [-0.20363513416770185, 44.50619310521419], [-0.2076286969238038, 44.50481301457842], [-0.21162225967990578, 44.50343292394264], [-0.21561582243600763, 44.50205283330686], [-0.2196093851921086, 44.50067274267109], [-0.22360294794821145, 44.49929265203532], [-0.22759651070431342, 44.49791256139954], [-0.22759651070431342, 44.49791256139954], [-0.2328553318883232, 44.49740921830158], [-0.23811415307233097, 44.49690587520363], [-0.24337297425634064, 44.49640253210568], [-0.24863179544034952, 44.495899189007716], [-0.2538906166243592, 44.49539584590976], [-0.2591494378083671, 44.49489250281181], [-0.26440825899237674, 44.494389159713855], [-0.2696670801763865, 44.493885816615894], [-0.2749259013603953, 44.49338247351794], [-0.2801847225444041, 44.49287913041998], [-0.2801847225444041, 44.49287913041998], [-0.2965510718891742, 44.4699294160738], [-0.3129174212339445, 44.44697970172761], [-0.32928377057871483, 44.42402998738141], [-0.34565011992348427, 44.40108027303522], [-0.3620164692682545, 44.37813055868903], [-0.3783828186130247, 44.35518084434284], [-0.39474916795779413, 44.33223112999664], [-0.41111551730256335, 44.30928141565045], [-0.42748186664733456, 44.28633170130427], [-0.4438482159921039, 44.26338198695807], [-0.4438482159921039, 44.26338198695807], [-0.4449955922934177, 44.260494272149], [-0.44614296859473157, 44.25760655733992], [-0.44729034489604524, 44.254718842530856], [-0.4484377211973609, 44.25183112772177], [-0.4495850974986739, 44.2489434129127], [-0.4507324737999876, 44.24605569810363], [-0.4518798501013024, 44.24316798329455], [-0.4530272264026154, 44.240280268485485], [-0.45417460270393006, 44.2373925536764], [-0.45532197900524385, 44.23450483886733], [-0.45532197900524385, 44.23450483886733], [-0.4631461888214291, 44.23370496426642], [-0.4709703986376126, 44.23290508966552], [-0.47879460845379596, 44.232105215064614], [-0.48661881826998027, 44.23130534046372], [-0.4944430280861654, 44.23050546586281], [-0.5022672379023497, 44.22970559126191], [-0.5100914477185341, 44.228905716661004], [-0.5179156575347166, 44.2281058420601], [-0.5257398673509018, 44.227305967459195], [-0.5335640771670861, 44.226506092858294], [-0.5335640771670861, 44.226506092858294], [-0.5394708344652224, 44.222514735490414], [-0.5453775917633569, 44.218523378122526], [-0.5512843490614923, 44.21453202075464], [-0.5571911063596275, 44.21054066338676], [-0.5630978636577629, 44.20654930601888], [-0.5690046209558993, 44.202557948650984], [-0.5749113782540328, 44.198566591283104], [-0.5808181355521681, 44.194575233915224], [-0.5867248928503036, 44.19058387654733], [-0.5926316501484389, 44.18659251917945], [-0.5926316501484389, 44.18659251917945], [-0.5969921663862231, 44.186414114959554], [-0.6013526826240061, 44.18623571073966], [-0.6057131988617903, 44.186057306519764], [-0.6100737150995734, 44.18587890229986], [-0.6144342313373558, 44.18570049807997], [-0.6187947475751397, 44.18552209386007], [-0.623155263812923, 44.18534368964018], [-0.6275157800507063, 44.18516528542027], [-0.6318762962884902, 44.18498688120038], [-0.6362368125262735, 44.18480847698048], [-0.6362368125262735, 44.18480847698048], [-0.6368826292995698, 44.18241444054996], [-0.6375284460728659, 44.18002040411947], [-0.6381742628461622, 44.17762636768895], [-0.6388200796194594, 44.17523233125844], [-0.6394658963927549, 44.17283829482793], [-0.640111713166051, 44.17044425839743], [-0.6407575299393473, 44.168050221966915], [-0.6414033467126435, 44.165656185536406], [-0.6420491634859399, 44.1632621491059], [-0.642694980259236, 44.160868112675395], [-0.642694980259236, 44.160868112675395], [-0.6404535951309605, 44.1590067447589], [-0.6382122100026848, 44.157145376842394], [-0.6359708248744094, 44.155284008925896], [-0.6337294397461348, 44.15342264100939], [-0.6314880546178592, 44.1515612730929], [-0.6292466694895836, 44.149699905176405], [-0.6270052843613089, 44.1478385372599], [-0.6247638992330334, 44.1459771693434], [-0.622522514104757, 44.1441158014269], [-0.6202811289764824, 44.14225443351041], [-0.6202811289764824, 44.14225443351041], [-0.6180412864409586, 44.14039306520893], [-0.615801443905433, 44.13853169690746], [-0.6135616013699092, 44.13667032860598], [-0.6113217588343854, 44.13480896030451], [-0.6090819162988608, 44.132947592003035], [-0.6068420737633352, 44.13108622370156], [-0.6046022312278114, 44.12922485540008], [-0.6023623886922866, 44.127363487098606], [-0.6001225461567629, 44.12550211879713], [-0.5978827036212382, 44.12364075049566], [-0.5978827036212382, 44.12364075049566], [-0.5901887960702944, 44.12337664194176], [-0.5824948885193525, 44.12311253338786], [-0.5748009809684098, 44.12284842483396], [-0.5671070734174652, 44.122584316280054], [-0.5594131658665235, 44.12232020772615], [-0.5517192583155806, 44.12205609917225], [-0.5440253507646368, 44.121791990618355], [-0.5363314432136932, 44.121527882064456], [-0.5286375356627503, 44.12126377351055], [-0.5209436281118076, 44.12099966495665], [-0.5209436281118076, 44.12099966495665], [-0.5074708618059445, 44.12490425253554], [-0.4939980955000815, 44.12880884011444], [-0.48052532919421753, 44.13271342769334], [-0.4670525628883546, 44.13661801527223], [-0.45357979658249237, 44.14052260285113], [-0.44010703027662756, 44.14442719043002], [-0.42663426397076454, 44.14833177800892], [-0.4131614976649025, 44.15223636558781], [-0.3996887313590385, 44.15614095316671], [-0.38621596505317446, 44.16004554074561], [-0.38621596505317446, 44.16004554074561], [-0.3824987066793899, 44.15915983379526], [-0.37878144830560256, 44.15827412684492], [-0.3750641899318172, 44.157388419894566], [-0.37134693155803067, 44.156502712944224], [-0.3676296731842452, 44.155617005993875], [-0.3639124148104588, 44.15473129904353], [-0.3601951564366732, 44.15384559209319], [-0.3564778980628869, 44.15295988514284], [-0.35276063968910043, 44.1520741781925], [-0.34904338131531487, 44.15118847124216], [-0.34904338131531487, 44.15118847124216], [-0.34148198479958336, 44.148707770350995], [-0.33392058828385185, 44.14622706945984], [-0.326359191768121, 44.143746368568685], [-0.3187977952523904, 44.14126566767754], [-0.31123639873665865, 44.13878496678638], [-0.30367500222092736, 44.13630426589522], [-0.2961136057051956, 44.13382356500407], [-0.288552209189465, 44.13134286411291], [-0.2809908126737335, 44.12886216322176], [-0.27342941615800265, 44.126381462330606], [-0.27342941615800265, 44.126381462330606], [-0.26868178949310195, 44.1278012297859], [-0.26393416282820104, 44.129220997241205], [-0.25918653616330034, 44.13064076469651], [-0.25443890949839965, 44.132060532151804], [-0.24969128283349984, 44.13348029960711], [-0.24494365616859892, 44.13490006706241], [-0.24019602950369723, 44.136319834517714], [-0.2354484028387983, 44.13773960197302], [-0.23070077617389662, 44.13915936942831], [-0.2259531495089967, 44.140579136883616], [-0.2259531495089967, 44.140579136883616], [-0.22070196559101707, 44.13792059814869], [-0.21545078167303844, 44.135262059413755], [-0.2101995977550578, 44.13260352067883], [-0.20494841383707907, 44.12994498194389], [-0.19969722991910044, 44.12728644320896], [-0.1944460460011208, 44.12462790447403], [-0.18919486208314218, 44.1219693657391], [-0.18394367816516244, 44.11931082700416], [-0.1786924942471828, 44.116652288269236], [-0.17344131032920418, 44.1139937495343], [-0.17344131032920418, 44.1139937495343], [-0.1709489295383586, 44.114897031354374], [-0.16845654874751392, 44.11580031317446], [-0.16596416795666924, 44.11670359499454], [-0.16347178716582444, 44.11760687681462], [-0.16097940637497987, 44.11851015863469], [-0.1584870255841353, 44.11941344045477], [-0.1559946447932905, 44.12031672227485], [-0.15350226400244582, 44.12122000409493], [-0.15100988321160025, 44.12212328591501], [-0.14851750242075545, 44.12302656773509], [-0.14851750242075545, 44.12302656773509], [-0.14688010607620827, 44.12603615233561], [-0.14524270973165931, 44.12904573693613], [-0.1436053133871119, 44.13205532153666], [-0.14196791704256295, 44.13506490613718], [-0.14033052069801577, 44.1380744907377], [-0.13869312435346748, 44.141084075338235], [-0.1370557280089193, 44.144093659938754], [-0.13541833166437034, 44.14710324453928], [-0.13378093531982227, 44.1501128291398], [-0.13214353897527398, 44.153122413740334], [-0.13214353897527398, 44.153122413740334], [-0.129966537156182, 44.153122957042406], [-0.1277895353370908, 44.153123500344485], [-0.12561253351799873, 44.15312404364656], [-0.12343553169890775, 44.153124586948636], [-0.12125852987981578, 44.1531251302507], [-0.1190815280607238, 44.15312567355277], [-0.1169045262416335, 44.15312621685485], [-0.11472752442254142, 44.15312676015693], [-0.11255052260345044, 44.15312730345901], [-0.11037352078435836, 44.15312784676108], [-0.11037352078435836, 44.15312784676108], [-0.1058376457028376, 44.15450807273869], [-0.10130177062131684, 44.15588829871629], [-0.09676589553979542, 44.1572685246939], [-0.09223002045827466, 44.15864875067151], [-0.08769414537675413, 44.16002897664911], [-0.08315827029523337, 44.161409202626714], [-0.07862239521371261, 44.16278942860433], [-0.07408652013219119, 44.164169654581926], [-0.06955064505067043, 44.16554988055954], [-0.0650147699691499, 44.16693010653714], [-0.0650147699691499, 44.16693010653714], [-0.06410176127374545, 44.170065578634535], [-0.063188752578342, 44.17320105073192], [-0.06227574388293855, 44.17633652282931], [-0.06136273518753432, 44.1794719949267], [-0.06044972649212976, 44.18260746702409], [-0.059536717796725425, 44.18574293912148], [-0.058623709101321975, 44.188878411218866], [-0.057710700405917637, 44.19201388331626], [-0.05679769171051341, 44.19514935541365], [-0.05588468301510985, 44.198284827511046], [-0.05588468301510985, 44.198284827511046], [-0.053341547212436224, 44.200667633057975], [-0.050798411409760824, 44.203050438604926], [-0.04825527560708631, 44.20543324415186], [-0.04571213980441258, 44.207816049698806], [-0.043169004001739064, 44.21019885524574], [-0.04062586819906355, 44.212581660792694], [-0.03808273239638904, 44.21496446633963], [-0.03553959659371442, 44.217347271886574], [-0.03299646079104157, 44.219730077433525], [-0.03045332498836628, 44.222112882980454], [-0.03045332498836628, 44.222112882980454], [-0.024284303005923213, 44.22349351653333], [-0.01811528102348192, 44.22487415008621], [-0.011946259041039742, 44.22625478363908], [-0.005777237058596452, 44.227635417191955], [0.00039178492384561725, 44.22901605074484], [0.006560806906288685, 44.23039668429771], [0.012729828888730976, 44.23177731785058], [0.018898850871172268, 44.233157951403456], [0.025067872853615336, 44.23453858495633], [0.031236894836057516, 44.2359192185092], [0.031236894836057516, 44.2359192185092], [0.03450016293917524, 44.235167998707084], [0.037763431042292295, 44.23441677890495], [0.04102669914541024, 44.23366555910283], [0.044289967248528184, 44.232914339300706], [0.04755323535164768, 44.23216311949857], [0.05081650345476474, 44.23141189969645], [0.05407977155788268, 44.230660679894335], [0.05734303966100063, 44.2299094600922], [0.06060630776411857, 44.229158240290076], [0.06386957586723563, 44.22840702048796], [0.06386957586723563, 44.22840702048796], [0.06677241890973695, 44.22903480472141], [0.0696752619522365, 44.22966258895486], [0.07257810499473805, 44.230290373188296], [0.07548094803723848, 44.230918157421755], [0.07838379107973825, 44.2315459416552], [0.08128663412223958, 44.23217372588865], [0.08418947716474023, 44.232801510122094], [0.08709232020724156, 44.233429294355545], [0.08999516324974133, 44.23405707858899], [0.09289800629224265, 44.23468486282244], [0.09289800629224265, 44.23468486282244], [0.09308167735656303, 44.236188977055306], [0.09326534842088452, 44.237693091288165], [0.09344901948520401, 44.23919720552103], [0.09363269054952639, 44.24070131975389], [0.09381636161384588, 44.24220543398675], [0.09400003267816737, 44.24370954821961], [0.09418370374248863, 44.24521366245248], [0.09436737480680835, 44.24671777668533], [0.0945510458711305, 44.248221890918195], [0.09473471693545021, 44.24972600515106], [0.09473471693545021, 44.24972600515106], [0.09383487657043155, 44.252609982137436], [0.09293503620541488, 44.25549395912381], [0.09203519584039643, 44.25837793611018], [0.0911353554753771, 44.26126191309656], [0.09023551511035932, 44.26414589008293], [0.08933567474534088, 44.267029867069304], [0.08843583438032332, 44.26991384405568], [0.08753599401530399, 44.27279782104205], [0.08663615365028621, 44.275681798028415], [0.08573631328526776, 44.2785657750148], [0.08573631328526776, 44.2785657750148], [0.08646337267568693, 44.279820076037446], [0.0871904320661061, 44.2810743770601], [0.08791749145652461, 44.28232867808276], [0.08864455084694356, 44.28358297910541], [0.08937161023736295, 44.284837280128066], [0.09009866962778301, 44.28609158115073], [0.09082572901820152, 44.287345882173376], [0.0915527884086198, 44.28860018319604], [0.09227984779903986, 44.28985448421869], [0.09300690718945814, 44.29110878524135], [0.09300690718945814, 44.29110878524135], [0.09699916855957746, 44.29261384996263], [0.1009914299296959, 44.2941189146839], [0.10498369129981433, 44.295623979405185], [0.10897595266993365, 44.29712904412647], [0.11296821404005208, 44.29863410884774], [0.11696047541017052, 44.30013917356903], [0.12095273678028962, 44.3016442382903], [0.12494499815040827, 44.30314930301159], [0.12893725952052737, 44.30465436773286], [0.13292952089064602, 44.306159432454145], [0.13292952089064602, 44.306159432454145], [0.13275140645544914, 44.30753842729456], [0.13257329202025026, 44.30891742213497], [0.13239517758505137, 44.31029641697538], [0.1322170631498527, 44.3116754118158], [0.13203894871465582, 44.313054406656214], [0.13186083427945694, 44.31443340149662], [0.13168271984425828, 44.31581239633704], [0.13150460540906117, 44.31719139117745], [0.1313264909738634, 44.31857038601786], [0.1311483765386645, 44.319949380858276], [0.1311483765386645, 44.319949380858276], [0.13278311126944908, 44.32157992550313], [0.13441784600023565, 44.323210470147984], [0.1360525807310211, 44.32484101479283], [0.13768731546180657, 44.326471559437685], [0.13932205019259092, 44.32810210408253], [0.1409567849233766, 44.329732648727386], [0.14259151965416184, 44.33136319337224], [0.1442262543849464, 44.33299373801709], [0.14586098911573186, 44.33462428266194], [0.14749572384651666, 44.336254827306796], [0.14749572384651666, 44.336254827306796], [0.14732100487845923, 44.33938898877159], [0.14714628591040024, 44.34252315023639], [0.14697156694234215, 44.345657311701196], [0.14679684797428405, 44.348791473165996], [0.14662212900622573, 44.35192563463079], [0.14644741003816764, 44.35505979609559], [0.14627269107010865, 44.35819395756039], [0.14609797210205144, 44.36132811902519], [0.14592325313399224, 44.36446228048998], [0.14574853416593436, 44.36759644195479], [0.14574853416593436, 44.36759644195479], [0.14376425866474007, 44.37298838745388], [0.14177998316354712, 44.378380332952965], [0.13979570766235283, 44.38377227845206], [0.13781143216115876, 44.38916422395114], [0.1358271566599658, 44.394556169450226], [0.13384288115877152, 44.39994811494932], [0.13185860565757745, 44.40534006044841], [0.12987433015638317, 44.4107320059475], [0.12789005465519, 44.41612395144658], [0.12590577915399592, 44.42151589694567], [0.12590577915399592, 44.42151589694567], [0.12754341670531177, 44.424650456016685], [0.12918105425662785, 44.42778501508768], [0.13081869180794437, 44.430919574158686], [0.13245632935926088, 44.4340541332297], [0.1340939669105763, 44.4371886923007], [0.13573160446189192, 44.440323251371716], [0.13736924201320821, 44.44345781044271], [0.1390068795645245, 44.446592369513716], [0.14064451711584103, 44.44972692858473], [0.14228215466715732, 44.452861487655724], [0.14228215466715732, 44.452861487655724], [0.145368767814416, 44.4542413519492], [0.14845538096167443, 44.455621216242676], [0.1515419941089331, 44.45700108053615], [0.15462860725619088, 44.45838094482962], [0.1577152204034502, 44.45976080912309], [0.16080183355070865, 44.46114067341657], [0.16388844669796732, 44.46252053771004], [0.16697505984522665, 44.46390040200351], [0.17006167299248443, 44.46528026629698], [0.17314828613974287, 44.46666013059046], [0.17314828613974287, 44.46666013059046], [0.17641678655180382, 44.46941913426134], [0.17968528696386454, 44.47217813793221], [0.1829537873759246, 44.47493714160309], [0.18622228778798533, 44.47769614527397], [0.18949078820004606, 44.48045514894484], [0.1927592886121059, 44.483214152615716], [0.19602778902416684, 44.485973156286605], [0.19929628943622602, 44.488732159957486], [0.20256478984828763, 44.49149116362836], [0.20583329026034858, 44.494250167299235], [0.20583329026034858, 44.494250167299235], [0.20656697436983706, 44.49813762884115], [0.20730065847932555, 44.502025090383064], [0.20803434258881515, 44.505912551924986], [0.20876802669830452, 44.50980001346691], [0.20950171080779234, 44.51368747500882], [0.21023539491728194, 44.517574936550744], [0.2109690790267713, 44.52146239809266], [0.2117027631362598, 44.525349859634574], [0.21243644724574873, 44.529237321176495], [0.2131701313552381, 44.53312478271841], [0.2131701313552381, 44.53312478271841], [0.20774205290873282, 44.53939287737485], [0.20231397446222754, 44.545660972031285], [0.19688589601572337, 44.55192906668772], [0.1914578175692181, 44.55819716134415], [0.1860297391227137, 44.56446525600059], [0.18060166067620953, 44.57073335065703], [0.17517358222970425, 44.57700144531346], [0.1697455037831992, 44.58326953996989], [0.1643174253366939, 44.58953763462633], [0.15888934689018974, 44.595805729282766], [0.15888934689018974, 44.595805729282766], [0.15890047818667918, 44.601573095995136], [0.1589116094831684, 44.607340462707505], [0.15892274077965807, 44.61310782941988], [0.1589338720761484, 44.61887519613225], [0.15894500337263784, 44.62464256284463], [0.15895613466912728, 44.63040992955699], [0.15896726596561672, 44.63617729626937], [0.15897839726210616, 44.641944662981736], [0.1589895285585956, 44.64771202969411], [0.15900065985508505, 44.653479396406475], [0.15900065985508505, 44.653479396406475], [0.15574271719627375, 44.656989844681824], [0.15248477453746156, 44.66050029295717], [0.1492268318786496, 44.66401074123252], [0.1459688892198383, 44.66752118950786], [0.14271094656102523, 44.671031637783194], [0.13945300390221305, 44.674542086058544], [0.13619506124340175, 44.67805253433389], [0.1329371185845898, 44.681562982609236], [0.1296791759257776, 44.68507343088458], [0.1264212332669663, 44.688583879159914], [0.1264212332669663, 44.688583879159914], [0.12207895240119626, 44.69384916790669], [0.1177366715354271, 44.69911445665346], [0.11339439066965773, 44.70437974540023], [0.10905210980388858, 44.709645034147], [0.10470982893811942, 44.71491032289377], [0.10036754807234938, 44.72017561164054], [0.09602526720658, 44.725440900387305], [0.09168298634080996, 44.73070618913408], [0.08734070547504169, 44.73597147788085], [0.08299842460927254, 44.74123676662763], [0.08299842460927254, 44.74123676662763], [0.08409050465621437, 44.743493141764546], [0.08518258470315554, 44.745749516901476], [0.08627466475009848, 44.748005892038414], [0.08736674479704032, 44.75026226717533], [0.08845882484398215, 44.75251864231226], [0.08955090489092421, 44.75477501744919], [0.09064298493786604, 44.75703139258611], [0.09173506498480899, 44.759287767723045], [0.09282714503174994, 44.76154414285997], [0.09391922507869288, 44.76380051799689], [0.09391922507869288, 44.76380051799689], [0.08938576259899578, 44.76367441219593], [0.08485230011929756, 44.76354830639496], [0.08031883763960201, 44.763422200594], [0.07578537515990491, 44.76329609479303], [0.0712519126802067, 44.76316998899206], [0.06671845020050937, 44.763043883191095], [0.062184987720813156, 44.762917777390136], [0.05765152524111672, 44.76279167158916], [0.05311806276141873, 44.7626655657882], [0.0485846002817214, 44.76253945998723], [0.0485846002817214, 44.76253945998723], [0.04206120240883271, 44.76567203704801], [0.03553780453594335, 44.7688046141088], [0.029014406663055547, 44.77193719116958], [0.022491008790167077, 44.77506976823037], [0.015967610917277386, 44.77820234529115], [0.009444213044388805, 44.78133492235194], [0.002920815171500224, 44.78446749941272], [-0.003602582701388357, 44.7876000764735], [-0.010125980574278826, 44.790732653534285], [-0.016649378447166407, 44.793865230595074]]]}}, {"type": "Feature", "properties": {"diocese": "BAZAS", "province": "IV_Auch"}, "geometry": {"type": "Polygon", "coordinates": [[[-0.9259216711100191, 44.43253391126003], [-0.925764653658433, 44.42903226044859], [-0.9256076362068495, 44.42553060963715], [-0.9254506187552635, 44.4220289588257], [-0.9252936013036781, 44.41852730801427], [-0.9251365838520929, 44.41502565720283], [-0.9249795664005077, 44.41152400639139], [-0.9248225489489226, 44.40802235557995], [-0.9246655314973364, 44.40452070476851], [-0.9245085140457513, 44.40101905395707], [-0.9243514965941659, 44.397517403145635], [-0.9243514965941659, 44.397517403145635], [-0.9206441633774691, 44.39148925652874], [-0.9169368301607712, 44.38546110991186], [-0.9132294969440736, 44.37943296329497], [-0.9095221637273768, 44.373404816678075], [-0.905814830510679, 44.36737667006119], [-0.9021074972939829, 44.361348523444306], [-0.8984001640772844, 44.355320376827414], [-0.8946928308605875, 44.34929223021053], [-0.8909854976438898, 44.34326408359364], [-0.8872781644271919, 44.337235936976754], [-0.8872781644271919, 44.337235936976754], [-0.8876681899135713, 44.33448831688289], [-0.8880582153999508, 44.33174069678903], [-0.8884482408863301, 44.328993076695184], [-0.8888382663727077, 44.32624545660133], [-0.889228291859087, 44.32349783650747], [-0.8896183173454665, 44.320750216413614], [-0.8900083428318458, 44.31800259631976], [-0.8903983683182243, 44.3152549762259], [-0.8907883938046036, 44.312507356132045], [-0.8911784192909831, 44.30975973603819], [-0.8911784192909831, 44.30975973603819], [-0.8923390819366066, 44.30639027847971], [-0.8934997445822302, 44.303020820921226], [-0.8946604072278537, 44.299651363362756], [-0.8958210698734771, 44.29628190580428], [-0.8969817325191006, 44.29291244824581], [-0.8981423951647252, 44.28954299068732], [-0.8993030578103487, 44.28617353312885], [-0.9004637204559722, 44.28280407557037], [-0.9016243831015958, 44.2794346180119], [-0.9027850457472193, 44.27606516045341], [-0.9027850457472193, 44.27606516045341], [-0.9021522343994979, 44.27172080314795], [-0.9015194230517757, 44.2673764458425], [-0.9008866117040542, 44.26303208853704], [-0.9002538003563318, 44.258687731231575], [-0.8996209890086105, 44.25434337392612], [-0.8989881776608882, 44.249999016620656], [-0.8983553663131669, 44.245654659315186], [-0.8977225549654456, 44.24131030200973], [-0.8970897436177224, 44.236965944704274], [-0.896456932270001, 44.23262158739881], [-0.896456932270001, 44.23262158739881], [-0.8924831842307398, 44.23173594445914], [-0.8885094361914767, 44.230850301519474], [-0.8845356881522155, 44.22996465857982], [-0.8805619401129516, 44.229079015640146], [-0.8765881920736903, 44.22819337270049], [-0.8726144440344283, 44.22730772976082], [-0.868640695995166, 44.22642208682115], [-0.864666947955904, 44.225536443881495], [-0.8606931999166408, 44.22465080094183], [-0.8567194518773789, 44.22376515800216], [-0.8567194518773789, 44.22376515800216], [-0.8505623812722021, 44.22456467123793], [-0.8444053106670273, 44.22536418447368], [-0.8382482400618516, 44.22616369770945], [-0.832091169456676, 44.22696321094521], [-0.8259340988515004, 44.22776272418097], [-0.8197770282463238, 44.22856223741673], [-0.813619957641149, 44.2293617506525], [-0.8074628870359734, 44.230161263888256], [-0.8013058164307977, 44.230960777124025], [-0.795148745825621, 44.23176029035979], [-0.795148745825621, 44.23176029035979], [-0.790405391777069, 44.23176147413192], [-0.785662037728516, 44.231762657904056], [-0.7809186836799638, 44.2317638416762], [-0.7761753296314107, 44.23176502544833], [-0.7714319755828577, 44.231766209220474], [-0.7666886215343046, 44.231767392992616], [-0.7619452674857524, 44.23176857676475], [-0.7572019134371996, 44.23176976053688], [-0.7524585593886475, 44.23177094430903], [-0.7477152053400953, 44.23177212808116], [-0.7477152053400953, 44.23177212808116], [-0.747321584236678, 44.23638271553323], [-0.7469279631332618, 44.24099330298531], [-0.7465343420298446, 44.24560389043738], [-0.7461407209264272, 44.250214477889465], [-0.7457470998230094, 44.254825065341535], [-0.7453534787195921, 44.259435652793606], [-0.7449598576161749, 44.26404624024569], [-0.7445662365127587, 44.268656827697754], [-0.7441726154093423, 44.27326741514984], [-0.7437789943059251, 44.27787800260191], [-0.7437789943059251, 44.27787800260191], [-0.7410825292054933, 44.27965194483465], [-0.7383860641050615, 44.28142588706738], [-0.7356895990046288, 44.283199829300116], [-0.7329931339041971, 44.284973771532854], [-0.7302966688037653, 44.286747713765585], [-0.7276002037033336, 44.28852165599832], [-0.7249037386029017, 44.290295598231054], [-0.722207273502469, 44.29206954046379], [-0.7195108084020373, 44.29384348269653], [-0.7168143433016054, 44.29561742492926], [-0.7168143433016054, 44.29561742492926], [-0.7162880341436051, 44.30253222358345], [-0.7157617249856035, 44.30944702223765], [-0.7152354158276041, 44.31636182089184], [-0.7147091066696027, 44.32327661954604], [-0.7141827975116014, 44.330191418200236], [-0.7136564883535997, 44.337106216854444], [-0.7131301791955994, 44.34402101550863], [-0.7126038700375981, 44.350935814162824], [-0.7120775608795975, 44.357850612817025], [-0.7115512517215971, 44.36476541147122], [-0.7115512517215971, 44.36476541147122], [-0.7049755316388708, 44.368728057675185], [-0.6983998115561444, 44.372690703879165], [-0.6918240914734183, 44.376653350083124], [-0.685248371390691, 44.380615996287105], [-0.6786726513079647, 44.38457864249107], [-0.6720969312252384, 44.388541288695045], [-0.6655212111425122, 44.39250393489902], [-0.658945491059785, 44.396466581102985], [-0.6523697709770596, 44.40042922730696], [-0.6457940508943324, 44.404391873510924], [-0.6457940508943324, 44.404391873510924], [-0.649871063557522, 44.40620897390986], [-0.6539480762207116, 44.40802607430879], [-0.6580250888839, 44.40984317470773], [-0.6621021015470895, 44.41166027510666], [-0.6661791142102791, 44.4134773755056], [-0.6702561268734677, 44.41529447590454], [-0.6743331395366563, 44.41711157630347], [-0.6784101521998459, 44.4189286767024], [-0.6824871648630355, 44.42074577710134], [-0.686564177526224, 44.42256287750027], [-0.686564177526224, 44.42256287750027], [-0.693451047663372, 44.42469228696529], [-0.70033791780052, 44.426821696430295], [-0.7072247879376679, 44.42895110589531], [-0.7141116580748159, 44.43108051536032], [-0.7209985282119621, 44.433209924825334], [-0.7278853983491101, 44.43533933429035], [-0.7347722684862572, 44.43746874375536], [-0.7416591386234062, 44.439598153220366], [-0.7485460087605532, 44.44172756268538], [-0.755432878897701, 44.44385697215039], [-0.755432878897701, 44.44385697215039], [-0.7724817581189325, 44.44272466606135], [-0.7895306373401649, 44.44159235997232], [-0.8065795165613964, 44.44046005388328], [-0.8236283957826287, 44.439327747794245], [-0.8406772750038601, 44.438195441705204], [-0.8577261542250916, 44.43706313561617], [-0.8747750334463238, 44.43593082952714], [-0.8918239126675555, 44.4347985234381], [-0.9088727918887877, 44.433666217349064], [-0.9259216711100191, 44.43253391126003]]]}}, {"type": "Feature", "properties": {"diocese": "COMMINGES", "province": "IV_Auch"}, "geometry": {"type": "Polygon", "coordinates": [[[0.4262163308901876, 43.0987796452116], [0.41931556869678865, 43.09451462748798], [0.41241480650339124, 43.09024960976436], [0.4055140443099914, 43.08598459204076], [0.3986132821165942, 43.08171957431714], [0.3917125199231952, 43.077454556593516], [0.38481175772979626, 43.0731895388699], [0.37791099553639906, 43.068924521146286], [0.3710102333430001, 43.06465950342267], [0.3641094711496027, 43.06039448569905], [0.3572087089562037, 43.05612946797543], [0.3572087089562037, 43.05612946797543], [0.35664984285520984, 43.048355810795876], [0.3560909767542162, 43.04058215361632], [0.3555321106532232, 43.032808496436765], [0.3549732445522302, 43.02503483925721], [0.35441437845123547, 43.01726118207766], [0.3538555123502425, 43.009487524898105], [0.35329664624924817, 43.00171386771855], [0.35273778014825585, 42.993940210538995], [0.352178914047262, 42.98616655335943], [0.35162004794626833, 42.978392896179884], [0.35162004794626833, 42.978392896179884], [0.3494431430563958, 42.97763922483652], [0.34726623816652236, 42.97688555349316], [0.3450893332766478, 42.976131882149794], [0.34291242838677505, 42.97537821080643], [0.3407355234969016, 42.974624539463065], [0.3385586186070282, 42.973870868119704], [0.33638171371715475, 42.97311719677634], [0.3342048088272813, 42.972363525432975], [0.33202790393740766, 42.971609854089614], [0.32985099904753423, 42.97085618274625], [0.32985099904753423, 42.97085618274625], [0.3269404121593913, 42.96621614372942], [0.32402982527124724, 42.96157610471259], [0.3211192383831052, 42.95693606569576], [0.318208651494962, 42.95229602667892], [0.3152980646068182, 42.9476559876621], [0.31238747771867503, 42.94301594864527], [0.309476890830531, 42.938375909628434], [0.3065663039423887, 42.9337358706116], [0.3036557170542449, 42.929095831594765], [0.3007451301661017, 42.924455792577945], [0.3007451301661017, 42.924455792577945], [0.2958451855448838, 42.92257448423249], [0.2909452409236677, 42.92069317588704], [0.2860452963024498, 42.91881186754159], [0.28114535168123367, 42.91693055919614], [0.27624540706001666, 42.915049250850686], [0.27134546243879876, 42.91316794250523], [0.26644551781758175, 42.91128663415979], [0.26154557319636473, 42.90940532581433], [0.2566456285751486, 42.90752401746888], [0.25174568395393093, 42.905642709123434], [0.25174568395393093, 42.905642709123434], [0.2522832544002358, 42.902382624628615], [0.25282082484654267, 42.8991225401338], [0.25335839529284687, 42.895862455638984], [0.25389596573915196, 42.89260237114417], [0.25443353618545816, 42.88934228664937], [0.25497110663176326, 42.886082202154554], [0.25550867707806835, 42.88282211765974], [0.25604624752437344, 42.87956203316493], [0.25658381797067875, 42.87630194867011], [0.2571213884169845, 42.87304186417529], [0.2571213884169845, 42.87304186417529], [0.25294463701009784, 42.870407608247625], [0.24876788560321095, 42.86777335231995], [0.24459113419632317, 42.86513909639228], [0.24041438278943827, 42.8625048404646], [0.23623763138255138, 42.85987058453693], [0.2320608799756645, 42.85723632860925], [0.22788412856877782, 42.85460207268158], [0.22370737716189093, 42.8519678167539], [0.21953062575500404, 42.84933356082622], [0.21535387434811737, 42.84669930489855], [0.21535387434811737, 42.84669930489855], [0.21172760268403157, 42.84669839991037], [0.208101331019946, 42.84669749492218], [0.2044750593558593, 42.846696589934], [0.20084878769177394, 42.84669568494582], [0.19722251602768814, 42.84669477995763], [0.1935962443636019, 42.84669387496945], [0.1899699726995161, 42.84669296998128], [0.18634370103542963, 42.846692064993086], [0.18271742937134405, 42.84669116000491], [0.17909115770725847, 42.846690255016725], [0.17909115770725847, 42.846690255016725], [0.17346939391529648, 42.84706486912359], [0.1678476301233358, 42.84743948323047], [0.1622258663313747, 42.847814097337334], [0.1566041025394136, 42.8481887114442], [0.15098233874745182, 42.848563325551076], [0.14536057495549004, 42.84893793965795], [0.13973881116352915, 42.84931255376482], [0.13411704737156716, 42.849687167871686], [0.12849528357960627, 42.85006178197856], [0.12287351978764538, 42.85043639608543], [0.12287351978764538, 42.85043639608543], [0.11960178210736205, 42.84679934382427], [0.11633004442707873, 42.84316229156313], [0.11305830674679473, 42.83952523930198], [0.10978656906651119, 42.835888187040815], [0.10651483138622786, 42.832251134779675], [0.10324309370594387, 42.82861408251852], [0.09997135602566054, 42.82497703025737], [0.09669961834537721, 42.821339977996224], [0.09342788066509389, 42.81770292573507], [0.09015614298481056, 42.814065873473915], [0.09015614298481056, 42.814065873473915], [0.09142304104024812, 42.812436052973204], [0.09268993909568501, 42.8108062324725], [0.09395683715112257, 42.809176411971784], [0.09522373520656102, 42.80754659147108], [0.0964906332619977, 42.80591677097036], [0.09775753131743459, 42.80428695046966], [0.09902442937287304, 42.80265712996894], [0.10029132742830993, 42.80102730946824], [0.10155822548374838, 42.79939748896753], [0.10282512353918594, 42.79776766846682], [0.10282512353918594, 42.79776766846682], [0.10517434310078522, 42.78933775996683], [0.10752356266238405, 42.780907851466836], [0.10987278222398422, 42.77247794296685], [0.11222200178558372, 42.76404803446686], [0.11457122134718412, 42.75561812596687], [0.11692044090878273, 42.747188217466885], [0.1192696604703829, 42.738758308966894], [0.1216188800319824, 42.73032840046691], [0.1239680995935808, 42.72189849196691], [0.12631731915518118, 42.71346858346693], [0.12631731915518118, 42.71346858346693], [0.126496360708092, 42.71343551622033], [0.12667408914079537, 42.71340526754367], [0.12685087884486657, 42.71337704666387], [0.12702710421188113, 42.71335006280785], [0.12720313963341634, 42.71332352520253], [0.12737935950104884, 42.71329664307485], [0.12755613820635214, 42.713268625651736], [0.12773385014090288, 42.71323868216012], [0.12791286969627924, 42.7132060218269], [0.12809357126405474, 42.713169853879016], [0.12809357126405918, 42.713169853879016], [0.13431308601223457, 42.71524506240993], [0.14073452768122952, 42.71722495792902], [0.14725248964670534, 42.719163332432394], [0.15376156528432872, 42.72111397791615], [0.1601563479697634, 42.723130686376415], [0.16633143107867254, 42.72526724980929], [0.1721814079867212, 42.7275774602109], [0.1776008720695723, 42.73011510957733], [0.1824844167028914, 42.73293398990471], [0.18672663526234112, 42.73608789318913], [0.18672663526234112, 42.73608789318913], [0.193881912936948, 42.7358517281612], [0.20066915232854998, 42.73481776919454], [0.20715718264525607, 42.73315259782906], [0.21341483309517773, 42.7310227956047], [0.21951093288642398, 42.728594944061385], [0.2255143112271032, 42.72603562473905], [0.23149379732532527, 42.72351141917762], [0.23751822038919856, 42.72118890891702], [0.243656409626835, 42.71923467549719], [0.24997719424634202, 42.71781530045807], [0.24997719424634823, 42.71781530045807], [0.259828917870468, 42.719113790768176], [0.2670826879614836, 42.71865574827345], [0.2722167562268538, 42.716733949034364], [0.27570937437403487, 42.71364116911144], [0.27803879411048316, 42.709670184565155], [0.27968326714365666, 42.70511377145603], [0.2811210451810109, 42.700264705844525], [0.28283037993000404, 42.69541576379118], [0.2852895230980925, 42.69085972135647], [0.2889767263927321, 42.68688935460091], [0.2889767263927321, 42.68688935460091], [0.2934286275568736, 42.681915931704154], [0.29872153099787324, 42.67866992520448], [0.3045874040926282, 42.676989321064376], [0.31075821421803473, 42.67671210524634], [0.3169659287509923, 42.67767626371288], [0.322942515068396, 42.6797197824265], [0.3284199405471444, 42.6826806473497], [0.333130172564136, 42.686396844444985], [0.33680517849626534, 42.69070635967485], [0.3391769257204318, 42.69544717900181], [0.33917692572043157, 42.6954471790018], [0.33719556462486366, 42.699499424162006], [0.33805555691786315, 42.7031434413688], [0.3412709817380004, 42.70639983268151], [0.3463559182238485, 42.7092892001594], [0.3528244455139793, 42.71183214586174], [0.36019064274696455, 42.714049271847834], [0.36796858906137775, 42.71596118017695], [0.37567236359579037, 42.71758847290839], [0.38281604548877546, 42.71895175210142], [0.3889137138789043, 42.720071619815336], [0.3889137138789007, 42.720071619815336], [0.39256533962129336, 42.717065025502556], [0.3960247259477008, 42.71429516405218], [0.3992961251118696, 42.711693135972645], [0.4023837893675464, 42.70919004177235], [0.4052919709684808, 42.70671698195976], [0.40802492216841735, 42.70420505704328], [0.41058689522110603, 42.70158536753138], [0.41298214238029374, 42.69878901393245], [0.41521491589972737, 42.69574709675494], [0.4172894680331549, 42.69239071650728], [0.4172894680331567, 42.692390716507276], [0.4226655094717151, 42.69239546721502], [0.42850016573936967, 42.69200592626425], [0.43470702895904845, 42.69137680955324], [0.4411996912536811, 42.6906628329803], [0.44789174474619875, 42.69001871244372], [0.4546967815595282, 42.68959916384178], [0.46152839381659994, 42.68955890307279], [0.46830017364034315, 42.69005264603504], [0.47492571315368615, 42.69123510862683], [0.4813186044795583, 42.69326100674643], [0.4813186044795619, 42.69326100674643], [0.48576122860682536, 42.6971536244418], [0.49083361022437955, 42.69864812122616], [0.4963950446044403, 42.6983679502931], [0.5023048270192256, 42.69693656483624], [0.5084222527409499, 42.6949774180492], [0.5146066170418295, 42.6931139631256], [0.52071721519408, 42.69196965325904], [0.5266133424699191, 42.69216794164314], [0.5321542941415611, 42.69433228147152], [0.5371993654812219, 42.69908612593777], [0.5371993654812257, 42.699086125937775], [0.5428404695715585, 42.700007195009185], [0.5487870604538223, 42.700220711690015], [0.5549879657559773, 42.69987123426362], [0.5613920131059789, 42.69910332101332], [0.5679480301317867, 42.69806153022246], [0.5746048444613621, 42.69689042017437], [0.5813112837226622, 42.695734549152405], [0.588016175543645, 42.69473847543987], [0.59466834755227, 42.69404675732014], [0.6012166273764972, 42.69380395307653], [0.6012166273765014, 42.69380395307652], [0.6057952645242761, 42.69796261534613], [0.6101073067021903, 42.700428369524936], [0.6142955187539594, 42.701472515172924], [0.6185026655232948, 42.70136635185003], [0.622871511853917, 42.70038117911619], [0.6275448225895364, 42.69878829653137], [0.6326653625738698, 42.696859003655504], [0.6383758966506332, 42.69486460004855], [0.6448191896635405, 42.693076385270444], [0.6521380064563074, 42.69176565888116], [0.6521380064563012, 42.69176565888116], [0.6583480263109769, 42.69350614419248], [0.664613335681226, 42.693906190201695], [0.6707564371401777, 42.69343887783546], [0.6765998332609562, 42.69257728802043], [0.681966026616686, 42.6917945016833], [0.6866775197804964, 42.69156359975073], [0.6905568153255128, 42.692357663149394], [0.6934264158248595, 42.694649772805974], [0.6951088238516645, 42.698913009647136], [0.6954265419790526, 42.70562045459954], [0.6954265419790564, 42.705620454599554], [0.6961394463429431, 42.71112399908316], [0.6961136408054283, 42.716642500530895], [0.6953470870856919, 42.72211759182942], [0.6938377469029138, 42.72749090586536], [0.6915835819762741, 42.73270407552536], [0.6885825540249555, 42.73769873369608], [0.684832624768136, 42.742416513264146], [0.680331755924998, 42.746799047116205], [0.6750779092147208, 42.750787968138916], [0.6690690463564875, 42.7543249092189], [0.6690690463564875, 42.75432490921891], [0.6652306916712749, 42.75546851234727], [0.6644974597195192, 42.7573070349229], [0.6660005304134979, 42.75972243741747], [0.6688710836654883, 42.76259668030267], [0.672240299387767, 42.765811724050145], [0.6752393574926101, 42.76924952913157], [0.6769994378922948, 42.7727920560186], [0.6766517204990985, 42.77632126518293], [0.6733273852252961, 42.7797191170962], [0.6661576119831651, 42.782867572230096], [0.6661576119831607, 42.78286757223009], [0.670869989910885, 42.78564268629864], [0.674855652727341, 42.78868683193357], [0.6781495701861286, 42.79200118939463], [0.6807867120408415, 42.79558693894156], [0.6828020480450789, 42.79944526083413], [0.6842305479524351, 42.80357733533209], [0.6851071815165088, 42.80798434269517], [0.6854669184908966, 42.812667463183146], [0.6853447286291936, 42.817627877055735], [0.6847755816849987, 42.82286676457272], [0.6847755816849943, 42.82286676457272], [0.6820466976148536, 42.827990674274915], [0.681725113947576, 42.83265920590949], [0.6834409233940799, 42.83689110356643], [0.6868242186652829, 42.8407051113357], [0.6915050924721016, 42.84411997330728], [0.6971136375254545, 42.84715443357111], [0.7032799465362576, 42.84982723621719], [0.7096341122154308, 42.85215712533548], [0.7158062272738897, 42.85416284501594], [0.7214263844225539, 42.85586313934855], [0.7214263844225486, 42.85586313934855], [0.7293542955507339, 42.858655427820814], [0.736318672189249, 42.8590375677494], [0.7425576046673186, 42.8575469188202], [0.7483091833141655, 42.85472084071916], [0.753811498459015, 42.85109669313216], [0.759302640431093, 42.84721183574515], [0.7650206995596212, 42.843603628244026], [0.7712037661738265, 42.840809430314714], [0.778089930602933, 42.83936660164312], [0.7859172831761647, 42.83981250191516], [0.7859172831761629, 42.83981250191516], [0.7891487007268456, 42.83917035795523], [0.7925103313923891, 42.83882938614352], [0.7959767362418739, 42.83873798019367], [0.799522476344384, 42.83884453381934], [0.803122112769004, 42.839097440734186], [0.8067502065848156, 42.83944509465186], [0.8103813188609044, 42.83983588928601], [0.8139900106663518, 42.84021821835027], [0.817550843070243, 42.84054047555833], [0.8210383771416621, 42.8407510546238], [0.8210383771416665, 42.84075105462381], [0.822535917419994, 42.84654657653616], [0.8240334576983219, 42.8523420984485], [0.825530997976649, 42.85813762036085], [0.827028538254978, 42.8639331422732], [0.828526078533306, 42.86972866418554], [0.8300236188116332, 42.87552418609789], [0.8315211590899612, 42.88131970801023], [0.8330186993682904, 42.88711522992258], [0.8345162396466164, 42.89291075183493], [0.8360137799249454, 42.89870627374728], [0.8360137799249454, 42.89870627374728], [0.8371725602077302, 42.90110043819519], [0.838331340490515, 42.903494602643114], [0.839490120773299, 42.905888767091035], [0.8406489010560834, 42.908282931538956], [0.8418076813388684, 42.910677095986884], [0.8429664616216539, 42.9130712604348], [0.8441252419044387, 42.91546542488272], [0.8452840221872235, 42.91785958933065], [0.8464428024700075, 42.92025375377856], [0.8476015827527923, 42.92264791822648], [0.8476015827527923, 42.92264791822648], [0.8499099081762505, 42.923446470952605], [0.8522182335997084, 42.924245023678715], [0.8545265590231659, 42.92504357640484], [0.8568348844466231, 42.925842129130956], [0.85914320987008, 42.926640681857066], [0.8614515352935384, 42.9274392345832], [0.8637598607169965, 42.928237787309314], [0.8660681861404544, 42.929036340035424], [0.8683765115639108, 42.92983489276155], [0.870684836987369, 42.930633445487665], [0.870684836987369, 42.930633445487665], [0.8769665627692691, 42.929571062546565], [0.883248288551169, 42.928508679605464], [0.88953001433307, 42.927446296664364], [0.895811740114969, 42.926383913723264], [0.9020934658968702, 42.925321530782156], [0.9083751916787701, 42.92425914784106], [0.9146569174606691, 42.92319676489996], [0.9209386432425692, 42.922134381958855], [0.9272203690244691, 42.921071999017755], [0.9335020948063693, 42.920009616076655], [0.9335020948063693, 42.920009616076655], [0.9388970863951029, 42.924621451692566], [0.9442920779838351, 42.92923328730849], [0.9496870695725681, 42.93384512292442], [0.9550820611613011, 42.93845695854033], [0.960477052750035, 42.94306879415626], [0.9658720443387661, 42.94768062977218], [0.9712670359274993, 42.9522924653881], [0.9766620275162321, 42.956904301004016], [0.982057019104966, 42.961516136619935], [0.9874520106936981, 42.96612797223587], [0.9874520106936981, 42.96612797223587], [0.9877132838599079, 42.96861057069321], [0.987974557026118, 42.97109316915055], [0.9882358301923277, 42.9735757676079], [0.9884971033585384, 42.97605836606524], [0.988758376524749, 42.97854096452259], [0.9890196496909596, 42.98102356297993], [0.9892809228571691, 42.983506161437276], [0.9895421960233797, 42.985988759894624], [0.9898034691895894, 42.988471358351966], [0.9900647423557998, 42.99095395680931], [0.9900647423557998, 42.99095395680931], [0.9862178741902579, 42.99113036745194], [0.982371006024715, 42.991306778094554], [0.9785241378591736, 42.99148318873718], [0.9746772696936308, 42.9916595993798], [0.9708304015280886, 42.99183601002242], [0.9669835333625465, 42.99201242066504], [0.9631366651970037, 42.99218883130767], [0.9592897970314627, 42.99236524195029], [0.9554429288659196, 42.99254165259291], [0.9515960607003777, 42.99271806323554], [0.9515960607003777, 42.99271806323554], [0.9504449808776858, 42.994313674574336], [0.9492939010549939, 42.995909285913136], [0.948142821232302, 42.997504897251936], [0.9469917414096103, 42.99910050859074], [0.9458406615869182, 43.00069611992954], [0.9446895817642256, 43.00229173126834], [0.9435385019415337, 43.003887342607136], [0.9423874221188417, 43.00548295394594], [0.9412363422961498, 43.00707856528474], [0.9400852624734588, 43.00867417662354], [0.9400852624734588, 43.00867417662354], [0.9413722837391765, 43.011068427769246], [0.9426593050048937, 43.01346267891494], [0.9439463262706118, 43.01585693006064], [0.9452333475363293, 43.01825118120633], [0.9465203688020465, 43.020645432352026], [0.9478073900677657, 43.02303968349772], [0.9490944113334829, 43.02543393464343], [0.9503814325992004, 43.02782818578912], [0.9516684538649187, 43.03022243693482], [0.9529554751306359, 43.032616688080516], [0.9529554751306359, 43.032616688080516], [0.9571850125567187, 43.0313764769959], [0.9614145499828013, 43.030136265911274], [0.9656440874088832, 43.02889605482666], [0.9698736248349662, 43.027655843742046], [0.9741031622610485, 43.026415632657425], [0.9783326996871304, 43.025175421572804], [0.9825622371132132, 43.02393521048819], [0.9867917745392949, 43.02269499940357], [0.9910213119653788, 43.021454788318955], [0.9952508493914605, 43.02021457723434], [0.9952508493914605, 43.02021457723434], [0.9975595195020219, 43.02039246938656], [0.9998681896125845, 43.02057036153877], [1.002176859723146, 43.020748253691], [1.0044855298337076, 43.020926145843234], [1.00679419994427, 43.02110403799545], [1.0091028700548315, 43.021281930147666], [1.0114115401653931, 43.021459822299896], [1.0137202102759555, 43.02163771445211], [1.016028880386517, 43.02181560660434], [1.0183375504970793, 43.021993498756565], [1.0183375504970793, 43.021993498756565], [1.0189849074046178, 43.02518551222178], [1.0196322643121571, 43.028377525687006], [1.0202796212196965, 43.03156953915223], [1.0209269781272359, 43.034761552617454], [1.0215743350347757, 43.03795356608267], [1.0222216919423137, 43.041145579547894], [1.022869048849853, 43.04433759301312], [1.0235164057573924, 43.04752960647834], [1.0241637626649318, 43.05072161994356], [1.0248111195724716, 43.05391363340878], [1.0248111195724716, 43.05391363340878], [1.028532321696964, 43.05506717071944], [1.0322535238214594, 43.056220708030104], [1.0359747259459526, 43.05737424534077], [1.0396959280704468, 43.05852778265143], [1.0434171301949409, 43.0596813199621], [1.047138332319434, 43.06083485727276], [1.050859534443929, 43.06198839458342], [1.0545807365684219, 43.06314193189409], [1.0583019386929173, 43.064295469204744], [1.0620231408174101, 43.06544900651541], [1.0620231408174101, 43.06544900651541], [1.060623272000456, 43.0710344390171], [1.0592234031835033, 43.07661987151879], [1.0578235343665487, 43.082205304020476], [1.056423665549595, 43.08779073652216], [1.055023796732642, 43.09337616902385], [1.0536239279156883, 43.09896160152553], [1.052224059098735, 43.10454703402723], [1.0508241902817805, 43.11013246652891], [1.0494243214648278, 43.11571789903061], [1.0480244526478741, 43.121303331532296], [1.0480244526478741, 43.121303331532296], [1.040713385366209, 43.12059224298869], [1.0334023180845429, 43.1198811544451], [1.0260912508028777, 43.11917006590151], [1.0187801835212116, 43.11845897735791], [1.0114691162395453, 43.117747888814314], [1.0041580489578799, 43.117036800270704], [0.9968469816762129, 43.116325711727114], [0.9895359143945479, 43.11561462318352], [0.9822248471128829, 43.11490353463992], [0.9749137798312169, 43.11419244609633], [0.9749137798312169, 43.11419244609633], [0.972991885724348, 43.11507854641222], [0.9710699916174788, 43.115964646728116], [0.9691480975106082, 43.116850747044], [0.9672262034037389, 43.117736847359886], [0.9653043092968685, 43.11862294767578], [0.9633824151899999, 43.11950904799167], [0.9614605210831306, 43.120395148307566], [0.95953862697626, 43.121281248623454], [0.9576167328693905, 43.12216734893934], [0.955694838762521, 43.12305344925523], [0.955694838762521, 43.12305344925523], [0.9545463180602503, 43.12597909524114], [0.953397797357979, 43.12890474122707], [0.9522492766557076, 43.13183038721298], [0.951100755953437, 43.13475603319889], [0.9499522352511653, 43.1376816791848], [0.9488037145488941, 43.14060732517071], [0.9476551938466233, 43.14353297115663], [0.9465066731443519, 43.14645861714254], [0.9453581524420804, 43.149384263128454], [0.9442096317398099, 43.152309909114365], [0.9442096317398099, 43.152309909114365], [0.9476805125409695, 43.15665523586175], [0.9511513933421303, 43.16100056260914], [0.9546222741432917, 43.16534588935653], [0.958093154944452, 43.169691216103914], [0.9615640357456117, 43.1740365428513], [0.9650349165467722, 43.17838186959869], [0.968505797347933, 43.182727196346086], [0.9719766781490935, 43.18707252309347], [0.9754475589502549, 43.19141784984085], [0.9789184397514146, 43.195763176588244], [0.9789184397514146, 43.195763176588244], [0.9753345459786731, 43.19930772689042], [0.9717506522059307, 43.2028522771926], [0.9681667584331883, 43.20639682749478], [0.964582864660446, 43.20994137779696], [0.9609989708877045, 43.213485928099125], [0.9574150771149619, 43.217030478401306], [0.9538311833422197, 43.22057502870348], [0.9502472895694782, 43.22411957900566], [0.9466633957967348, 43.22766412930783], [0.9430795020239935, 43.23120867961001], [0.9430795020239935, 43.23120867961001], [0.9389761521037079, 43.23138502624393], [0.934872802183421, 43.23156137287784], [0.9307694522631336, 43.23173771951176], [0.9266661023428471, 43.23191406614568], [0.922562752422561, 43.23209041277959], [0.9184594025022756, 43.23226675941351], [0.9143560525819887, 43.23244310604743], [0.9102527026617031, 43.23261945268134], [0.906149352741416, 43.23279579931526], [0.9020460028211303, 43.23297214594917], [0.9020460028211303, 43.23297214594917], [0.8980785942383092, 43.23713830037416], [0.8941111856554871, 43.241304454799156], [0.8901437770726659, 43.24547060922415], [0.8861763684898438, 43.24963676364914], [0.8822089599070233, 43.253802918074136], [0.8782415513242019, 43.25796907249912], [0.8742741427413807, 43.262135226924116], [0.8703067341585586, 43.2663013813491], [0.8663393255757363, 43.270467535774095], [0.8623719169929158, 43.27463369019908], [0.8623719169929158, 43.27463369019908], [0.8607075419069394, 43.2752539354903], [0.859043166820965, 43.2758741807815], [0.8573787917349904, 43.2764944260727], [0.8557144166490152, 43.27711467136391], [0.8540500415630397, 43.27773491665513], [0.8523856664770642, 43.27835516194633], [0.8507212913910887, 43.27897540723753], [0.8490569163051143, 43.27959565252874], [0.8473925412191388, 43.28021589781995], [0.8457281661331633, 43.28083614311115], [0.8457281661331633, 43.28083614311115], [0.8470187784461918, 43.285890244396356], [0.848309390759221, 43.29094434568156], [0.8496000030722484, 43.295998446966756], [0.850890615385278, 43.30105254825196], [0.8521812276983063, 43.30610664953716], [0.8534718400113355, 43.31116075082237], [0.8547624523243638, 43.316214852107564], [0.8560530646373912, 43.32126895339276], [0.8573436769504208, 43.32632305467797], [0.8586342892634491, 43.331377155963175], [0.8586342892634491, 43.331377155963175], [0.8573643829416491, 43.33705127889409], [0.8560944766198477, 43.34272540182499], [0.8548245702980486, 43.348399524755905], [0.8535546639762484, 43.35407364768682], [0.8522847576544474, 43.35974777061774], [0.8510148513326472, 43.36542189354864], [0.8497449450108463, 43.37109601647956], [0.8484750386890458, 43.37677013941047], [0.8472051323672458, 43.38244426234139], [0.8459352260454458, 43.3881183852723], [0.8459352260454458, 43.3881183852723], [0.8397368194724364, 43.38351810823281], [0.8335384128994272, 43.37891783119331], [0.8273400063264171, 43.374317554153826], [0.821141599753408, 43.36971727711434], [0.8149431931803988, 43.36511700007485], [0.8087447866073894, 43.36051672303536], [0.8025463800343795, 43.35591644599587], [0.7963479734613701, 43.35131616895638], [0.7901495668883609, 43.34671589191688], [0.7839511603153517, 43.34211561487739], [0.7839511603153517, 43.34211561487739], [0.7770596845603479, 43.34186285232214], [0.7701682088053414, 43.34161008976688], [0.7632767330503376, 43.341357327211625], [0.7563852572953338, 43.341104564656355], [0.7494937815403282, 43.3408518021011], [0.7426023057853244, 43.34059903954584], [0.7357108300303188, 43.34034627699059], [0.728819354275315, 43.340093514435324], [0.7219278785203103, 43.33984075188007], [0.7150364027653056, 43.339587989324805], [0.7150364027653056, 43.339587989324805], [0.7115796847239859, 43.334571796914325], [0.7081229666826663, 43.329555604503845], [0.7046662486413466, 43.324539412093365], [0.7012095306000279, 43.31952321968288], [0.6977528125587091, 43.3145070272724], [0.6942960945173895, 43.30949083486192], [0.6908393764760696, 43.304474642451424], [0.6873826584347502, 43.29945845004095], [0.6839259403934304, 43.294442257630465], [0.6804692223521107, 43.28942606521999], [0.6804692223521107, 43.28942606521999], [0.6772019301906707, 43.287293082463385], [0.6739346380292295, 43.285160099706786], [0.6706673458677903, 43.283027116950194], [0.6674000537063485, 43.28089413419359], [0.6641327615449084, 43.27876115143699], [0.6608654693834675, 43.276628168680396], [0.6575981772220274, 43.274495185923804], [0.6543308850605869, 43.2723622031672], [0.6510635928991468, 43.2702292204106], [0.647796300737705, 43.268096237654], [0.647796300737705, 43.268096237654], [0.6365380051833858, 43.26119795806051], [0.6252797096290656, 43.25429967846701], [0.6140214140747453, 43.24740139887351], [0.602763118520425, 43.24050311928001], [0.5915048229661048, 43.23360483968652], [0.5802465274117854, 43.226706560093014], [0.5689882318574644, 43.21980828049952], [0.5577299363031452, 43.21291000090602], [0.546471640748823, 43.20601172131252], [0.5352133451945038, 43.19911344171902], [0.5352133451945038, 43.19911344171902], [0.5284857063341288, 43.190084180152475], [0.5217580674737539, 43.181054918585914], [0.5150304286133789, 43.17202565701936], [0.5083027897530039, 43.162996395452815], [0.5015751508926289, 43.15396713388626], [0.49484751203225485, 43.14493787231971], [0.4881198731718801, 43.13590861075316], [0.48139223431150513, 43.126879349186616], [0.4746645954511304, 43.11785008762006], [0.4679369565907554, 43.10882082605352], [0.4679369565907554, 43.10882082605352], [0.463764894020698, 43.10781670796932], [0.45959283145064167, 43.10681258988513], [0.45542076888058514, 43.10580847180094], [0.45124870631052794, 43.10480435371675], [0.4470766437404716, 43.103800235632555], [0.4429045811704151, 43.102796117548365], [0.4387325186003579, 43.101791999464176], [0.43456045603030047, 43.10078788137998], [0.43038839346024504, 43.09978376329579], [0.4262163308901876, 43.0987796452116]]]}}, {"type": "Feature", "properties": {"diocese": "COUSERANS", "province": "IV_Auch"}, "geometry": {"type": "Polygon", "coordinates": [[[1.0480244526478741, 43.121303331532296], [1.0494243214648278, 43.11571789903061], [1.0508241902817805, 43.11013246652891], [1.052224059098735, 43.10454703402723], [1.0536239279156883, 43.09896160152553], [1.055023796732642, 43.09337616902385], [1.056423665549595, 43.08779073652216], [1.0578235343665487, 43.082205304020476], [1.0592234031835033, 43.07661987151879], [1.060623272000456, 43.0710344390171], [1.0620231408174101, 43.06544900651541], [1.0620231408174101, 43.06544900651541], [1.0583019386929173, 43.064295469204744], [1.0545807365684219, 43.06314193189409], [1.050859534443929, 43.06198839458342], [1.047138332319434, 43.06083485727276], [1.0434171301949409, 43.0596813199621], [1.0396959280704468, 43.05852778265143], [1.0359747259459526, 43.05737424534077], [1.0322535238214594, 43.056220708030104], [1.028532321696964, 43.05506717071944], [1.0248111195724716, 43.05391363340878], [1.0248111195724716, 43.05391363340878], [1.0241637626649318, 43.05072161994356], [1.0235164057573924, 43.04752960647834], [1.022869048849853, 43.04433759301312], [1.0222216919423137, 43.041145579547894], [1.0215743350347757, 43.03795356608267], [1.0209269781272359, 43.034761552617454], [1.0202796212196965, 43.03156953915223], [1.0196322643121571, 43.028377525687006], [1.0189849074046178, 43.02518551222178], [1.0183375504970793, 43.021993498756565], [1.0183375504970793, 43.021993498756565], [1.016028880386517, 43.02181560660434], [1.0137202102759555, 43.02163771445211], [1.0114115401653931, 43.021459822299896], [1.0091028700548315, 43.021281930147666], [1.00679419994427, 43.02110403799545], [1.0044855298337076, 43.020926145843234], [1.002176859723146, 43.020748253691], [0.9998681896125845, 43.02057036153877], [0.9975595195020219, 43.02039246938656], [0.9952508493914605, 43.02021457723434], [0.9952508493914605, 43.02021457723434], [0.9910213119653788, 43.021454788318955], [0.9867917745392949, 43.02269499940357], [0.9825622371132132, 43.02393521048819], [0.9783326996871304, 43.025175421572804], [0.9741031622610485, 43.026415632657425], [0.9698736248349662, 43.027655843742046], [0.9656440874088832, 43.02889605482666], [0.9614145499828013, 43.030136265911274], [0.9571850125567187, 43.0313764769959], [0.9529554751306359, 43.032616688080516], [0.9529554751306359, 43.032616688080516], [0.9516684538649187, 43.03022243693482], [0.9503814325992004, 43.02782818578912], [0.9490944113334829, 43.02543393464343], [0.9478073900677657, 43.02303968349772], [0.9465203688020465, 43.020645432352026], [0.9452333475363293, 43.01825118120633], [0.9439463262706118, 43.01585693006064], [0.9426593050048937, 43.01346267891494], [0.9413722837391765, 43.011068427769246], [0.9400852624734588, 43.00867417662354], [0.9400852624734588, 43.00867417662354], [0.9412363422961498, 43.00707856528474], [0.9423874221188417, 43.00548295394594], [0.9435385019415337, 43.003887342607136], [0.9446895817642256, 43.00229173126834], [0.9458406615869182, 43.00069611992954], [0.9469917414096103, 42.99910050859074], [0.948142821232302, 42.997504897251936], [0.9492939010549939, 42.995909285913136], [0.9504449808776858, 42.994313674574336], [0.9515960607003777, 42.99271806323554], [0.9515960607003777, 42.99271806323554], [0.9554429288659196, 42.99254165259291], [0.9592897970314627, 42.99236524195029], [0.9631366651970037, 42.99218883130767], [0.9669835333625465, 42.99201242066504], [0.9708304015280886, 42.99183601002242], [0.9746772696936308, 42.9916595993798], [0.9785241378591736, 42.99148318873718], [0.982371006024715, 42.991306778094554], [0.9862178741902579, 42.99113036745194], [0.9900647423557998, 42.99095395680931], [0.9900647423557998, 42.99095395680931], [0.9898034691895894, 42.988471358351966], [0.9895421960233797, 42.985988759894624], [0.9892809228571691, 42.983506161437276], [0.9890196496909596, 42.98102356297993], [0.988758376524749, 42.97854096452259], [0.9884971033585384, 42.97605836606524], [0.9882358301923277, 42.9735757676079], [0.987974557026118, 42.97109316915055], [0.9877132838599079, 42.96861057069321], [0.9874520106936981, 42.96612797223587], [0.9874520106936981, 42.96612797223587], [0.982057019104966, 42.961516136619935], [0.9766620275162321, 42.956904301004016], [0.9712670359274993, 42.9522924653881], [0.9658720443387661, 42.94768062977218], [0.960477052750035, 42.94306879415626], [0.9550820611613011, 42.93845695854033], [0.9496870695725681, 42.93384512292442], [0.9442920779838351, 42.92923328730849], [0.9388970863951029, 42.924621451692566], [0.9335020948063693, 42.920009616076655], [0.9335020948063693, 42.920009616076655], [0.9272203690244691, 42.921071999017755], [0.9209386432425692, 42.922134381958855], [0.9146569174606691, 42.92319676489996], [0.9083751916787701, 42.92425914784106], [0.9020934658968702, 42.925321530782156], [0.895811740114969, 42.926383913723264], [0.88953001433307, 42.927446296664364], [0.883248288551169, 42.928508679605464], [0.8769665627692691, 42.929571062546565], [0.870684836987369, 42.930633445487665], [0.870684836987369, 42.930633445487665], [0.8683765115639108, 42.92983489276155], [0.8660681861404544, 42.929036340035424], [0.8637598607169965, 42.928237787309314], [0.8614515352935384, 42.9274392345832], [0.85914320987008, 42.926640681857066], [0.8568348844466231, 42.925842129130956], [0.8545265590231659, 42.92504357640484], [0.8522182335997084, 42.924245023678715], [0.8499099081762505, 42.923446470952605], [0.8476015827527923, 42.92264791822648], [0.8476015827527923, 42.92264791822648], [0.8464428024700075, 42.92025375377856], [0.8452840221872235, 42.91785958933065], [0.8441252419044387, 42.91546542488272], [0.8429664616216539, 42.9130712604348], [0.8418076813388684, 42.910677095986884], [0.8406489010560834, 42.908282931538956], [0.839490120773299, 42.905888767091035], [0.838331340490515, 42.903494602643114], [0.8371725602077302, 42.90110043819519], [0.8360137799249454, 42.89870627374728], [0.8360137799249454, 42.89870627374728], [0.8345162396466164, 42.89291075183493], [0.8330186993682904, 42.88711522992258], [0.8315211590899612, 42.88131970801023], [0.8300236188116332, 42.87552418609789], [0.828526078533306, 42.86972866418554], [0.827028538254978, 42.8639331422732], [0.825530997976649, 42.85813762036085], [0.8240334576983219, 42.8523420984485], [0.822535917419994, 42.84654657653616], [0.8210383771416665, 42.84075105462381], [0.8210383771416665, 42.84075105462381], [0.8237841883837449, 42.84080519829975], [0.8264523975874227, 42.84072596479493], [0.8290284229945062, 42.84048421639199], [0.8314976828467988, 42.84005081537356], [0.8338455953861099, 42.83939662402227], [0.8360575788542417, 42.83849250462075], [0.8381190514930035, 42.83730931945165], [0.8400154315441983, 42.83581793079758], [0.8417321372496338, 42.8339892009412], [0.8432545868511139, 42.831793992165096], [0.8432545868511085, 42.831793992165096], [0.8503177342970551, 42.831008071521815], [0.8569191704256163, 42.829944871397316], [0.8631581660884229, 42.8286201682642], [0.8691339921371131, 42.82704973859501], [0.8749459194233187, 42.82524935886232], [0.8806932187986776, 42.82323480553871], [0.886475161114822, 42.82102185509673], [0.8923910172233867, 42.81862628400897], [0.8985400579760057, 42.81606386874799], [0.9050215542243156, 42.81335038578634], [0.9050215542243119, 42.813350385786336], [0.9116528401111799, 42.81261277250703], [0.9177638040513685, 42.81033471347742], [0.9234704661223907, 42.806993090777546], [0.9288888464017631, 42.8030647864875], [0.934134964967003, 42.799026682687334], [0.9393248418956246, 42.79535566145714], [0.9445744972651444, 42.792528604876935], [0.9499999511530792, 42.79102239502682], [0.9557172236369431, 42.79131391398687], [0.9618423347942537, 42.79388004383712], [0.961842334794252, 42.79388004383712], [0.9671929330170141, 42.79879492831085], [0.9726251190408666, 42.801320848571805], [0.9781093265666154, 42.801878685896185], [0.9836159892950698, 42.80088932156017], [0.9891155409270338, 42.79877363683994], [0.9945784151633139, 42.79595251301166], [0.999975045704721, 42.79284683135154], [1.0052758662520578, 42.78987747313573], [1.0104513105061335, 42.78746531964045], [1.0154718121677524, 42.786031252141846], [1.0154718121677524, 42.786031252141846], [1.022593030236433, 42.787384219852065], [1.0292677726274837, 42.787886687899814], [1.0355993569026785, 42.78768373551937], [1.0416911006237881, 42.78692044194502], [1.0476463213525853, 42.785741886411024], [1.053568336650843, 42.78429314815164], [1.0595604640803313, 42.78271930640117], [1.0657260212028232, 42.781165440393885], [1.0721683255800918, 42.77977662936405], [1.078990694773907, 42.778697952545926], [1.0789906947739012, 42.77869795254592], [1.0866209174229602, 42.781703403697996], [1.093620511317705, 42.78305597679714], [1.1001007863735075, 42.783008376549496], [1.1061730525057416, 42.781813307661245], [1.1119486196297785, 42.77972347483855], [1.1175387976609907, 42.77699158278754], [1.1230548965147493, 42.77387033621439], [1.1286082261064299, 42.77061243982526], [1.1343100963514035, 42.76747059832632], [1.1402718171650421, 42.764697516423695], [1.1402718171650377, 42.764697516423695], [1.1468535055689322, 42.761472930083336], [1.151084134750585, 42.75768937899429], [1.153520745562452, 42.75347201815139], [1.1547203788569944, 42.74894600254944], [1.155240075486668, 42.74423648718324], [1.155636876303932, 42.73946862704762], [1.1564678221612454, 42.734767577137376], [1.1582899539110643, 42.73025849244733], [1.1616603124058482, 42.72606652797228], [1.1671359384980553, 42.72231683870707], [1.167135938498053, 42.722316838707066], [1.1722290114292488, 42.717790526975975], [1.1774255410949004, 42.71449091768007], [1.1827236963805374, 42.71229827776717], [1.1881216461716861, 42.711092874185105], [1.1936175593538754, 42.7107549738817], [1.1992096048126322, 42.71116484380478], [1.2048959514334832, 42.71220275090217], [1.2106747681019567, 42.71374896212169], [1.216544223703579, 42.71568374441117], [1.2225024871238808, 42.71788736471845], [1.222502487123879, 42.71788736471844], [1.2289317036124854, 42.71908251804776], [1.2349241067143133, 42.72007172048588], [1.2406041675115982, 42.72080851589734], [1.2460963570865737, 42.721246448146616], [1.2515251465214772, 42.72133906109827], [1.2570150068985417, 42.72103989861682], [1.2626904093000024, 42.72030250456679], [1.268675824808097, 42.719080422812695], [1.2750957245050616, 42.71732719721907], [1.282074579473127, 42.71499637165044], [1.2820745794731288, 42.71499637165044], [1.2881768228184711, 42.71564227519184], [1.2947035506238427, 42.715793710883474], [1.3015186154742953, 42.71560947108871], [1.3084858699548838, 42.71524834817096], [1.3154691666506624, 42.714869134493576], [1.3223323581466833, 42.71463062241994], [1.3289392970280014, 42.714691604313415], [1.3351538358796673, 42.71521087253741], [1.3408398272867381, 42.71634721945527], [1.3458611238342661, 42.71825943743039], [1.3458611238342701, 42.71825943743038], [1.3495793960920723, 42.71849122893861], [1.3528772204391237, 42.718558261048805], [1.3557873722283191, 42.71847296281079], [1.3583426268125516, 42.71824776327442], [1.3605757595447163, 42.71789509148952], [1.3625195457777073, 42.71742737650591], [1.3642067608644197, 42.716857047373445], [1.3656701801577453, 42.71619653314195], [1.366942579010582, 42.715458262861254], [1.3680567327758206, 42.7146546655812], [1.3680567327758197, 42.7146546655812], [1.3708602784165778, 42.717470160880985], [1.3736638240573353, 42.72028565618077], [1.3764673696980938, 42.72310115148056], [1.379270915338851, 42.725916646780355], [1.3820744609796085, 42.72873214208015], [1.384878006620366, 42.731547637379926], [1.3876815522611232, 42.73436313267972], [1.3904850979018817, 42.7371786279795], [1.3932886435426388, 42.73999412327929], [1.3960921891833973, 42.74280961857908], [1.3960921891833973, 42.74280961857908], [1.3978950830072296, 42.74671123908027], [1.399697976831063, 42.750612859581466], [1.401500870654897, 42.754514480082655], [1.4033037644787298, 42.75841610058385], [1.405106658302563, 42.76231772108504], [1.4069095521263963, 42.766219341586236], [1.4087124459502287, 42.77012096208742], [1.410515339774062, 42.77402258258861], [1.4123182335978957, 42.77792420308981], [1.414121127421729, 42.78182582359099], [1.414121127421729, 42.78182582359099], [1.411947029734248, 42.78492847492648], [1.4097729320467671, 42.78803112626196], [1.4075988343592853, 42.791133777597445], [1.4054247366718045, 42.79423642893293], [1.4032506389843236, 42.79733908026841], [1.4010765412968436, 42.80044173160389], [1.3989024436093627, 42.80354438293938], [1.3967283459218804, 42.80664703427486], [1.3945542482343996, 42.80974968561034], [1.39238015054692, 42.812852336945824], [1.39238015054692, 42.812852336945824], [1.3941779107306904, 42.81409410692253], [1.3959756709144617, 42.81533587689925], [1.3977734310982322, 42.816577646875956], [1.399571191282004, 42.81781941685267], [1.4013689514657757, 42.81906118682937], [1.4031667116495474, 42.82030295680608], [1.4049644718333187, 42.8215447267828], [1.4067622320170883, 42.822786496759505], [1.40855999220086, 42.82402826673623], [1.4103577523846313, 42.82527003671293], [1.4103577523846313, 42.82527003671293], [1.4130528563758507, 42.82633465995085], [1.4157479603670704, 42.82739928318877], [1.4184430643582893, 42.828463906426684], [1.4211381683495068, 42.8295285296646], [1.423833272340726, 42.830593152902516], [1.4265283763319463, 42.83165777614043], [1.4292234803231647, 42.83272239937834], [1.431918584314384, 42.83378702261626], [1.4346136883056033, 42.83485164585417], [1.4373087922968226, 42.83591626909209], [1.4373087922968226, 42.83591626909209], [1.4375697212287784, 42.83822051229857], [1.4378306501607345, 42.84052475550505], [1.4380915790926907, 42.842828998711525], [1.4383525080246469, 42.845133241918], [1.4386134369566026, 42.847437485124466], [1.4388743658885579, 42.84974172833095], [1.4391352948205145, 42.852045971537414], [1.4393962237524698, 42.85435021474389], [1.439657152684426, 42.85665445795037], [1.4399180816163821, 42.85895870115684], [1.4399180816163821, 42.85895870115684], [1.4417194353059726, 42.86206234462332], [1.443520788995563, 42.8651659880898], [1.445322142685154, 42.86826963155628], [1.4471234963747444, 42.871373275022755], [1.4489248500643335, 42.874476918489236], [1.450726203753923, 42.87758056195571], [1.452527557443513, 42.88068420542219], [1.4543289111331044, 42.88378784888867], [1.4561302648226948, 42.886891492355154], [1.4579316185122848, 42.88999513582162], [1.4579316185122848, 42.88999513582162], [1.4566505866692405, 42.89070413477686], [1.4553695548261962, 42.891413133732094], [1.4540885229831528, 42.892122132687334], [1.4528074911401094, 42.89283113164257], [1.4515264592970643, 42.8935401305978], [1.4502454274540204, 42.894249129553046], [1.4489643956109766, 42.894958128508286], [1.4476833637679323, 42.89566712746351], [1.446402331924888, 42.896376126418744], [1.4451213000818446, 42.89708512537399], [1.4451213000818446, 42.89708512537399], [1.4405032752979667, 42.89637465422444], [1.435885250514091, 42.895664183074885], [1.4312672257302155, 42.89495371192533], [1.4266492009463376, 42.89424324077578], [1.422031176162461, 42.893532769626226], [1.4174131513785846, 42.89282229847667], [1.4127951265947076, 42.89211182732712], [1.4081771018108316, 42.89140135617756], [1.4035590770269537, 42.89069088502801], [1.398941052243078, 42.889980413878455], [1.398941052243078, 42.889980413878455], [1.4004850686064345, 42.892640703146625], [1.4020290849697896, 42.89530099241478], [1.4035731013331456, 42.89796128168295], [1.405117117696502, 42.90062157095112], [1.4066611340598576, 42.90328186021929], [1.4082051504232136, 42.90594214948745], [1.4097491667865696, 42.908602438755615], [1.4112931831499265, 42.911262728023786], [1.412837199513282, 42.91392301729195], [1.4143812158766385, 42.91658330656011], [1.4143812158766385, 42.91658330656011], [1.4173384487111176, 42.92057387313841], [1.4202956815455985, 42.924564439716704], [1.423252914380078, 42.92855500629499], [1.4262101472145576, 42.93254557287327], [1.4291673800490399, 42.93653613945157], [1.4321246128835186, 42.940526706029864], [1.4350818457179995, 42.94451727260815], [1.4380390785524781, 42.94850783918644], [1.440996311386959, 42.95249840576473], [1.443953544221439, 42.95648897234302], [1.443953544221439, 42.95648897234302], [1.4497259001052307, 42.9572883895677], [1.4554982559890215, 42.95808780679238], [1.4612706118728123, 42.95888722401706], [1.4670429677566048, 42.95968664124173], [1.4728153236403965, 42.96048605846641], [1.4785876795241877, 42.961285475691085], [1.484360035407978, 42.96208489291576], [1.4901323912917706, 42.96288431014044], [1.4959047471755622, 42.963683727365115], [1.501677103059353, 42.96448314458979], [1.501677103059353, 42.96448314458979], [1.5029603594938314, 42.964926754820965], [1.5042436159283108, 42.96537036505212], [1.5055268723627893, 42.96581397528328], [1.5068101287972686, 42.96625758551445], [1.508093385231748, 42.9667011957456], [1.5093766416662273, 42.96714480597677], [1.5106598981007058, 42.96758841620794], [1.5119431545351842, 42.96803202643909], [1.5132264109696636, 42.968475636670256], [1.514509667404142, 42.96891924690142], [1.514509667404142, 42.96891924690142], [1.5132327425153722, 42.9717561481536], [1.511955817626602, 42.9745930494058], [1.510678892737832, 42.977429950657985], [1.5094019678490622, 42.98026685191018], [1.5081250429602924, 42.98310375316237], [1.5068481180715203, 42.98594065441456], [1.5055711931827505, 42.98877755566675], [1.5042942682939802, 42.99161445691894], [1.5030173434052103, 42.99445135817113], [1.5017404185164405, 42.997288259423314], [1.5017404185164405, 42.997288259423314], [1.4867443365973476, 43.00065373952751], [1.4717482546782552, 43.004019219631694], [1.456752172759162, 43.00738469973588], [1.441756090840069, 43.01075017984007], [1.4267600089209767, 43.01411565994425], [1.4117639270018816, 43.01748114004844], [1.3967678450827896, 43.02084662015263], [1.3817717631636963, 43.02421210025681], [1.3667756812446035, 43.027577580361], [1.3517795993255102, 43.030943060465184], [1.3517795993255102, 43.030943060465184], [1.3453638223741549, 43.02899087403432], [1.3389480454228013, 43.02703868760346], [1.3325322684714451, 43.02508650117259], [1.326116491520092, 43.02313431474172], [1.3197007145687367, 43.021182128310855], [1.3132849376173805, 43.01922994187999], [1.306869160666027, 43.01727775544912], [1.3004533837146712, 43.01532556901826], [1.2940376067633168, 43.01337338258739], [1.2876218298119624, 43.011421196156526], [1.2876218298119624, 43.011421196156526], [1.263662092095554, 43.0224094096941], [1.2397023543791446, 43.03339762323167], [1.215742616662736, 43.04438583676925], [1.1917828789463258, 43.055374050306824], [1.1678231412299178, 43.06636226384441], [1.1438634035135093, 43.077350477381984], [1.1199036657970995, 43.08833869091956], [1.0959439280806915, 43.099326904457136], [1.0719841903642822, 43.110315117994716], [1.0480244526478741, 43.121303331532296]]]}}, {"type": "Feature", "properties": {"diocese": "DAX", "province": "IV_Auch"}, "geometry": {"type": "Polygon", "coordinates": [[[-0.9603582588432394, 44.45007588101696], [-0.9663577802451989, 44.44204987804863], [-0.9723573016471591, 44.4340238750803], [-0.9783568230491186, 44.425997872111964], [-0.9843563444510781, 44.41797186914363], [-0.9903558658530384, 44.40994586617529], [-0.9963553872549978, 44.40191986320696], [-1.002354908656958, 44.39389386023863], [-1.0083544300589176, 44.38586785727029], [-1.014353951460877, 44.37784185430197], [-1.0203534728628374, 44.369815851333634], [-1.0203534728628374, 44.369815851333634], [-1.0203595220330073, 44.366681644755545], [-1.0203655712031785, 44.36354743817746], [-1.0203716203733493, 44.360413231599374], [-1.02037766954352, 44.3572790250213], [-1.0203837187136913, 44.3541448184432], [-1.0203897678838612, 44.35101061186513], [-1.0203958170540322, 44.34787640528704], [-1.0204018662242031, 44.34474219870895], [-1.0204079153943741, 44.34160799213087], [-1.0204139645645443, 44.33847378555278], [-1.0204139645645443, 44.33847378555278], [-1.0213364019702333, 44.33044899495029], [-1.0222588393759229, 44.322424204347804], [-1.0231812767816129, 44.31439941374531], [-1.0241037141873024, 44.30637462314283], [-1.0250261515929915, 44.29834983254034], [-1.0259485889986824, 44.29032504193785], [-1.026871026404372, 44.282300251335364], [-1.027793463810061, 44.274275460732866], [-1.0287159012157507, 44.26625067013038], [-1.0296383386214405, 44.25822587952789], [-1.0296383386214405, 44.25822587952789], [-1.0381808536597439, 44.248694079655934], [-1.0467233686980464, 44.239162279783976], [-1.0552658837363496, 44.229630479912025], [-1.0638083987746527, 44.22009868004006], [-1.072350913812956, 44.21056688016811], [-1.0808934288512604, 44.201035080296144], [-1.0894359438895636, 44.19150328042419], [-1.0979784589278667, 44.18197148055224], [-1.10652097396617, 44.17243968068028], [-1.1150634890044735, 44.162907880808326], [-1.1150634890044735, 44.162907880808326], [-1.1234258625956328, 44.15224807459692], [-1.1317882361867933, 44.14158826838551], [-1.1401506097779537, 44.13092846217411], [-1.1485129833691141, 44.12026865596271], [-1.1568753569602737, 44.109608849751304], [-1.165237730551434, 44.0989490435399], [-1.1736001041425945, 44.0882892373285], [-1.181962477733755, 44.077629431117096], [-1.190324851324914, 44.0669696249057], [-1.1986872249160738, 44.05630981869429], [-1.1986872249160738, 44.05630981869429], [-1.197254803201267, 44.04678154738562], [-1.1958223814864597, 44.03725327607694], [-1.194389959771653, 44.02772500476826], [-1.1929575380568456, 44.01819673345958], [-1.191525116342039, 44.008668462150894], [-1.190092694627232, 43.99914019084222], [-1.1886602729124256, 43.98961191953354], [-1.1872278511976182, 43.980083648224856], [-1.1857954294828112, 43.97055537691618], [-1.1843630077680039, 43.961027105607506], [-1.1843630077680039, 43.961027105607506], [-1.1914346249701515, 43.96190234939169], [-1.1985062421722992, 43.96277759317587], [-1.2055778593744466, 43.963652836960065], [-1.2126494765765943, 43.96452808074425], [-1.2197210937787428, 43.965403324528445], [-1.2267927109808916, 43.96627856831263], [-1.2338643281830388, 43.96715381209682], [-1.2409359453851865, 43.968029055881004], [-1.248007562587334, 43.96890429966519], [-1.2550791797894816, 43.96977954344938], [-1.2550791797894816, 43.96977954344938], [-1.2670429244794525, 43.96881515720688], [-1.2790066691694224, 43.9678507709644], [-1.2909704138593932, 43.9668863847219], [-1.3029341585493632, 43.96592199847941], [-1.3148979032393333, 43.964957612236915], [-1.326861647929303, 43.96399322599442], [-1.338825392619274, 43.963028839751935], [-1.3507891373092438, 43.96206445350944], [-1.3627528819992136, 43.96110006726695], [-1.3747166266891846, 43.960135681024454], [-1.3747166266891846, 43.960135681024454], [-1.3761852207433178, 43.95151732913131], [-1.3776112419959692, 43.94288722987651], [-1.3790639835280551, 43.934254807141016], [-1.380612738420491, 43.925629484805796], [-1.3823267997541961, 43.91702068675181], [-1.3842754606100813, 43.90843783686004], [-1.3865280140690672, 43.899890359011444], [-1.3891537532120681, 43.891387677086975], [-1.3922219711199997, 43.882939214967614], [-1.395801960873779, 43.87455439653432], [-1.3958019608737764, 43.87455439653432], [-1.3995673570374807, 43.86784063549806], [-1.4027404879628178, 43.86104133959564], [-1.4054491498558326, 43.85417258960817], [-1.4078211389225685, 43.847250466316815], [-1.409984251369071, 43.840291050502714], [-1.4120662834013837, 43.833310422946994], [-1.414195031225552, 43.826324664430786], [-1.4164982910476214, 43.81934985573525], [-1.4191038590736365, 43.812402077641494], [-1.4221395315096403, 43.80549741093067], [-1.4221395315096421, 43.80549741093068], [-1.4219289816097427, 43.80002206054795], [-1.4220591364551392, 43.79457804321196], [-1.42252775427268, 43.789168326051986], [-1.4233325932892162, 43.78379587619732], [-1.4244714117316013, 43.778463660777206], [-1.4259419678266845, 43.77317464692094], [-1.4277420198013173, 43.767931801757804], [-1.42986932588235, 43.76273809241706], [-1.4323216442966333, 43.757596486027985], [-1.4350967332710196, 43.752509949719865], [-1.4350967332710205, 43.752509949719865], [-1.4381450390493662, 43.73514732220855], [-1.4419240400596913, 43.717875311036494], [-1.4463039966902882, 43.70067671688068], [-1.4511551693294447, 43.68353434041807], [-1.456347818365453, 43.66643098232566], [-1.461752204186602, 43.649349443280435], [-1.4672385871811833, 43.632272523959365], [-1.472677227737486, 43.61518302503943], [-1.4779383862438014, 43.59806374719763], [-1.482892323088419, 43.58089749111093], [-1.4828923230884148, 43.580897491110925], [-1.4869934025349425, 43.57318020242134], [-1.4904949460513515, 43.56517749491278], [-1.4936911760022664, 43.557019834074275], [-1.4968763147523125, 43.54883768539477], [-1.500344584666116, 43.5407615143633], [-1.504390208108298, 43.53292178646884], [-1.509307407443488, 43.52544896720039], [-1.515390405036309, 43.51847352204694], [-1.5229334232513843, 43.51212591649749], [-1.5322306844533415, 43.50653661604103], [-1.532230684453344, 43.50653661604104], [-1.5322939078856348, 43.506473156470086], [-1.5323590948478851, 43.50641120922844], [-1.5324257870497873, 43.506350416735664], [-1.5324935262010386, 43.50629042141133], [-1.5325618540113348, 43.50623086567499], [-1.5326303121903666, 43.506171391946204], [-1.5326984424478316, 43.50611164264455], [-1.5327657864934223, 43.50605126018957], [-1.5328318860368362, 43.50598988700083], [-1.5328962827877652, 43.505927165497916], [-1.5328962827877608, 43.50592716549791], [-1.523897218012263, 43.50384209257175], [-1.514898153236765, 43.5017570196456], [-1.505899088461267, 43.49967194671944], [-1.49690002368577, 43.49758687379329], [-1.487900958910272, 43.49550180086714], [-1.4789018941347742, 43.49341672794098], [-1.4699028293592773, 43.49133165501481], [-1.4609037645837792, 43.48924658208866], [-1.4519046998082814, 43.48716150916251], [-1.4429056350327834, 43.485076436236355], [-1.4429056350327834, 43.485076436236355], [-1.4284153268363502, 43.48463676252483], [-1.4139250186399162, 43.484197088813296], [-1.399434710443484, 43.483757415101756], [-1.384944402247049, 43.48331774139022], [-1.3704540940506167, 43.4828780676787], [-1.3559637858541826, 43.48243839396716], [-1.3414734776577495, 43.48199872025563], [-1.3269831694613163, 43.4815590465441], [-1.3124928612648825, 43.481119372832566], [-1.2980025530684491, 43.48067969912103], [-1.2980025530684491, 43.48067969912103], [-1.290175273353019, 43.483873504439124], [-1.2823479936375892, 43.487067309757215], [-1.2745207139221597, 43.49026111507531], [-1.2666934342067302, 43.493454920393404], [-1.2588661544912987, 43.4966487257115], [-1.2510388747758694, 43.49984253102959], [-1.2432115950604405, 43.50303633634769], [-1.2353843153450095, 43.506230141665775], [-1.2275570356295797, 43.50942394698387], [-1.2197297559141504, 43.51261775230197], [-1.2197297559141504, 43.51261775230197], [-1.2179361027902131, 43.51173156528831], [-1.2161424496662776, 43.51084537827463], [-1.2143487965423403, 43.50995919126097], [-1.2125551434184043, 43.509073004247306], [-1.2107614902944674, 43.50818681723363], [-1.2089678371705317, 43.507300630219966], [-1.2071741840465946, 43.506414443206296], [-1.2053805309226588, 43.50552825619263], [-1.2035868777987218, 43.50464206917896], [-1.2017932246747858, 43.5037558821653], [-1.2017932246747858, 43.5037558821653], [-1.2032196097750498, 43.49559855308326], [-1.2046459948753143, 43.48744122400122], [-1.2060723799755786, 43.479283894919185], [-1.2074987650758437, 43.47112656583713], [-1.208925150176109, 43.46296923675509], [-1.210351535276373, 43.45481190767306], [-1.2117779203766372, 43.446654578591016], [-1.2132043054769017, 43.43849724950898], [-1.2146306905771667, 43.43033992042693], [-1.216057075677431, 43.422182591344885], [-1.216057075677431, 43.422182591344885], [-1.2122146566947585, 43.41970096232948], [-1.2083722377120862, 43.41721933331406], [-1.204529818729414, 43.41473770429863], [-1.2006873997467407, 43.41225607528322], [-1.1968449807640693, 43.4097744462678], [-1.193002561781397, 43.407292817252376], [-1.1891601427987246, 43.40481118823696], [-1.1853177238160524, 43.40232955922154], [-1.1814753048333793, 43.39984793020612], [-1.1776328858507088, 43.3973663011907], [-1.1776328858507088, 43.3973663011907], [-1.172255862318874, 43.39266849589067], [-1.1668788387870417, 43.38797069059064], [-1.1615018152552077, 43.3832728852906], [-1.1561247917233746, 43.378575079990576], [-1.1507477681915397, 43.37387727469054], [-1.1453707446597066, 43.36917946939051], [-1.1399937211278734, 43.364481664090476], [-1.1346166975960394, 43.35978385879044], [-1.1292396740642054, 43.35508605349042], [-1.1238626505323726, 43.35038824819038], [-1.1238626505323726, 43.35038824819038], [-1.1223323162466121, 43.345955456879445], [-1.120801981960851, 43.341522665568505], [-1.1192716476750904, 43.33708987425757], [-1.1177413133893292, 43.33265708294663], [-1.11621097910357, 43.3282242916357], [-1.1146806448178088, 43.32379150032476], [-1.1131503105320484, 43.31935870901382], [-1.111619976246287, 43.31492591770289], [-1.110089641960526, 43.31049312639195], [-1.1085593076747664, 43.30606033508101], [-1.1085593076747664, 43.30606033508101], [-1.1126718984005097, 43.301448819506646], [-1.1167844891262546, 43.29683730393228], [-1.1208970798519968, 43.29222578835791], [-1.1250096705777417, 43.28761427278355], [-1.1291222613034861, 43.28300275720919], [-1.1332348520292292, 43.27839124163482], [-1.1373474427549741, 43.27377972606046], [-1.1414600334807163, 43.26916821048609], [-1.1455726242064614, 43.26455669491173], [-1.1496852149322045, 43.259945179337365], [-1.1496852149322045, 43.259945179337365], [-1.1466110433081185, 43.258084019254696], [-1.1435368716840315, 43.25622285917203], [-1.1404627000599454, 43.254361699089365], [-1.1373885284358591, 43.2525005390067], [-1.1343143568117724, 43.25063937892403], [-1.1312401851876852, 43.24877821884137], [-1.1281660135635991, 43.246917058758704], [-1.1250918419395122, 43.245055898676036], [-1.1220176703154259, 43.243194738593374], [-1.1189434986913396, 43.241333578510705], [-1.1189434986913396, 43.241333578510705], [-1.1192057986488986, 43.238318977132415], [-1.1194680986064574, 43.23530437575412], [-1.1197303985640163, 43.23228977437583], [-1.1199926985215751, 43.22927517299753], [-1.1202549984791341, 43.226260571619235], [-1.1205172984366938, 43.22324597024093], [-1.1207795983942526, 43.22023136886264], [-1.1210418983518116, 43.217216767484345], [-1.121304198309371, 43.21420216610605], [-1.12156649826693, 43.21118756472776], [-1.12156649826693, 43.21118756472776], [-1.1236352835484833, 43.20241050853353], [-1.1257040688300357, 43.1936334523393], [-1.1277728541115888, 43.18485639614507], [-1.1298416393931423, 43.176079339950846], [-1.1319104246746945, 43.16730228375663], [-1.133979209956248, 43.1585252275624], [-1.1360479952378004, 43.14974817136817], [-1.1381167805193537, 43.14097111517394], [-1.1401855658009072, 43.132194058979714], [-1.1422543510824594, 43.12341700278549], [-1.1422543510824594, 43.12341700278549], [-1.1364929472526661, 43.11854192272925], [-1.1307315434228737, 43.11366684267301], [-1.1249701395930805, 43.108791762616775], [-1.1192087357632878, 43.10391668256054], [-1.1134473319334952, 43.0990416025043], [-1.1076859281037013, 43.09416652244806], [-1.1019245242739086, 43.08929144239182], [-1.0961631204441153, 43.08441636233558], [-1.090401716614323, 43.07954128227935], [-1.0846403127845297, 43.074666202223106], [-1.0846403127845297, 43.074666202223106], [-1.076552433885281, 43.07919005189252], [-1.0684645549860319, 43.083713901561936], [-1.0603766760867825, 43.08823775123134], [-1.052288797187533, 43.092761600900765], [-1.0442009182882845, 43.097285450570176], [-1.036113039389035, 43.101809300239594], [-1.0280251604897859, 43.106333149909], [-1.0199372815905376, 43.11085699957842], [-1.011849402691289, 43.11538084924783], [-1.0037615237920399, 43.11990469891724], [-1.0037615237920399, 43.11990469891724], [-1.0050237419230843, 43.13036558980104], [-1.0062859600541287, 43.14082648068483], [-1.0075481781851734, 43.15128737156862], [-1.008810396316218, 43.16174826245241], [-1.0100726144472634, 43.17220915333621], [-1.0113348325783091, 43.182670044219996], [-1.0125970507093527, 43.19313093510379], [-1.0138592688403982, 43.20359182598759], [-1.0151214869714429, 43.21405271687138], [-1.0163837051024873, 43.22451360775517], [-1.0163837051024873, 43.22451360775517], [-1.012655323665966, 43.22939100143024], [-1.008926942229444, 43.23426839510531], [-1.0051985607929226, 43.23914578878038], [-1.001470179356402, 43.24402318245544], [-0.99774179791988, 43.24890057613052], [-0.9940134164833585, 43.25377796980558], [-0.9902850350468377, 43.258655363480656], [-0.9865566536103161, 43.26353275715572], [-0.9828282721737936, 43.26841015083079], [-0.9790998907372729, 43.27328754450586], [-0.9790998907372729, 43.27328754450586], [-0.9788298902140599, 43.280291976364296], [-0.9785598896908476, 43.28729640822274], [-0.9782898891676346, 43.29430084008118], [-0.9780198886444215, 43.30130527193962], [-0.9777498881212093, 43.30830970379806], [-0.9774798875979963, 43.31531413565649], [-0.9772098870747832, 43.322318567514934], [-0.9769398865515712, 43.32932299937338], [-0.976669886028358, 43.336327431231815], [-0.9763998855051458, 43.343331863090256], [-0.9763998855051458, 43.343331863090256], [-0.979216890811735, 43.34554777402674], [-0.9820338961183244, 43.34776368496321], [-0.9848509014249143, 43.3499795958997], [-0.9876679067315036, 43.352195506836175], [-0.9904849120380927, 43.35441141777266], [-0.9933019173446821, 43.35662732870913], [-0.9961189226512713, 43.35884323964561], [-0.9989359279578612, 43.36105915058209], [-1.0017529332644506, 43.36327506151857], [-1.00456993857104, 43.36549097245505], [-1.00456993857104, 43.36549097245505], [-1.0050763994205205, 43.368860013958916], [-1.0055828602700023, 43.372229055462775], [-1.0060893211194841, 43.375598096966634], [-1.006595781968966, 43.37896713847049], [-1.0071022428184486, 43.38233617997436], [-1.0076087036679302, 43.38570522147822], [-1.008115164517411, 43.389074262982085], [-1.0086216253668927, 43.392443304485944], [-1.0091280862163745, 43.39581234598981], [-1.0096345470658563, 43.39918138749367], [-1.0096345470658563, 43.39918138749367], [-1.007962289825128, 43.401841708766185], [-1.0062900325844, 43.40450203003871], [-1.0046177753436707, 43.40716235131122], [-1.0029455181029427, 43.40982267258375], [-1.0012732608622152, 43.41248299385626], [-0.9996010036214877, 43.41514331512878], [-0.9979287463807591, 43.4178036364013], [-0.9962564891400306, 43.420463957673824], [-0.994584231899303, 43.42312427894634], [-0.9929119746585745, 43.42578460021886], [-0.9929119746585745, 43.42578460021886], [-0.9881713560858428, 43.4235692240411], [-0.9834307375131105, 43.42135384786334], [-0.9786901189403788, 43.41913847168558], [-0.9739495003676473, 43.41692309550782], [-0.9692088817949139, 43.41470771933005], [-0.9644682632221834, 43.41249234315229], [-0.9597276446494517, 43.410276966974536], [-0.9549870260767193, 43.40806159079677], [-0.9502464075039869, 43.405846214619004], [-0.9455057889312554, 43.403630838441245], [-0.9455057889312554, 43.403630838441245], [-0.9349846005661848, 43.406470684082066], [-0.9244634122011134, 43.409310529722895], [-0.913942223836042, 43.412150375363716], [-0.9034210354709706, 43.41499022100454], [-0.8928998471059001, 43.41783006664537], [-0.8823786587408287, 43.42066991228619], [-0.8718574703757582, 43.42350975792702], [-0.8613362820106869, 43.426349603567836], [-0.8508150936456155, 43.429189449208664], [-0.840293905280545, 43.43202929484949], [-0.840293905280545, 43.43202929484949], [-0.8301862923706317, 43.43353161965968], [-0.8200786794607183, 43.435033944469886], [-0.809971066550805, 43.43653626928008], [-0.799863453640891, 43.43803859409028], [-0.7897558407309776, 43.43954091890047], [-0.7796482278210641, 43.44104324371067], [-0.7695406149111519, 43.44254556852086], [-0.7594330020012376, 43.44404789333107], [-0.7493253890913244, 43.44555021814127], [-0.7392177761814109, 43.44705254295146], [-0.7392177761814109, 43.44705254295146], [-0.7343151678352113, 43.450313985121035], [-0.7294125594890135, 43.45357542729061], [-0.7245099511428148, 43.45683686946018], [-0.7196073427966162, 43.46009831162976], [-0.7147047344504164, 43.46335975379934], [-0.7098021261042178, 43.46662119596891], [-0.7048995177580191, 43.46988263813848], [-0.6999969094118194, 43.47314408030807], [-0.6950943010656206, 43.476405522477634], [-0.690191692719421, 43.47966696464721], [-0.690191692719421, 43.47966696464721], [-0.6843862578631397, 43.4807964647732], [-0.6785808230068574, 43.48192596489919], [-0.6727753881505749, 43.48305546502519], [-0.6669699532942925, 43.48418496515117], [-0.6611645184380103, 43.48531446527717], [-0.655359083581728, 43.486443965403154], [-0.6495536487254466, 43.487573465529145], [-0.6437482138691643, 43.48870296565514], [-0.6379427790128818, 43.489832465781134], [-0.6321373441565995, 43.49096196590712], [-0.6321373441565995, 43.49096196590712], [-0.627242964180798, 43.489960110483906], [-0.6223485842049973, 43.48895825506069], [-0.6174542042291958, 43.48795639963746], [-0.6125598242533951, 43.48695454421424], [-0.6076654442775926, 43.48595268879102], [-0.6027710643017918, 43.484950833367805], [-0.5978766843259914, 43.48394897794458], [-0.5929823043501887, 43.48294712252136], [-0.5880879243743881, 43.48194526709814], [-0.5831935443985865, 43.48094341167492], [-0.5831935443985865, 43.48094341167492], [-0.5799225324498262, 43.48420444665618], [-0.5766515205010656, 43.487465481637436], [-0.5733805085523052, 43.49072651661869], [-0.5701094966035446, 43.49398755159995], [-0.5668384846547834, 43.49724858658121], [-0.563567472706023, 43.500509621562465], [-0.5602964607572625, 43.50377065654372], [-0.557025448808503, 43.50703169152497], [-0.5537544368597425, 43.510292726506236], [-0.550483424910982, 43.51355376148749], [-0.550483424910982, 43.51355376148749], [-0.5519284293853247, 43.51656263152401], [-0.5533734338596673, 43.519571501560534], [-0.5548184383340099, 43.52258037159705], [-0.5562634428083517, 43.525589241633575], [-0.5577084472826934, 43.52859811167009], [-0.5591534517570363, 43.53160698170661], [-0.5605984562313789, 43.534615851743126], [-0.5620434607057215, 43.53762472177965], [-0.5634884651800642, 43.54063359181617], [-0.5649334696544068, 43.54364246185269], [-0.5649334696544068, 43.54364246185269], [-0.5701914209349054, 43.544393183852975], [-0.5754493722154029, 43.54514390585326], [-0.5807073234958997, 43.54589462785354], [-0.5859652747763971, 43.54664534985383], [-0.5912232260568948, 43.547396071854116], [-0.5964811773373915, 43.5481467938544], [-0.6017391286178883, 43.548897515854684], [-0.6069970798983858, 43.549648237854974], [-0.6122550311788835, 43.55039895985526], [-0.6175129824593799, 43.55114968185555], [-0.6175129824593799, 43.55114968185555], [-0.6251291861107352, 43.55164986649951], [-0.6327453897620885, 43.55215005114347], [-0.6403615934134429, 43.55265023578743], [-0.6479777970647963, 43.5531504204314], [-0.6555940007161497, 43.553650605075354], [-0.663210204367504, 43.55415078971933], [-0.6708264080188582, 43.5546509743633], [-0.6784426116702117, 43.55515115900725], [-0.686058815321566, 43.55565134365122], [-0.6936750189729194, 43.556151528295175], [-0.6936750189729194, 43.556151528295175], [-0.6958378855233336, 43.56267142582724], [-0.6980007520737496, 43.5691913233593], [-0.7001636186241647, 43.575711220891364], [-0.7023264851745797, 43.58223111842343], [-0.7044893517249939, 43.588751015955495], [-0.7066522182754089, 43.59527091348755], [-0.7088150848258232, 43.60179081101962], [-0.7109779513762401, 43.608310708551684], [-0.7131408179266542, 43.61483060608375], [-0.7153036844770684, 43.62135050361581], [-0.7153036844770684, 43.62135050361581], [-0.7194593834416935, 43.62962397571699], [-0.7236150824063174, 43.637897447818176], [-0.7277707813709432, 43.64617091991936], [-0.7319264803355664, 43.654444392020544], [-0.7360821793001913, 43.66271786412173], [-0.7402378782648162, 43.670991336222905], [-0.7443935772294402, 43.67926480832409], [-0.7485492761940651, 43.68753828042528], [-0.7527049751586902, 43.69581175252646], [-0.7568606741233141, 43.70408522462764], [-0.7568606741233141, 43.70408522462764], [-0.7563085828184537, 43.70834871264264], [-0.7557564915135924, 43.712612200657645], [-0.7552044002087327, 43.716875688672644], [-0.7546523089038714, 43.72113917668764], [-0.7541002175990109, 43.725402664702635], [-0.7535481262941497, 43.72966615271763], [-0.7529960349892882, 43.733929640732626], [-0.7524439436844287, 43.73819312874763], [-0.7518918523795681, 43.74245661676263], [-0.7513397610747068, 43.74672010477763], [-0.7513397610747068, 43.74672010477763], [-0.7487963820596064, 43.74922892397008], [-0.7462530030445058, 43.751737743162536], [-0.7437096240294063, 43.754246562354986], [-0.741166245014305, 43.756755381547435], [-0.7386228659992045, 43.75926420073989], [-0.736079486984105, 43.76177301993234], [-0.7335361079690046, 43.76428183912479], [-0.730992728953904, 43.76679065831725], [-0.7284493499388027, 43.7692994775097], [-0.7259059709237032, 43.77180829670215], [-0.7259059709237032, 43.77180829670215], [-0.7182822645279133, 43.775195447064505], [-0.7106585581321242, 43.77858259742687], [-0.7030348517363343, 43.781969747789226], [-0.6954111453405453, 43.78535689815159], [-0.6877874389447554, 43.78874404851395], [-0.6801637325489661, 43.79213119887631], [-0.6725400261531762, 43.79551834923867], [-0.6649163197573872, 43.79890549960103], [-0.6572926133615973, 43.80229264996339], [-0.6496689069658073, 43.805679800325755], [-0.6496689069658073, 43.805679800325755], [-0.6453031512451224, 43.81257734426806], [-0.6409373955244391, 43.819474888210365], [-0.6365716398037551, 43.826372432152674], [-0.6322058840830702, 43.833269976094975], [-0.6278401283623852, 43.84016752003729], [-0.623474372641701, 43.84706506397959], [-0.619108616921016, 43.85396260792191], [-0.6147428612003321, 43.8608601518642], [-0.6103771054796479, 43.86775769580652], [-0.606011349758963, 43.87465523974882], [-0.606011349758963, 43.87465523974882], [-0.6070891542709953, 43.87979532960775], [-0.608166958783026, 43.88493541946667], [-0.6092447632950574, 43.8900755093256], [-0.610322567807089, 43.89521559918452], [-0.6114003723191215, 43.900355689043444], [-0.6124781768311538, 43.90549577890236], [-0.6135559813431843, 43.9106358687613], [-0.6146337858552167, 43.91577595862022], [-0.6157115903672482, 43.92091604847914], [-0.6167893948792788, 43.92605613833807], [-0.6167893948792788, 43.92605613833807], [-0.6245670070019747, 43.93658694217391], [-0.6323446191246705, 43.94711774600976], [-0.6401222312473666, 43.9576485498456], [-0.6478998433700613, 43.96817935368145], [-0.6556774554927574, 43.978710157517284], [-0.6634550676154533, 43.98924096135313], [-0.6712326797381474, 43.999771765188974], [-0.6790102918608432, 44.01030256902482], [-0.6867879039835391, 44.02083337286067], [-0.6945655161062348, 44.031364176696506], [-0.6945655161062348, 44.031364176696506], [-0.6871370773932595, 44.0424532023779], [-0.679708638680284, 44.05354222805929], [-0.6722801999673096, 44.06463125374068], [-0.6648517612543333, 44.075720279422065], [-0.6574233225413587, 44.08680930510346], [-0.6499948838283831, 44.09789833078485], [-0.6425664451154077, 44.10898735646624], [-0.6351380064024332, 44.12007638214763], [-0.6277095676894577, 44.131165407829016], [-0.6202811289764824, 44.14225443351041], [-0.6202811289764824, 44.14225443351041], [-0.622522514104757, 44.1441158014269], [-0.6247638992330334, 44.1459771693434], [-0.6270052843613089, 44.1478385372599], [-0.6292466694895836, 44.149699905176405], [-0.6314880546178592, 44.1515612730929], [-0.6337294397461348, 44.15342264100939], [-0.6359708248744094, 44.155284008925896], [-0.6382122100026848, 44.157145376842394], [-0.6404535951309605, 44.1590067447589], [-0.642694980259236, 44.160868112675395], [-0.642694980259236, 44.160868112675395], [-0.6420491634859399, 44.1632621491059], [-0.6414033467126435, 44.165656185536406], [-0.6407575299393473, 44.168050221966915], [-0.640111713166051, 44.17044425839743], [-0.6394658963927549, 44.17283829482793], [-0.6388200796194594, 44.17523233125844], [-0.6381742628461622, 44.17762636768895], [-0.6375284460728659, 44.18002040411947], [-0.6368826292995698, 44.18241444054996], [-0.6362368125262735, 44.18480847698048], [-0.6362368125262735, 44.18480847698048], [-0.6318762962884902, 44.18498688120038], [-0.6275157800507063, 44.18516528542027], [-0.623155263812923, 44.18534368964018], [-0.6187947475751397, 44.18552209386007], [-0.6144342313373558, 44.18570049807997], [-0.6100737150995734, 44.18587890229986], [-0.6057131988617903, 44.186057306519764], [-0.6013526826240061, 44.18623571073966], [-0.5969921663862231, 44.186414114959554], [-0.5926316501484389, 44.18659251917945], [-0.5926316501484389, 44.18659251917945], [-0.5867248928503036, 44.19058387654733], [-0.5808181355521681, 44.194575233915224], [-0.5749113782540328, 44.198566591283104], [-0.5690046209558993, 44.202557948650984], [-0.5630978636577629, 44.20654930601888], [-0.5571911063596275, 44.21054066338676], [-0.5512843490614923, 44.21453202075464], [-0.5453775917633569, 44.218523378122526], [-0.5394708344652224, 44.222514735490414], [-0.5335640771670861, 44.226506092858294], [-0.5335640771670861, 44.226506092858294], [-0.5257398673509018, 44.227305967459195], [-0.5179156575347166, 44.2281058420601], [-0.5100914477185341, 44.228905716661004], [-0.5022672379023497, 44.22970559126191], [-0.4944430280861654, 44.23050546586281], [-0.48661881826998027, 44.23130534046372], [-0.47879460845379596, 44.232105215064614], [-0.4709703986376126, 44.23290508966552], [-0.4631461888214291, 44.23370496426642], [-0.45532197900524385, 44.23450483886733], [-0.45532197900524385, 44.23450483886733], [-0.45417460270393006, 44.2373925536764], [-0.4530272264026154, 44.240280268485485], [-0.4518798501013024, 44.24316798329455], [-0.4507324737999876, 44.24605569810363], [-0.4495850974986739, 44.2489434129127], [-0.4484377211973609, 44.25183112772177], [-0.44729034489604524, 44.254718842530856], [-0.44614296859473157, 44.25760655733992], [-0.4449955922934177, 44.260494272149], [-0.4438482159921039, 44.26338198695807], [-0.4438482159921039, 44.26338198695807], [-0.44856303017522237, 44.26375682740724], [-0.45327784435834007, 44.26413166785642], [-0.45799265854145843, 44.264506508305594], [-0.4627074727245769, 44.26488134875476], [-0.4674222869076954, 44.26525618920394], [-0.47213710109081286, 44.265631029653115], [-0.47685191527393145, 44.26600587010228], [-0.4815667294570498, 44.26638071055146], [-0.4862815436401684, 44.26675555100063], [-0.490996357823286, 44.267130391449804], [-0.490996357823286, 44.267130391449804], [-0.49389387531592016, 44.269261890383], [-0.4967913928085546, 44.27139338931619], [-0.499688910301188, 44.273524888249376], [-0.5025864277938215, 44.27565638718257], [-0.5054839452864548, 44.27778788611577], [-0.5083814627790891, 44.279919385048956], [-0.5112789802717227, 44.28205088398215], [-0.5141764977643559, 44.28418238291535], [-0.5170740152569904, 44.28631388184853], [-0.5199715327496246, 44.28844538078173], [-0.5199715327496246, 44.28844538078173], [-0.5246790876118544, 44.292581433204866], [-0.5293866424740848, 44.296717485628015], [-0.5340941973363154, 44.30085353805115], [-0.5388017521985466, 44.3049895904743], [-0.5435093070607765, 44.309125642897435], [-0.5482168619230069, 44.313261695320584], [-0.5529244167852374, 44.31739774774372], [-0.5576319716474679, 44.32153380016687], [-0.5623395265096975, 44.32566985259], [-0.567047081371928, 44.32980590501315], [-0.567047081371928, 44.32980590501315], [-0.5723052738591939, 44.330431652542956], [-0.5775634663464588, 44.33105740007276], [-0.5828216588337238, 44.33168314760256], [-0.5880798513209897, 44.332308895132364], [-0.5933380438082536, 44.332934642662174], [-0.5985962362955205, 44.33356039019198], [-0.6038544287827853, 44.33418613772178], [-0.6091126212700513, 44.33481188525158], [-0.6143708137573162, 44.33543763278139], [-0.6196290062445818, 44.3360633803112], [-0.6196290062445818, 44.3360633803112], [-0.6170846522748985, 44.33907324594942], [-0.6145402983052123, 44.34208311158765], [-0.611995944335528, 44.34509297722587], [-0.6094515903658437, 44.34810284286409], [-0.6069072363961602, 44.35111270850231], [-0.6043628824264758, 44.35412257414054], [-0.6018185284567905, 44.35713243977876], [-0.5992741744871071, 44.360142305416986], [-0.5967298205174226, 44.363152171055205], [-0.5941854665477384, 44.36616203669343], [-0.5941854665477384, 44.36616203669343], [-0.5952693203355021, 44.36816786528085], [-0.596353174123264, 44.370173693868274], [-0.5974370279110287, 44.37217952245569], [-0.5985208816987916, 44.3741853510431], [-0.5996047354865556, 44.37619117963052], [-0.6006885892743185, 44.37819700821793], [-0.6017724430620813, 44.38020283680535], [-0.6028562968498451, 44.382208665392774], [-0.603940150637608, 44.384214493980195], [-0.6050240044253717, 44.38622032256761], [-0.6050240044253717, 44.38622032256761], [-0.6091010090722675, 44.38803747766194], [-0.6131780137191642, 44.38985463275627], [-0.61725501836606, 44.391671787850605], [-0.6213320230129568, 44.393488942944934], [-0.6254090276598525, 44.39530609803927], [-0.6294860323067484, 44.3971232531336], [-0.6335630369536441, 44.39894040822793], [-0.6376400416005399, 44.40075756332226], [-0.6417170462474366, 44.40257471841659], [-0.6457940508943324, 44.404391873510924], [-0.6457940508943324, 44.404391873510924], [-0.6523697709770596, 44.40042922730696], [-0.658945491059785, 44.396466581102985], [-0.6655212111425122, 44.39250393489902], [-0.6720969312252384, 44.388541288695045], [-0.6786726513079647, 44.38457864249107], [-0.685248371390691, 44.380615996287105], [-0.6918240914734183, 44.376653350083124], [-0.6983998115561444, 44.372690703879165], [-0.7049755316388708, 44.368728057675185], [-0.7115512517215971, 44.36476541147122], [-0.7115512517215971, 44.36476541147122], [-0.7120775608795975, 44.357850612817025], [-0.7126038700375981, 44.350935814162824], [-0.7131301791955994, 44.34402101550863], [-0.7136564883535997, 44.337106216854444], [-0.7141827975116014, 44.330191418200236], [-0.7147091066696027, 44.32327661954604], [-0.7152354158276041, 44.31636182089184], [-0.7157617249856035, 44.30944702223765], [-0.7162880341436051, 44.30253222358345], [-0.7168143433016054, 44.29561742492926], [-0.7168143433016054, 44.29561742492926], [-0.7195108084020373, 44.29384348269653], [-0.722207273502469, 44.29206954046379], [-0.7249037386029017, 44.290295598231054], [-0.7276002037033336, 44.28852165599832], [-0.7302966688037653, 44.286747713765585], [-0.7329931339041971, 44.284973771532854], [-0.7356895990046288, 44.283199829300116], [-0.7383860641050615, 44.28142588706738], [-0.7410825292054933, 44.27965194483465], [-0.7437789943059251, 44.27787800260191], [-0.7437789943059251, 44.27787800260191], [-0.7441726154093423, 44.27326741514984], [-0.7445662365127587, 44.268656827697754], [-0.7449598576161749, 44.26404624024569], [-0.7453534787195921, 44.259435652793606], [-0.7457470998230094, 44.254825065341535], [-0.7461407209264272, 44.250214477889465], [-0.7465343420298446, 44.24560389043738], [-0.7469279631332618, 44.24099330298531], [-0.747321584236678, 44.23638271553323], [-0.7477152053400953, 44.23177212808116], [-0.7477152053400953, 44.23177212808116], [-0.7524585593886475, 44.23177094430903], [-0.7572019134371996, 44.23176976053688], [-0.7619452674857524, 44.23176857676475], [-0.7666886215343046, 44.231767392992616], [-0.7714319755828577, 44.231766209220474], [-0.7761753296314107, 44.23176502544833], [-0.7809186836799638, 44.2317638416762], [-0.785662037728516, 44.231762657904056], [-0.790405391777069, 44.23176147413192], [-0.795148745825621, 44.23176029035979], [-0.795148745825621, 44.23176029035979], [-0.8013058164307977, 44.230960777124025], [-0.8074628870359734, 44.230161263888256], [-0.813619957641149, 44.2293617506525], [-0.8197770282463238, 44.22856223741673], [-0.8259340988515004, 44.22776272418097], [-0.832091169456676, 44.22696321094521], [-0.8382482400618516, 44.22616369770945], [-0.8444053106670273, 44.22536418447368], [-0.8505623812722021, 44.22456467123793], [-0.8567194518773789, 44.22376515800216], [-0.8567194518773789, 44.22376515800216], [-0.8606931999166408, 44.22465080094183], [-0.864666947955904, 44.225536443881495], [-0.868640695995166, 44.22642208682115], [-0.8726144440344283, 44.22730772976082], [-0.8765881920736903, 44.22819337270049], [-0.8805619401129516, 44.229079015640146], [-0.8845356881522155, 44.22996465857982], [-0.8885094361914767, 44.230850301519474], [-0.8924831842307398, 44.23173594445914], [-0.896456932270001, 44.23262158739881], [-0.896456932270001, 44.23262158739881], [-0.8970897436177224, 44.236965944704274], [-0.8977225549654456, 44.24131030200973], [-0.8983553663131669, 44.245654659315186], [-0.8989881776608882, 44.249999016620656], [-0.8996209890086105, 44.25434337392612], [-0.9002538003563318, 44.258687731231575], [-0.9008866117040542, 44.26303208853704], [-0.9015194230517757, 44.2673764458425], [-0.9021522343994979, 44.27172080314795], [-0.9027850457472193, 44.27606516045341], [-0.9027850457472193, 44.27606516045341], [-0.9016243831015958, 44.2794346180119], [-0.9004637204559722, 44.28280407557037], [-0.8993030578103487, 44.28617353312885], [-0.8981423951647252, 44.28954299068732], [-0.8969817325191006, 44.29291244824581], [-0.8958210698734771, 44.29628190580428], [-0.8946604072278537, 44.299651363362756], [-0.8934997445822302, 44.303020820921226], [-0.8923390819366066, 44.30639027847971], [-0.8911784192909831, 44.30975973603819], [-0.8911784192909831, 44.30975973603819], [-0.8907883938046036, 44.312507356132045], [-0.8903983683182243, 44.3152549762259], [-0.8900083428318458, 44.31800259631976], [-0.8896183173454665, 44.320750216413614], [-0.889228291859087, 44.32349783650747], [-0.8888382663727077, 44.32624545660133], [-0.8884482408863301, 44.328993076695184], [-0.8880582153999508, 44.33174069678903], [-0.8876681899135713, 44.33448831688289], [-0.8872781644271919, 44.337235936976754], [-0.8872781644271919, 44.337235936976754], [-0.8909854976438898, 44.34326408359364], [-0.8946928308605875, 44.34929223021053], [-0.8984001640772844, 44.355320376827414], [-0.9021074972939829, 44.361348523444306], [-0.905814830510679, 44.36737667006119], [-0.9095221637273768, 44.373404816678075], [-0.9132294969440736, 44.37943296329497], [-0.9169368301607712, 44.38546110991186], [-0.9206441633774691, 44.39148925652874], [-0.9243514965941659, 44.397517403145635], [-0.9243514965941659, 44.397517403145635], [-0.9245085140457513, 44.40101905395707], [-0.9246655314973364, 44.40452070476851], [-0.9248225489489226, 44.40802235557995], [-0.9249795664005077, 44.41152400639139], [-0.9251365838520929, 44.41502565720283], [-0.9252936013036781, 44.41852730801427], [-0.9254506187552635, 44.4220289588257], [-0.9256076362068495, 44.42553060963715], [-0.925764653658433, 44.42903226044859], [-0.9259216711100191, 44.43253391126003], [-0.9259216711100191, 44.43253391126003], [-0.9293653298833419, 44.43428810823572], [-0.9328089886566628, 44.43604230521141], [-0.9362526474299855, 44.437796502187105], [-0.9396963062033074, 44.4395506991628], [-0.9431399649766292, 44.44130489613849], [-0.9465836237499519, 44.443059093114194], [-0.950027282523273, 44.444813290089876], [-0.9534709412965957, 44.44656748706557], [-0.9569146000699175, 44.44832168404127], [-0.9603582588432394, 44.45007588101696]]]}}, {"type": "Feature", "properties": {"diocese": "LECTOURE", "province": "IV_Auch"}, "geometry": {"type": "Polygon", "coordinates": [[[0.4386060774098903, 43.882436281008516], [0.4491207597982161, 43.88030673774163], [0.45963544218654295, 43.878177194474745], [0.4701501245748698, 43.87604765120787], [0.4806648069631967, 43.87391810794099], [0.49117948935152267, 43.87178856467411], [0.5016941717398493, 43.86965902140722], [0.5122088541281762, 43.86752947814034], [0.522723536516503, 43.865399934873466], [0.5332382189048288, 43.86327039160658], [0.5437529012931566, 43.861140848339694], [0.5437529012931566, 43.861140848339694], [0.55354625315237, 43.86152040337803], [0.563339605011584, 43.861899958416366], [0.5731329568707983, 43.8622795134547], [0.5829263087300123, 43.86265906849303], [0.5927196605892266, 43.86303862353136], [0.6025130124484406, 43.86341817856969], [0.6123063643076556, 43.863797733608024], [0.6220997161668698, 43.86417728864635], [0.6318930680260839, 43.86455684368469], [0.6416864198852981, 43.864936398723025], [0.6416864198852981, 43.864936398723025], [0.6440386230859838, 43.862052729501265], [0.6463908262866687, 43.8591690602795], [0.6487430294873553, 43.85628539105773], [0.651095232688041, 43.853401721835965], [0.6534474358887259, 43.85051805261421], [0.6557996390894134, 43.84763438339245], [0.6581518422900992, 43.84475071417069], [0.6605040454907849, 43.84186704494893], [0.6628562486914706, 43.83898337572717], [0.6652084518921564, 43.83609970650541], [0.6652084518921564, 43.83609970650541], [0.6671886064058099, 43.82857668648888], [0.6691687609194621, 43.82105366647235], [0.6711489154331156, 43.81353064645583], [0.6731290699467687, 43.8060076264393], [0.6751092244604213, 43.79848460642279], [0.6770893789740735, 43.790961586406254], [0.679069533487727, 43.783438566389734], [0.6810496880013803, 43.77591554637321], [0.6830298425150327, 43.768392526356685], [0.6850099970286854, 43.760869506340164], [0.6850099970286854, 43.760869506340164], [0.6978742229040322, 43.75447823837745], [0.7107384487793786, 43.74808697041475], [0.7236026746547255, 43.741695702452034], [0.7364669005300717, 43.73530443448933], [0.7493311264054188, 43.72891316652662], [0.762195352280765, 43.722521898563905], [0.775059578156112, 43.71613063060119], [0.7879238040314589, 43.70973936263848], [0.8007880299068044, 43.703348094675775], [0.8136522557821513, 43.69695682671306], [0.8136522557821513, 43.69695682671306], [0.8210331741218373, 43.69222856505153], [0.8284140924615242, 43.68750030338998], [0.8357950108012111, 43.68277204172845], [0.8431759291408971, 43.67804378006691], [0.850556847480584, 43.67331551840537], [0.8579377658202711, 43.66858725674383], [0.8653186841599569, 43.663858995082286], [0.8726996024996438, 43.659130733420746], [0.8800805208393307, 43.65440247175921], [0.8874614391790168, 43.649674210097665], [0.8874614391790168, 43.649674210097665], [0.8872118024184363, 43.6532206863795], [0.8869621656578568, 43.65676716266134], [0.8867125288972764, 43.660313638943165], [0.8864628921366957, 43.66386011522499], [0.8862132553761153, 43.66740659150683], [0.885963618615534, 43.670953067788666], [0.8857139818549535, 43.67449954407049], [0.885464345094372, 43.678046020352326], [0.8852147083337916, 43.68159249663417], [0.8849650715732111, 43.68513897291599], [0.8849650715732111, 43.68513897291599], [0.8852325052763932, 43.690813479512194], [0.8854999389795752, 43.696487986108394], [0.8857673726827566, 43.70216249270459], [0.8860348063859389, 43.70783699930079], [0.8863022400891216, 43.71351150589699], [0.8865696737923037, 43.71918601249319], [0.8868371074954848, 43.72486051908939], [0.8871045411986671, 43.73053502568558], [0.8873719749018485, 43.736209532281784], [0.8876394086050294, 43.741884038877984], [0.8876394086050294, 43.741884038877984], [0.890341528704711, 43.74658386044435], [0.8930436488043911, 43.75128368201073], [0.8957457689040726, 43.75598350357711], [0.898447889003753, 43.76068332514349], [0.9011500091034335, 43.76538314670987], [0.9038521292031141, 43.77008296827624], [0.9065542493027943, 43.77478278984262], [0.9092563694024758, 43.779482611408994], [0.9119584895021571, 43.78418243297537], [0.9146606096018368, 43.788882254541754], [0.9146606096018368, 43.788882254541754], [0.9110703941997769, 43.789147332537574], [0.9074801787977149, 43.7894124105334], [0.903889963395655, 43.78967748852923], [0.9002997479935941, 43.789942566525056], [0.8967095325915333, 43.79020764452088], [0.8931193171894725, 43.79047272251671], [0.8895291017874116, 43.79073780051254], [0.8859388863853517, 43.79100287850837], [0.8823486709832897, 43.791267956504186], [0.8787584555812291, 43.79153303450002], [0.8787584555812291, 43.79153303450002], [0.8805572424507884, 43.793306752704254], [0.8823560293203476, 43.795080470908495], [0.8841548161899078, 43.79685418911273], [0.885953603059467, 43.79862790731698], [0.8877523899290263, 43.800401625521204], [0.8895511767985846, 43.802175343725445], [0.8913499636681439, 43.803949061929686], [0.893148750537704, 43.80572278013392], [0.8949475374072633, 43.80749649833815], [0.8967463242768225, 43.809270216542394], [0.8967463242768225, 43.809270216542394], [0.8970125600743573, 43.81432406217973], [0.897278795871892, 43.81937790781705], [0.8975450316694276, 43.824431753454384], [0.8978112674669614, 43.82948559909171], [0.8980775032644956, 43.83453944472903], [0.8983437390620312, 43.839593290366366], [0.898609974859566, 43.84464713600369], [0.8988762106571007, 43.84970098164102], [0.8991424464546354, 43.85475482727835], [0.8994086822521707, 43.85980867291567], [0.8994086822521707, 43.85980867291567], [0.9014636086478776, 43.86140513905277], [0.9035185350435855, 43.86300160518987], [0.9055734614392925, 43.864598071326974], [0.9076283878350004, 43.866194537464075], [0.9096833142307084, 43.86779100360118], [0.9117382406264154, 43.86938746973828], [0.9137931670221224, 43.87098393587538], [0.9158480934178304, 43.87258040201248], [0.9179030198135383, 43.87417686814959], [0.9199579462092449, 43.875773334286684], [0.9199579462092449, 43.875773334286684], [0.9229167112672365, 43.88056187789771], [0.9258754763252282, 43.88535042150875], [0.928834241383218, 43.890138965119775], [0.9317930064412085, 43.89492750873081], [0.9347517714992009, 43.89971605234184], [0.9377105365571916, 43.904504595952865], [0.9406693016151819, 43.9092931395639], [0.9436280666731727, 43.91408168317493], [0.9465868317311643, 43.918870226785955], [0.9495455967891557, 43.92365877039698], [0.9495455967891557, 43.92365877039698], [0.9594313969645225, 43.9295119542106], [0.9693171971398902, 43.935365138024224], [0.9792029973152561, 43.941218321837844], [0.9890887974906237, 43.947071505651465], [0.9989745976659905, 43.952924689465085], [1.008860397841357, 43.958777873278706], [1.018746198016725, 43.96463105709232], [1.0286319981920928, 43.97048424090594], [1.0385177983674594, 43.97633742471956], [1.0484035985428273, 43.98219060853319], [1.0484035985428273, 43.98219060853319], [1.0496887452508776, 43.98360951187687], [1.050973891958927, 43.98502841522056], [1.052259038666978, 43.98644731856427], [1.0535441853750283, 43.98786622190795], [1.0548293320830768, 43.98928512525164], [1.0561144787911276, 43.990704028595346], [1.057399625499178, 43.99212293193903], [1.0586847722072275, 43.99354183528272], [1.0599699189152778, 43.99496073862642], [1.0612550656233286, 43.9963796419701], [1.0612550656233286, 43.9963796419701], [1.0607492893365995, 44.000103370319074], [1.0602435130498704, 44.00382709866804], [1.0597377367631422, 44.00755082701702], [1.059231960476413, 44.011274555365986], [1.0587261841896831, 44.01499828371496], [1.058220407902954, 44.01872201206392], [1.0577146316162267, 44.022445740412884], [1.0572088553294976, 44.02616946876186], [1.0567030790427694, 44.02989319711082], [1.0561973027560403, 44.0336169254598], [1.0561973027560403, 44.0336169254598], [1.0503212542598868, 44.031928714669114], [1.0444452057637346, 44.03024050387844], [1.038569157267582, 44.02855229308776], [1.032693108771428, 44.02686408229709], [1.0268170602752753, 44.025175871506406], [1.0209410117791218, 44.02348766071573], [1.0150649632829687, 44.021799449925055], [1.009188914786817, 44.02011123913437], [1.0033128662906636, 44.0184230283437], [0.9974368177945094, 44.016734817553015], [0.9974368177945094, 44.016734817553015], [0.992542204522672, 44.017611698507736], [0.9876475912508353, 44.018488579462456], [0.9827529779789979, 44.019365460417156], [0.9778583647071613, 44.020242341371876], [0.9729637514353238, 44.02111922232658], [0.9680691381634863, 44.0219961032813], [0.963174524891649, 44.02287298423602], [0.9582799116198115, 44.02374986519072], [0.9533852983479751, 44.024626746145444], [0.9484906850761374, 44.02550362710015], [0.9484906850761374, 44.02550362710015], [0.9475754991861645, 44.02124010316308], [0.9466603132961917, 44.01697657922602], [0.945745127406219, 44.01271305528894], [0.9448299415162458, 44.008449531351864], [0.9439147556262721, 44.004186007414795], [0.9429995697362992, 43.999922483477725], [0.9420843838463271, 43.99565895954065], [0.9411691979563532, 43.99139543560357], [0.9402540120663803, 43.9871319116665], [0.9393388261764084, 43.98286838772944], [0.9393388261764084, 43.98286838772944], [0.9375249269587216, 43.98286793504483], [0.9357110277410359, 43.98286748236023], [0.9338971285233488, 43.98286702967562], [0.9320832293056622, 43.982866576991015], [0.9302693300879763, 43.982866124306405], [0.9284554308702906, 43.9828656716218], [0.9266415316526038, 43.98286521893719], [0.924827632434917, 43.9828647662526], [0.9230137332172301, 43.982864313567994], [0.9211998339995442, 43.982863860883384], [0.9211998339995442, 43.982863860883384], [0.9159430929753252, 43.984241642972975], [0.910686351951105, 43.98561942506257], [0.9054296109268858, 43.98699720715217], [0.9001728699026668, 43.988374989241755], [0.8949161288784473, 43.98975277133135], [0.889659387854228, 43.99113055342094], [0.8844026468300088, 43.992508335510536], [0.8791459058057887, 43.99388611760013], [0.8738891647815694, 43.99526389968972], [0.8686324237573502, 43.99664168177931], [0.8686324237573502, 43.99664168177931], [0.8622802131241232, 43.99400688293454], [0.8559280024908951, 43.99137208408977], [0.849575791857669, 43.988737285244994], [0.8432235812244409, 43.98610248640021], [0.8368713705912139, 43.98346768755544], [0.8305191599579878, 43.98083288871067], [0.8241669493247596, 43.9781980898659], [0.8178147386915326, 43.97556329102112], [0.8114625280583057, 43.972928492176344], [0.8051103174250782, 43.97029369333157], [0.8051103174250782, 43.97029369333157], [0.7982219879141532, 43.971671068234826], [0.7913336584032264, 43.973048443138076], [0.7844453288923003, 43.974425818041325], [0.7775569993813751, 43.975803192944575], [0.7706686698704499, 43.977180567847824], [0.7637803403595238, 43.978557942751074], [0.7568920108485988, 43.97993531765432], [0.750003681337672, 43.98131269255757], [0.7431153518267459, 43.98269006746082], [0.7362270223158207, 43.98406744236407], [0.7362270223158207, 43.98406744236407], [0.7295131784769171, 43.982185681334016], [0.7227993346380148, 43.98030392030396], [0.7160854907991112, 43.9784221592739], [0.7093716469602065, 43.97654039824385], [0.7026578031213035, 43.974658637213786], [0.6959439592824006, 43.97277687618373], [0.6892301154434968, 43.970895115153674], [0.682516271604594, 43.96901335412362], [0.6758024277656913, 43.96713159309356], [0.6690885839267873, 43.965249832063506], [0.6690885839267873, 43.965249832063506], [0.6658282187497617, 43.96750512098521], [0.6625678535727353, 43.96976040990691], [0.6593074883957089, 43.97201569882861], [0.6560471232186833, 43.97427098775031], [0.6527867580416569, 43.97652627667201], [0.6495263928646309, 43.978781565593714], [0.6462660276876053, 43.981036854515416], [0.6430056625105789, 43.98329214343712], [0.6397452973335533, 43.98554743235882], [0.6364849321565269, 43.987802721280524], [0.6364849321565269, 43.987802721280524], [0.6350360477958503, 43.98880543657666], [0.6335871634351746, 43.98980815187281], [0.6321382790744983, 43.990810867168946], [0.6306893947138206, 43.99181358246509], [0.6292405103531451, 43.99281629776124], [0.6277916259924696, 43.993819013057376], [0.6263427416317922, 43.99482172835353], [0.6248938572711165, 43.99582444364967], [0.6234449729104399, 43.99682715894581], [0.6219960885497624, 43.99782987424195], [0.6219960885497624, 43.99782987424195], [0.6176414661312255, 43.99670073618704], [0.6132868437126895, 43.99557159813214], [0.6089322212941526, 43.994442460077224], [0.6045775988756155, 43.993313322022324], [0.6002229764570775, 43.99218418396741], [0.5958683540385423, 43.99105504591251], [0.5915137316200045, 43.9899259078576], [0.5871591092014676, 43.98879676980269], [0.5828044867829316, 43.98766763174778], [0.5784498643643936, 43.986538493692876], [0.5784498643643936, 43.986538493692876], [0.5757328794971739, 43.98854391470897], [0.5730158946299524, 43.99054933572507], [0.5702989097627318, 43.992554756741164], [0.5675819248955112, 43.994560177757265], [0.5648649400282908, 43.99656559877336], [0.5621479551610693, 43.99857101978946], [0.5594309702938496, 44.00057644080555], [0.556713985426629, 44.00258186182166], [0.5539970005594075, 44.004587282837754], [0.5512800156921869, 44.006592703853855], [0.5512800156921869, 44.006592703853855], [0.5474699739233424, 44.005839718805646], [0.5436599321544988, 44.005086733757445], [0.539849890385655, 44.00433374870923], [0.5360398486168108, 44.00358076366103], [0.5322298068479667, 44.00282777861282], [0.5284197650791234, 44.00207479356461], [0.5246097233102789, 44.00132180851641], [0.5207996815414351, 44.00056882346819], [0.5169896397725915, 43.99981583841999], [0.5131795980037479, 43.99906285337178], [0.5131795980037479, 43.99906285337178], [0.5122690177316316, 43.99718150145498], [0.5113584374595155, 43.99530014953818], [0.5104478571873994, 43.99341879762138], [0.509537276915283, 43.99153744570458], [0.5086266966431672, 43.98965609378778], [0.5077161163710509, 43.98777474187098], [0.5068055360989345, 43.98589338995417], [0.5058949558268193, 43.98401203803738], [0.5049843755547032, 43.98213068612058], [0.5040737952825869, 43.980249334203776], [0.5040737952825869, 43.980249334203776], [0.5069701957598671, 43.97673983487491], [0.5098665962371465, 43.973230335546056], [0.5127629967144274, 43.96972083621719], [0.5156593971917076, 43.966211336888335], [0.518555797668987, 43.96270183755947], [0.521452198146267, 43.95919233823061], [0.5243485986235463, 43.95568283890175], [0.5272449991008274, 43.95217333957289], [0.5301413995781084, 43.94866384024402], [0.5330378000553875, 43.94515434091517], [0.5330378000553875, 43.94515434091517], [0.5317614633732755, 43.94189380373378], [0.5304851266911612, 43.93863326655238], [0.5292087900090474, 43.935372729371], [0.5279324533269352, 43.9321121921896], [0.526656116644822, 43.9288516550082], [0.525379779962708, 43.92559111782682], [0.5241034432805949, 43.92233058064542], [0.5228271065984818, 43.91907004346403], [0.5215507699163697, 43.915809506282635], [0.5202744332342557, 43.91254896910125], [0.5202744332342557, 43.91254896910125], [0.5190026941537063, 43.911670549244725], [0.5177309550731581, 43.910792129388206], [0.5164592159926089, 43.909913709531686], [0.5151874769120586, 43.90903528967517], [0.5139157378315105, 43.90815686981865], [0.5126439987509612, 43.907278449962135], [0.5113722596704111, 43.90640003010562], [0.5101005205898628, 43.905521610249096], [0.5088287815093127, 43.904643190392584], [0.5075570424287634, 43.90376477053606], [0.5075570424287634, 43.90376477053606], [0.5024819022254658, 43.90476658084797], [0.49740676202216694, 43.90576839115988], [0.49233162181886936, 43.90677020147179], [0.4872564816155711, 43.907772011783706], [0.48218134141227287, 43.908773822095604], [0.4771062012089744, 43.909775632407516], [0.47203106100567704, 43.91077744271943], [0.4669559208023779, 43.911779253031334], [0.46188078059908055, 43.91278106334324], [0.4568056403957823, 43.91378287365515], [0.4568056403957823, 43.91378287365515], [0.4549856840971931, 43.910648214390484], [0.45316572779860387, 43.907513555125824], [0.45134577150001376, 43.904378895861164], [0.44952581520142565, 43.9012442365965], [0.44770585890283643, 43.89810957733184], [0.445885902604247, 43.89497491806716], [0.444065946305658, 43.8918402588025], [0.44224599000706877, 43.88870559953784], [0.44042603370847955, 43.885570940273176], [0.4386060774098903, 43.882436281008516]]]}}, {"type": "Feature", "properties": {"diocese": "LESCAR", "province": "IV_Auch"}, "geometry": {"type": "Polygon", "coordinates": [[[-0.550483424910982, 43.51355376148749], [-0.5537544368597425, 43.510292726506236], [-0.557025448808503, 43.50703169152497], [-0.5602964607572625, 43.50377065654372], [-0.563567472706023, 43.500509621562465], [-0.5668384846547834, 43.49724858658121], [-0.5701094966035446, 43.49398755159995], [-0.5733805085523052, 43.49072651661869], [-0.5766515205010656, 43.487465481637436], [-0.5799225324498262, 43.48420444665618], [-0.5831935443985865, 43.48094341167492], [-0.5831935443985865, 43.48094341167492], [-0.5880879243743881, 43.48194526709814], [-0.5929823043501887, 43.48294712252136], [-0.5978766843259914, 43.48394897794458], [-0.6027710643017918, 43.484950833367805], [-0.6076654442775926, 43.48595268879102], [-0.6125598242533951, 43.48695454421424], [-0.6174542042291958, 43.48795639963746], [-0.6223485842049973, 43.48895825506069], [-0.627242964180798, 43.489960110483906], [-0.6321373441565995, 43.49096196590712], [-0.6321373441565995, 43.49096196590712], [-0.6379427790128818, 43.489832465781134], [-0.6437482138691643, 43.48870296565514], [-0.6495536487254466, 43.487573465529145], [-0.655359083581728, 43.486443965403154], [-0.6611645184380103, 43.48531446527717], [-0.6669699532942925, 43.48418496515117], [-0.6727753881505749, 43.48305546502519], [-0.6785808230068574, 43.48192596489919], [-0.6843862578631397, 43.4807964647732], [-0.690191692719421, 43.47966696464721], [-0.690191692719421, 43.47966696464721], [-0.6950943010656206, 43.476405522477634], [-0.6999969094118194, 43.47314408030807], [-0.7048995177580191, 43.46988263813848], [-0.7098021261042178, 43.46662119596891], [-0.7147047344504164, 43.46335975379934], [-0.7196073427966162, 43.46009831162976], [-0.7245099511428148, 43.45683686946018], [-0.7294125594890135, 43.45357542729061], [-0.7343151678352113, 43.450313985121035], [-0.7392177761814109, 43.44705254295146], [-0.7392177761814109, 43.44705254295146], [-0.7493253890913244, 43.44555021814127], [-0.7594330020012376, 43.44404789333107], [-0.7695406149111519, 43.44254556852086], [-0.7796482278210641, 43.44104324371067], [-0.7897558407309776, 43.43954091890047], [-0.799863453640891, 43.43803859409028], [-0.809971066550805, 43.43653626928008], [-0.8200786794607183, 43.435033944469886], [-0.8301862923706317, 43.43353161965968], [-0.840293905280545, 43.43202929484949], [-0.840293905280545, 43.43202929484949], [-0.8350922803625063, 43.428515010869674], [-0.8298906554444676, 43.425000726889856], [-0.8246890305264288, 43.421486442910044], [-0.8194874056083902, 43.417972158930226], [-0.8142857806903505, 43.414457874950415], [-0.8090841557723127, 43.4109435909706], [-0.803882530854274, 43.40742930699079], [-0.7986809059362344, 43.403915023010974], [-0.7934792810181968, 43.40040073903115], [-0.7882776561001579, 43.396886455051344], [-0.7882776561001579, 43.396886455051344], [-0.780308134520793, 43.39212415691158], [-0.7723386129414274, 43.38736185877181], [-0.7643690913620632, 43.38259956063205], [-0.7563995697826975, 43.37783726249229], [-0.7484300482033326, 43.37307496435253], [-0.7404605266239668, 43.36831266621276], [-0.732491005044602, 43.363550368073], [-0.7245214834652369, 43.35878806993324], [-0.7165519618858721, 43.35402577179348], [-0.7085824403065072, 43.349263473653714], [-0.7085824403065072, 43.349263473653714], [-0.7049640646763461, 43.34437402134478], [-0.7013456890461842, 43.33948456903583], [-0.6977273134160216, 43.33459511672689], [-0.6941089377858615, 43.32970566441794], [-0.6904905621557006, 43.324816212109], [-0.6868721865255385, 43.31992675980006], [-0.6832538108953768, 43.31503730749111], [-0.6796354352652157, 43.31014785518217], [-0.6760170596350549, 43.30525840287322], [-0.6723986840048939, 43.30036895056428], [-0.6723986840048939, 43.30036895056428], [-0.6666019600381065, 43.2969851494631], [-0.6608052360713191, 43.29360134836191], [-0.6550085121045309, 43.29021754726072], [-0.6492117881377436, 43.28683374615953], [-0.6434150641709554, 43.28344994505834], [-0.637618340204168, 43.28006614395716], [-0.6318216162373815, 43.27668234285596], [-0.6260248922705933, 43.27329854175478], [-0.620228168303806, 43.26991474065359], [-0.6144314443370178, 43.266530939552396], [-0.6144314443370178, 43.266530939552396], [-0.6106330183894191, 43.261265515078826], [-0.6068345924418196, 43.25600009060524], [-0.6030361664942199, 43.25073466613166], [-0.5992377405466203, 43.24546924165809], [-0.5954393145990217, 43.24020381718451], [-0.5916408886514221, 43.23493839271094], [-0.5878424627038225, 43.22967296823736], [-0.5840440367562238, 43.224407543763775], [-0.5802456108086241, 43.219142119290204], [-0.5764471848610245, 43.213876694816626], [-0.5764471848610245, 43.213876694816626], [-0.5662997024350089, 43.20961593172734], [-0.5561522200089924, 43.20535516863805], [-0.5460047375829777, 43.201094405548766], [-0.535857255156962, 43.19683364245948], [-0.5257097727309454, 43.192572879370196], [-0.5155622903049308, 43.188312116280905], [-0.5054148078789141, 43.18405135319162], [-0.49526732545289937, 43.179790590102336], [-0.4851198430268837, 43.17552982701305], [-0.4749723606008671, 43.171269063923766], [-0.4749723606008671, 43.171269063923766], [-0.46863733834503296, 43.1650022894761], [-0.4623023160891977, 43.158735515028454], [-0.45596729383336343, 43.152468740580794], [-0.44963227157752816, 43.14620196613314], [-0.4432972493216929, 43.13993519168548], [-0.43696222706585863, 43.13366841723782], [-0.4306272048100235, 43.12740164279017], [-0.4242921825541892, 43.1211348683425], [-0.41795716029835384, 43.114868093894856], [-0.4116221380425187, 43.1086013194472], [-0.4116221380425187, 43.1086013194472], [-0.4078174197123231, 43.10659611519722], [-0.40401270138212675, 43.10459091094722], [-0.4002079830519303, 43.10258570669724], [-0.3964032647217348, 43.10058050244726], [-0.39259854639153824, 43.09857529819728], [-0.3887938280613418, 43.0965700939473], [-0.3849891097311462, 43.09456488969731], [-0.38118439140094984, 43.09255968544733], [-0.3773796730707544, 43.090554481197344], [-0.3735749547405579, 43.08854927694736], [-0.3735749547405579, 43.08854927694736], [-0.37014276972770976, 43.081653624399785], [-0.36671058471486373, 43.07475797185219], [-0.3632783997020156, 43.067862319304616], [-0.35984621468916933, 43.06096666675703], [-0.3564140296763203, 43.054071014209455], [-0.35298184466347315, 43.04717536166187], [-0.349549659650627, 43.04027970911429], [-0.3461174746377791, 43.03338405656671], [-0.3426852896249326, 43.02648840401912], [-0.3392531046120846, 43.01959275147155], [-0.3392531046120846, 43.01959275147155], [-0.33109328724932896, 43.01896772808391], [-0.32293346988657334, 43.018342704696266], [-0.3147736525238167, 43.01771768130863], [-0.3066138351610612, 43.01709265792099], [-0.2984540177983055, 43.016467634533356], [-0.2902942004355491, 43.015842611145715], [-0.28213438307279415, 43.01521758775809], [-0.27397456571003675, 43.014592564370446], [-0.2658147483472819, 43.01396754098281], [-0.2576549309845264, 43.01334251759517], [-0.2576549309845264, 43.01334251759517], [-0.25184948821751174, 43.014472017723136], [-0.24604404545049785, 43.0156015178511], [-0.24023860268348307, 43.01673101797907], [-0.2344331599164684, 43.017860518107035], [-0.22862771714945473, 43.018990018234994], [-0.22282227438244007, 43.02011951836296], [-0.2170168316154263, 43.021249018490934], [-0.21121138884841062, 43.02237851861889], [-0.2054059460813975, 43.02350801874687], [-0.19960050331438206, 43.02463751887483], [-0.19960050331438206, 43.02463751887483], [-0.20195101183959718, 43.02839923630189], [-0.20430152036481042, 43.03216095372895], [-0.20665202889002443, 43.03592267115601], [-0.20900253741523855, 43.03968438858307], [-0.2113530459404519, 43.04344610601012], [-0.21370355446566602, 43.04720782343718], [-0.21605406299087926, 43.050969540864244], [-0.2184045715160935, 43.0547312582913], [-0.22075508004130762, 43.058492975718366], [-0.22310558856652085, 43.06225469314543], [-0.22310558856652085, 43.06225469314543], [-0.21747729107963443, 43.065265328426044], [-0.211848993592747, 43.068275963706675], [-0.20622069610586047, 43.0712865989873], [-0.20059239861897316, 43.074297234267924], [-0.1949641011320865, 43.077307869548555], [-0.1893358036451992, 43.08031850482918], [-0.18370750615831177, 43.08332914010981], [-0.17807920867142524, 43.08633977539044], [-0.17245091118453793, 43.08935041067107], [-0.16682261369765128, 43.0923610459517], [-0.16682261369765128, 43.0923610459517], [-0.1619258153205121, 43.09261221683864], [-0.15702901694337468, 43.09286338772558], [-0.15213221856623627, 43.09311455861252], [-0.14723542018909885, 43.09336572949947], [-0.14233862181195944, 43.09361690038641], [-0.13744182343482114, 43.093868071273356], [-0.13254502505768373, 43.094119242160296], [-0.12764822668054532, 43.09437041304724], [-0.1227514283034078, 43.094621583934185], [-0.1178546299262686, 43.094872754821125], [-0.1178546299262686, 43.094872754821125], [-0.11893170670111963, 43.10038990113497], [-0.12000878347597066, 43.10590704744882], [-0.12108586025082058, 43.111424193762666], [-0.12216293702567071, 43.11694134007651], [-0.12324001380052263, 43.122458486390364], [-0.12431709057537355, 43.12797563270421], [-0.1253941673502228, 43.133492779018056], [-0.1264712441250747, 43.1390099253319], [-0.12754832089992485, 43.14452707164575], [-0.12862539767477488, 43.150044217959596], [-0.12862539767477488, 43.150044217959596], [-0.12590438874923215, 43.15092299950222], [-0.12318337982368832, 43.151801781044846], [-0.12046237089814471, 43.15268056258747], [-0.11774136197260088, 43.153559344130095], [-0.11502035304705738, 43.15443812567272], [-0.11229934412151454, 43.155316907215344], [-0.10957833519597082, 43.15619568875797], [-0.10685732627042699, 43.15707447030061], [-0.10413631734488338, 43.15795325184322], [-0.10141530841934054, 43.15883203338585], [-0.10141530841934054, 43.15883203338585], [-0.10050109948961017, 43.16259347170212], [-0.09958689055987868, 43.1663549100184], [-0.09867268163014753, 43.17011634833466], [-0.09775847270041704, 43.17387778665094], [-0.09684426377068578, 43.1776392249672], [-0.09593005484095429, 43.18140066328348], [-0.09501584591122392, 43.18516210159976], [-0.09410163698149265, 43.188923539916026], [-0.09318742805176217, 43.1926849782323], [-0.09227321912203179, 43.19644641654857], [-0.09227321912203179, 43.19644641654857], [-0.09716783239386828, 43.19732329750329], [-0.10206244566570577, 43.19820017845799], [-0.10695705893754337, 43.1990770594127], [-0.11185167220937986, 43.19995394036742], [-0.11674628548121635, 43.200830821322135], [-0.12164089875305373, 43.20170770227685], [-0.12653551202489122, 43.202584583231555], [-0.1314301252967287, 43.20346146418627], [-0.1363247385685652, 43.20433834514099], [-0.14121935184040257, 43.2052152260957], [-0.14121935184040257, 43.2052152260957], [-0.14165728064115568, 43.212068910360514], [-0.1420952094419078, 43.21892259462532], [-0.1425331382426609, 43.22577627889013], [-0.142971067043413, 43.232629963154935], [-0.14340899584416522, 43.239483647419746], [-0.14384692464491833, 43.24633733168455], [-0.14428485344567044, 43.25319101594936], [-0.14472278224642354, 43.26004470021417], [-0.14516071104717554, 43.26689838447898], [-0.14559863984792865, 43.27375206874379], [-0.14559863984792865, 43.27375206874379], [-0.14195422447674155, 43.277554770922265], [-0.13830980910555446, 43.281357473100734], [-0.13466539373436648, 43.28516017527921], [-0.13102097836317939, 43.288962877457685], [-0.12737656299199307, 43.292765579636175], [-0.12373214762080498, 43.29656828181465], [-0.120087732249618, 43.30037098399312], [-0.1164433168784309, 43.304173686171595], [-0.1127989015072447, 43.30797638835007], [-0.10915448613605672, 43.311779090528546], [-0.10915448613605672, 43.311779090528546], [-0.10916112388444099, 43.3163447295054], [-0.10916776163282615, 43.32091036848227], [-0.10917439938120965, 43.32547600745912], [-0.10918103712959393, 43.33004164643598], [-0.10918767487797831, 43.33460728541283], [-0.10919431262636259, 43.33917292438969], [-0.10920095037474697, 43.34373856336655], [-0.10920758812313047, 43.3483042023434], [-0.10921422587151552, 43.35286984132027], [-0.10922086361989902, 43.35743548029711], [-0.10922086361989902, 43.35743548029711], [-0.10666406770801662, 43.35808773550442], [-0.104107271796133, 43.358739990711726], [-0.10155047588424859, 43.35939224591904], [-0.09899367997236597, 43.36004450112633], [-0.09643688406048256, 43.36069675633363], [-0.09388008814859905, 43.361349011540945], [-0.09132329223671654, 43.362001266748244], [-0.08876649632483113, 43.36265352195555], [-0.08620970041294773, 43.36330577716285], [-0.08365290450106422, 43.36395803237016], [-0.08365290450106422, 43.36395803237016], [-0.07903531991053103, 43.36764562904444], [-0.07441773531999707, 43.371333225718715], [-0.0698001507294631, 43.375020822393], [-0.06518256613892914, 43.37870841906727], [-0.06056498154839418, 43.382396015741556], [-0.05594739695786033, 43.386083612415824], [-0.051329812367326255, 43.3897712090901], [-0.04671222777679318, 43.39345880576438], [-0.04209464318625822, 43.39714640243866], [-0.03747705859572514, 43.40083399911294], [-0.03747705859572514, 43.40083399911294], [-0.0367441001121972, 43.40434549806838], [-0.03601114162867092, 43.407856997023835], [-0.03527818314514386, 43.41136849597928], [-0.03454522466161769, 43.41487999493472], [-0.03381226617809052, 43.41839149389018], [-0.033079307694563465, 43.421902992845624], [-0.032346349211037295, 43.42541449180106], [-0.03161339072750924, 43.42892599075651], [-0.030880432243982958, 43.43243748971196], [-0.0301474737604559, 43.4359489886674], [-0.0301474737604559, 43.4359489886674], [-0.027971296713324323, 43.43632554886242], [-0.025795119666193633, 43.436702109057435], [-0.023618942619060945, 43.437078669252465], [-0.021442765571930367, 43.43745522944748], [-0.019266588524798678, 43.4378317896425], [-0.0170904114776671, 43.43820834983752], [-0.0149142344305363, 43.43858491003254], [-0.012738057383403834, 43.438961470227554], [-0.010561880336273033, 43.439338030422576], [-0.008385703289141455, 43.43971459061759], [-0.008385703289141455, 43.43971459061759], [-0.016586586892395894, 43.447884503066994], [-0.024787470495649444, 43.45605441551639], [-0.032988354098902106, 43.464224327965795], [-0.041189237702155546, 43.4723942404152], [-0.049390121305410095, 43.48056415286461], [-0.05759100490866276, 43.488734065314006], [-0.0657918885119172, 43.49690397776341], [-0.07399277211517075, 43.505073890212806], [-0.08219365571842319, 43.51324380266222], [-0.09039453932167762, 43.52141371511161], [-0.09039453932167762, 43.52141371511161], [-0.092510290461424, 43.52352293015999], [-0.09462604160117016, 43.525632145208384], [-0.09674179274091743, 43.52774136025676], [-0.09885754388066348, 43.52985057530515], [-0.10097329502040986, 43.53195979035353], [-0.10308904616015613, 43.53406900540191], [-0.10520479729990329, 43.53617822045029], [-0.10732054843964955, 43.53828743549867], [-0.1094362995793956, 43.540396650547066], [-0.11155205071914198, 43.542505865595444], [-0.11155205071914198, 43.542505865595444], [-0.1140910812501783, 43.54225418925541], [-0.11663011178121452, 43.542002512915374], [-0.11916914231225251, 43.541750836575346], [-0.12170817284328783, 43.54149916023532], [-0.12424720337432427, 43.541247483895276], [-0.12678623390536137, 43.54099580755525], [-0.1293252644363977, 43.540744131215206], [-0.1318642949674348, 43.54049245487517], [-0.13440332549847012, 43.54024077853514], [-0.13694235602950822, 43.53998910219511], [-0.13694235602950822, 43.53998910219511], [-0.1392981899990272, 43.54099159114895], [-0.14165402396854632, 43.541994080102796], [-0.1440098579380662, 43.542996569056626], [-0.14636569190758597, 43.54399905801048], [-0.14872152587710508, 43.545001546964315], [-0.15107735984662585, 43.54600403591815], [-0.15343319381614584, 43.54700652487199], [-0.15578902778566572, 43.54800901382584], [-0.15814486175518472, 43.54901150277968], [-0.1605006957247046, 43.550013991733515], [-0.1605006957247046, 43.550013991733515], [-0.16884380077868177, 43.55013688400209], [-0.17718690583266083, 43.550259776270664], [-0.18553001088663978, 43.55038266853924], [-0.19387311594061685, 43.55050556080782], [-0.20221622099459402, 43.5506284530764], [-0.2105593260485722, 43.55075134534497], [-0.21890243110255025, 43.55087423761354], [-0.22724553615652843, 43.55099712988212], [-0.2355886412105056, 43.5511200221507], [-0.24393174626448355, 43.55124291441927], [-0.24393174626448355, 43.55124291441927], [-0.2515531764252674, 43.54823178172376], [-0.2591746065860513, 43.54522064902824], [-0.26679603674683516, 43.542209516332726], [-0.27441746690761804, 43.539198383637206], [-0.28203889706840113, 43.53618725094169], [-0.2896603272291849, 43.53317611824618], [-0.29728175738996876, 43.53016498555066], [-0.30490318755075174, 43.52715385285514], [-0.3125246177115347, 43.52414272015963], [-0.3201460478723186, 43.52113158746411], [-0.3201460478723186, 43.52113158746411], [-0.3235904301603838, 43.52251091572178], [-0.32703481244844823, 43.52389024397946], [-0.3304791947365143, 43.52526957223713], [-0.33392357702457853, 43.526648900494806], [-0.33736795931264374, 43.528028228752476], [-0.34081234160070895, 43.529407557010146], [-0.3442567238887744, 43.53078688526782], [-0.3477011061768396, 43.53216621352549], [-0.3511454884649039, 43.53354554178316], [-0.3545898707529691, 43.53492487004083], [-0.3545898707529691, 43.53492487004083], [-0.35985014350558564, 43.533669437689674], [-0.36511041625820084, 43.53241400533851], [-0.3703706890108166, 43.531158572987344], [-0.37563096176343325, 43.52990314063617], [-0.38089123451605, 43.528647708285014], [-0.3861515072686659, 43.52739227593385], [-0.39141178002128096, 43.526136843582684], [-0.3966720527738976, 43.52488141123151], [-0.4019323255265135, 43.52362597888035], [-0.40719259827912935, 43.52237054652918], [-0.40719259827912935, 43.52237054652918], [-0.4119062022059694, 43.52337244706766], [-0.4166198061328097, 43.524374347606134], [-0.42133341005964975, 43.52537624814462], [-0.4260470139864898, 43.52637814868311], [-0.430760617913331, 43.52738004922158], [-0.43547422184017015, 43.52838194976006], [-0.4401878257670101, 43.529383850298544], [-0.44490142969385127, 43.53038575083701], [-0.44961503362069033, 43.531387651375496], [-0.4543286375475306, 43.53238955191398], [-0.4543286375475306, 43.53238955191398], [-0.46394411628387644, 43.53050597287133], [-0.4735595950202214, 43.52862239382868], [-0.48317507375656643, 43.526738814786036], [-0.49279055249291137, 43.52485523574338], [-0.5024060312292564, 43.52297165670073], [-0.5120215099656014, 43.521088077658085], [-0.5216369887019463, 43.51920449861544], [-0.5312524674382912, 43.51732091957279], [-0.5408679461746362, 43.51543734053014], [-0.550483424910982, 43.51355376148749]]]}}, {"type": "Feature", "properties": {"diocese": "OLORON", "province": "IV_Auch"}, "geometry": {"type": "Polygon", "coordinates": [[[-0.297344073215683, 42.84706250045894], [-0.2990174927076932, 42.85340739188496], [-0.300690912199704, 42.85975228331098], [-0.30236433169171584, 42.866097174737], [-0.304037751183726, 42.872442066163025], [-0.3057111706757367, 42.87878695758904], [-0.3073845901677478, 42.88513184901506], [-0.30905800965975794, 42.891476740441085], [-0.31073142915176977, 42.8978216318671], [-0.3124048486437798, 42.904166523293114], [-0.31407826813579076, 42.91051141471914], [-0.31407826813579076, 42.91051141471914], [-0.312442475337009, 42.911890916939555], [-0.3108066825382282, 42.91327041915997], [-0.3091708897394474, 42.91464992138038], [-0.3075350969406656, 42.9160294236008], [-0.3058993041418847, 42.91740892582121], [-0.30426351134310314, 42.91878842804162], [-0.30262771854432224, 42.920167930262046], [-0.30099192574554146, 42.921547432482456], [-0.29935613294676044, 42.92292693470288], [-0.2977203401479789, 42.92430643692329], [-0.2977203401479789, 42.92430643692329], [-0.2986229333620256, 42.926563353435384], [-0.29952552657607256, 42.92882026994747], [-0.3004281197901202, 42.93107718645956], [-0.30133071300416714, 42.93333410297165], [-0.30223330621821576, 42.935591019483745], [-0.3031358994322626, 42.93784793599583], [-0.30403849264630933, 42.940104852507915], [-0.30494108586035706, 42.94236176902001], [-0.305843679074405, 42.9446186855321], [-0.30674627228845175, 42.94687560204419], [-0.30674627228845175, 42.94687560204419], [-0.30438196863620504, 42.950261439847054], [-0.3020176649839592, 42.95364727764991], [-0.2996533613317125, 42.957033115452774], [-0.2972890576794669, 42.96041895325562], [-0.29492475402722107, 42.963804791058486], [-0.29256045037497347, 42.96719062886134], [-0.29019614672272764, 42.970576466664205], [-0.28783184307048204, 42.97396230446705], [-0.2854675394182353, 42.97734814226992], [-0.2831032357659896, 42.98073398007277], [-0.2831032357659896, 42.98073398007277], [-0.28055840528784337, 42.983994833825015], [-0.27801357480969635, 42.98725568757726], [-0.27546874433154944, 42.990516541329484], [-0.2729239138534041, 42.993777395081736], [-0.27037908337525796, 42.997038248833974], [-0.26783425289711094, 43.00029910258622], [-0.2652894224189639, 43.00355995633846], [-0.2627445919408188, 43.00682081009069], [-0.26019976146267254, 43.01008166384293], [-0.2576549309845264, 43.01334251759517], [-0.2576549309845264, 43.01334251759517], [-0.2658147483472819, 43.01396754098281], [-0.27397456571003675, 43.014592564370446], [-0.28213438307279415, 43.01521758775809], [-0.2902942004355491, 43.015842611145715], [-0.2984540177983055, 43.016467634533356], [-0.3066138351610612, 43.01709265792099], [-0.3147736525238167, 43.01771768130863], [-0.32293346988657334, 43.018342704696266], [-0.33109328724932896, 43.01896772808391], [-0.3392531046120846, 43.01959275147155], [-0.3392531046120846, 43.01959275147155], [-0.3426852896249326, 43.02648840401912], [-0.3461174746377791, 43.03338405656671], [-0.349549659650627, 43.04027970911429], [-0.35298184466347315, 43.04717536166187], [-0.3564140296763203, 43.054071014209455], [-0.35984621468916933, 43.06096666675703], [-0.3632783997020156, 43.067862319304616], [-0.36671058471486373, 43.07475797185219], [-0.37014276972770976, 43.081653624399785], [-0.3735749547405579, 43.08854927694736], [-0.3735749547405579, 43.08854927694736], [-0.3773796730707544, 43.090554481197344], [-0.38118439140094984, 43.09255968544733], [-0.3849891097311462, 43.09456488969731], [-0.3887938280613418, 43.0965700939473], [-0.39259854639153824, 43.09857529819728], [-0.3964032647217348, 43.10058050244726], [-0.4002079830519303, 43.10258570669724], [-0.40401270138212675, 43.10459091094722], [-0.4078174197123231, 43.10659611519722], [-0.4116221380425187, 43.1086013194472], [-0.4116221380425187, 43.1086013194472], [-0.41795716029835384, 43.114868093894856], [-0.4242921825541892, 43.1211348683425], [-0.4306272048100235, 43.12740164279017], [-0.43696222706585863, 43.13366841723782], [-0.4432972493216929, 43.13993519168548], [-0.44963227157752816, 43.14620196613314], [-0.45596729383336343, 43.152468740580794], [-0.4623023160891977, 43.158735515028454], [-0.46863733834503296, 43.1650022894761], [-0.4749723606008671, 43.171269063923766], [-0.4749723606008671, 43.171269063923766], [-0.4851198430268837, 43.17552982701305], [-0.49526732545289937, 43.179790590102336], [-0.5054148078789141, 43.18405135319162], [-0.5155622903049308, 43.188312116280905], [-0.5257097727309454, 43.192572879370196], [-0.535857255156962, 43.19683364245948], [-0.5460047375829777, 43.201094405548766], [-0.5561522200089924, 43.20535516863805], [-0.5662997024350089, 43.20961593172734], [-0.5764471848610245, 43.213876694816626], [-0.5764471848610245, 43.213876694816626], [-0.5802456108086241, 43.219142119290204], [-0.5840440367562238, 43.224407543763775], [-0.5878424627038225, 43.22967296823736], [-0.5916408886514221, 43.23493839271094], [-0.5954393145990217, 43.24020381718451], [-0.5992377405466203, 43.24546924165809], [-0.6030361664942199, 43.25073466613166], [-0.6068345924418196, 43.25600009060524], [-0.6106330183894191, 43.261265515078826], [-0.6144314443370178, 43.266530939552396], [-0.6144314443370178, 43.266530939552396], [-0.620228168303806, 43.26991474065359], [-0.6260248922705933, 43.27329854175478], [-0.6318216162373815, 43.27668234285596], [-0.637618340204168, 43.28006614395716], [-0.6434150641709554, 43.28344994505834], [-0.6492117881377436, 43.28683374615953], [-0.6550085121045309, 43.29021754726072], [-0.6608052360713191, 43.29360134836191], [-0.6666019600381065, 43.2969851494631], [-0.6723986840048939, 43.30036895056428], [-0.6723986840048939, 43.30036895056428], [-0.6760170596350549, 43.30525840287322], [-0.6796354352652157, 43.31014785518217], [-0.6832538108953768, 43.31503730749111], [-0.6868721865255385, 43.31992675980006], [-0.6904905621557006, 43.324816212109], [-0.6941089377858615, 43.32970566441794], [-0.6977273134160216, 43.33459511672689], [-0.7013456890461842, 43.33948456903583], [-0.7049640646763461, 43.34437402134478], [-0.7085824403065072, 43.349263473653714], [-0.7085824403065072, 43.349263473653714], [-0.7165519618858721, 43.35402577179348], [-0.7245214834652369, 43.35878806993324], [-0.732491005044602, 43.363550368073], [-0.7404605266239668, 43.36831266621276], [-0.7484300482033326, 43.37307496435253], [-0.7563995697826975, 43.37783726249229], [-0.7643690913620632, 43.38259956063205], [-0.7723386129414274, 43.38736185877181], [-0.780308134520793, 43.39212415691158], [-0.7882776561001579, 43.396886455051344], [-0.7882776561001579, 43.396886455051344], [-0.7934792810181968, 43.40040073903115], [-0.7986809059362344, 43.403915023010974], [-0.803882530854274, 43.40742930699079], [-0.8090841557723127, 43.4109435909706], [-0.8142857806903505, 43.414457874950415], [-0.8194874056083902, 43.417972158930226], [-0.8246890305264288, 43.421486442910044], [-0.8298906554444676, 43.425000726889856], [-0.8350922803625063, 43.428515010869674], [-0.840293905280545, 43.43202929484949], [-0.840293905280545, 43.43202929484949], [-0.8508150936456155, 43.429189449208664], [-0.8613362820106869, 43.426349603567836], [-0.8718574703757582, 43.42350975792702], [-0.8823786587408287, 43.42066991228619], [-0.8928998471059001, 43.41783006664537], [-0.9034210354709706, 43.41499022100454], [-0.913942223836042, 43.412150375363716], [-0.9244634122011134, 43.409310529722895], [-0.9349846005661848, 43.406470684082066], [-0.9455057889312554, 43.403630838441245], [-0.9455057889312554, 43.403630838441245], [-0.9502464075039869, 43.405846214619004], [-0.9549870260767193, 43.40806159079677], [-0.9597276446494517, 43.410276966974536], [-0.9644682632221834, 43.41249234315229], [-0.9692088817949139, 43.41470771933005], [-0.9739495003676473, 43.41692309550782], [-0.9786901189403788, 43.41913847168558], [-0.9834307375131105, 43.42135384786334], [-0.9881713560858428, 43.4235692240411], [-0.9929119746585745, 43.42578460021886], [-0.9929119746585745, 43.42578460021886], [-0.994584231899303, 43.42312427894634], [-0.9962564891400306, 43.420463957673824], [-0.9979287463807591, 43.4178036364013], [-0.9996010036214877, 43.41514331512878], [-1.0012732608622152, 43.41248299385626], [-1.0029455181029427, 43.40982267258375], [-1.0046177753436707, 43.40716235131122], [-1.0062900325844, 43.40450203003871], [-1.007962289825128, 43.401841708766185], [-1.0096345470658563, 43.39918138749367], [-1.0096345470658563, 43.39918138749367], [-1.0091280862163745, 43.39581234598981], [-1.0086216253668927, 43.392443304485944], [-1.008115164517411, 43.389074262982085], [-1.0076087036679302, 43.38570522147822], [-1.0071022428184486, 43.38233617997436], [-1.006595781968966, 43.37896713847049], [-1.0060893211194841, 43.375598096966634], [-1.0055828602700023, 43.372229055462775], [-1.0050763994205205, 43.368860013958916], [-1.00456993857104, 43.36549097245505], [-1.00456993857104, 43.36549097245505], [-1.0017529332644506, 43.36327506151857], [-0.9989359279578612, 43.36105915058209], [-0.9961189226512713, 43.35884323964561], [-0.9933019173446821, 43.35662732870913], [-0.9904849120380927, 43.35441141777266], [-0.9876679067315036, 43.352195506836175], [-0.9848509014249143, 43.3499795958997], [-0.9820338961183244, 43.34776368496321], [-0.979216890811735, 43.34554777402674], [-0.9763998855051458, 43.343331863090256], [-0.9763998855051458, 43.343331863090256], [-0.976669886028358, 43.336327431231815], [-0.9769398865515712, 43.32932299937338], [-0.9772098870747832, 43.322318567514934], [-0.9774798875979963, 43.31531413565649], [-0.9777498881212093, 43.30830970379806], [-0.9780198886444215, 43.30130527193962], [-0.9782898891676346, 43.29430084008118], [-0.9785598896908476, 43.28729640822274], [-0.9788298902140599, 43.280291976364296], [-0.9790998907372729, 43.27328754450586], [-0.9790998907372729, 43.27328754450586], [-0.9828282721737936, 43.26841015083079], [-0.9865566536103161, 43.26353275715572], [-0.9902850350468377, 43.258655363480656], [-0.9940134164833585, 43.25377796980558], [-0.99774179791988, 43.24890057613052], [-1.001470179356402, 43.24402318245544], [-1.0051985607929226, 43.23914578878038], [-1.008926942229444, 43.23426839510531], [-1.012655323665966, 43.22939100143024], [-1.0163837051024873, 43.22451360775517], [-1.0163837051024873, 43.22451360775517], [-1.0151214869714429, 43.21405271687138], [-1.0138592688403982, 43.20359182598759], [-1.0125970507093527, 43.19313093510379], [-1.0113348325783091, 43.182670044219996], [-1.0100726144472634, 43.17220915333621], [-1.008810396316218, 43.16174826245241], [-1.0075481781851734, 43.15128737156862], [-1.0062859600541287, 43.14082648068483], [-1.0050237419230843, 43.13036558980104], [-1.0037615237920399, 43.11990469891724], [-1.0037615237920399, 43.11990469891724], [-1.011849402691289, 43.11538084924783], [-1.0199372815905376, 43.11085699957842], [-1.0280251604897859, 43.106333149909], [-1.036113039389035, 43.101809300239594], [-1.0442009182882845, 43.097285450570176], [-1.052288797187533, 43.092761600900765], [-1.0603766760867825, 43.08823775123134], [-1.0684645549860319, 43.083713901561936], [-1.076552433885281, 43.07919005189252], [-1.0846403127845297, 43.074666202223106], [-1.0846403127845297, 43.074666202223106], [-1.0882834221757396, 43.069138306574665], [-1.0919265315669493, 43.06361041092624], [-1.0955696409581586, 43.05808251527779], [-1.0992127503493685, 43.052554619629355], [-1.102855859740579, 43.047026723980906], [-1.1064989691317881, 43.04149882833248], [-1.1101420785229974, 43.03597093268404], [-1.1137851879142082, 43.030443037035596], [-1.1174282973054188, 43.024915141387154], [-1.1210714066966272, 43.01938724573872], [-1.1210714066966272, 43.01938724573872], [-1.115071358685363, 43.02299609475944], [-1.1095576762561161, 43.02490261842691], [-1.1044063415608871, 43.02537984102768], [-1.0994933367516724, 43.02470078684831], [-1.0946946439804701, 43.02313848017534], [-1.0898862453992786, 43.02096594529534], [-1.0849441231600951, 43.01845620649484], [-1.0797442594149171, 43.0158822880604], [-1.0741626363157422, 43.013517214278615], [-1.0680752360145704, 43.01163400943597], [-1.0680752360145704, 43.01163400943598], [-1.0631669426358943, 43.006951223555], [-1.0571811317781057, 43.00404246264634], [-1.0503419843577069, 43.00249184234059], [-1.0428736812911998, 43.001883478268304], [-1.0350004034950873, 43.00180148606006], [-1.026946331885871, 43.00182998134641], [-1.0189356473800533, 43.00155307975796], [-1.0111925308941383, 43.000554896925266], [-1.0039411633446274, 42.998419548478886], [-0.9974057256480232, 42.994731150049404], [-0.997405725648024, 42.99473115004941], [-0.9955281367266545, 42.98993964304853], [-0.9923393658194412, 42.985668581061645], [-0.9880534104775074, 42.981854428057666], [-0.982884268251976, 42.978433648005456], [-0.9770459366939721, 42.97534270487391], [-0.97075241335462, 42.972518062631906], [-0.9642176957850408, 42.96989618524833], [-0.9576557815363614, 42.96741353669207], [-0.9512806681597019, 42.965006580932], [-0.9453063532061888, 42.96261178193702], [-0.9453063532061935, 42.962611781937014], [-0.9395618124133802, 42.959511624720335], [-0.9336632850686064, 42.95813208688807], [-0.9276569712647196, 42.95806361604128], [-0.9215890710945668, 42.95889665978104], [-0.9155057846509936, 42.96022166570842], [-0.9094533120268493, 42.96162908142446], [-0.9034778533149818, 42.96270935453026], [-0.8976256086082346, 42.96305293262688], [-0.8919427779994583, 42.962250263315376], [-0.8864755615814968, 42.959891794196835], [-0.8864755615814958, 42.95989179419684], [-0.8795481978403391, 42.95747711900549], [-0.8724237940445613, 42.95591593639947], [-0.8651397632025057, 42.955012650175476], [-0.8577335183225124, 42.954571664130164], [-0.850242472412925, 42.95439738206026], [-0.8427040384820872, 42.95429420776239], [-0.8351556295383368, 42.954066545033285], [-0.8276346585900195, 42.9535187976696], [-0.8201785386454763, 42.952455369468026], [-0.8128246827130474, 42.950680664225246], [-0.8128246827130456, 42.950680664225246], [-0.8048491345170549, 42.951849904144304], [-0.7974767928902776, 42.95386810521868], [-0.790542171162869, 42.956479143475974], [-0.7838797826649821, 42.95942689494377], [-0.7773241407267732, 42.96245523564967], [-0.7707097586783943, 42.96530804162128], [-0.7638711498500017, 42.96772918888618], [-0.7566428275717483, 42.96946255347197], [-0.7488593051737874, 42.97025201140626], [-0.740355095986276, 42.96984143871662], [-0.740355095986276, 42.96984143871662], [-0.7373310630921206, 42.96458011331987], [-0.733613580134207, 42.959392757689145], [-0.7295528099769258, 42.95424288488724], [-0.7254989154846623, 42.949094007976974], [-0.721802059521806, 42.94390964002112], [-0.71881240495274, 42.938653294082485], [-0.7168801146418559, 42.93328848322388], [-0.7163553514535396, 42.92777872050809], [-0.7175882782521771, 42.92208751899791], [-0.7209290579021569, 42.91617839175615], [-0.7209290579021606, 42.91617839175615], [-0.7247121774458768, 42.912654938038735], [-0.7260885216195069, 42.90861015901329], [-0.7253739511212512, 42.90426831941247], [-0.72288432664931, 42.89985368396891], [-0.7189355089018847, 42.89559051741523], [-0.7138433585771772, 42.89170308448407], [-0.7079237363733853, 42.88841564990807], [-0.7014925029887116, 42.88595247841989], [-0.694865519121358, 42.884537834752116], [-0.6883586454695214, 42.884395983637425], [-0.6883586454695214, 42.884395983637425], [-0.6801954591169653, 42.886677141733216], [-0.6735410768749189, 42.88699160599523], [-0.6680900569606356, 42.885704583576036], [-0.663536957591366, 42.88318128162822], [-0.6595763369843644, 42.87978690730438], [-0.655902753356883, 42.87588666775708], [-0.6522107649261735, 42.87184577013892], [-0.6481949299094891, 42.86802942160248], [-0.6435498065240818, 42.86480282930035], [-0.6379699529872049, 42.86253120038511], [-0.6379699529872077, 42.86253120038511], [-0.630949911384185, 42.860948586926476], [-0.6248922202901647, 42.85854706176186], [-0.6196280777560145, 42.855479415828924], [-0.61498868183261, 42.851898440065376], [-0.6108052305708197, 42.847956925408894], [-0.6069089220215145, 42.84380766279716], [-0.6031309542355686, 42.83960344316788], [-0.599302525263852, 42.835497057458724], [-0.5952548331572346, 42.83164129660738], [-0.5908190759665898, 42.82818895155153], [-0.5908190759665907, 42.82818895155153], [-0.5910366875805301, 42.82217335272596], [-0.5899735841577679, 42.81748578743581], [-0.5877730314766204, 42.81389888026258], [-0.5845782953154092, 42.811185255787784], [-0.5805326414524493, 42.80911753859295], [-0.5757793356660623, 42.80746835325958], [-0.5704616437345643, 42.8060103243692], [-0.5647228314362778, 42.804516076503305], [-0.5587061645495167, 42.80275823424343], [-0.5525549088526032, 42.80050942217106], [-0.552554908852606, 42.800509422171054], [-0.5566869333574737, 42.79465945401792], [-0.5577989996485869, 42.79017864862167], [-0.5564342108429593, 42.78698700933377], [-0.5531356700575984, 42.78500453950565], [-0.5484464804095146, 42.78415124248874], [-0.5429097450157179, 42.784347121634504], [-0.5370685669932167, 42.78551218029436], [-0.5314660494590241, 42.78756642181978], [-0.5266452955301476, 42.790429849562166], [-0.5231494083235975, 42.794022466872995], [-0.5231494083235972, 42.794022466873], [-0.5195813858207265, 42.79362111474202], [-0.5170678621179849, 42.794639482213526], [-0.5152960547947536, 42.79680228797444], [-0.5139531814304139, 42.799834250711655], [-0.5127264596043473, 42.803460089112086], [-0.5113031068959327, 42.80740452186266], [-0.5093703408845547, 42.81139226765024], [-0.5066153791495915, 42.815148045161784], [-0.5027254392704261, 42.818396573084186], [-0.49738773882643805, 42.82086257010434], [-0.49738773882643506, 42.82086257010435], [-0.49242534614549804, 42.823773425569456], [-0.4874243338503714, 42.824449941831375], [-0.4823494504697765, 42.823356504155676], [-0.4771654445324347, 42.820957497807925], [-0.47183706456706886, 42.81771730805366], [-0.46632905910240063, 42.814100320158474], [-0.4606061766671523, 42.8105709193879], [-0.4546331657900422, 42.807593491007516], [-0.44837477499979705, 42.80563242028289], [-0.44179575282513617, 42.805152092479574], [-0.4417957528251344, 42.805152092479574], [-0.4372960226942091, 42.80305994275672], [-0.4320424584062075, 42.80221772745459], [-0.42618189255579075, 42.80229558906038], [-0.4198611577376167, 42.802963670061274], [-0.41322708654634444, 42.80389211294448], [-0.40642651157663345, 42.80475106019718], [-0.3996062654231425, 42.80521065430658], [-0.3929131806805308, 42.80494103775985], [-0.38649408994345835, 42.803612353044215], [-0.38049582580658337, 42.80089474264686], [-0.3804958258065789, 42.80089474264686], [-0.37390481359213645, 42.80415711318965], [-0.3680752043582942, 42.80786929019372], [-0.36282719414803943, 42.8119070343521], [-0.35798097900436066, 42.816146106357834], [-0.35335675497024177, 42.82046226690395], [-0.34877471808867333, 42.82473127668347], [-0.3440550644026392, 42.82882889638945], [-0.33901798995512844, 42.832630886714924], [-0.3334836907891261, 42.836013008352914], [-0.32727236294762174, 42.83885102199647], [-0.3272723629476191, 42.83885102199647], [-0.3244142642898895, 42.83286533632247], [-0.32152932640980514, 42.82990648396415], [-0.3186449283598475, 42.82942817607209], [-0.31578844919249793, 42.830884123796885], [-0.3129872679602379, 42.83372803828913], [-0.3102687637155481, 42.8374136306994], [-0.3076603155109088, 42.8413946121783], [-0.30518930239880504, 42.8451246938764], [-0.30288310343171454, 42.8480575869443], [-0.3007690976621209, 42.849647002532585], [-0.30076909766212334, 42.8496470025326], [-0.3005979312567223, 42.849673972449374], [-0.3004336283166741, 42.84963521997455], [-0.300274893879951, 42.849543356634605], [-0.3001204329845276, 42.84941099395598], [-0.2999689506683767, 42.84925074346517], [-0.2998191519694713, 42.84907521668863], [-0.29966974192578677, 42.84889702515285], [-0.2995194255752933, 42.848728780384256], [-0.29936690795596743, 42.84858309390936], [-0.2992108941057804, 42.84847257725461], [-0.29921089410578694, 42.848472577254604], [-0.2990194586721453, 42.8483833495464], [-0.29882538056525854, 42.84831962384063], [-0.29863004689964545, 42.84826752188876], [-0.29843484478982707, 42.84821316544225], [-0.29824116135032097, 42.84814267625262], [-0.29805038369564785, 42.8480421760713], [-0.29786389894032805, 42.8478977866498], [-0.29768309419887906, 42.84769562973958], [-0.297509356585824, 42.84742182709214], [-0.2973440732156797, 42.84706250045893], [-0.297344073215683, 42.84706250045894]]]}}, {"type": "Feature", "properties": {"diocese": "TARBES", "province": "IV_Auch"}, "geometry": {"type": "Polygon", "coordinates": [[[-0.049760266420053045, 43.6089759507244], [-0.04994621583059966, 43.60709472495624], [-0.050132165241146054, 43.60521349918809], [-0.05031811465169067, 43.60333227341993], [-0.05050406406223629, 43.60145104765177], [-0.05069001347278279, 43.59956982188362], [-0.05087596288332841, 43.59768859611546], [-0.05106191229387491, 43.5958073703473], [-0.05124786170442053, 43.59392614457914], [-0.05143381111496592, 43.59204491881099], [-0.051619760525512426, 43.59016369304284], [-0.051619760525512426, 43.59016369304284], [-0.05398188687762839, 43.587905961773075], [-0.05634401322974503, 43.585648230503324], [-0.05870613958186188, 43.58339049923357], [-0.06106826593397774, 43.58113276796382], [-0.06343039228609437, 43.57887503669407], [-0.06579251863821034, 43.576617305424314], [-0.06815464499032797, 43.57435957415456], [-0.07051677134244383, 43.572101842884805], [-0.07287889769455969, 43.569844111615055], [-0.07524102404667643, 43.567586380345304], [-0.07524102404667643, 43.567586380345304], [-0.07306765879593202, 43.56570683724593], [-0.0708942935451875, 43.563827294146556], [-0.06872092829444187, 43.5619477510472], [-0.06654756304369747, 43.56006820794782], [-0.06437419779295395, 43.55818866484845], [-0.06220083254220843, 43.55630912174908], [-0.06002746729146402, 43.55442957864971], [-0.0578541020407195, 43.55255003555034], [-0.05568073678997498, 43.550670492450976], [-0.053507371539229576, 43.548790949351606], [-0.053507371539229576, 43.548790949351606], [-0.05719608831747458, 43.5460532259276], [-0.060884805095719585, 43.5433155025036], [-0.06457352187396459, 43.5405777790796], [-0.0682622386522086, 43.53784005565561], [-0.07195095543045371, 43.53510233223161], [-0.0756396722086986, 43.53236460880761], [-0.07932838898694283, 43.52962688538361], [-0.08301710576518773, 43.52688916195961], [-0.08670582254343184, 43.52415143853562], [-0.09039453932167762, 43.52141371511161], [-0.09039453932167762, 43.52141371511161], [-0.08219365571842319, 43.51324380266222], [-0.07399277211517075, 43.505073890212806], [-0.0657918885119172, 43.49690397776341], [-0.05759100490866276, 43.488734065314006], [-0.049390121305410095, 43.48056415286461], [-0.041189237702155546, 43.4723942404152], [-0.032988354098902106, 43.464224327965795], [-0.024787470495649444, 43.45605441551639], [-0.016586586892395894, 43.447884503066994], [-0.008385703289141455, 43.43971459061759], [-0.008385703289141455, 43.43971459061759], [-0.010561880336273033, 43.439338030422576], [-0.012738057383403834, 43.438961470227554], [-0.0149142344305363, 43.43858491003254], [-0.0170904114776671, 43.43820834983752], [-0.019266588524798678, 43.4378317896425], [-0.021442765571930367, 43.43745522944748], [-0.023618942619060945, 43.437078669252465], [-0.025795119666193633, 43.436702109057435], [-0.027971296713324323, 43.43632554886242], [-0.0301474737604559, 43.4359489886674], [-0.0301474737604559, 43.4359489886674], [-0.030880432243982958, 43.43243748971196], [-0.03161339072750924, 43.42892599075651], [-0.032346349211037295, 43.42541449180106], [-0.033079307694563465, 43.421902992845624], [-0.03381226617809052, 43.41839149389018], [-0.03454522466161769, 43.41487999493472], [-0.03527818314514386, 43.41136849597928], [-0.03601114162867092, 43.407856997023835], [-0.0367441001121972, 43.40434549806838], [-0.03747705859572514, 43.40083399911294], [-0.03747705859572514, 43.40083399911294], [-0.04209464318625822, 43.39714640243866], [-0.04671222777679318, 43.39345880576438], [-0.051329812367326255, 43.3897712090901], [-0.05594739695786033, 43.386083612415824], [-0.06056498154839418, 43.382396015741556], [-0.06518256613892914, 43.37870841906727], [-0.0698001507294631, 43.375020822393], [-0.07441773531999707, 43.371333225718715], [-0.07903531991053103, 43.36764562904444], [-0.08365290450106422, 43.36395803237016], [-0.08365290450106422, 43.36395803237016], [-0.08620970041294773, 43.36330577716285], [-0.08876649632483113, 43.36265352195555], [-0.09132329223671654, 43.362001266748244], [-0.09388008814859905, 43.361349011540945], [-0.09643688406048256, 43.36069675633363], [-0.09899367997236597, 43.36004450112633], [-0.10155047588424859, 43.35939224591904], [-0.104107271796133, 43.358739990711726], [-0.10666406770801662, 43.35808773550442], [-0.10922086361989902, 43.35743548029711], [-0.10922086361989902, 43.35743548029711], [-0.10921422587151552, 43.35286984132027], [-0.10920758812313047, 43.3483042023434], [-0.10920095037474697, 43.34373856336655], [-0.10919431262636259, 43.33917292438969], [-0.10918767487797831, 43.33460728541283], [-0.10918103712959393, 43.33004164643598], [-0.10917439938120965, 43.32547600745912], [-0.10916776163282615, 43.32091036848227], [-0.10916112388444099, 43.3163447295054], [-0.10915448613605672, 43.311779090528546], [-0.10915448613605672, 43.311779090528546], [-0.1127989015072447, 43.30797638835007], [-0.1164433168784309, 43.304173686171595], [-0.120087732249618, 43.30037098399312], [-0.12373214762080498, 43.29656828181465], [-0.12737656299199307, 43.292765579636175], [-0.13102097836317939, 43.288962877457685], [-0.13466539373436648, 43.28516017527921], [-0.13830980910555446, 43.281357473100734], [-0.14195422447674155, 43.277554770922265], [-0.14559863984792865, 43.27375206874379], [-0.14559863984792865, 43.27375206874379], [-0.14516071104717554, 43.26689838447898], [-0.14472278224642354, 43.26004470021417], [-0.14428485344567044, 43.25319101594936], [-0.14384692464491833, 43.24633733168455], [-0.14340899584416522, 43.239483647419746], [-0.142971067043413, 43.232629963154935], [-0.1425331382426609, 43.22577627889013], [-0.1420952094419078, 43.21892259462532], [-0.14165728064115568, 43.212068910360514], [-0.14121935184040257, 43.2052152260957], [-0.14121935184040257, 43.2052152260957], [-0.1363247385685652, 43.20433834514099], [-0.1314301252967287, 43.20346146418627], [-0.12653551202489122, 43.202584583231555], [-0.12164089875305373, 43.20170770227685], [-0.11674628548121635, 43.200830821322135], [-0.11185167220937986, 43.19995394036742], [-0.10695705893754337, 43.1990770594127], [-0.10206244566570577, 43.19820017845799], [-0.09716783239386828, 43.19732329750329], [-0.09227321912203179, 43.19644641654857], [-0.09227321912203179, 43.19644641654857], [-0.09318742805176217, 43.1926849782323], [-0.09410163698149265, 43.188923539916026], [-0.09501584591122392, 43.18516210159976], [-0.09593005484095429, 43.18140066328348], [-0.09684426377068578, 43.1776392249672], [-0.09775847270041704, 43.17387778665094], [-0.09867268163014753, 43.17011634833466], [-0.09958689055987868, 43.1663549100184], [-0.10050109948961017, 43.16259347170212], [-0.10141530841934054, 43.15883203338585], [-0.10141530841934054, 43.15883203338585], [-0.10413631734488338, 43.15795325184322], [-0.10685732627042699, 43.15707447030061], [-0.10957833519597082, 43.15619568875797], [-0.11229934412151454, 43.155316907215344], [-0.11502035304705738, 43.15443812567272], [-0.11774136197260088, 43.153559344130095], [-0.12046237089814471, 43.15268056258747], [-0.12318337982368832, 43.151801781044846], [-0.12590438874923215, 43.15092299950222], [-0.12862539767477488, 43.150044217959596], [-0.12862539767477488, 43.150044217959596], [-0.12754832089992485, 43.14452707164575], [-0.1264712441250747, 43.1390099253319], [-0.1253941673502228, 43.133492779018056], [-0.12431709057537355, 43.12797563270421], [-0.12324001380052263, 43.122458486390364], [-0.12216293702567071, 43.11694134007651], [-0.12108586025082058, 43.111424193762666], [-0.12000878347597066, 43.10590704744882], [-0.11893170670111963, 43.10038990113497], [-0.1178546299262686, 43.094872754821125], [-0.1178546299262686, 43.094872754821125], [-0.1227514283034078, 43.094621583934185], [-0.12764822668054532, 43.09437041304724], [-0.13254502505768373, 43.094119242160296], [-0.13744182343482114, 43.093868071273356], [-0.14233862181195944, 43.09361690038641], [-0.14723542018909885, 43.09336572949947], [-0.15213221856623627, 43.09311455861252], [-0.15702901694337468, 43.09286338772558], [-0.1619258153205121, 43.09261221683864], [-0.16682261369765128, 43.0923610459517], [-0.16682261369765128, 43.0923610459517], [-0.17245091118453793, 43.08935041067107], [-0.17807920867142524, 43.08633977539044], [-0.18370750615831177, 43.08332914010981], [-0.1893358036451992, 43.08031850482918], [-0.1949641011320865, 43.077307869548555], [-0.20059239861897316, 43.074297234267924], [-0.20622069610586047, 43.0712865989873], [-0.211848993592747, 43.068275963706675], [-0.21747729107963443, 43.065265328426044], [-0.22310558856652085, 43.06225469314543], [-0.22310558856652085, 43.06225469314543], [-0.22075508004130762, 43.058492975718366], [-0.2184045715160935, 43.0547312582913], [-0.21605406299087926, 43.050969540864244], [-0.21370355446566602, 43.04720782343718], [-0.2113530459404519, 43.04344610601012], [-0.20900253741523855, 43.03968438858307], [-0.20665202889002443, 43.03592267115601], [-0.20430152036481042, 43.03216095372895], [-0.20195101183959718, 43.02839923630189], [-0.19960050331438206, 43.02463751887483], [-0.19960050331438206, 43.02463751887483], [-0.2054059460813975, 43.02350801874687], [-0.21121138884841062, 43.02237851861889], [-0.2170168316154263, 43.021249018490934], [-0.22282227438244007, 43.02011951836296], [-0.22862771714945473, 43.018990018234994], [-0.2344331599164684, 43.017860518107035], [-0.24023860268348307, 43.01673101797907], [-0.24604404545049785, 43.0156015178511], [-0.25184948821751174, 43.014472017723136], [-0.2576549309845264, 43.01334251759517], [-0.2576549309845264, 43.01334251759517], [-0.26019976146267254, 43.01008166384293], [-0.2627445919408188, 43.00682081009069], [-0.2652894224189639, 43.00355995633846], [-0.26783425289711094, 43.00029910258622], [-0.27037908337525796, 42.997038248833974], [-0.2729239138534041, 42.993777395081736], [-0.27546874433154944, 42.990516541329484], [-0.27801357480969635, 42.98725568757726], [-0.28055840528784337, 42.983994833825015], [-0.2831032357659896, 42.98073398007277], [-0.2831032357659896, 42.98073398007277], [-0.2854675394182353, 42.97734814226992], [-0.28783184307048204, 42.97396230446705], [-0.29019614672272764, 42.970576466664205], [-0.29256045037497347, 42.96719062886134], [-0.29492475402722107, 42.963804791058486], [-0.2972890576794669, 42.96041895325562], [-0.2996533613317125, 42.957033115452774], [-0.3020176649839592, 42.95364727764991], [-0.30438196863620504, 42.950261439847054], [-0.30674627228845175, 42.94687560204419], [-0.30674627228845175, 42.94687560204419], [-0.305843679074405, 42.9446186855321], [-0.30494108586035706, 42.94236176902001], [-0.30403849264630933, 42.940104852507915], [-0.3031358994322626, 42.93784793599583], [-0.30223330621821576, 42.935591019483745], [-0.30133071300416714, 42.93333410297165], [-0.3004281197901202, 42.93107718645956], [-0.29952552657607256, 42.92882026994747], [-0.2986229333620256, 42.926563353435384], [-0.2977203401479789, 42.92430643692329], [-0.2977203401479789, 42.92430643692329], [-0.29935613294676044, 42.92292693470288], [-0.30099192574554146, 42.921547432482456], [-0.30262771854432224, 42.920167930262046], [-0.30426351134310314, 42.91878842804162], [-0.3058993041418847, 42.91740892582121], [-0.3075350969406656, 42.9160294236008], [-0.3091708897394474, 42.91464992138038], [-0.3108066825382282, 42.91327041915997], [-0.312442475337009, 42.911890916939555], [-0.31407826813579076, 42.91051141471914], [-0.31407826813579076, 42.91051141471914], [-0.3124048486437798, 42.904166523293114], [-0.31073142915176977, 42.8978216318671], [-0.30905800965975794, 42.891476740441085], [-0.3073845901677478, 42.88513184901506], [-0.3057111706757367, 42.87878695758904], [-0.304037751183726, 42.872442066163025], [-0.30236433169171584, 42.866097174737], [-0.300690912199704, 42.85975228331098], [-0.2990174927076932, 42.85340739188496], [-0.297344073215683, 42.84706250045894], [-0.297344073215683, 42.84706250045894], [-0.2916528951113453, 42.844443860429664], [-0.2861222989564465, 42.84143640544449], [-0.28070942375088204, 42.83818066119187], [-0.27537140849454744, 42.83481715336025], [-0.2700653921873425, 42.831486407638096], [-0.264748513829161, 42.82832894971386], [-0.25937791241990094, 42.82548530527599], [-0.2539107269594605, 42.823096000012946], [-0.2483040964477341, 42.82130155961318], [-0.24251515988462002, 42.82024250976516], [-0.2425151598846218, 42.82024250976516], [-0.23534573943151182, 42.82088149237674], [-0.22951963805893127, 42.81990325418644], [-0.22469628592180357, 42.817653163973986], [-0.2205351131750536, 42.814476590519035], [-0.21669554997360674, 42.81071890260131], [-0.21283702647238667, 42.806725469000455], [-0.20861897282631725, 42.8028416584962], [-0.2037008191903238, 42.79941283986821], [-0.1977419957193307, 42.7967843818962], [-0.1904019325682621, 42.79530165335983], [-0.19040193256826188, 42.795301653359836], [-0.18389290983852347, 42.79012401716752], [-0.17776110389182742, 42.78785448675819], [-0.17194180124241143, 42.78788395683482], [-0.1663702884045175, 42.78960332210041], [-0.1609818518923829, 42.792403477257935], [-0.15571177822024385, 42.795675317010414], [-0.15049535390234348, 42.79880973606081], [-0.1452678654529156, 42.80119762911212], [-0.13996459938620243, 42.802229890867345], [-0.13452084221644123, 42.80129741602947], [-0.13452084221643845, 42.80129741602947], [-0.1377925469220147, 42.79651755182645], [-0.14004341905753948, 42.79179068432267], [-0.14124213157133558, 42.78715916058812], [-0.14135735741172895, 42.78266532769273], [-0.14035776952704138, 42.77835153270651], [-0.13821204086560213, 42.7742601226994], [-0.13488884437573223, 42.77043344474141], [-0.1303568530057555, 42.766913845902465], [-0.12458473970399853, 42.76374367325258], [-0.11754117741878412, 42.760965273861686], [-0.11754117741879133, 42.760965273861686], [-0.11356333658083417, 42.75747716154208], [-0.1103222436221063, 42.753530523757725], [-0.1076203354495684, 42.74926615779909], [-0.1052600489701856, 42.74482486095664], [-0.10304382109092003, 42.740347430520806], [-0.10077408871873617, 42.735974663782045], [-0.09825328876059936, 42.73184735803081], [-0.09528385812347129, 42.72810631055757], [-0.09166823371431754, 42.724892318652756], [-0.0872088524400998, 42.72234617960683], [-0.08720885244010412, 42.72234617960684], [-0.07902315888377154, 42.72350203161551], [-0.0721158251582068, 42.723414214146295], [-0.06636865456556607, 42.72223494107176], [-0.06166345040800092, 42.72011642626448], [-0.05788201598766585, 42.717210883597005], [-0.05490615460671866, 42.71367052694195], [-0.0526176695673084, 42.709647570171846], [-0.050898364171592214, 42.70529422715928], [-0.04963004172172525, 42.70076271177681], [-0.04869450551985999, 42.69620523789702], [-0.048694505519856435, 42.69620523789702], [-0.04197377905484223, 42.69618423762798], [-0.03538073183919688, 42.69547779988631], [-0.028877619806709, 42.69428360805793], [-0.02242669889116733, 42.69279934552877], [-0.015990225026361382, 42.691222695684786], [-0.009530454146078449, 42.6897513419119], [-0.0030096421841101506, 42.68858296759605], [0.0036099549257569974, 42.68791525612318], [0.010366081249734371, 42.68794589087922], [0.017296480854030016, 42.6888725552501], [0.01729648085402824, 42.6888725552501], [0.018415315069723492, 42.695129366843254], [0.020952174927265865, 42.69928086829409], [0.024708694946272036, 42.7016949533573], [0.029486509646357906, 42.702739515787535], [0.03508725354714248, 42.702782449339495], [0.04131256116824078, 42.70219164776784], [0.047964067029270474, 42.70133500482726], [0.0548434056498488, 42.70058041427244], [0.061752211549594094, 42.70029576985803], [0.06849211924812204, 42.700848965338736], [0.06849211924812204, 42.70084896533873], [0.07398290014947184, 42.70463603860096], [0.07946545760867729, 42.70781162232739], [0.08496718700732231, 42.710394599139846], [0.09051548372699059, 42.71240385166012], [0.09613774314926804, 42.71385826251003], [0.10186136065573281, 42.71477671431135], [0.1077137316279746, 42.71517808968589], [0.11372225144757175, 42.71508127125547], [0.11991431549611242, 42.71450514164188], [0.12631731915517674, 42.71346858346693], [0.12631731915518118, 42.71346858346693], [0.1239680995935808, 42.72189849196691], [0.1216188800319824, 42.73032840046691], [0.1192696604703829, 42.738758308966894], [0.11692044090878273, 42.747188217466885], [0.11457122134718412, 42.75561812596687], [0.11222200178558372, 42.76404803446686], [0.10987278222398422, 42.77247794296685], [0.10752356266238405, 42.780907851466836], [0.10517434310078522, 42.78933775996683], [0.10282512353918594, 42.79776766846682], [0.10282512353918594, 42.79776766846682], [0.10155822548374838, 42.79939748896753], [0.10029132742830993, 42.80102730946824], [0.09902442937287304, 42.80265712996894], [0.09775753131743459, 42.80428695046966], [0.0964906332619977, 42.80591677097036], [0.09522373520656102, 42.80754659147108], [0.09395683715112257, 42.809176411971784], [0.09268993909568501, 42.8108062324725], [0.09142304104024812, 42.812436052973204], [0.09015614298481056, 42.814065873473915], [0.09015614298481056, 42.814065873473915], [0.09342788066509389, 42.81770292573507], [0.09669961834537721, 42.821339977996224], [0.09997135602566054, 42.82497703025737], [0.10324309370594387, 42.82861408251852], [0.10651483138622786, 42.832251134779675], [0.10978656906651119, 42.835888187040815], [0.11305830674679473, 42.83952523930198], [0.11633004442707873, 42.84316229156313], [0.11960178210736205, 42.84679934382427], [0.12287351978764538, 42.85043639608543], [0.12287351978764538, 42.85043639608543], [0.12849528357960627, 42.85006178197856], [0.13411704737156716, 42.849687167871686], [0.13973881116352915, 42.84931255376482], [0.14536057495549004, 42.84893793965795], [0.15098233874745182, 42.848563325551076], [0.1566041025394136, 42.8481887114442], [0.1622258663313747, 42.847814097337334], [0.1678476301233358, 42.84743948323047], [0.17346939391529648, 42.84706486912359], [0.17909115770725847, 42.846690255016725], [0.17909115770725847, 42.846690255016725], [0.18271742937134405, 42.84669116000491], [0.18634370103542963, 42.846692064993086], [0.1899699726995161, 42.84669296998128], [0.1935962443636019, 42.84669387496945], [0.19722251602768814, 42.84669477995763], [0.20084878769177394, 42.84669568494582], [0.2044750593558593, 42.846696589934], [0.208101331019946, 42.84669749492218], [0.21172760268403157, 42.84669839991037], [0.21535387434811737, 42.84669930489855], [0.21535387434811737, 42.84669930489855], [0.21953062575500404, 42.84933356082622], [0.22370737716189093, 42.8519678167539], [0.22788412856877782, 42.85460207268158], [0.2320608799756645, 42.85723632860925], [0.23623763138255138, 42.85987058453693], [0.24041438278943827, 42.8625048404646], [0.24459113419632317, 42.86513909639228], [0.24876788560321095, 42.86777335231995], [0.25294463701009784, 42.870407608247625], [0.2571213884169845, 42.87304186417529], [0.2571213884169845, 42.87304186417529], [0.25658381797067875, 42.87630194867011], [0.25604624752437344, 42.87956203316493], [0.25550867707806835, 42.88282211765974], [0.25497110663176326, 42.886082202154554], [0.25443353618545816, 42.88934228664937], [0.25389596573915196, 42.89260237114417], [0.25335839529284687, 42.895862455638984], [0.25282082484654267, 42.8991225401338], [0.2522832544002358, 42.902382624628615], [0.25174568395393093, 42.905642709123434], [0.25174568395393093, 42.905642709123434], [0.2566456285751486, 42.90752401746888], [0.26154557319636473, 42.90940532581433], [0.26644551781758175, 42.91128663415979], [0.27134546243879876, 42.91316794250523], [0.27624540706001666, 42.915049250850686], [0.28114535168123367, 42.91693055919614], [0.2860452963024498, 42.91881186754159], [0.2909452409236677, 42.92069317588704], [0.2958451855448838, 42.92257448423249], [0.3007451301661017, 42.924455792577945], [0.3007451301661017, 42.924455792577945], [0.3036557170542449, 42.929095831594765], [0.3065663039423887, 42.9337358706116], [0.309476890830531, 42.938375909628434], [0.31238747771867503, 42.94301594864527], [0.3152980646068182, 42.9476559876621], [0.318208651494962, 42.95229602667892], [0.3211192383831052, 42.95693606569576], [0.32402982527124724, 42.96157610471259], [0.3269404121593913, 42.96621614372942], [0.32985099904753423, 42.97085618274625], [0.32985099904753423, 42.97085618274625], [0.33202790393740766, 42.971609854089614], [0.3342048088272813, 42.972363525432975], [0.33638171371715475, 42.97311719677634], [0.3385586186070282, 42.973870868119704], [0.3407355234969016, 42.974624539463065], [0.34291242838677505, 42.97537821080643], [0.3450893332766478, 42.976131882149794], [0.34726623816652236, 42.97688555349316], [0.3494431430563958, 42.97763922483652], [0.35162004794626833, 42.978392896179884], [0.35162004794626833, 42.978392896179884], [0.352178914047262, 42.98616655335943], [0.35273778014825585, 42.993940210538995], [0.35329664624924817, 43.00171386771855], [0.3538555123502425, 43.009487524898105], [0.35441437845123547, 43.01726118207766], [0.3549732445522302, 43.02503483925721], [0.3555321106532232, 43.032808496436765], [0.3560909767542162, 43.04058215361632], [0.35664984285520984, 43.048355810795876], [0.3572087089562037, 43.05612946797543], [0.3572087089562037, 43.05612946797543], [0.3641094711496027, 43.06039448569905], [0.3710102333430001, 43.06465950342267], [0.37791099553639906, 43.068924521146286], [0.38481175772979626, 43.0731895388699], [0.3917125199231952, 43.077454556593516], [0.3986132821165942, 43.08171957431714], [0.4055140443099914, 43.08598459204076], [0.41241480650339124, 43.09024960976436], [0.41931556869678865, 43.09451462748798], [0.4262163308901876, 43.0987796452116], [0.4262163308901876, 43.0987796452116], [0.42187767077130034, 43.105925020355876], [0.41753901065241394, 43.113070395500145], [0.41320035053352755, 43.1202157706444], [0.40886169041464115, 43.12736114578867], [0.40452303029575454, 43.134506520932945], [0.40018437017686725, 43.1416518960772], [0.39584571005798086, 43.14879727122147], [0.39150704993909446, 43.15594264636574], [0.38716838982020807, 43.163088021510006], [0.3828297297013217, 43.170233396654275], [0.3828297297013217, 43.170233396654275], [0.37938762153704353, 43.171987648710335], [0.3759455133727645, 43.1737419007664], [0.37250340520848635, 43.17549615282247], [0.3690612970442091, 43.17725040487854], [0.36561918887993095, 43.17900465693461], [0.3621770807156528, 43.18075890899067], [0.35873497255137554, 43.182513161046735], [0.3552928643870974, 43.1842674131028], [0.35185075622282014, 43.186021665158876], [0.348408648058542, 43.18777591721494], [0.348408648058542, 43.18777591721494], [0.34459571127433763, 43.18551886304913], [0.34078277449013417, 43.18326180888332], [0.3369698377059305, 43.18100475471751], [0.3331569009217268, 43.178747700551696], [0.3293439641375233, 43.17649064638589], [0.32553102735331985, 43.174233592220084], [0.32171809056911616, 43.171976538054274], [0.3179051537849127, 43.16971948388847], [0.314092217000709, 43.167462429722654], [0.3102792802165055, 43.165205375556845], [0.3102792802165055, 43.165205375556845], [0.3088345168433688, 43.168339165370426], [0.30738975347023323, 43.17147295518401], [0.3059449900970983, 43.17460674499758], [0.30450022672396226, 43.17774053481116], [0.3030554633508278, 43.180874324624746], [0.30161069997769197, 43.18400811443832], [0.30016593660455704, 43.187141904251895], [0.2987211732314212, 43.19027569406547], [0.2972764098582854, 43.19340948387905], [0.2958316464851498, 43.19654327369263], [0.2958316464851498, 43.19654327369263], [0.29728971834934437, 43.20030490243111], [0.29874779021353826, 43.20406653116959], [0.3002058620777319, 43.20782815990806], [0.3016639339419265, 43.211589788646535], [0.30312200580612014, 43.215351417385], [0.30458007767031336, 43.21911304612348], [0.3060381495345068, 43.222874674861956], [0.3074962213987016, 43.226636303600436], [0.30895429326289525, 43.23039793233891], [0.31041236512709003, 43.23415956107739], [0.31041236512709003, 43.23415956107739], [0.3055437972997872, 43.24933040354509], [0.3006752294724826, 43.264501246012784], [0.2958066616451789, 43.27967208848048], [0.29093809381787605, 43.29484293094818], [0.28606952599057256, 43.31001377341588], [0.28120095816326973, 43.32518461588358], [0.2763323903359669, 43.34035545835128], [0.2714638225086632, 43.35552630081898], [0.2665952546813595, 43.37069714328668], [0.26172668685405576, 43.38586798575437], [0.26172668685405576, 43.38586798575437], [0.25955244579472625, 43.38649450292856], [0.25737820473539585, 43.38712102010274], [0.25520396367606457, 43.38774753727692], [0.2530297226167342, 43.3883740544511], [0.25085548155740356, 43.38900057162528], [0.24868124049807427, 43.389627088799465], [0.246506999438743, 43.39025360597365], [0.2443327583794126, 43.39088012314784], [0.2421585173200811, 43.391506640322014], [0.23998427626075158, 43.3921331574962], [0.23998427626075158, 43.3921331574962], [0.2358087271994107, 43.39012596165585], [0.23163317813806894, 43.38811876581551], [0.22745762907672895, 43.38611156997517], [0.22328208001538719, 43.38410437413483], [0.21910653095404653, 43.38209717829449], [0.21493098189270654, 43.38008998245414], [0.21075543283136478, 43.37808278661381], [0.20657988377002456, 43.37607559077346], [0.20240433470868302, 43.37406839493312], [0.19822878564734214, 43.37206119909277], [0.19822878564734214, 43.37206119909277], [0.19423966851564578, 43.37218523265498], [0.1902505513839463, 43.372309266217165], [0.18626143425224884, 43.37243329977937], [0.1822723171205498, 43.372557333341575], [0.17828319998885345, 43.37268136690378], [0.17429408285715509, 43.37280540046598], [0.17030496572545673, 43.37292943402817], [0.16631584859375836, 43.37305346759037], [0.1623267314620609, 43.37317750115257], [0.15833761433036342, 43.37330153471477], [0.15833761433036342, 43.37330153471477], [0.15635794233580613, 43.38107455836568], [0.1543782703412515, 43.38884758201659], [0.1523985983466951, 43.39662060566749], [0.15041892635213894, 43.40439362931841], [0.14843925435758432, 43.41216665296931], [0.14645958236302703, 43.419939676620224], [0.14447991036847152, 43.42771270027113], [0.14250023837391423, 43.435485723922035], [0.1405205663793596, 43.443258747572955], [0.13854089438480233, 43.45103177122386], [0.13854089438480233, 43.45103177122386], [0.13347823199552966, 43.45930605615382], [0.12841556960625522, 43.46758034108378], [0.12335290721698056, 43.47585462601374], [0.118290244827707, 43.4841289109437], [0.11322758243843345, 43.49240319587366], [0.1081649200491599, 43.500677480803624], [0.10310225765988612, 43.508951765733585], [0.09803959527061168, 43.51722605066354], [0.09297693288133724, 43.5255003355935], [0.08791427049206457, 43.53377462052347], [0.08791427049206457, 43.53377462052347], [0.08428921699498781, 43.53440077562656], [0.08066416349791283, 43.535026930729664], [0.07703911000083696, 43.535653085832756], [0.07341405650376132, 43.536279240935855], [0.06978900300668478, 43.536905396038954], [0.06616394950960891, 43.53753155114206], [0.06253889601253304, 43.53815770624515], [0.05891384251545739, 43.53878386134825], [0.05528878901838152, 43.53941001645134], [0.051663735521305876, 43.540036171554455], [0.051663735521305876, 43.540036171554455], [0.051850070310607954, 43.542920419611434], [0.05203640509991114, 43.54580466766843], [0.052222739889215, 43.54868891572541], [0.0524090746785173, 43.55157316378239], [0.052595409467819376, 43.55445741183937], [0.052781744257122565, 43.55734165989636], [0.05296807904642553, 43.560225907953345], [0.05315441383572872, 43.56311015601033], [0.05334074862502991, 43.56599440406732], [0.05352708341433399, 43.5688786521243], [0.05352708341433399, 43.5688786521243], [0.048093205020719676, 43.57213756936853], [0.0426593266271047, 43.57539648661276], [0.03722544823349061, 43.57865540385699], [0.0317915698398763, 43.581914321101216], [0.0263576914462611, 43.58517323834545], [0.020923813052647233, 43.58843215558968], [0.015489934659032145, 43.59169107283391], [0.010056056265418722, 43.59494999007813], [0.004622177871802746, 43.59820890732236], [-0.0008117005218105655, 43.60146782456658], [-0.0008117005218105655, 43.60146782456658], [-0.005706557111636146, 43.602218637182375], [-0.01060141370145995, 43.60296944979815], [-0.015496270291283754, 43.60372026241393], [-0.020391126881107557, 43.60447107502971], [-0.02528598347093225, 43.6052218876455], [-0.030180840060756053, 43.605972700261276], [-0.03507569665057986, 43.60672351287706], [-0.03997055324040555, 43.60747432549284], [-0.04486540983022924, 43.60822513810862], [-0.049760266420053045, 43.6089759507244]]]}}]}